pool_point_id,week_ending,demand_pallets,pallets_shipped,backlog_pallets,stores_with_backlog,open_stores,stops,trailers,on_time_stops,carrier_id,linehaul_cost,handling_cost,final_mile_cost,total_cost,trailer_fill_pct,on_time_pct,cost_per_pallet
PP01,2022-08-06,194.0,194.0,0.0,0,13,33,11,32,CARR-A,9902.75,1843.0,5445,17190.75,0.6783216783216783,0.9696969696969697,88.61211340206185
PP01,2022-08-13,203.0,203.0,0.0,0,13,33,11,33,CARR-A,9902.75,1928.5,5445,17276.25,0.7097902097902098,1.0,85.10467980295566
PP01,2022-08-20,184.0,184.0,0.0,0,13,33,10,31,CARR-A,9002.5,1748.0,5445,16195.5,0.7076923076923077,0.9393939393939394,88.01902173913044
PP01,2022-08-27,190.0,190.0,0.0,0,13,33,11,30,CARR-A,9902.75,1805.0,5445,17152.75,0.6643356643356644,0.9090909090909091,90.27763157894736
PP01,2022-09-03,190.0,190.0,0.0,0,13,33,11,33,CARR-A,9902.75,1805.0,5445,17152.75,0.6643356643356644,1.0,90.27763157894736
PP01,2022-09-10,189.0,189.0,0.0,0,13,33,11,33,CARR-A,9902.75,1795.5,5445,17143.25,0.6608391608391608,1.0,90.70502645502646
PP01,2022-09-17,188.0,188.0,0.0,0,13,33,10,31,CARR-A,9002.5,1786.0,5445,16233.5,0.7230769230769231,0.9393939393939394,86.34840425531915
PP01,2022-09-24,180.0,180.0,0.0,0,13,33,10,33,CARR-A,9002.5,1710.0,5445,16157.5,0.6923076923076923,1.0,89.76388888888889
PP01,2022-10-01,186.0,186.0,0.0,0,13,33,10,30,CARR-A,9002.5,1767.0,5445,16214.5,0.7153846153846154,0.9090909090909091,87.1747311827957
PP01,2022-10-08,184.0,184.0,0.0,0,13,33,11,32,CARR-A,9902.75,1748.0,5445,17095.75,0.6433566433566433,0.9696969696969697,92.9116847826087
PP01,2022-10-15,187.0,187.0,0.0,0,13,33,11,30,CARR-A,9902.75,1776.5,5445,17124.25,0.6538461538461539,0.9090909090909091,91.57352941176471
PP01,2022-10-22,195.0,195.0,0.0,0,13,33,11,32,CARR-A,9902.75,1852.5,5445,17200.25,0.6818181818181818,0.9696969696969697,88.20641025641025
PP01,2022-10-29,208.0,208.0,0.0,0,13,33,11,33,CARR-A,9902.75,1976.0,5445,17323.75,0.7272727272727273,1.0,83.28725961538461
PP01,2022-11-05,207.0,207.0,0.0,0,13,33,11,31,CARR-A,9902.75,1966.5,5445,17314.25,0.7237762237762237,0.9393939393939394,83.64371980676329
PP01,2022-11-12,222.0,222.0,0.0,0,13,33,11,33,CARR-A,9902.75,2109.0,5445,17456.75,0.7762237762237763,1.0,78.634009009009
PP01,2022-11-19,256.0,255.0,1.0,1,13,33,13,32,CARR-A,11703.25,2422.5,5445,19570.75,0.7544378698224852,0.9696969696969697,76.74803921568628
PP01,2022-11-26,268.0,267.0,2.0,2,13,33,14,33,CARR-A,12603.5,2536.5,5445,20585.0,0.7335164835164835,1.0,77.09737827715355
PP01,2022-12-03,276.0,272.0,6.0,3,13,33,14,31,CARR-A,12603.5,2584.0,5445,20632.5,0.7472527472527473,0.9393939393939394,75.85477941176471
PP01,2022-12-10,286.0,282.0,10.0,6,13,33,14,32,CARR-A,12603.5,2679.0,5445,20727.5,0.7747252747252747,0.9696969696969697,73.5017730496454
PP01,2022-12-17,265.0,265.0,10.0,4,13,33,13,32,CARR-A,11703.25,2517.5,5445,19665.75,0.7840236686390533,0.9696969696969697,74.21037735849056
PP01,2022-12-24,233.0,242.0,1.0,1,13,33,13,31,CARR-A,11703.25,2299.0,5445,19447.25,0.7159763313609467,0.9393939393939394,80.36053719008264
PP01,2022-12-31,200.0,201.0,0.0,0,13,33,11,32,CARR-A,9902.75,1909.5,5445,17257.25,0.7027972027972028,0.9696969696969697,85.85696517412936
PP01,2023-01-07,168.0,168.0,0.0,0,13,33,9,32,CARR-A,8102.25,1596.0,5445,15143.25,0.717948717948718,0.9696969696969697,90.13839285714286
PP01,2023-01-14,152.0,152.0,0.0,0,13,33,9,32,CARR-A,8102.25,1444.0,5445,14991.25,0.6495726495726496,0.9696969696969697,98.62664473684211
PP01,2023-01-21,149.0,149.0,0.0,0,13,33,8,31,CARR-A,7202.0,1415.5,5445,14062.5,0.7163461538461539,0.9393939393939394,94.37919463087249
PP01,2023-01-28,163.0,163.0,0.0,0,13,33,9,32,CARR-A,8102.25,1548.5,5445,15095.75,0.6965811965811965,0.9696969696969697,92.61196319018404
PP01,2023-02-04,179.0,179.0,0.0,0,13,33,10,26,CARR-A,9002.5,1700.5,5445,16148.0,0.6884615384615385,0.7878787878787878,90.2122905027933
PP01,2023-02-11,178.0,178.0,0.0,0,13,33,9,31,CARR-A,8102.25,1691.0,5445,15238.25,0.7606837606837606,0.9393939393939394,85.60814606741573
PP01,2023-02-18,187.0,187.0,0.0,0,13,33,11,29,CARR-A,9902.75,1776.5,5445,17124.25,0.6538461538461539,0.8787878787878788,91.57352941176471
PP01,2023-02-25,183.0,183.0,0.0,0,13,33,9,32,CARR-A,8102.25,1738.5,5445,15285.75,0.782051282051282,0.9696969696969697,83.52868852459017
PP01,2023-03-04,182.0,182.0,0.0,0,13,33,10,33,CARR-A,9002.5,1729.0,5445,16176.5,0.7,1.0,88.88186813186813
PP01,2023-03-11,196.0,196.0,0.0,0,13,33,11,33,CARR-A,9902.75,1862.0,5445,17209.75,0.6853146853146853,1.0,87.80484693877551
PP01,2023-03-18,182.0,182.0,0.0,0,13,33,10,33,CARR-A,9002.5,1729.0,5445,16176.5,0.7,1.0,88.88186813186813
PP01,2023-03-25,185.0,185.0,0.0,0,13,33,9,31,CARR-A,8102.25,1757.5,5445,15304.75,0.7905982905982906,0.9393939393939394,82.72837837837838
PP01,2023-04-01,189.0,189.0,0.0,0,13,33,9,31,CARR-A,8102.25,1795.5,5445,15342.75,0.8076923076923077,0.9393939393939394,81.17857142857143
PP01,2023-04-08,187.0,187.0,0.0,0,13,33,11,33,CARR-A,9902.75,1776.5,5445,17124.25,0.6538461538461539,1.0,91.57352941176471
PP01,2023-04-15,199.0,199.0,0.0,0,13,33,11,33,CARR-A,9902.75,1890.5,5445,17238.25,0.6958041958041958,1.0,86.62437185929649
PP01,2023-04-22,200.0,200.0,0.0,0,13,33,11,31,CARR-A,9902.75,1900.0,5445,17247.75,0.6993006993006993,0.9393939393939394,86.23875
PP01,2023-04-29,203.0,203.0,0.0,0,13,33,11,33,CARR-A,9902.75,1928.5,5445,17276.25,0.7097902097902098,1.0,85.10467980295566
PP01,2023-05-06,198.0,198.0,0.0,0,13,33,11,32,CARR-A,9902.75,1881.0,5445,17228.75,0.6923076923076923,0.9696969696969697,87.01388888888889
PP01,2023-05-13,201.0,201.0,0.0,0,13,33,11,32,CARR-A,9902.75,1909.5,5445,17257.25,0.7027972027972028,0.9696969696969697,85.85696517412936
PP01,2023-05-20,207.0,207.0,0.0,0,13,33,11,30,CARR-A,9902.75,1966.5,5445,17314.25,0.7237762237762237,0.9090909090909091,83.64371980676329
PP01,2023-05-27,185.0,185.0,0.0,0,13,33,10,33,CARR-A,9002.5,1757.5,5445,16205.0,0.7115384615384616,1.0,87.5945945945946
PP01,2023-06-03,189.0,189.0,0.0,0,13,33,10,32,CARR-A,9002.5,1795.5,5445,16243.0,0.7269230769230769,0.9696969696969697,85.94179894179894
PP01,2023-06-10,184.0,184.0,0.0,0,13,33,10,31,CARR-A,9002.5,1748.0,5445,16195.5,0.7076923076923077,0.9393939393939394,88.01902173913044
PP01,2023-06-17,186.0,186.0,0.0,0,13,33,11,31,CARR-A,9902.75,1767.0,5445,17114.75,0.6503496503496503,0.9393939393939394,92.01478494623656
PP01,2023-06-24,199.0,199.0,0.0,0,13,33,11,32,CARR-A,9902.75,1890.5,5445,17238.25,0.6958041958041958,0.9696969696969697,86.62437185929649
PP01,2023-07-01,193.0,193.0,0.0,0,13,33,11,33,CARR-A,9902.75,1833.5,5445,17181.25,0.6748251748251748,1.0,89.0220207253886
PP01,2023-07-08,183.0,183.0,0.0,0,13,33,10,32,CARR-A,9002.5,1738.5,5445,16186.0,0.7038461538461539,0.9696969696969697,88.44808743169399
PP01,2023-07-15,188.0,188.0,0.0,0,13,33,11,33,CARR-A,9902.75,1786.0,5445,17133.75,0.6573426573426573,1.0,91.13696808510639
PP01,2023-07-22,192.0,192.0,0.0,0,13,33,11,32,CARR-A,9902.75,1824.0,5445,17171.75,0.6713286713286714,0.9696969696969697,89.43619791666667
PP01,2023-07-29,199.0,199.0,0.0,0,13,33,11,33,CARR-A,9902.75,1890.5,5445,17238.25,0.6958041958041958,1.0,86.62437185929649
PP01,2023-08-05,195.0,195.0,0.0,0,13,33,11,31,CARR-A,9902.75,1852.5,5445,17200.25,0.6818181818181818,0.9393939393939394,88.20641025641025
PP01,2023-08-12,200.0,200.0,0.0,0,13,33,11,33,CARR-A,9902.75,1900.0,5445,17247.75,0.6993006993006993,1.0,86.23875
PP01,2023-08-19,199.0,199.0,0.0,0,13,33,11,32,CARR-A,9902.75,1890.5,5445,17238.25,0.6958041958041958,0.9696969696969697,86.62437185929649
PP01,2023-08-26,189.0,189.0,0.0,0,13,33,11,32,CARR-A,9902.75,1795.5,5445,17143.25,0.6608391608391608,0.9696969696969697,90.70502645502646
PP01,2023-09-02,190.0,190.0,0.0,0,13,33,11,30,CARR-A,9902.75,1805.0,5445,17152.75,0.6643356643356644,0.9090909090909091,90.27763157894736
PP01,2023-09-09,197.0,197.0,0.0,0,13,33,11,32,CARR-A,9902.75,1871.5,5445,17219.25,0.6888111888111889,0.9696969696969697,87.40736040609137
PP01,2023-09-16,185.0,185.0,0.0,0,13,33,11,33,CARR-A,9902.75,1757.5,5445,17105.25,0.6468531468531469,1.0,92.46081081081081
PP01,2023-09-23,190.0,190.0,0.0,0,13,33,9,33,CARR-A,8102.25,1805.0,5445,15352.25,0.811965811965812,1.0,80.80131578947369
PP01,2023-09-30,185.0,185.0,0.0,0,13,33,9,32,CARR-A,8102.25,1757.5,5445,15304.75,0.7905982905982906,0.9696969696969697,82.72837837837838
PP01,2023-10-07,175.0,175.0,0.0,0,13,33,9,33,CARR-A,8102.25,1662.5,5445,15209.75,0.7478632478632479,1.0,86.91285714285715
PP01,2023-10-14,188.0,188.0,0.0,0,13,33,11,33,CARR-A,9902.75,1786.0,5445,17133.75,0.6573426573426573,1.0,91.13696808510639
PP01,2023-10-21,195.0,195.0,0.0,0,13,33,11,32,CARR-A,9902.75,1852.5,5445,17200.25,0.6818181818181818,0.9696969696969697,88.20641025641025
PP01,2023-10-28,208.0,208.0,0.0,0,13,33,11,32,CARR-A,9902.75,1976.0,5445,17323.75,0.7272727272727273,0.9696969696969697,83.28725961538461
PP01,2023-11-04,213.0,213.0,0.0,0,13,33,11,33,CARR-A,9902.75,2023.5,5445,17371.25,0.7447552447552448,1.0,81.55516431924883
PP01,2023-11-11,212.0,212.0,0.0,0,13,33,11,32,CARR-A,9902.75,2014.0,5445,17361.75,0.7412587412587412,0.9696969696969697,81.89504716981132
PP01,2023-11-18,239.0,239.0,0.0,0,13,33,12,32,CARR-A,10803.0,2270.5,5445,18518.5,0.7660256410256411,0.9696969696969697,77.48326359832636
PP01,2023-11-25,258.0,258.0,0.0,0,13,33,13,33,CARR-A,11703.25,2451.0,5445,19599.25,0.7633136094674556,1.0,75.96608527131782
PP01,2023-12-02,280.0,274.0,6.0,5,13,33,14,32,CARR-A,12603.5,2603.0,5445,20651.5,0.7527472527472527,0.9696969696969697,75.37043795620438
PP01,2023-12-09,295.0,282.0,19.0,7,13,33,14,33,CARR-A,12603.5,2679.0,5445,20727.5,0.7747252747252747,1.0,73.5017730496454
PP01,2023-12-16,290.0,286.0,23.0,9,13,33,15,32,CARR-A,13503.75,2717.0,5445,21665.75,0.7333333333333333,0.9696969696969697,75.75437062937063
PP01,2023-12-23,244.0,263.0,4.0,1,13,33,14,32,CARR-A,12603.5,2498.5,5445,20547.0,0.7225274725274725,0.9696969696969697,78.1254752851711
PP01,2023-12-30,212.0,216.0,0.0,0,13,33,11,31,CARR-A,9902.75,2052.0,5445,17399.75,0.7552447552447552,0.9393939393939394,80.55439814814815
PP01,2024-01-06,171.0,171.0,0.0,0,13,33,10,29,CARR-A,9002.5,1624.5,5445,16072.0,0.6576923076923077,0.8787878787878788,93.98830409356725
PP01,2024-01-13,150.0,150.0,0.0,0,13,33,8,30,CARR-A,7202.0,1425.0,5445,14072.0,0.7211538461538461,0.9090909090909091,93.81333333333333
PP01,2024-01-20,160.0,160.0,0.0,0,13,33,9,31,CARR-A,8102.25,1520.0,5445,15067.25,0.6837606837606838,0.9393939393939394,94.1703125
PP01,2024-01-27,162.0,162.0,0.0,0,13,33,8,32,CARR-A,7202.0,1539.0,5445,14186.0,0.7788461538461539,0.9696969696969697,87.5679012345679
PP01,2024-02-03,173.0,173.0,0.0,0,13,33,9,32,CARR-A,8102.25,1643.5,5445,15190.75,0.7393162393162394,0.9696969696969697,87.80780346820809
PP01,2024-02-10,174.0,174.0,0.0,0,13,33,10,32,CARR-A,9002.5,1653.0,5445,16100.5,0.6692307692307692,0.9696969696969697,92.5316091954023
PP01,2024-02-17,188.0,188.0,0.0,0,13,33,10,31,CARR-A,9002.5,1786.0,5445,16233.5,0.7230769230769231,0.9393939393939394,86.34840425531915
PP01,2024-02-24,187.0,187.0,0.0,0,13,33,10,31,CARR-A,9002.5,1776.5,5445,16224.0,0.7192307692307692,0.9393939393939394,86.75935828877006
PP01,2024-03-02,195.0,195.0,0.0,0,13,33,11,32,CARR-A,9902.75,1852.5,5445,17200.25,0.6818181818181818,0.9696969696969697,88.20641025641025
PP01,2024-03-09,182.0,182.0,0.0,0,13,33,10,33,CARR-A,9002.5,1729.0,5445,16176.5,0.7,1.0,88.88186813186813
PP01,2024-03-16,197.0,197.0,0.0,0,13,33,11,32,CARR-A,9902.75,1871.5,5445,17219.25,0.6888111888111889,0.9696969696969697,87.40736040609137
PP01,2024-03-23,201.0,201.0,0.0,0,13,33,11,30,CARR-A,9902.75,1909.5,5445,17257.25,0.7027972027972028,0.9090909090909091,85.85696517412936
PP01,2024-03-30,192.0,192.0,0.0,0,13,33,11,33,CARR-A,9902.75,1824.0,5445,17171.75,0.6713286713286714,1.0,89.43619791666667
PP01,2024-04-06,176.0,176.0,0.0,0,13,33,11,31,CARR-A,9902.75,1672.0,5445,17019.75,0.6153846153846154,0.9393939393939394,96.703125
PP01,2024-04-13,194.0,194.0,0.0,0,13,33,11,33,CARR-A,9902.75,1843.0,5445,17190.75,0.6783216783216783,1.0,88.61211340206185
PP01,2024-04-20,202.0,202.0,0.0,0,13,33,11,31,CARR-A,9902.75,1919.0,5445,17266.75,0.7062937062937062,0.9393939393939394,85.47896039603961
PP01,2024-04-27,200.0,200.0,0.0,0,13,33,11,33,CARR-A,9902.75,1900.0,5445,17247.75,0.6993006993006993,1.0,86.23875
PP01,2024-05-04,206.0,206.0,0.0,0,13,33,11,31,CARR-A,9902.75,1957.0,5445,17304.75,0.7202797202797203,0.9393939393939394,84.00364077669903
PP01,2024-05-11,216.0,216.0,0.0,0,13,33,11,33,CARR-A,9902.75,2052.0,5445,17399.75,0.7552447552447552,1.0,80.55439814814815
PP01,2024-05-18,215.0,215.0,0.0,0,13,33,11,29,CARR-A,9902.75,2042.5,5445,17390.25,0.7517482517482518,0.8787878787878788,80.88488372093023
PP01,2024-05-25,213.0,213.0,0.0,0,13,33,11,33,CARR-A,9902.75,2023.5,5445,17371.25,0.7447552447552448,1.0,81.55516431924883
PP01,2024-06-01,200.0,200.0,0.0,0,13,33,11,32,CARR-A,9902.75,1900.0,5445,17247.75,0.6993006993006993,0.9696969696969697,86.23875
PP01,2024-06-08,203.0,203.0,0.0,0,13,33,11,32,CARR-A,9902.75,1928.5,5445,17276.25,0.7097902097902098,0.9696969696969697,85.10467980295566
PP01,2024-06-15,188.0,188.0,0.0,0,13,33,10,32,CARR-A,9002.5,1786.0,5445,16233.5,0.7230769230769231,0.9696969696969697,86.34840425531915
PP01,2024-06-22,196.0,196.0,0.0,0,13,33,11,33,CARR-A,9902.75,1862.0,5445,17209.75,0.6853146853146853,1.0,87.80484693877551
PP01,2024-06-29,196.0,196.0,0.0,0,13,33,11,33,CARR-A,9902.75,1862.0,5445,17209.75,0.6853146853146853,1.0,87.80484693877551
PP01,2024-07-06,203.0,203.0,0.0,0,13,33,11,30,CARR-A,9902.75,1928.5,5445,17276.25,0.7097902097902098,0.9090909090909091,85.10467980295566
PP01,2024-07-13,199.0,199.0,0.0,0,13,33,11,32,CARR-A,9902.75,1890.5,5445,17238.25,0.6958041958041958,0.9696969696969697,86.62437185929649
PP01,2024-07-20,188.0,188.0,0.0,0,13,33,11,32,CARR-A,9902.75,1786.0,5445,17133.75,0.6573426573426573,0.9696969696969697,91.13696808510639
PP01,2024-07-27,205.0,205.0,0.0,0,13,33,10,32,CARR-A,9002.5,1947.5,5445,16395.0,0.7884615384615384,0.9696969696969697,79.97560975609755
PP01,2024-08-03,207.0,207.0,0.0,0,13,33,11,31,CARR-A,9902.75,1966.5,5445,17314.25,0.7237762237762237,0.9393939393939394,83.64371980676329
PP01,2024-08-10,213.0,213.0,0.0,0,13,33,11,31,CARR-A,9902.75,2023.5,5445,17371.25,0.7447552447552448,0.9393939393939394,81.55516431924883
PP01,2024-08-17,211.0,211.0,0.0,0,13,33,11,33,CARR-A,9902.75,2004.5,5445,17352.25,0.7377622377622378,1.0,82.23815165876778
PP01,2024-08-24,208.0,208.0,0.0,0,13,33,11,32,CARR-A,9902.75,1976.0,5445,17323.75,0.7272727272727273,0.9696969696969697,83.28725961538461
PP01,2024-08-31,192.0,192.0,0.0,0,13,33,10,31,CARR-A,9002.5,1824.0,5445,16271.5,0.7384615384615385,0.9393939393939394,84.74739583333333
PP01,2024-09-07,184.0,184.0,0.0,0,13,33,10,31,CARR-A,9002.5,1748.0,5445,16195.5,0.7076923076923077,0.9393939393939394,88.01902173913044
PP01,2024-09-14,184.0,184.0,0.0,0,13,33,11,31,CARR-A,9902.75,1748.0,5445,17095.75,0.6433566433566433,0.9393939393939394,92.9116847826087
PP01,2024-09-21,199.0,199.0,0.0,0,14,35,11,35,CARR-A,9902.75,1890.5,5775,17568.25,0.6958041958041958,1.0,88.28266331658291
PP01,2024-09-28,195.0,195.0,0.0,0,14,35,11,34,CARR-A,9902.75,1852.5,5775,17530.25,0.6818181818181818,0.9714285714285714,89.89871794871794
PP01,2024-10-05,194.0,194.0,0.0,0,14,35,11,35,CARR-A,9902.75,1843.0,5775,17520.75,0.6783216783216783,1.0,90.3131443298969
PP01,2024-10-12,216.0,216.0,0.0,0,14,35,11,33,CARR-A,9902.75,2052.0,5775,17729.75,0.7552447552447552,0.9428571428571428,82.08217592592592
PP01,2024-10-19,217.0,217.0,0.0,0,14,35,12,35,CARR-A,10803.0,2061.5,5775,18639.5,0.6955128205128205,1.0,85.8963133640553
PP01,2024-10-26,233.0,233.0,0.0,0,14,35,14,34,CARR-A,12603.5,2213.5,5775,20592.0,0.6401098901098901,0.9714285714285714,88.37768240343348
PP01,2024-11-02,234.0,234.0,0.0,0,14,35,12,34,CARR-A,10803.0,2223.0,5775,18801.0,0.75,0.9714285714285714,80.34615384615384
PP01,2024-11-09,251.0,251.0,0.0,0,14,35,14,34,CARR-A,12603.5,2384.5,5775,20763.0,0.6895604395604396,0.9714285714285714,82.7211155378486
PP01,2024-11-16,264.0,263.0,1.0,1,14,35,14,34,CARR-A,12603.5,2498.5,5775,20877.0,0.7225274725274725,0.9714285714285714,79.38022813688212
PP01,2024-11-23,295.0,286.0,10.0,4,14,35,14,35,CARR-A,12603.5,2717.0,5775,21095.5,0.7857142857142857,1.0,73.7604895104895
PP01,2024-11-30,312.0,306.0,16.0,5,14,35,15,35,CARR-A,13503.75,2907.0,5775,22185.75,0.7846153846153846,1.0,72.50245098039215
PP01,2024-12-07,326.0,306.0,36.0,8,14,35,14,33,CARR-A,12603.5,2907.0,5775,21285.5,0.8406593406593407,0.9428571428571428,69.56045751633987
PP01,2024-12-14,346.0,313.0,69.0,11,14,35,15,33,CARR-A,13503.75,2973.5,5775,22252.25,0.8025641025641026,0.9428571428571428,71.09345047923323
PP01,2024-12-21,278.0,306.0,41.0,7,14,35,14,35,CARR-A,12603.5,2907.0,5775,21285.5,0.8406593406593407,1.0,69.56045751633987
PP01,2024-12-28,251.0,274.0,18.0,5,14,35,14,35,CARR-A,12603.5,2603.0,5775,20981.5,0.7527472527472527,1.0,76.57481751824818
PP01,2025-01-04,224.0,238.0,4.0,1,14,35,12,33,CARR-A,10803.0,2261.0,5775,18839.0,0.7628205128205128,0.9428571428571428,79.15546218487395
PP01,2025-01-11,172.0,176.0,0.0,0,14,35,10,34,CARR-A,9002.5,1672.0,5775,16449.5,0.676923076923077,0.9714285714285714,93.46306818181819
PP01,2025-01-18,167.0,167.0,0.0,0,14,35,9,32,CARR-A,8102.25,1586.5,5775,15463.75,0.7136752136752137,0.9142857142857143,92.59730538922156
PP01,2025-01-25,170.0,170.0,0.0,0,14,35,10,31,CARR-A,9002.5,1615.0,5775,16392.5,0.6538461538461539,0.8857142857142857,96.42647058823529
PP01,2025-02-01,186.0,186.0,0.0,0,14,35,10,34,CARR-A,9002.5,1767.0,5775,16544.5,0.7153846153846154,0.9714285714285714,88.9489247311828
PP01,2025-02-08,187.0,187.0,0.0,0,14,35,10,29,CARR-A,9002.5,1776.5,5775,16554.0,0.7192307692307692,0.8285714285714286,88.524064171123
PP01,2025-02-15,202.0,202.0,0.0,0,14,35,11,34,CARR-A,9902.75,1919.0,5775,17596.75,0.7062937062937062,0.9714285714285714,87.11262376237623
PP01,2025-02-22,203.0,203.0,0.0,0,14,35,11,33,CARR-A,9902.75,1928.5,5775,17606.25,0.7097902097902098,0.9428571428571428,86.73029556650246
PP01,2025-03-01,205.0,205.0,0.0,0,14,35,11,34,CARR-A,9902.75,1947.5,5775,17625.25,0.7167832167832168,0.9714285714285714,85.97682926829269
PP01,2025-03-08,213.0,213.0,0.0,0,14,35,11,34,CARR-A,9902.75,2023.5,5775,17701.25,0.7447552447552448,0.9714285714285714,83.10446009389672
PP01,2025-03-15,212.0,212.0,0.0,0,14,35,11,35,CARR-A,9902.75,2014.0,5775,17691.75,0.7412587412587412,1.0,83.45165094339623
PP01,2025-03-22,220.0,220.0,0.0,0,14,35,12,34,CARR-A,10803.0,2090.0,5775,18668.0,0.7051282051282052,0.9714285714285714,84.85454545454546
PP01,2025-03-29,229.0,229.0,0.0,0,14,35,12,33,CARR-A,10803.0,2175.5,5775,18753.5,0.7339743589743589,0.9428571428571428,81.89301310043668
PP01,2025-04-05,214.0,214.0,0.0,0,14,35,12,35,CARR-A,10803.0,2033.0,5775,18611.0,0.6858974358974359,1.0,86.96728971962617
PP01,2025-04-12,227.0,227.0,0.0,0,14,35,11,35,CARR-A,9902.75,2156.5,5775,17834.25,0.7937062937062938,1.0,78.56497797356828
PP01,2025-04-19,222.0,222.0,0.0,0,14,35,12,34,CARR-A,10803.0,2109.0,5775,18687.0,0.7115384615384616,0.9714285714285714,84.17567567567568
PP01,2025-04-26,239.0,239.0,0.0,0,14,35,11,34,CARR-A,9902.75,2270.5,5775,17948.25,0.8356643356643356,0.9714285714285714,75.09728033472804
PP01,2025-05-03,221.0,221.0,0.0,0,14,35,12,34,CARR-A,10803.0,2099.5,5775,18677.5,0.7083333333333334,0.9714285714285714,84.51357466063348
PP01,2025-05-10,241.0,241.0,0.0,0,14,35,13,34,CARR-A,11703.25,2289.5,5775,19767.75,0.7130177514792899,0.9714285714285714,82.02385892116183
PP01,2025-05-17,245.0,245.0,0.0,0,14,35,13,35,CARR-A,11703.25,2327.5,5775,19805.75,0.7248520710059172,1.0,80.83979591836734
PP01,2025-05-24,225.0,225.0,0.0,0,14,35,12,34,CARR-A,10803.0,2137.5,5775,18715.5,0.7211538461538461,0.9714285714285714,83.18
PP01,2025-05-31,228.0,228.0,0.0,0,14,35,12,35,CARR-A,10803.0,2166.0,5775,18744.0,0.7307692307692307,1.0,82.21052631578948
PP01,2025-06-07,226.0,226.0,0.0,0,14,35,12,35,CARR-A,10803.0,2147.0,5775,18725.0,0.7243589743589743,1.0,82.85398230088495
PP01,2025-06-14,237.0,237.0,0.0,0,14,35,12,34,CARR-A,10803.0,2251.5,5775,18829.5,0.7596153846153846,0.9714285714285714,79.4493670886076
PP01,2025-06-21,217.0,217.0,0.0,0,14,35,11,34,CARR-A,9902.75,2061.5,5775,17739.25,0.7587412587412588,0.9714285714285714,81.74769585253456
PP01,2025-06-28,221.0,221.0,0.0,0,14,35,11,35,CARR-A,9902.75,2099.5,5775,17777.25,0.7727272727272727,1.0,80.44004524886878
PP01,2025-07-05,226.0,226.0,0.0,0,14,35,12,35,CARR-A,10803.0,2147.0,5775,18725.0,0.7243589743589743,1.0,82.85398230088495
PP01,2025-07-12,237.0,237.0,0.0,0,14,35,13,35,CARR-A,11703.25,2251.5,5775,19729.75,0.7011834319526628,1.0,83.24789029535864
PP01,2025-07-19,235.0,235.0,0.0,0,14,35,13,35,CARR-A,11703.25,2232.5,5775,19710.75,0.6952662721893491,1.0,83.87553191489361
PP01,2025-07-26,232.0,232.0,0.0,0,14,35,12,35,CARR-A,10803.0,2204.0,5775,18782.0,0.7435897435897436,1.0,80.95689655172414
PP01,2025-08-02,233.0,233.0,0.0,0,14,35,13,35,CARR-A,11703.25,2213.5,5775,19691.75,0.6893491124260355,1.0,84.51394849785407
PP01,2025-08-09,255.0,254.0,1.0,1,14,35,13,33,CARR-A,11703.25,2413.0,5775,19891.25,0.7514792899408284,0.9428571428571428,78.31200787401575
PP01,2025-08-16,223.0,224.0,0.0,0,14,35,11,33,CARR-A,9902.75,2128.0,5775,17805.75,0.7832167832167832,0.9428571428571428,79.48995535714286
PP01,2025-08-23,227.0,227.0,0.0,0,14,35,12,34,CARR-A,10803.0,2156.5,5775,18734.5,0.7275641025641025,0.9714285714285714,82.53083700440529
PP01,2025-08-30,224.0,224.0,0.0,0,14,35,11,34,CARR-A,9902.75,2128.0,5775,17805.75,0.7832167832167832,0.9714285714285714,79.48995535714286
PP01,2025-09-06,220.0,220.0,0.0,0,14,35,12,33,CARR-A,10803.0,2090.0,5775,18668.0,0.7051282051282052,0.9428571428571428,84.85454545454546
PP01,2025-09-13,225.0,225.0,0.0,0,14,35,12,35,CARR-A,10803.0,2137.5,5775,18715.5,0.7211538461538461,1.0,83.18
PP01,2025-09-20,220.0,220.0,0.0,0,14,35,12,32,CARR-A,10803.0,2090.0,5775,18668.0,0.7051282051282052,0.9142857142857143,84.85454545454546
PP01,2025-09-27,228.0,228.0,0.0,0,14,35,12,35,CARR-A,10803.0,2166.0,5775,18744.0,0.7307692307692307,1.0,82.21052631578948
PP01,2025-10-04,223.0,223.0,0.0,0,14,35,12,34,CARR-A,10803.0,2118.5,5775,18696.5,0.7147435897435898,0.9714285714285714,83.84080717488789
PP01,2025-10-11,227.0,227.0,0.0,0,14,35,13,34,CARR-A,11703.25,2156.5,5775,19634.75,0.6715976331360947,0.9714285714285714,86.4966960352423
PP01,2025-10-18,235.0,235.0,0.0,0,14,35,13,35,CARR-A,11703.25,2232.5,5775,19710.75,0.6952662721893491,1.0,83.87553191489361
PP01,2025-10-25,237.0,237.0,0.0,0,14,35,12,32,CARR-A,10803.0,2251.5,5775,18829.5,0.7596153846153846,0.9142857142857143,79.4493670886076
PP01,2025-11-01,260.0,260.0,0.0,0,14,35,14,35,CARR-A,12603.5,2470.0,5775,20848.5,0.7142857142857143,1.0,80.18653846153846
PP01,2025-11-08,271.0,271.0,0.0,0,14,35,13,35,CARR-A,11703.25,2574.5,5775,20052.75,0.8017751479289941,1.0,73.99538745387454
PP01,2025-11-15,301.0,294.0,7.0,3,14,35,15,34,CARR-A,13503.75,2793.0,5775,22071.75,0.7538461538461538,0.9714285714285714,75.07397959183673
PP01,2025-11-22,325.0,305.0,27.0,7,14,35,14,32,CARR-A,12603.5,2897.5,5775,21276.0,0.8379120879120879,0.9142857142857143,69.75737704918033
PP01,2025-11-29,316.0,306.0,37.0,8,14,35,15,34,CARR-A,13503.75,2907.0,5775,22185.75,0.7846153846153846,0.9714285714285714,72.50245098039215
PP01,2025-12-06,347.0,313.0,71.0,13,14,35,15,33,CARR-A,13503.75,2973.5,5775,22252.25,0.8025641025641026,0.9428571428571428,71.09345047923323
PP01,2025-12-13,348.0,313.0,106.0,14,14,35,15,33,CARR-A,13503.75,2973.5,5775,22252.25,0.8025641025641026,0.9428571428571428,71.09345047923323
PP01,2025-12-20,328.0,313.0,121.0,13,14,35,14,33,CARR-A,12603.5,2973.5,5775,21352.0,0.8598901098901099,0.9428571428571428,68.21725239616613
PP01,2025-12-27,264.0,306.0,79.0,10,14,35,15,33,CARR-A,13503.75,2907.0,5775,22185.75,0.7846153846153846,0.9428571428571428,72.50245098039215
PP01,2026-01-03,224.0,266.0,37.0,4,14,35,14,31,CARR-A,12603.5,2527.0,5775,20905.5,0.7307692307692307,0.8857142857142857,78.59210526315789
PP01,2026-01-10,198.0,221.0,14.0,1,14,35,11,31,CARR-A,9902.75,2099.5,5775,17777.25,0.7727272727272727,0.8857142857142857,80.44004524886878
PP01,2026-01-17,178.0,189.0,3.0,1,14,35,11,32,CARR-A,9902.75,1795.5,5775,17473.25,0.6608391608391608,0.9142857142857143,92.4510582010582
PP01,2026-01-24,192.0,195.0,0.0,0,14,35,10,32,CARR-A,9002.5,1852.5,5775,16630.0,0.75,0.9142857142857143,85.28205128205128
PP01,2026-01-31,198.0,198.0,0.0,0,14,35,11,33,CARR-A,9902.75,1881.0,5775,17558.75,0.6923076923076923,0.9428571428571428,88.68055555555556
PP01,2026-02-07,223.0,223.0,0.0,0,14,35,11,33,CARR-A,9902.75,2118.5,5775,17796.25,0.7797202797202797,0.9428571428571428,79.80381165919283
PP01,2026-02-14,216.0,216.0,0.0,0,14,35,12,33,CARR-A,10803.0,2052.0,5775,18630.0,0.6923076923076923,0.9428571428571428,86.25
PP01,2026-02-21,214.0,214.0,0.0,0,14,35,11,33,CARR-A,9902.75,2033.0,5775,17710.75,0.7482517482517482,0.9428571428571428,82.7605140186916
PP01,2026-02-28,237.0,237.0,0.0,0,14,35,13,31,CARR-A,11703.25,2251.5,5775,19729.75,0.7011834319526628,0.8857142857142857,83.24789029535864
PP01,2026-03-07,236.0,236.0,0.0,0,14,35,13,34,CARR-A,11703.25,2242.0,5775,19720.25,0.6982248520710059,0.9714285714285714,83.56038135593221
PP01,2026-03-14,218.0,218.0,0.0,0,14,35,12,34,CARR-A,10803.0,2071.0,5775,18649.0,0.6987179487179487,0.9714285714285714,85.54587155963303
PP01,2026-03-21,231.0,231.0,0.0,0,14,35,11,32,CARR-A,9902.75,2194.5,5775,17872.25,0.8076923076923077,0.9142857142857143,77.36904761904762
PP01,2026-03-28,211.0,211.0,0.0,0,14,35,11,34,CARR-A,9902.75,2004.5,5775,17682.25,0.7377622377622378,0.9714285714285714,83.8021327014218
PP01,2026-04-04,237.0,237.0,0.0,0,14,35,12,35,CARR-A,10803.0,2251.5,5775,18829.5,0.7596153846153846,1.0,79.4493670886076
PP01,2026-04-11,235.0,235.0,0.0,0,14,35,13,34,CARR-A,11703.25,2232.5,5775,19710.75,0.6952662721893491,0.9714285714285714,83.87553191489361
PP01,2026-04-18,231.0,231.0,0.0,0,14,35,13,31,CARR-A,11703.25,2194.5,5775,19672.75,0.6834319526627219,0.8857142857142857,85.16341991341992
PP01,2026-04-25,243.0,243.0,0.0,0,14,35,12,30,CARR-A,10803.0,2308.5,5775,18886.5,0.7788461538461539,0.8571428571428571,77.72222222222223
PP01,2026-05-02,248.0,248.0,0.0,0,14,35,14,34,CARR-A,12603.5,2356.0,5775,20734.5,0.6813186813186813,0.9714285714285714,83.60685483870968
PP01,2026-05-09,253.0,253.0,0.0,0,14,35,13,33,CARR-A,11703.25,2403.5,5775,19881.75,0.7485207100591716,0.9428571428571428,78.58399209486166
PP01,2026-05-16,257.0,257.0,0.0,0,14,35,14,34,CARR-A,12603.5,2441.5,5775,20820.0,0.7060439560439561,0.9714285714285714,81.01167315175097
PP01,2026-05-23,244.0,244.0,0.0,0,14,35,13,33,CARR-A,11703.25,2318.0,5775,19796.25,0.7218934911242604,0.9428571428571428,81.13217213114754
PP01,2026-05-30,245.0,245.0,0.0,0,14,35,13,35,CARR-A,11703.25,2327.5,5775,19805.75,0.7248520710059172,1.0,80.83979591836734
PP01,2026-06-06,234.0,234.0,0.0,0,14,35,13,34,CARR-A,11703.25,2223.0,5775,19701.25,0.6923076923076923,0.9714285714285714,84.19337606837607
PP01,2026-06-13,223.0,223.0,0.0,0,14,35,12,30,CARR-A,10803.0,2118.5,5775,18696.5,0.7147435897435898,0.8571428571428571,83.84080717488789
PP01,2026-06-20,237.0,237.0,0.0,0,14,35,12,35,CARR-A,10803.0,2251.5,5775,18829.5,0.7596153846153846,1.0,79.4493670886076
PP01,2026-06-27,235.0,235.0,0.0,0,14,35,13,34,CARR-A,11703.25,2232.5,5775,19710.75,0.6952662721893491,0.9714285714285714,83.87553191489361
PP01,2026-07-04,222.0,222.0,0.0,0,14,35,11,35,CARR-A,9902.75,2109.0,5775,17786.75,0.7762237762237763,1.0,80.12049549549549
PP01,2026-07-11,233.0,233.0,0.0,0,14,35,12,34,CARR-A,10803.0,2213.5,5775,18791.5,0.7467948717948718,0.9714285714285714,80.65021459227468
PP01,2026-07-18,239.0,239.0,0.0,0,14,35,13,34,CARR-A,11703.25,2270.5,5775,19748.75,0.7071005917159763,0.9714285714285714,82.63075313807532
PP01,2026-07-25,245.0,245.0,0.0,0,14,35,13,35,CARR-A,11703.25,2327.5,5775,19805.75,0.7248520710059172,1.0,80.83979591836734
PP02,2022-08-06,194.0,194.0,0.0,0,18,40,10,40,CARR-A,8545.0,1988.5,7200,17733.5,0.7461538461538462,1.0,91.40979381443299
PP02,2022-08-13,206.0,206.0,0.0,0,18,40,10,40,CARR-A,8545.0,2111.5,7200,17856.5,0.7923076923076923,1.0,86.68203883495146
PP02,2022-08-20,197.0,197.0,0.0,0,18,40,10,38,CARR-A,8545.0,2019.25,7200,17764.25,0.7576923076923077,0.95,90.1738578680203
PP02,2022-08-27,194.0,194.0,0.0,0,18,40,10,40,CARR-A,8545.0,1988.5,7200,17733.5,0.7461538461538462,1.0,91.40979381443299
PP02,2022-09-03,181.0,181.0,0.0,0,18,40,10,37,CARR-A,8545.0,1855.25,7200,17600.25,0.6961538461538461,0.925,97.23895027624309
PP02,2022-09-10,183.0,183.0,0.0,0,18,40,10,39,CARR-A,8545.0,1875.75,7200,17620.75,0.7038461538461539,0.975,96.28825136612022
PP02,2022-09-17,183.0,183.0,0.0,0,18,40,10,39,CARR-A,8545.0,1875.75,7200,17620.75,0.7038461538461539,0.975,96.28825136612022
PP02,2022-09-24,175.0,175.0,0.0,0,18,40,10,38,CARR-A,8545.0,1793.75,7200,17538.75,0.6730769230769231,0.95,100.22142857142858
PP02,2022-10-01,181.0,181.0,0.0,0,18,40,10,36,CARR-A,8545.0,1855.25,7200,17600.25,0.6961538461538461,0.9,97.23895027624309
PP02,2022-10-08,184.0,184.0,0.0,0,18,40,10,36,CARR-A,8545.0,1886.0,7200,17631.0,0.7076923076923077,0.9,95.82065217391305
PP02,2022-10-15,177.0,177.0,0.0,0,18,40,10,38,CARR-A,8545.0,1814.25,7200,17559.25,0.6807692307692308,0.95,99.204802259887
PP02,2022-10-22,201.0,201.0,0.0,0,18,40,10,40,CARR-A,8545.0,2060.25,7200,17805.25,0.7730769230769231,1.0,88.58333333333333
PP02,2022-10-29,204.0,204.0,0.0,0,18,40,10,39,CARR-A,8545.0,2091.0,7200,17836.0,0.7846153846153846,0.975,87.43137254901961
PP02,2022-11-05,212.0,212.0,0.0,0,18,40,10,39,CARR-A,8545.0,2173.0,7200,17918.0,0.8153846153846154,0.975,84.51886792452831
PP02,2022-11-12,220.0,220.0,0.0,0,18,40,10,38,CARR-A,8545.0,2255.0,7200,18000.0,0.8461538461538461,0.95,81.81818181818181
PP02,2022-11-19,246.0,246.0,0.0,0,18,40,13,39,CARR-A,11108.5,2521.5,7200,20830.0,0.727810650887574,0.975,84.67479674796748
PP02,2022-11-26,267.0,265.0,2.0,1,18,40,12,39,CARR-A,10254.0,2716.25,7200,20170.25,0.8493589743589743,0.975,76.11415094339623
PP02,2022-12-03,285.0,273.0,14.0,6,18,40,14,40,CARR-A,11963.0,2798.25,7200,21961.25,0.75,1.0,80.4441391941392
PP02,2022-12-10,292.0,285.0,21.0,6,18,40,14,38,CARR-A,11963.0,2921.25,7200,22084.25,0.782967032967033,0.95,77.48859649122807
PP02,2022-12-17,275.0,278.0,18.0,6,18,40,13,39,CARR-A,11108.5,2849.5,7200,21158.0,0.8224852071005917,0.975,76.10791366906474
PP02,2022-12-24,235.0,249.0,4.0,1,18,40,12,39,CARR-A,10254.0,2552.25,7200,20006.25,0.7980769230769231,0.975,80.34638554216868
PP02,2022-12-31,198.0,202.0,0.0,0,18,40,10,40,CARR-A,8545.0,2070.5,7200,17815.5,0.7769230769230769,1.0,88.19554455445545
PP02,2023-01-07,170.0,170.0,0.0,0,18,40,10,36,CARR-A,8545.0,1742.5,7200,17487.5,0.6538461538461539,0.9,102.86764705882354
PP02,2023-01-14,147.0,147.0,0.0,0,18,40,9,37,CARR-A,7690.5,1506.75,7200,16397.25,0.6282051282051282,0.925,111.54591836734694
PP02,2023-01-21,147.0,147.0,0.0,0,18,40,8,37,CARR-A,6836.0,1506.75,7200,15542.75,0.7067307692307693,0.925,105.73299319727892
PP02,2023-01-28,163.0,163.0,0.0,0,18,40,10,36,CARR-A,8545.0,1670.75,7200,17415.75,0.6269230769230769,0.9,106.84509202453988
PP02,2023-02-04,165.0,165.0,0.0,0,18,40,10,38,CARR-A,8545.0,1691.25,7200,17436.25,0.6346153846153846,0.95,105.67424242424242
PP02,2023-02-11,170.0,170.0,0.0,0,18,40,10,38,CARR-A,8545.0,1742.5,7200,17487.5,0.6538461538461539,0.95,102.86764705882354
PP02,2023-02-18,176.0,176.0,0.0,0,18,40,10,39,CARR-A,8545.0,1804.0,7200,17549.0,0.676923076923077,0.975,99.71022727272727
PP02,2023-02-25,177.0,177.0,0.0,0,18,40,10,38,CARR-A,8545.0,1814.25,7200,17559.25,0.6807692307692308,0.95,99.204802259887
PP02,2023-03-04,188.0,188.0,0.0,0,18,40,10,37,CARR-A,8545.0,1927.0,7200,17672.0,0.7230769230769231,0.925,94.0
PP02,2023-03-11,191.0,191.0,0.0,0,18,40,10,38,CARR-A,8545.0,1957.75,7200,17702.75,0.7346153846153847,0.95,92.68455497382199
PP02,2023-03-18,189.0,189.0,0.0,0,18,40,10,40,CARR-A,8545.0,1937.25,7200,17682.25,0.7269230769230769,1.0,93.5568783068783
PP02,2023-03-25,192.0,192.0,0.0,0,18,40,10,38,CARR-A,8545.0,1968.0,7200,17713.0,0.7384615384615385,0.95,92.25520833333333
PP02,2023-04-01,196.0,196.0,0.0,0,18,40,10,37,CARR-A,8545.0,2009.0,7200,17754.0,0.7538461538461538,0.925,90.58163265306122
PP02,2023-04-08,189.0,189.0,0.0,0,18,40,10,39,CARR-A,8545.0,1937.25,7200,17682.25,0.7269230769230769,0.975,93.5568783068783
PP02,2023-04-15,194.0,194.0,0.0,0,18,40,10,39,CARR-A,8545.0,1988.5,7200,17733.5,0.7461538461538462,0.975,91.40979381443299
PP02,2023-04-22,207.0,207.0,0.0,0,19,43,10,43,CARR-A,8545.0,2121.75,7740,18406.75,0.7961538461538461,1.0,88.92149758454106
PP02,2023-04-29,195.0,195.0,0.0,0,19,43,10,42,CARR-A,8545.0,1998.75,7740,18283.75,0.75,0.9767441860465116,93.76282051282051
PP02,2023-05-06,218.0,218.0,0.0,0,19,43,11,43,CARR-A,9399.5,2234.5,7740,19374.0,0.7622377622377622,1.0,88.87155963302752
PP02,2023-05-13,212.0,212.0,0.0,0,19,43,10,41,CARR-A,8545.0,2173.0,7740,18458.0,0.8153846153846154,0.9534883720930233,87.06603773584905
PP02,2023-05-20,200.0,200.0,0.0,0,19,43,10,42,CARR-A,8545.0,2050.0,7740,18335.0,0.7692307692307693,0.9767441860465116,91.675
PP02,2023-05-27,207.0,207.0,0.0,0,19,43,10,40,CARR-A,8545.0,2121.75,7740,18406.75,0.7961538461538461,0.9302325581395349,88.92149758454106
PP02,2023-06-03,208.0,208.0,0.0,0,19,43,10,42,CARR-A,8545.0,2132.0,7740,18417.0,0.8,0.9767441860465116,88.54326923076923
PP02,2023-06-10,210.0,210.0,0.0,0,19,43,10,41,CARR-A,8545.0,2152.5,7740,18437.5,0.8076923076923077,0.9534883720930233,87.79761904761905
PP02,2023-06-17,213.0,213.0,0.0,0,19,43,10,37,CARR-A,8545.0,2183.25,7740,18468.25,0.8192307692307692,0.8604651162790697,86.70539906103286
PP02,2023-06-24,209.0,209.0,0.0,0,19,43,10,41,CARR-A,8545.0,2142.25,7740,18427.25,0.8038461538461539,0.9534883720930233,88.16866028708134
PP02,2023-07-01,204.0,204.0,0.0,0,19,43,10,39,CARR-A,8545.0,2091.0,7740,18376.0,0.7846153846153846,0.9069767441860465,90.07843137254902
PP02,2023-07-08,208.0,208.0,0.0,0,19,43,10,42,CARR-A,8545.0,2132.0,7740,18417.0,0.8,0.9767441860465116,88.54326923076923
PP02,2023-07-15,201.0,201.0,0.0,0,19,43,10,43,CARR-A,8545.0,2060.25,7740,18345.25,0.7730769230769231,1.0,91.26990049751244
PP02,2023-07-22,208.0,208.0,0.0,0,19,43,10,43,CARR-A,8545.0,2132.0,7740,18417.0,0.8,1.0,88.54326923076923
PP02,2023-07-29,206.0,206.0,0.0,0,19,43,10,42,CARR-A,8545.0,2111.5,7740,18396.5,0.7923076923076923,0.9767441860465116,89.30339805825243
PP02,2023-08-05,226.0,226.0,0.0,0,19,43,11,39,CARR-A,9399.5,2316.5,7740,19456.0,0.7902097902097902,0.9069767441860465,86.08849557522124
PP02,2023-08-12,210.0,210.0,0.0,0,19,43,10,43,CARR-A,8545.0,2152.5,7740,18437.5,0.8076923076923077,1.0,87.79761904761905
PP02,2023-08-19,217.0,217.0,0.0,0,19,43,10,42,CARR-A,8545.0,2224.25,7740,18509.25,0.8346153846153846,0.9767441860465116,85.29608294930875
PP02,2023-08-26,211.0,211.0,0.0,0,19,43,11,41,CARR-A,9399.5,2162.75,7740,19302.25,0.7377622377622378,0.9534883720930233,91.47985781990522
PP02,2023-09-02,202.0,202.0,0.0,0,19,43,10,40,CARR-A,8545.0,2070.5,7740,18355.5,0.7769230769230769,0.9302325581395349,90.86881188118812
PP02,2023-09-09,206.0,206.0,0.0,0,19,43,10,41,CARR-A,8545.0,2111.5,7740,18396.5,0.7923076923076923,0.9534883720930233,89.30339805825243
PP02,2023-09-16,198.0,198.0,0.0,0,19,43,10,43,CARR-A,8545.0,2029.5,7740,18314.5,0.7615384615384615,1.0,92.49747474747475
PP02,2023-09-23,198.0,198.0,0.0,0,19,43,10,42,CARR-A,8545.0,2029.5,7740,18314.5,0.7615384615384615,0.9767441860465116,92.49747474747475
PP02,2023-09-30,198.0,198.0,0.0,0,19,43,10,43,CARR-A,8545.0,2029.5,7740,18314.5,0.7615384615384615,1.0,92.49747474747475
PP02,2023-10-07,189.0,189.0,0.0,0,19,43,10,43,CARR-A,8545.0,1937.25,7740,18222.25,0.7269230769230769,1.0,96.41402116402116
PP02,2023-10-14,202.0,202.0,0.0,0,19,43,10,42,CARR-A,8545.0,2070.5,7740,18355.5,0.7769230769230769,0.9767441860465116,90.86881188118812
PP02,2023-10-21,220.0,220.0,0.0,0,19,43,12,42,CARR-A,10254.0,2255.0,7740,20249.0,0.7051282051282052,0.9767441860465116,92.0409090909091
PP02,2023-10-28,222.0,222.0,0.0,0,19,43,11,42,CARR-A,9399.5,2275.5,7740,19415.0,0.7762237762237763,0.9767441860465116,87.45495495495496
PP02,2023-11-04,233.0,233.0,0.0,0,19,43,11,42,CARR-A,9399.5,2388.25,7740,19527.75,0.8146853146853147,0.9767441860465116,83.81008583690988
PP02,2023-11-11,250.0,250.0,0.0,0,19,43,11,42,CARR-A,9399.5,2562.5,7740,19702.0,0.8741258741258742,0.9767441860465116,78.808
PP02,2023-11-18,268.0,266.0,2.0,1,19,43,13,42,CARR-A,11108.5,2726.5,7740,21575.0,0.7869822485207101,0.9767441860465116,81.10902255639098
PP02,2023-11-25,283.0,281.0,4.0,2,19,43,15,41,CARR-A,12817.5,2880.25,7740,23437.75,0.7205128205128205,0.9534883720930233,83.40836298932385
PP02,2023-12-02,299.0,294.0,9.0,5,19,43,16,41,CARR-A,13672.0,3013.5,7740,24425.5,0.7067307692307693,0.9534883720930233,83.07993197278911
PP02,2023-12-09,328.0,309.0,28.0,9,19,43,16,41,CARR-A,13672.0,3167.25,7740,24579.25,0.7427884615384616,0.9534883720930233,79.54449838187702
PP02,2023-12-16,312.0,309.0,31.0,11,19,43,17,40,CARR-A,14526.5,3167.25,7740,25433.75,0.6990950226244343,0.9302325581395349,82.30987055016182
PP02,2023-12-23,280.0,294.0,17.0,6,19,43,15,41,CARR-A,12817.5,3013.5,7740,23571.0,0.7538461538461538,0.9534883720930233,80.1734693877551
PP02,2023-12-30,230.0,243.0,4.0,1,19,43,12,43,CARR-A,10254.0,2490.75,7740,20484.75,0.7788461538461539,1.0,84.29938271604938
PP02,2024-01-06,197.0,201.0,0.0,0,19,43,10,41,CARR-A,8545.0,2060.25,7740,18345.25,0.7730769230769231,0.9534883720930233,91.26990049751244
PP02,2024-01-13,156.0,156.0,0.0,0,19,43,10,37,CARR-A,8545.0,1599.0,7740,17884.0,0.6,0.8604651162790697,114.64102564102564
PP02,2024-01-20,160.0,160.0,0.0,0,19,43,10,38,CARR-A,8545.0,1640.0,7740,17925.0,0.6153846153846154,0.8837209302325582,112.03125
PP02,2024-01-27,182.0,182.0,0.0,0,19,43,10,39,CARR-A,8545.0,1865.5,7740,18150.5,0.7,0.9069767441860465,99.72802197802197
PP02,2024-02-03,180.0,180.0,0.0,0,19,43,10,38,CARR-A,8545.0,1845.0,7740,18130.0,0.6923076923076923,0.8837209302325582,100.72222222222223
PP02,2024-02-10,194.0,194.0,0.0,0,19,43,10,40,CARR-A,8545.0,1988.5,7740,18273.5,0.7461538461538462,0.9302325581395349,94.19329896907216
PP02,2024-02-17,202.0,202.0,0.0,0,19,43,10,42,CARR-A,8545.0,2070.5,7740,18355.5,0.7769230769230769,0.9767441860465116,90.86881188118812
PP02,2024-02-24,192.0,192.0,0.0,0,19,43,10,43,CARR-A,8545.0,1968.0,7740,18253.0,0.7384615384615385,1.0,95.06770833333333
PP02,2024-03-02,200.0,200.0,0.0,0,19,43,10,41,CARR-A,8545.0,2050.0,7740,18335.0,0.7692307692307693,0.9534883720930233,91.675
PP02,2024-03-09,206.0,206.0,0.0,0,19,43,10,42,CARR-A,8545.0,2111.5,7740,18396.5,0.7923076923076923,0.9767441860465116,89.30339805825243
PP02,2024-03-16,201.0,201.0,0.0,0,19,43,10,39,CARR-A,8545.0,2060.25,7740,18345.25,0.7730769230769231,0.9069767441860465,91.26990049751244
PP02,2024-03-23,214.0,214.0,0.0,0,19,43,10,43,CARR-A,8545.0,2193.5,7740,18478.5,0.823076923076923,1.0,86.34813084112149
PP02,2024-03-30,201.0,201.0,0.0,0,19,43,10,41,CARR-A,8545.0,2060.25,7740,18345.25,0.7730769230769231,0.9534883720930233,91.26990049751244
PP02,2024-04-06,200.0,200.0,0.0,0,19,43,10,43,CARR-A,8545.0,2050.0,7740,18335.0,0.7692307692307693,1.0,91.675
PP02,2024-04-13,201.0,201.0,0.0,0,19,43,10,40,CARR-A,8545.0,2060.25,7740,18345.25,0.7730769230769231,0.9302325581395349,91.26990049751244
PP02,2024-04-20,207.0,207.0,0.0,0,19,43,10,41,CARR-A,8545.0,2121.75,7740,18406.75,0.7961538461538461,0.9534883720930233,88.92149758454106
PP02,2024-04-27,215.0,215.0,0.0,0,19,43,10,43,CARR-A,8545.0,2203.75,7740,18488.75,0.8269230769230769,1.0,85.99418604651163
PP02,2024-05-04,234.0,234.0,0.0,0,19,43,11,42,CARR-A,9399.5,2398.5,7740,19538.0,0.8181818181818182,0.9767441860465116,83.4957264957265
PP02,2024-05-11,212.0,212.0,0.0,0,19,43,10,41,CARR-A,8545.0,2173.0,7740,18458.0,0.8153846153846154,0.9534883720930233,87.06603773584905
PP02,2024-05-18,213.0,213.0,0.0,0,19,43,10,42,CARR-A,8545.0,2183.25,7740,18468.25,0.8192307692307692,0.9767441860465116,86.70539906103286
PP02,2024-05-25,228.0,228.0,0.0,0,19,43,12,41,CARR-A,10254.0,2337.0,7740,20331.0,0.7307692307692307,0.9534883720930233,89.17105263157895
PP02,2024-06-01,221.0,221.0,0.0,0,19,43,10,40,CARR-A,8545.0,2265.25,7740,18550.25,0.85,0.9302325581395349,83.93778280542986
PP02,2024-06-08,217.0,217.0,0.0,0,19,43,11,43,CARR-A,9399.5,2224.25,7740,19363.75,0.7587412587412588,1.0,89.23387096774194
PP02,2024-06-15,212.0,212.0,0.0,0,19,43,10,39,CARR-A,8545.0,2173.0,7740,18458.0,0.8153846153846154,0.9069767441860465,87.06603773584905
PP02,2024-06-22,216.0,216.0,0.0,0,19,43,11,43,CARR-A,9399.5,2214.0,7740,19353.5,0.7552447552447552,1.0,89.59953703703704
PP02,2024-06-29,206.0,206.0,0.0,0,19,43,10,43,CARR-A,8545.0,2111.5,7740,18396.5,0.7923076923076923,1.0,89.30339805825243
PP02,2024-07-06,204.0,204.0,0.0,0,19,43,10,43,CARR-A,8545.0,2091.0,7740,18376.0,0.7846153846153846,1.0,90.07843137254902
PP02,2024-07-13,205.0,205.0,0.0,0,19,43,10,41,CARR-A,8545.0,2101.25,7740,18386.25,0.7884615384615384,0.9534883720930233,89.6890243902439
PP02,2024-07-20,207.0,207.0,0.0,0,19,43,10,41,CARR-A,8545.0,2121.75,7740,18406.75,0.7961538461538461,0.9534883720930233,88.92149758454106
PP02,2024-07-27,210.0,210.0,0.0,0,19,43,10,43,CARR-A,8545.0,2152.5,7740,18437.5,0.8076923076923077,1.0,87.79761904761905
PP02,2024-08-03,220.0,220.0,0.0,0,19,43,10,40,CARR-A,8545.0,2255.0,7740,18540.0,0.8461538461538461,0.9302325581395349,84.27272727272727
PP02,2024-08-10,217.0,217.0,0.0,0,19,43,10,42,CARR-A,8545.0,2224.25,7740,18509.25,0.8346153846153846,0.9767441860465116,85.29608294930875
PP02,2024-08-17,221.0,221.0,0.0,0,19,43,11,42,CARR-A,9399.5,2265.25,7740,19404.75,0.7727272727272727,0.9767441860465116,87.80429864253394
PP02,2024-08-24,225.0,225.0,0.0,0,19,43,11,42,CARR-A,9399.5,2306.25,7740,19445.75,0.7867132867132867,0.9767441860465116,86.42555555555556
PP02,2024-08-31,211.0,211.0,0.0,0,19,43,10,43,CARR-A,8545.0,2162.75,7740,18447.75,0.8115384615384615,1.0,87.43009478672985
PP02,2024-09-07,209.0,209.0,0.0,0,19,43,10,41,CARR-A,8545.0,2142.25,7740,18427.25,0.8038461538461539,0.9534883720930233,88.16866028708134
PP02,2024-09-14,194.0,194.0,0.0,0,19,43,10,40,CARR-A,8545.0,1988.5,7740,18273.5,0.7461538461538462,0.9302325581395349,94.19329896907216
PP02,2024-09-21,196.0,196.0,0.0,0,19,43,10,43,CARR-A,8545.0,2009.0,7740,18294.0,0.7538461538461538,1.0,93.33673469387755
PP02,2024-09-28,195.0,195.0,0.0,0,19,43,10,42,CARR-A,8545.0,1998.75,7740,18283.75,0.75,0.9767441860465116,93.76282051282051
PP02,2024-10-05,206.0,206.0,0.0,0,19,43,10,42,CARR-A,8545.0,2111.5,7740,18396.5,0.7923076923076923,0.9767441860465116,89.30339805825243
PP02,2024-10-12,209.0,209.0,0.0,0,19,43,10,42,CARR-A,8545.0,2142.25,7740,18427.25,0.8038461538461539,0.9767441860465116,88.16866028708134
PP02,2024-10-19,212.0,212.0,0.0,0,19,43,10,41,CARR-A,8545.0,2173.0,7740,18458.0,0.8153846153846154,0.9534883720930233,87.06603773584905
PP02,2024-10-26,228.0,228.0,0.0,0,19,43,11,41,CARR-A,9399.5,2337.0,7740,19476.5,0.7972027972027972,0.9534883720930233,85.42324561403508
PP02,2024-11-02,225.0,225.0,0.0,0,19,43,10,43,CARR-A,8545.0,2306.25,7740,18591.25,0.8653846153846154,1.0,82.62777777777778
PP02,2024-11-09,251.0,251.0,0.0,0,19,43,11,42,CARR-A,9399.5,2572.75,7740,19712.25,0.8776223776223776,0.9767441860465116,78.53486055776892
PP02,2024-11-16,263.0,262.0,1.0,1,19,43,14,41,CARR-A,11963.0,2685.5,7740,22388.5,0.7197802197802198,0.9534883720930233,85.45229007633588
PP02,2024-11-23,289.0,288.0,2.0,2,19,43,15,40,CARR-A,12817.5,2952.0,7740,23509.5,0.7384615384615385,0.9302325581395349,81.63020833333333
PP02,2024-11-30,309.0,298.0,13.0,7,19,43,16,41,CARR-A,13672.0,3054.5,7740,24466.5,0.7163461538461539,0.9534883720930233,82.10234899328859
PP02,2024-12-07,327.0,306.0,34.0,11,19,43,15,40,CARR-A,12817.5,3136.5,7740,23694.0,0.7846153846153846,0.9302325581395349,77.43137254901961
PP02,2024-12-14,320.0,309.0,45.0,12,19,43,16,42,CARR-A,13672.0,3167.25,7740,24579.25,0.7427884615384616,0.9767441860465116,79.54449838187702
PP02,2024-12-21,278.0,298.0,25.0,9,19,43,15,39,CARR-A,12817.5,3054.5,7740,23612.0,0.764102564102564,0.9069767441860465,79.23489932885906
PP02,2024-12-28,246.0,266.0,5.0,3,19,43,13,42,CARR-A,11108.5,2726.5,7740,21575.0,0.7869822485207101,0.9767441860465116,81.10902255639098
PP02,2025-01-04,211.0,216.0,0.0,0,19,43,10,38,CARR-A,8545.0,2214.0,7740,18499.0,0.8307692307692308,0.8837209302325582,85.64351851851852
PP02,2025-01-11,166.0,166.0,0.0,0,19,43,10,40,CARR-A,8545.0,1701.5,7740,17986.5,0.6384615384615384,0.9302325581395349,108.35240963855422
PP02,2025-01-18,175.0,175.0,0.0,0,19,43,10,40,CARR-A,8545.0,1793.75,7740,18078.75,0.6730769230769231,0.9302325581395349,103.30714285714286
PP02,2025-01-25,176.0,176.0,0.0,0,19,43,10,40,CARR-A,8545.0,1804.0,7740,18089.0,0.676923076923077,0.9302325581395349,102.7784090909091
PP02,2025-02-01,197.0,197.0,0.0,0,19,43,10,40,CARR-A,8545.0,2019.25,7740,18304.25,0.7576923076923077,0.9302325581395349,92.91497461928934
PP02,2025-02-08,191.0,191.0,0.0,0,19,43,10,42,CARR-A,8545.0,1957.75,7740,18242.75,0.7346153846153847,0.9767441860465116,95.51178010471205
PP02,2025-02-15,196.0,196.0,0.0,0,19,43,10,40,CARR-A,8545.0,2009.0,7740,18294.0,0.7538461538461538,0.9302325581395349,93.33673469387755
PP02,2025-02-22,199.0,199.0,0.0,0,19,43,10,40,CARR-A,8545.0,2039.75,7740,18324.75,0.7653846153846153,0.9302325581395349,92.08417085427136
PP02,2025-03-01,207.0,207.0,0.0,0,19,43,10,40,CARR-A,8545.0,2121.75,7740,18406.75,0.7961538461538461,0.9302325581395349,88.92149758454106
PP02,2025-03-08,211.0,211.0,0.0,0,19,43,10,40,CARR-A,8545.0,2162.75,7740,18447.75,0.8115384615384615,0.9302325581395349,87.43009478672985
PP02,2025-03-15,204.0,204.0,0.0,0,19,43,10,43,CARR-A,8545.0,2091.0,7740,18376.0,0.7846153846153846,1.0,90.07843137254902
PP02,2025-03-22,225.0,225.0,0.0,0,19,43,10,43,CARR-A,8545.0,2306.25,7740,18591.25,0.8653846153846154,1.0,82.62777777777778
PP02,2025-03-29,213.0,213.0,0.0,0,19,43,10,43,CARR-A,8545.0,2183.25,7740,18468.25,0.8192307692307692,1.0,86.70539906103286
PP02,2025-04-05,217.0,217.0,0.0,0,19,43,10,42,CARR-A,8545.0,2224.25,7740,18509.25,0.8346153846153846,0.9767441860465116,85.29608294930875
PP02,2025-04-12,220.0,220.0,0.0,0,19,43,11,41,CARR-A,9399.5,2255.0,7740,19394.5,0.7692307692307693,0.9534883720930233,88.15681818181818
PP02,2025-04-19,220.0,220.0,0.0,0,19,43,11,42,CARR-A,9399.5,2255.0,7740,19394.5,0.7692307692307693,0.9767441860465116,88.15681818181818
PP02,2025-04-26,231.0,231.0,0.0,0,19,43,11,42,CARR-A,9399.5,2367.75,7740,19507.25,0.8076923076923077,0.9767441860465116,84.4469696969697
PP02,2025-05-03,226.0,226.0,0.0,0,19,43,10,41,CARR-A,8545.0,2316.5,7740,18601.5,0.8692307692307693,0.9534883720930233,82.3075221238938
PP02,2025-05-10,233.0,233.0,0.0,0,19,43,11,41,CARR-A,9399.5,2388.25,7740,19527.75,0.8146853146853147,0.9534883720930233,83.81008583690988
PP02,2025-05-17,231.0,231.0,0.0,0,19,43,10,42,CARR-A,8545.0,2367.75,7740,18652.75,0.8884615384615384,0.9767441860465116,80.7478354978355
PP02,2025-05-24,230.0,230.0,0.0,0,19,43,11,40,CARR-A,9399.5,2357.5,7740,19497.0,0.8041958041958042,0.9302325581395349,84.7695652173913
PP02,2025-05-31,227.0,227.0,0.0,0,19,43,10,42,CARR-A,8545.0,2326.75,7740,18611.75,0.8730769230769231,0.9767441860465116,81.99008810572687
PP02,2025-06-07,221.0,221.0,0.0,0,19,43,10,43,CARR-A,8545.0,2265.25,7740,18550.25,0.85,1.0,83.93778280542986
PP02,2025-06-14,226.0,226.0,0.0,0,19,43,11,38,CARR-A,9399.5,2316.5,7740,19456.0,0.7902097902097902,0.8837209302325582,86.08849557522124
PP02,2025-06-21,229.0,229.0,0.0,0,19,43,10,43,CARR-A,8545.0,2347.25,7740,18632.25,0.8807692307692307,1.0,81.36353711790393
PP02,2025-06-28,227.0,227.0,0.0,0,19,43,12,38,CARR-A,10254.0,2326.75,7740,20320.75,0.7275641025641025,0.8837209302325582,89.51872246696036
PP02,2025-07-05,227.0,227.0,0.0,0,19,43,12,42,CARR-A,10254.0,2326.75,7740,20320.75,0.7275641025641025,0.9767441860465116,89.51872246696036
PP02,2025-07-12,225.0,225.0,0.0,0,19,43,11,41,CARR-A,9399.5,2306.25,7740,19445.75,0.7867132867132867,0.9534883720930233,86.42555555555556
PP02,2025-07-19,233.0,233.0,0.0,0,19,43,12,39,CARR-A,10254.0,2388.25,7740,20382.25,0.7467948717948718,0.9069767441860465,87.4774678111588
PP02,2025-07-26,230.0,230.0,0.0,0,19,43,11,42,CARR-A,9399.5,2357.5,7740,19497.0,0.8041958041958042,0.9767441860465116,84.7695652173913
PP02,2025-08-02,238.0,238.0,0.0,0,19,43,12,41,CARR-A,10254.0,2439.5,7740,20433.5,0.7628205128205128,0.9534883720930233,85.85504201680672
PP02,2025-08-09,242.0,242.0,0.0,0,19,43,12,42,CARR-A,10254.0,2480.5,7740,20474.5,0.7756410256410257,0.9767441860465116,84.60537190082644
PP02,2025-08-16,234.0,234.0,0.0,0,19,43,10,42,CARR-A,8545.0,2398.5,7740,18683.5,0.9,0.9767441860465116,79.84401709401709
PP02,2025-08-23,224.0,224.0,0.0,0,19,43,10,41,CARR-A,8545.0,2296.0,7740,18581.0,0.8615384615384616,0.9534883720930233,82.95089285714286
PP02,2025-08-30,227.0,227.0,0.0,0,19,43,10,42,CARR-A,8545.0,2326.75,7740,18611.75,0.8730769230769231,0.9767441860465116,81.99008810572687
PP02,2025-09-06,221.0,221.0,0.0,0,19,43,10,42,CARR-A,8545.0,2265.25,7740,18550.25,0.85,0.9767441860465116,83.93778280542986
PP02,2025-09-13,207.0,207.0,0.0,0,19,43,10,43,CARR-A,8545.0,2121.75,7740,18406.75,0.7961538461538461,1.0,88.92149758454106
PP02,2025-09-20,213.0,213.0,0.0,0,19,43,10,40,CARR-A,8545.0,2183.25,7740,18468.25,0.8192307692307692,0.9302325581395349,86.70539906103286
PP02,2025-09-27,213.0,213.0,0.0,0,19,43,10,43,CARR-A,8545.0,2183.25,7740,18468.25,0.8192307692307692,1.0,86.70539906103286
PP02,2025-10-04,227.0,227.0,0.0,0,19,43,11,42,CARR-A,9399.5,2326.75,7740,19466.25,0.7937062937062938,0.9767441860465116,85.75440528634361
PP02,2025-10-11,227.0,227.0,0.0,0,19,43,12,41,CARR-A,10254.0,2326.75,7740,20320.75,0.7275641025641025,0.9534883720930233,89.51872246696036
PP02,2025-10-18,228.0,228.0,0.0,0,19,43,10,39,CARR-A,8545.0,2337.0,7740,18622.0,0.8769230769230769,0.9069767441860465,81.67543859649123
PP02,2025-10-25,243.0,243.0,0.0,0,19,43,11,41,CARR-A,9399.5,2490.75,7740,19630.25,0.8496503496503497,0.9534883720930233,80.78292181069959
PP02,2025-11-01,246.0,246.0,0.0,0,19,43,11,42,CARR-A,9399.5,2521.5,7740,19661.0,0.8601398601398601,0.9767441860465116,79.92276422764228
PP02,2025-11-08,273.0,270.0,3.0,2,19,43,14,41,CARR-A,11963.0,2767.5,7740,22470.5,0.7417582417582418,0.9534883720930233,83.22407407407407
PP02,2025-11-15,288.0,288.0,3.0,3,19,43,15,41,CARR-A,12817.5,2952.0,7740,23509.5,0.7384615384615385,0.9534883720930233,81.63020833333333
PP02,2025-11-22,297.0,294.0,6.0,5,19,43,15,42,CARR-A,12817.5,3013.5,7740,23571.0,0.7538461538461538,0.9767441860465116,80.1734693877551
PP02,2025-11-29,331.0,310.0,27.0,12,19,43,16,42,CARR-A,13672.0,3177.5,7740,24589.5,0.7451923076923077,0.9767441860465116,79.32096774193549
PP02,2025-12-06,346.0,314.0,59.0,16,19,43,16,42,CARR-A,13672.0,3218.5,7740,24630.5,0.7548076923076923,0.9767441860465116,78.44108280254777
PP02,2025-12-13,359.0,316.0,102.0,17,19,43,16,40,CARR-A,13672.0,3239.0,7740,24651.0,0.7596153846153846,0.9302325581395349,78.00949367088607
PP02,2025-12-20,319.0,313.0,108.0,17,19,43,15,39,CARR-A,12817.5,3208.25,7740,23765.75,0.8025641025641026,0.9069767441860465,75.92891373801918
PP02,2025-12-27,262.0,307.0,63.0,14,19,43,16,41,CARR-A,13672.0,3146.75,7740,24558.75,0.7379807692307693,0.9534883720930233,79.99592833876221
PP02,2026-01-03,229.0,268.0,24.0,4,19,43,13,41,CARR-A,11108.5,2747.0,7740,21595.5,0.7928994082840237,0.9534883720930233,80.58022388059702
PP02,2026-01-10,182.0,200.0,6.0,1,19,43,10,38,CARR-A,8545.0,2050.0,7740,18335.0,0.7692307692307693,0.8837209302325582,91.675
PP02,2026-01-17,179.0,185.0,0.0,0,19,43,10,41,CARR-A,8545.0,1896.25,7740,18181.25,0.7115384615384616,0.9534883720930233,98.27702702702703
PP02,2026-01-24,185.0,185.0,0.0,0,19,43,10,40,CARR-A,8545.0,1896.25,7740,18181.25,0.7115384615384616,0.9302325581395349,98.27702702702703
PP02,2026-01-31,187.0,187.0,0.0,0,19,43,10,41,CARR-A,8545.0,1916.75,7740,18201.75,0.7192307692307692,0.9534883720930233,97.3355614973262
PP02,2026-02-07,215.0,215.0,0.0,0,19,43,10,39,CARR-A,8545.0,2203.75,7740,18488.75,0.8269230769230769,0.9069767441860465,85.99418604651163
PP02,2026-02-14,218.0,218.0,0.0,0,19,43,10,39,CARR-A,8545.0,2234.5,7740,18519.5,0.8384615384615385,0.9069767441860465,84.95183486238533
PP02,2026-02-21,216.0,216.0,0.0,0,19,43,10,41,CARR-A,8545.0,2214.0,7740,18499.0,0.8307692307692308,0.9534883720930233,85.64351851851852
PP02,2026-02-28,220.0,220.0,0.0,0,19,43,11,39,CARR-A,9399.5,2255.0,7740,19394.5,0.7692307692307693,0.9069767441860465,88.15681818181818
PP02,2026-03-07,216.0,216.0,0.0,0,19,43,11,42,CARR-A,9399.5,2214.0,7740,19353.5,0.7552447552447552,0.9767441860465116,89.59953703703704
PP02,2026-03-14,239.0,239.0,0.0,0,19,43,11,43,CARR-A,9399.5,2449.75,7740,19589.25,0.8356643356643356,1.0,81.9633891213389
PP02,2026-03-21,235.0,235.0,0.0,0,19,43,10,42,CARR-A,8545.0,2408.75,7740,18693.75,0.9038461538461539,0.9767441860465116,79.54787234042553
PP02,2026-03-28,236.0,236.0,0.0,0,19,43,11,39,CARR-A,9399.5,2419.0,7740,19558.5,0.8251748251748252,0.9069767441860465,82.875
PP02,2026-04-04,238.0,238.0,0.0,0,19,43,13,43,CARR-A,11108.5,2439.5,7740,21288.0,0.7041420118343196,1.0,89.4453781512605
PP02,2026-04-11,228.0,228.0,0.0,0,19,43,11,43,CARR-A,9399.5,2337.0,7740,19476.5,0.7972027972027972,1.0,85.42324561403508
PP02,2026-04-18,233.0,233.0,0.0,0,19,43,12,41,CARR-A,10254.0,2388.25,7740,20382.25,0.7467948717948718,0.9534883720930233,87.4774678111588
PP02,2026-04-25,232.0,232.0,0.0,0,19,43,10,42,CARR-A,8545.0,2378.0,7740,18663.0,0.8923076923076924,0.9767441860465116,80.44396551724138
PP02,2026-05-02,243.0,243.0,0.0,0,19,43,12,42,CARR-A,10254.0,2490.75,7740,20484.75,0.7788461538461539,0.9767441860465116,84.29938271604938
PP02,2026-05-09,249.0,249.0,0.0,0,19,43,13,42,CARR-A,11108.5,2552.25,7740,21400.75,0.7366863905325444,0.9767441860465116,85.94678714859438
PP02,2026-05-16,233.0,233.0,0.0,0,19,43,10,43,CARR-A,8545.0,2388.25,7740,18673.25,0.8961538461538462,1.0,80.14270386266094
PP02,2026-05-23,252.0,252.0,0.0,0,19,43,12,42,CARR-A,10254.0,2583.0,7740,20577.0,0.8076923076923077,0.9767441860465116,81.6547619047619
PP02,2026-05-30,239.0,239.0,0.0,0,19,43,13,42,CARR-A,11108.5,2449.75,7740,21298.25,0.7071005917159763,0.9767441860465116,89.11401673640168
PP02,2026-06-06,239.0,239.0,0.0,0,19,43,12,43,CARR-A,10254.0,2449.75,7740,20443.75,0.7660256410256411,1.0,85.5387029288703
PP02,2026-06-13,234.0,234.0,0.0,0,19,43,11,42,CARR-A,9399.5,2398.5,7740,19538.0,0.8181818181818182,0.9767441860465116,83.4957264957265
PP02,2026-06-20,228.0,228.0,0.0,0,19,43,10,41,CARR-A,8545.0,2337.0,7740,18622.0,0.8769230769230769,0.9534883720930233,81.67543859649123
PP02,2026-06-27,232.0,232.0,0.0,0,19,43,11,40,CARR-A,9399.5,2378.0,7740,19517.5,0.8111888111888111,0.9302325581395349,84.1271551724138
PP02,2026-07-04,232.0,232.0,0.0,0,19,43,11,41,CARR-A,9399.5,2378.0,7740,19517.5,0.8111888111888111,0.9534883720930233,84.1271551724138
PP02,2026-07-11,232.0,232.0,0.0,0,19,43,11,43,CARR-A,9399.5,2378.0,7740,19517.5,0.8111888111888111,1.0,84.1271551724138
PP02,2026-07-18,245.0,245.0,0.0,0,19,43,12,41,CARR-A,10254.0,2511.25,7740,20505.25,0.7852564102564102,0.9534883720930233,83.69489795918368
PP02,2026-07-25,241.0,241.0,0.0,0,19,43,12,43,CARR-A,10254.0,2470.25,7740,20464.25,0.7724358974358975,1.0,84.91390041493776
PP03,2022-08-06,246.0,246.0,0.0,0,17,42,12,39,CARR-B,12063.0,2644.5,8190,22897.5,0.7884615384615384,0.9285714285714286,93.07926829268293
PP03,2022-08-13,249.0,249.0,0.0,0,17,42,13,39,CARR-B,13068.25,2676.75,8190,23935.0,0.7366863905325444,0.9285714285714286,96.12449799196787
PP03,2022-08-20,240.0,240.0,0.0,0,17,42,13,40,CARR-B,13068.25,2580.0,8190,23838.25,0.7100591715976331,0.9523809523809523,99.32604166666667
PP03,2022-08-27,244.0,244.0,0.0,0,17,42,12,40,CARR-B,12063.0,2623.0,8190,22876.0,0.782051282051282,0.9523809523809523,93.75409836065573
PP03,2022-09-03,233.0,233.0,0.0,0,17,42,12,34,CARR-B,12063.0,2504.75,8190,22757.75,0.7467948717948718,0.8095238095238095,97.67274678111588
PP03,2022-09-10,223.0,223.0,0.0,0,17,42,11,38,CARR-B,11057.75,2397.25,8190,21645.0,0.7797202797202797,0.9047619047619048,97.0627802690583
PP03,2022-09-17,221.0,221.0,0.0,0,17,42,11,38,CARR-B,11057.75,2375.75,8190,21623.5,0.7727272727272727,0.9047619047619048,97.84389140271493
PP03,2022-09-24,223.0,223.0,0.0,0,17,42,11,34,CARR-B,11057.75,2397.25,8190,21645.0,0.7797202797202797,0.8095238095238095,97.0627802690583
PP03,2022-10-01,238.0,238.0,0.0,0,17,42,12,35,CARR-B,12063.0,2558.5,8190,22811.5,0.7628205128205128,0.8333333333333334,95.84663865546219
PP03,2022-10-08,229.0,229.0,0.0,0,17,42,12,40,CARR-B,12063.0,2461.75,8190,22714.75,0.7339743589743589,0.9523809523809523,99.1910480349345
PP03,2022-10-15,236.0,236.0,0.0,0,17,42,12,39,CARR-B,12063.0,2537.0,8190,22790.0,0.7564102564102564,0.9285714285714286,96.5677966101695
PP03,2022-10-22,237.0,237.0,0.0,0,17,42,13,38,CARR-B,13068.25,2547.75,8190,23806.0,0.7011834319526628,0.9047619047619048,100.44725738396625
PP03,2022-10-29,263.0,263.0,0.0,0,17,42,13,40,CARR-B,13068.25,2827.25,8190,24085.5,0.7781065088757396,0.9523809523809523,91.57984790874525
PP03,2022-11-05,277.0,277.0,0.0,0,17,42,14,38,CARR-B,14073.5,2977.75,8190,25241.25,0.760989010989011,0.9047619047619048,91.12364620938628
PP03,2022-11-12,273.0,273.0,0.0,0,17,42,14,38,CARR-B,14073.5,2934.75,8190,25198.25,0.75,0.9047619047619048,92.30128205128206
PP03,2022-11-19,309.0,306.0,3.0,2,17,42,15,38,CARR-B,15078.75,3289.5,8190,26558.25,0.7846153846153846,0.9047619047619048,86.79166666666667
PP03,2022-11-26,322.0,322.0,3.0,2,17,42,15,37,CARR-B,15078.75,3461.5,8190,26730.25,0.8256410256410256,0.8809523809523809,83.01319875776397
PP03,2022-12-03,340.0,333.0,10.0,4,17,42,16,39,CARR-B,16084.0,3579.75,8190,27853.75,0.8004807692307693,0.9285714285714286,83.64489489489489
PP03,2022-12-10,344.0,338.0,16.0,5,17,42,16,35,CARR-B,16084.0,3633.5,8190,27907.5,0.8125,0.8333333333333334,82.56656804733728
PP03,2022-12-17,340.0,337.0,19.0,8,17,42,16,39,CARR-B,16084.0,3622.75,8190,27896.75,0.8100961538461539,0.9285714285714286,82.77967359050444
PP03,2022-12-24,289.0,302.0,6.0,4,17,42,15,40,CARR-B,15078.75,3246.5,8190,26515.25,0.7743589743589744,0.9523809523809523,87.79884105960265
PP03,2022-12-31,262.0,268.0,0.0,0,17,42,14,41,CARR-B,14073.5,2881.0,8190,25144.5,0.7362637362637363,0.9761904761904762,93.82276119402985
PP03,2023-01-07,215.0,215.0,0.0,0,17,42,11,37,CARR-B,11057.75,2311.25,8190,21559.0,0.7517482517482518,0.8809523809523809,100.27441860465116
PP03,2023-01-14,187.0,187.0,0.0,0,17,42,10,35,CARR-B,10052.5,2010.25,8190,20252.75,0.7192307692307692,0.8333333333333334,108.30347593582887
PP03,2023-01-21,192.0,192.0,0.0,0,17,42,11,38,CARR-B,11057.75,2064.0,8190,21311.75,0.6713286713286714,0.9047619047619048,110.99869791666667
PP03,2023-01-28,203.0,203.0,0.0,0,17,42,11,37,CARR-B,11057.75,2182.25,8190,21430.0,0.7097902097902098,0.8809523809523809,105.56650246305419
PP03,2023-02-04,219.0,219.0,0.0,0,17,42,11,36,CARR-B,11057.75,2354.25,8190,21602.0,0.7657342657342657,0.8571428571428571,98.6392694063927
PP03,2023-02-11,224.0,224.0,0.0,0,17,42,13,36,CARR-B,13068.25,2408.0,8190,23666.25,0.6627218934911243,0.8571428571428571,105.65290178571429
PP03,2023-02-18,215.0,215.0,0.0,0,17,42,11,34,CARR-B,11057.75,2311.25,8190,21559.0,0.7517482517482518,0.8095238095238095,100.27441860465116
PP03,2023-02-25,224.0,224.0,0.0,0,17,42,11,36,CARR-B,11057.75,2408.0,8190,21655.75,0.7832167832167832,0.8571428571428571,96.67745535714286
PP03,2023-03-04,233.0,233.0,0.0,0,17,42,11,39,CARR-B,11057.75,2504.75,8190,21752.5,0.8146853146853147,0.9285714285714286,93.35836909871244
PP03,2023-03-11,248.0,248.0,0.0,0,17,42,13,38,CARR-B,13068.25,2666.0,8190,23924.25,0.7337278106508875,0.9047619047619048,96.46875
PP03,2023-03-18,233.0,233.0,0.0,0,17,42,12,40,CARR-B,12063.0,2504.75,8190,22757.75,0.7467948717948718,0.9523809523809523,97.67274678111588
PP03,2023-03-25,226.0,226.0,0.0,0,17,42,12,41,CARR-B,12063.0,2429.5,8190,22682.5,0.7243589743589743,0.9761904761904762,100.36504424778761
PP03,2023-04-01,258.0,258.0,0.0,0,17,42,13,36,CARR-B,13068.25,2773.5,8190,24031.75,0.7633136094674556,0.8571428571428571,93.14631782945736
PP03,2023-04-08,240.0,240.0,0.0,0,17,42,13,39,CARR-B,13068.25,2580.0,8190,23838.25,0.7100591715976331,0.9285714285714286,99.32604166666667
PP03,2023-04-15,239.0,239.0,0.0,0,17,42,13,39,CARR-B,13068.25,2569.25,8190,23827.5,0.7071005917159763,0.9285714285714286,99.69665271966527
PP03,2023-04-22,241.0,241.0,0.0,0,17,42,13,39,CARR-B,13068.25,2590.75,8190,23849.0,0.7130177514792899,0.9285714285714286,98.95850622406638
PP03,2023-04-29,239.0,239.0,0.0,0,17,42,11,39,CARR-B,11057.75,2569.25,8190,21817.0,0.8356643356643356,0.9285714285714286,91.28451882845188
PP03,2023-05-06,249.0,249.0,0.0,0,17,42,13,40,CARR-B,13068.25,2676.75,8190,23935.0,0.7366863905325444,0.9523809523809523,96.12449799196787
PP03,2023-05-13,245.0,245.0,0.0,0,17,42,13,39,CARR-B,13068.25,2633.75,8190,23892.0,0.7248520710059172,0.9285714285714286,97.51836734693877
PP03,2023-05-20,247.0,247.0,0.0,0,17,42,13,38,CARR-B,13068.25,2655.25,8190,23913.5,0.7307692307692307,0.9047619047619048,96.8157894736842
PP03,2023-05-27,242.0,242.0,0.0,0,17,42,12,40,CARR-B,12063.0,2601.5,8190,22854.5,0.7756410256410257,0.9523809523809523,94.4400826446281
PP03,2023-06-03,243.0,243.0,0.0,0,17,42,13,39,CARR-B,13068.25,2612.25,8190,23870.5,0.7189349112426036,0.9285714285714286,98.23251028806584
PP03,2023-06-10,240.0,240.0,0.0,0,17,42,12,38,CARR-B,12063.0,2580.0,8190,22833.0,0.7692307692307693,0.9047619047619048,95.1375
PP03,2023-06-17,245.0,245.0,0.0,0,17,42,13,41,CARR-B,13068.25,2633.75,8190,23892.0,0.7248520710059172,0.9761904761904762,97.51836734693877
PP03,2023-06-24,236.0,236.0,0.0,0,17,42,12,37,CARR-B,12063.0,2537.0,8190,22790.0,0.7564102564102564,0.8809523809523809,96.5677966101695
PP03,2023-07-01,234.0,234.0,0.0,0,17,42,12,39,CARR-B,12063.0,2515.5,8190,22768.5,0.75,0.9285714285714286,97.30128205128206
PP03,2023-07-08,241.0,241.0,0.0,0,17,42,13,39,CARR-B,13068.25,2590.75,8190,23849.0,0.7130177514792899,0.9285714285714286,98.95850622406638
PP03,2023-07-15,231.0,231.0,0.0,0,17,42,11,39,CARR-B,11057.75,2483.25,8190,21731.0,0.8076923076923077,0.9285714285714286,94.07359307359307
PP03,2023-07-22,247.0,247.0,0.0,0,17,42,12,42,CARR-B,12063.0,2655.25,8190,22908.25,0.7916666666666666,1.0,92.74595141700405
PP03,2023-07-29,243.0,243.0,0.0,0,17,42,13,39,CARR-B,13068.25,2612.25,8190,23870.5,0.7189349112426036,0.9285714285714286,98.23251028806584
PP03,2023-08-05,255.0,255.0,0.0,0,17,42,14,41,CARR-B,14073.5,2741.25,8190,25004.75,0.7005494505494505,0.9761904761904762,98.0578431372549
PP03,2023-08-12,267.0,267.0,0.0,0,17,42,14,38,CARR-B,14073.5,2870.25,8190,25133.75,0.7335164835164835,0.9047619047619048,94.13389513108615
PP03,2023-08-19,252.0,252.0,0.0,0,17,42,13,41,CARR-B,13068.25,2709.0,8190,23967.25,0.7455621301775148,0.9761904761904762,95.10813492063492
PP03,2023-08-26,244.0,244.0,0.0,0,17,42,14,37,CARR-B,14073.5,2623.0,8190,24886.5,0.6703296703296703,0.8809523809523809,101.9938524590164
PP03,2023-09-02,240.0,240.0,0.0,0,17,42,12,40,CARR-B,12063.0,2580.0,8190,22833.0,0.7692307692307693,0.9523809523809523,95.1375
PP03,2023-09-09,236.0,236.0,0.0,0,17,42,12,39,CARR-B,12063.0,2537.0,8190,22790.0,0.7564102564102564,0.9285714285714286,96.5677966101695
PP03,2023-09-16,230.0,230.0,0.0,0,17,42,13,37,CARR-B,13068.25,2472.5,8190,23730.75,0.6804733727810651,0.8809523809523809,103.17717391304348
PP03,2023-09-23,242.0,242.0,0.0,0,17,42,12,38,CARR-B,12063.0,2601.5,8190,22854.5,0.7756410256410257,0.9047619047619048,94.4400826446281
PP03,2023-09-30,231.0,231.0,0.0,0,17,42,13,39,CARR-B,13068.25,2483.25,8190,23741.5,0.6834319526627219,0.9285714285714286,102.77705627705627
PP03,2023-10-07,224.0,224.0,0.0,0,17,42,11,36,CARR-B,11057.75,2408.0,8190,21655.75,0.7832167832167832,0.8571428571428571,96.67745535714286
PP03,2023-10-14,239.0,239.0,0.0,0,17,42,12,37,CARR-B,12063.0,2569.25,8190,22822.25,0.7660256410256411,0.8809523809523809,95.49058577405857
PP03,2023-10-21,249.0,249.0,0.0,0,17,42,13,40,CARR-B,13068.25,2676.75,8190,23935.0,0.7366863905325444,0.9523809523809523,96.12449799196787
PP03,2023-10-28,265.0,265.0,0.0,0,17,42,13,37,CARR-B,13068.25,2848.75,8190,24107.0,0.7840236686390533,0.8809523809523809,90.96981132075472
PP03,2023-11-04,274.0,272.0,2.0,1,17,42,14,42,CARR-B,14073.5,2924.0,8190,25187.5,0.7472527472527473,1.0,92.60110294117646
PP03,2023-11-11,269.0,271.0,0.0,0,17,42,14,36,CARR-B,14073.5,2913.25,8190,25176.75,0.7445054945054945,0.8571428571428571,92.90313653136532
PP03,2023-11-18,300.0,300.0,0.0,0,17,42,14,39,CARR-B,14073.5,3225.0,8190,25488.5,0.8241758241758241,0.9285714285714286,84.96166666666667
PP03,2023-11-25,326.0,322.0,4.0,3,17,42,15,37,CARR-B,15078.75,3461.5,8190,26730.25,0.8256410256410256,0.8809523809523809,83.01319875776397
PP03,2023-12-02,350.0,338.0,16.0,6,17,42,16,38,CARR-B,16084.0,3633.5,8190,27907.5,0.8125,0.9047619047619048,82.56656804733728
PP03,2023-12-09,399.0,368.0,47.0,11,18,45,17,41,CARR-B,17089.25,3956.0,8775,29820.25,0.832579185520362,0.9111111111111111,81.03328804347827
PP03,2023-12-16,385.0,364.0,68.0,13,18,45,18,40,CARR-B,18094.5,3913.0,8775,30782.5,0.7777777777777778,0.8888888888888888,84.5673076923077
PP03,2023-12-23,331.0,356.0,43.0,10,18,45,17,40,CARR-B,17089.25,3827.0,8775,29691.25,0.8054298642533937,0.8888888888888888,83.40238764044943
PP03,2023-12-30,283.0,310.0,16.0,3,18,45,15,40,CARR-B,15078.75,3332.5,8775,27186.25,0.7948717948717948,0.8888888888888888,87.6975806451613
PP03,2024-01-06,238.0,254.0,0.0,0,18,45,13,39,CARR-B,13068.25,2730.5,8775,24573.75,0.7514792899408284,0.8666666666666667,96.74704724409449
PP03,2024-01-13,191.0,191.0,0.0,0,18,45,11,36,CARR-B,11057.75,2053.25,8775,21886.0,0.6678321678321678,0.8,114.58638743455498
PP03,2024-01-20,214.0,214.0,0.0,0,18,45,11,42,CARR-B,11057.75,2300.5,8775,22133.25,0.7482517482517482,0.9333333333333333,103.42640186915888
PP03,2024-01-27,212.0,212.0,0.0,0,18,45,11,38,CARR-B,11057.75,2279.0,8775,22111.75,0.7412587412587412,0.8444444444444444,104.30070754716981
PP03,2024-02-03,236.0,236.0,0.0,0,18,45,11,41,CARR-B,11057.75,2537.0,8775,22369.75,0.8251748251748252,0.9111111111111111,94.78707627118644
PP03,2024-02-10,236.0,236.0,0.0,0,18,45,13,43,CARR-B,13068.25,2537.0,8775,24380.25,0.6982248520710059,0.9555555555555556,103.30614406779661
PP03,2024-02-17,255.0,255.0,0.0,0,18,45,13,43,CARR-B,13068.25,2741.25,8775,24584.5,0.7544378698224852,0.9555555555555556,96.40980392156862
PP03,2024-02-24,258.0,258.0,0.0,0,19,48,13,44,CARR-B,13068.25,2773.5,9360,25201.75,0.7633136094674556,0.9166666666666666,97.6812015503876
PP03,2024-03-02,257.0,257.0,0.0,0,19,48,14,45,CARR-B,14073.5,2762.75,9360,26196.25,0.7060439560439561,0.9375,101.93093385214007
PP03,2024-03-09,273.0,273.0,0.0,0,19,48,14,46,CARR-B,14073.5,2934.75,9360,26368.25,0.75,0.9583333333333334,96.58699633699634
PP03,2024-03-16,277.0,277.0,0.0,0,19,48,13,46,CARR-B,13068.25,2977.75,9360,25406.0,0.8195266272189349,0.9583333333333334,91.71841155234657
PP03,2024-03-23,283.0,283.0,0.0,0,19,48,14,44,CARR-B,14073.5,3042.25,9360,26475.75,0.7774725274725275,0.9166666666666666,93.55388692579506
PP03,2024-03-30,269.0,269.0,0.0,0,19,48,14,45,CARR-B,14073.5,2891.75,9360,26325.25,0.739010989010989,0.9375,97.86338289962825
PP03,2024-04-06,278.0,278.0,0.0,0,19,48,14,45,CARR-B,14073.5,2988.5,9360,26422.0,0.7637362637362637,0.9375,95.0431654676259
PP03,2024-04-13,281.0,281.0,0.0,0,19,48,14,46,CARR-B,14073.5,3020.75,9360,26454.25,0.771978021978022,0.9583333333333334,94.1432384341637
PP03,2024-04-20,271.0,271.0,0.0,0,19,48,14,43,CARR-B,14073.5,2913.25,9360,26346.75,0.7445054945054945,0.8958333333333334,97.22047970479704
PP03,2024-04-27,287.0,287.0,0.0,0,19,48,14,46,CARR-B,14073.5,3085.25,9360,26518.75,0.7884615384615384,0.9583333333333334,92.39982578397212
PP03,2024-05-04,298.0,298.0,0.0,0,19,48,14,46,CARR-B,14073.5,3203.5,9360,26637.0,0.8186813186813187,0.9583333333333334,89.38590604026845
PP03,2024-05-11,304.0,304.0,0.0,0,19,48,15,43,CARR-B,15078.75,3268.0,9360,27706.75,0.7794871794871795,0.8958333333333334,91.140625
PP03,2024-05-18,311.0,311.0,0.0,0,19,48,16,46,CARR-B,16084.0,3343.25,9360,28787.25,0.7475961538461539,0.9583333333333334,92.56350482315112
PP03,2024-05-25,299.0,299.0,0.0,0,19,48,15,45,CARR-B,15078.75,3214.25,9360,27653.0,0.7666666666666667,0.9375,92.48494983277592
PP03,2024-06-01,307.0,307.0,0.0,0,19,48,15,41,CARR-B,15078.75,3300.25,9360,27739.0,0.7871794871794872,0.8541666666666666,90.35504885993485
PP03,2024-06-08,298.0,298.0,0.0,0,19,48,16,47,CARR-B,16084.0,3203.5,9360,28647.5,0.7163461538461539,0.9791666666666666,96.13255033557047
PP03,2024-06-15,292.0,292.0,0.0,0,19,48,14,45,CARR-B,14073.5,3139.0,9360,26572.5,0.8021978021978022,0.9375,91.00171232876713
PP03,2024-06-22,301.0,301.0,0.0,0,19,48,14,44,CARR-B,14073.5,3235.75,9360,26669.25,0.8269230769230769,0.9166666666666666,88.60215946843854
PP03,2024-06-29,280.0,280.0,0.0,0,19,48,14,46,CARR-B,14073.5,3010.0,9360,26443.5,0.7692307692307693,0.9583333333333334,94.44107142857143
PP03,2024-07-06,293.0,293.0,0.0,0,19,48,15,47,CARR-B,15078.75,3149.75,9360,27588.5,0.7512820512820513,0.9791666666666666,94.15870307167235
PP03,2024-07-13,289.0,289.0,0.0,0,19,48,14,48,CARR-B,14073.5,3106.75,9360,26540.25,0.7939560439560439,1.0,91.83477508650519
PP03,2024-07-20,290.0,290.0,0.0,0,19,48,14,45,CARR-B,14073.5,3117.5,9360,26551.0,0.7967032967032966,0.9375,91.5551724137931
PP03,2024-07-27,295.0,295.0,0.0,0,19,48,14,46,CARR-B,14073.5,3171.25,9360,26604.75,0.8104395604395604,0.9583333333333334,90.18559322033899
PP03,2024-08-03,287.0,287.0,0.0,0,19,48,14,46,CARR-B,14073.5,3085.25,9360,26518.75,0.7884615384615384,0.9583333333333334,92.39982578397212
PP03,2024-08-10,300.0,300.0,0.0,0,19,48,15,45,CARR-B,15078.75,3225.0,9360,27663.75,0.7692307692307693,0.9375,92.2125
PP03,2024-08-17,302.0,302.0,0.0,0,19,48,16,45,CARR-B,16084.0,3246.5,9360,28690.5,0.7259615384615384,0.9375,95.00165562913908
PP03,2024-08-24,296.0,296.0,0.0,0,19,48,15,47,CARR-B,15078.75,3182.0,9360,27620.75,0.7589743589743589,0.9791666666666666,93.3133445945946
PP03,2024-08-31,289.0,289.0,0.0,0,19,48,14,43,CARR-B,14073.5,3106.75,9360,26540.25,0.7939560439560439,0.8958333333333334,91.83477508650519
PP03,2024-09-07,259.0,259.0,0.0,0,19,48,14,42,CARR-B,14073.5,2784.25,9360,26217.75,0.7115384615384616,0.875,101.22683397683397
PP03,2024-09-14,256.0,256.0,0.0,0,19,48,14,46,CARR-B,14073.5,2752.0,9360,26185.5,0.7032967032967034,0.9583333333333334,102.287109375
PP03,2024-09-21,283.0,283.0,0.0,0,19,48,14,45,CARR-B,14073.5,3042.25,9360,26475.75,0.7774725274725275,0.9375,93.55388692579506
PP03,2024-09-28,277.0,277.0,0.0,0,19,48,14,45,CARR-B,14073.5,2977.75,9360,26411.25,0.760989010989011,0.9375,95.34747292418773
PP03,2024-10-05,265.0,265.0,0.0,0,19,48,13,47,CARR-B,13068.25,2848.75,9360,25277.0,0.7840236686390533,0.9791666666666666,95.38490566037736
PP03,2024-10-12,288.0,288.0,0.0,0,19,48,14,43,CARR-B,14073.5,3096.0,9360,26529.5,0.7912087912087912,0.8958333333333334,92.11631944444444
PP03,2024-10-19,297.0,297.0,0.0,0,19,48,14,44,CARR-B,14073.5,3192.75,9360,26626.25,0.8159340659340659,0.9166666666666666,89.6506734006734
PP03,2024-10-26,310.0,310.0,0.0,0,19,48,14,45,CARR-B,14073.5,3332.5,9360,26766.0,0.8516483516483516,0.9375,86.34193548387097
PP03,2024-11-02,338.0,337.0,1.0,1,19,48,17,45,CARR-B,17089.25,3622.75,9360,30072.0,0.7624434389140271,0.9375,89.23442136498517
PP03,2024-11-09,330.0,331.0,0.0,0,19,48,16,41,CARR-B,16084.0,3558.25,9360,29002.25,0.7956730769230769,0.8541666666666666,87.62009063444108
PP03,2024-11-16,362.0,362.0,0.0,0,19,48,17,44,CARR-B,17089.25,3891.5,9360,30340.75,0.8190045248868778,0.9166666666666666,83.81422651933701
PP03,2024-11-23,371.0,368.0,3.0,3,19,48,18,43,CARR-B,18094.5,3956.0,9360,31410.5,0.7863247863247863,0.8958333333333334,85.35461956521739
PP03,2024-11-30,405.0,391.0,17.0,8,19,48,18,45,CARR-B,18094.5,4203.25,9360,31657.75,0.8354700854700855,0.9375,80.96611253196932
PP03,2024-12-07,428.0,397.0,48.0,10,19,48,18,42,CARR-B,18094.5,4267.75,9360,31722.25,0.8482905982905983,0.875,79.90491183879094
PP03,2024-12-14,461.0,407.0,102.0,14,19,48,19,47,CARR-B,19099.75,4375.25,9360,32835.0,0.8238866396761133,0.9791666666666666,80.67567567567568
PP03,2024-12-21,407.0,398.0,111.0,15,19,48,19,41,CARR-B,19099.75,4278.5,9360,32738.25,0.805668016194332,0.8541666666666666,82.25690954773869
PP03,2024-12-28,333.0,378.0,66.0,11,19,48,18,45,CARR-B,18094.5,4063.5,9360,31518.0,0.8076923076923077,0.9375,83.38095238095238
PP03,2025-01-04,289.0,341.0,14.0,4,19,48,16,44,CARR-B,16084.0,3665.75,9360,29109.75,0.8197115384615384,0.9166666666666666,85.3658357771261
PP03,2025-01-11,233.0,247.0,0.0,0,19,48,13,38,CARR-B,13068.25,2655.25,9360,25083.5,0.7307692307692307,0.7916666666666666,101.55263157894737
PP03,2025-01-18,218.0,218.0,0.0,0,19,48,11,41,CARR-B,11057.75,2343.5,9360,22761.25,0.7622377622377622,0.8541666666666666,104.40940366972477
PP03,2025-01-25,236.0,236.0,0.0,0,19,48,12,42,CARR-B,12063.0,2537.0,9360,23960.0,0.7564102564102564,0.875,101.52542372881356
PP03,2025-02-01,243.0,243.0,0.0,0,19,48,13,40,CARR-B,13068.25,2612.25,9360,25040.5,0.7189349112426036,0.8333333333333334,103.04732510288066
PP03,2025-02-08,270.0,270.0,0.0,0,19,48,13,42,CARR-B,13068.25,2902.5,9360,25330.75,0.7988165680473372,0.875,93.81759259259259
PP03,2025-02-15,271.0,271.0,0.0,0,19,48,14,38,CARR-B,14073.5,2913.25,9360,26346.75,0.7445054945054945,0.7916666666666666,97.22047970479704
PP03,2025-02-22,277.0,277.0,0.0,0,19,48,14,44,CARR-B,14073.5,2977.75,9360,26411.25,0.760989010989011,0.9166666666666666,95.34747292418773
PP03,2025-03-01,288.0,288.0,0.0,0,19,48,14,42,CARR-B,14073.5,3096.0,9360,26529.5,0.7912087912087912,0.875,92.11631944444444
PP03,2025-03-08,301.0,301.0,0.0,0,19,48,15,47,CARR-B,15078.75,3235.75,9360,27674.5,0.7717948717948718,0.9791666666666666,91.94186046511628
PP03,2025-03-15,281.0,281.0,0.0,0,19,48,14,48,CARR-B,14073.5,3020.75,9360,26454.25,0.771978021978022,1.0,94.1432384341637
PP03,2025-03-22,288.0,288.0,0.0,0,19,48,14,43,CARR-B,14073.5,3096.0,9360,26529.5,0.7912087912087912,0.8958333333333334,92.11631944444444
PP03,2025-03-29,285.0,285.0,0.0,0,19,48,13,44,CARR-B,13068.25,3063.75,9360,25492.0,0.8431952662721893,0.9166666666666666,89.44561403508771
PP03,2025-04-05,281.0,281.0,0.0,0,19,48,14,46,CARR-B,14073.5,3020.75,9360,26454.25,0.771978021978022,0.9583333333333334,94.1432384341637
PP03,2025-04-12,297.0,297.0,0.0,0,19,48,14,45,CARR-B,14073.5,3192.75,9360,26626.25,0.8159340659340659,0.9375,89.6506734006734
PP03,2025-04-19,301.0,301.0,0.0,0,19,48,15,41,CARR-B,15078.75,3235.75,9360,27674.5,0.7717948717948718,0.8541666666666666,91.94186046511628
PP03,2025-04-26,292.0,292.0,0.0,0,19,48,14,47,CARR-B,14073.5,3139.0,9360,26572.5,0.8021978021978022,0.9791666666666666,91.00171232876713
PP03,2025-05-03,318.0,318.0,0.0,0,19,48,16,46,CARR-B,16084.0,3418.5,9360,28862.5,0.7644230769230769,0.9583333333333334,90.7625786163522
PP03,2025-05-10,319.0,319.0,0.0,0,19,48,15,45,CARR-B,15078.75,3429.25,9360,27868.0,0.8179487179487179,0.9375,87.36050156739812
PP03,2025-05-17,318.0,318.0,0.0,0,19,48,15,45,CARR-B,15078.75,3418.5,9360,27857.25,0.8153846153846154,0.9375,87.60141509433963
PP03,2025-05-24,324.0,324.0,0.0,0,19,48,15,43,CARR-B,15078.75,3483.0,9360,27921.75,0.8307692307692308,0.8958333333333334,86.17824074074075
PP03,2025-05-31,318.0,318.0,0.0,0,19,48,15,47,CARR-B,15078.75,3418.5,9360,27857.25,0.8153846153846154,0.9791666666666666,87.60141509433963
PP03,2025-06-07,309.0,309.0,0.0,0,19,48,15,46,CARR-B,15078.75,3321.75,9360,27760.5,0.7923076923076923,0.9583333333333334,89.83980582524272
PP03,2025-06-14,302.0,302.0,0.0,0,19,48,14,44,CARR-B,14073.5,3246.5,9360,26680.0,0.8296703296703297,0.9166666666666666,88.34437086092716
PP03,2025-06-21,294.0,294.0,0.0,0,19,48,15,45,CARR-B,15078.75,3160.5,9360,27599.25,0.7538461538461538,0.9375,93.875
PP03,2025-06-28,321.0,321.0,0.0,0,19,48,15,44,CARR-B,15078.75,3450.75,9360,27889.5,0.823076923076923,0.9166666666666666,86.88317757009345
PP03,2025-07-05,303.0,303.0,0.0,0,19,48,14,45,CARR-B,14073.5,3257.25,9360,26690.75,0.8324175824175825,0.9375,88.08828382838284
PP03,2025-07-12,307.0,307.0,0.0,0,19,48,14,42,CARR-B,14073.5,3300.25,9360,26733.75,0.8434065934065934,0.875,87.08061889250814
PP03,2025-07-19,306.0,306.0,0.0,0,19,48,14,42,CARR-B,14073.5,3289.5,9360,26723.0,0.8406593406593407,0.875,87.33006535947712
PP03,2025-07-26,322.0,322.0,0.0,0,19,48,15,45,CARR-B,15078.75,3461.5,9360,27900.25,0.8256410256410256,0.9375,86.64673913043478
PP03,2025-08-02,329.0,329.0,0.0,0,19,48,15,46,CARR-B,15078.75,3536.75,9360,27975.5,0.8435897435897436,0.9583333333333334,85.03191489361703
PP03,2025-08-09,311.0,311.0,0.0,0,19,48,15,44,CARR-B,15078.75,3343.25,9360,27782.0,0.7974358974358975,0.9166666666666666,89.33118971061093
PP03,2025-08-16,321.0,321.0,0.0,0,19,48,15,41,CARR-B,15078.75,3450.75,9360,27889.5,0.823076923076923,0.8541666666666666,86.88317757009345
PP03,2025-08-23,308.0,308.0,0.0,0,19,48,16,47,CARR-B,16084.0,3311.0,9360,28755.0,0.7403846153846154,0.9791666666666666,93.3603896103896
PP03,2025-08-30,304.0,304.0,0.0,0,19,48,15,44,CARR-B,15078.75,3268.0,9360,27706.75,0.7794871794871795,0.9166666666666666,91.140625
PP03,2025-09-06,291.0,291.0,0.0,0,19,48,14,44,CARR-B,14073.5,3128.25,9360,26561.75,0.7994505494505495,0.9166666666666666,91.27749140893471
PP03,2025-09-13,276.0,276.0,0.0,0,19,48,14,46,CARR-B,14073.5,2967.0,9360,26400.5,0.7582417582417582,0.9583333333333334,95.65398550724638
PP03,2025-09-20,293.0,293.0,0.0,0,19,48,15,43,CARR-B,15078.75,3149.75,9360,27588.5,0.7512820512820513,0.8958333333333334,94.15870307167235
PP03,2025-09-27,291.0,291.0,0.0,0,19,48,14,44,CARR-B,14073.5,3128.25,9360,26561.75,0.7994505494505495,0.9166666666666666,91.27749140893471
PP03,2025-10-04,300.0,300.0,0.0,0,19,48,14,45,CARR-B,14073.5,3225.0,9360,26658.5,0.8241758241758241,0.9375,88.86166666666666
PP03,2025-10-11,300.0,300.0,0.0,0,19,48,15,47,CARR-B,15078.75,3225.0,9360,27663.75,0.7692307692307693,0.9791666666666666,92.2125
PP03,2025-10-18,308.0,308.0,0.0,0,19,48,15,43,CARR-B,15078.75,3311.0,9360,27749.75,0.7897435897435897,0.8958333333333334,90.0965909090909
PP03,2025-10-25,329.0,329.0,0.0,0,19,48,16,44,CARR-B,16084.0,3536.75,9360,28980.75,0.7908653846153846,0.9166666666666666,88.08738601823708
PP03,2025-11-01,337.0,337.0,0.0,0,19,48,16,46,CARR-B,16084.0,3622.75,9360,29066.75,0.8100961538461539,0.9583333333333334,86.25148367952522
PP03,2025-11-08,371.0,370.0,1.0,1,19,48,17,38,CARR-B,17089.25,3977.5,9360,30426.75,0.8371040723981901,0.7916666666666666,82.23445945945946
PP03,2025-11-15,394.0,383.0,12.0,5,19,48,18,46,CARR-B,18094.5,4117.25,9360,31571.75,0.8183760683760684,0.9583333333333334,82.43276762402088
PP03,2025-11-22,407.0,392.0,27.0,7,19,48,18,44,CARR-B,18094.5,4214.0,9360,31668.5,0.8376068376068376,0.9166666666666666,80.78698979591837
PP03,2025-11-29,434.0,410.0,51.0,15,19,48,18,43,CARR-B,18094.5,4407.5,9360,31862.0,0.8760683760683761,0.8958333333333334,77.71219512195123
PP03,2025-12-06,473.0,411.0,113.0,19,19,48,19,44,CARR-B,19099.75,4418.25,9360,32878.0,0.8319838056680162,0.9166666666666666,79.99513381995133
PP03,2025-12-13,458.0,409.0,162.0,18,19,48,19,44,CARR-B,19099.75,4396.75,9360,32856.5,0.8279352226720648,0.9166666666666666,80.33374083129584
PP03,2025-12-20,416.0,411.0,167.0,17,19,48,19,43,CARR-B,19099.75,4418.25,9360,32878.0,0.8319838056680162,0.8958333333333334,79.99513381995133
PP03,2025-12-27,377.0,406.0,138.0,17,19,48,18,47,CARR-B,18094.5,4364.5,9360,31819.0,0.8675213675213675,0.9791666666666666,78.37192118226601
PP03,2026-01-03,320.0,386.0,72.0,10,19,48,18,47,CARR-B,18094.5,4149.5,9360,31604.0,0.8247863247863247,0.9791666666666666,81.87564766839378
PP03,2026-01-10,251.0,313.0,10.0,2,19,48,16,42,CARR-B,16084.0,3364.75,9360,28808.75,0.7524038461538461,0.875,92.04073482428115
PP03,2026-01-17,245.0,255.0,0.0,0,19,48,13,46,CARR-B,13068.25,2741.25,9360,25169.5,0.7544378698224852,0.9583333333333334,98.70392156862745
PP03,2026-01-24,257.0,257.0,0.0,0,19,48,13,43,CARR-B,13068.25,2762.75,9360,25191.0,0.7603550295857988,0.8958333333333334,98.01945525291829
PP03,2026-01-31,271.0,271.0,0.0,0,19,48,14,41,CARR-B,14073.5,2913.25,9360,26346.75,0.7445054945054945,0.8541666666666666,97.22047970479704
PP03,2026-02-07,294.0,294.0,0.0,0,19,48,14,42,CARR-B,14073.5,3160.5,9360,26594.0,0.8076923076923077,0.875,90.45578231292517
PP03,2026-02-14,304.0,304.0,0.0,0,19,48,14,39,CARR-B,14073.5,3268.0,9360,26701.5,0.8351648351648352,0.8125,87.83388157894737
PP03,2026-02-21,283.0,283.0,0.0,0,19,48,14,47,CARR-B,14073.5,3042.25,9360,26475.75,0.7774725274725275,0.9791666666666666,93.55388692579506
PP03,2026-02-28,303.0,303.0,0.0,0,19,48,15,43,CARR-B,15078.75,3257.25,9360,27696.0,0.7769230769230769,0.8958333333333334,91.4059405940594
PP03,2026-03-07,300.0,300.0,0.0,0,19,48,14,43,CARR-B,14073.5,3225.0,9360,26658.5,0.8241758241758241,0.8958333333333334,88.86166666666666
PP03,2026-03-14,302.0,302.0,0.0,0,19,48,14,43,CARR-B,14073.5,3246.5,9360,26680.0,0.8296703296703297,0.8958333333333334,88.34437086092716
PP03,2026-03-21,315.0,315.0,0.0,0,19,48,15,46,CARR-B,15078.75,3386.25,9360,27825.0,0.8076923076923077,0.9583333333333334,88.33333333333333
PP03,2026-03-28,307.0,307.0,0.0,0,19,48,15,45,CARR-B,15078.75,3300.25,9360,27739.0,0.7871794871794872,0.9375,90.35504885993485
PP03,2026-04-04,318.0,317.0,1.0,1,19,48,15,46,CARR-B,15078.75,3407.75,9360,27846.5,0.8128205128205128,0.9583333333333334,87.84384858044164
PP03,2026-04-11,302.0,303.0,0.0,0,19,48,15,44,CARR-B,15078.75,3257.25,9360,27696.0,0.7769230769230769,0.9166666666666666,91.4059405940594
PP03,2026-04-18,302.0,302.0,0.0,0,19,48,15,46,CARR-B,15078.75,3246.5,9360,27685.25,0.7743589743589744,0.9583333333333334,91.67301324503312
PP03,2026-04-25,331.0,331.0,0.0,0,19,48,15,46,CARR-B,15078.75,3558.25,9360,27997.0,0.8487179487179487,0.9583333333333334,84.58308157099698
PP03,2026-05-02,325.0,325.0,0.0,0,19,48,15,44,CARR-B,15078.75,3493.75,9360,27932.5,0.8333333333333334,0.9166666666666666,85.94615384615385
PP03,2026-05-09,329.0,329.0,0.0,0,19,48,16,42,CARR-B,16084.0,3536.75,9360,28980.75,0.7908653846153846,0.875,88.08738601823708
PP03,2026-05-16,344.0,344.0,0.0,0,19,48,17,44,CARR-B,17089.25,3698.0,9360,30147.25,0.7782805429864253,0.9166666666666666,87.6373546511628
PP03,2026-05-23,341.0,341.0,0.0,0,19,48,16,45,CARR-B,16084.0,3665.75,9360,29109.75,0.8197115384615384,0.9375,85.3658357771261
PP03,2026-05-30,329.0,329.0,0.0,0,19,48,16,42,CARR-B,16084.0,3536.75,9360,28980.75,0.7908653846153846,0.875,88.08738601823708
PP03,2026-06-06,328.0,326.0,2.0,1,19,48,15,47,CARR-B,15078.75,3504.5,9360,27943.25,0.8358974358974359,0.9791666666666666,85.71549079754601
PP03,2026-06-13,307.0,309.0,0.0,0,19,48,15,44,CARR-B,15078.75,3321.75,9360,27760.5,0.7923076923076923,0.9166666666666666,89.83980582524272
PP03,2026-06-20,302.0,302.0,0.0,0,19,48,15,47,CARR-B,15078.75,3246.5,9360,27685.25,0.7743589743589744,0.9791666666666666,91.67301324503312
PP03,2026-06-27,308.0,308.0,0.0,0,19,48,15,48,CARR-B,15078.75,3311.0,9360,27749.75,0.7897435897435897,1.0,90.0965909090909
PP03,2026-07-04,335.0,335.0,0.0,0,19,48,16,46,CARR-B,16084.0,3601.25,9360,29045.25,0.8052884615384616,0.9583333333333334,86.70223880597015
PP03,2026-07-11,319.0,319.0,0.0,0,19,48,15,47,CARR-B,15078.75,3429.25,9360,27868.0,0.8179487179487179,0.9791666666666666,87.36050156739812
PP03,2026-07-18,314.0,314.0,0.0,0,19,48,15,44,CARR-B,15078.75,3375.5,9360,27814.25,0.8051282051282052,0.9166666666666666,88.58041401273886
PP03,2026-07-25,329.0,329.0,0.0,0,19,48,15,48,CARR-B,15078.75,3536.75,9360,27975.5,0.8435897435897436,1.0,85.03191489361703
PP04,2022-08-06,178.0,178.0,0.0,0,14,35,10,32,CARR-C,6840.0,1557.5,5250,13647.5,0.6846153846153846,0.9142857142857143,76.67134831460675
PP04,2022-08-13,187.0,187.0,0.0,0,14,35,11,33,CARR-C,7524.0,1636.25,5250,14410.25,0.6538461538461539,0.9428571428571428,77.06016042780749
PP04,2022-08-20,184.0,184.0,0.0,0,14,35,10,34,CARR-C,6840.0,1610.0,5250,13700.0,0.7076923076923077,0.9714285714285714,74.45652173913044
PP04,2022-08-27,186.0,186.0,0.0,0,14,35,11,33,CARR-C,7524.0,1627.5,5250,14401.5,0.6503496503496503,0.9428571428571428,77.4274193548387
PP04,2022-09-03,181.0,181.0,0.0,0,14,35,10,32,CARR-C,6840.0,1583.75,5250,13673.75,0.6961538461538461,0.9142857142857143,75.54558011049724
PP04,2022-09-10,181.0,181.0,0.0,0,14,35,11,35,CARR-C,7524.0,1583.75,5250,14357.75,0.6328671328671329,1.0,79.32458563535911
PP04,2022-09-17,181.0,181.0,0.0,0,14,35,10,31,CARR-C,6840.0,1583.75,5250,13673.75,0.6961538461538461,0.8857142857142857,75.54558011049724
PP04,2022-09-24,178.0,178.0,0.0,0,14,35,10,33,CARR-C,6840.0,1557.5,5250,13647.5,0.6846153846153846,0.9428571428571428,76.67134831460675
PP04,2022-10-01,178.0,178.0,0.0,0,14,35,10,35,CARR-C,6840.0,1557.5,5250,13647.5,0.6846153846153846,1.0,76.67134831460675
PP04,2022-10-08,185.0,185.0,0.0,0,14,35,11,35,CARR-C,7524.0,1618.75,5250,14392.75,0.6468531468531469,1.0,77.79864864864865
PP04,2022-10-15,184.0,184.0,0.0,0,14,35,10,34,CARR-C,6840.0,1610.0,5250,13700.0,0.7076923076923077,0.9714285714285714,74.45652173913044
PP04,2022-10-22,193.0,193.0,0.0,0,14,35,11,34,CARR-C,7524.0,1688.75,5250,14462.75,0.6748251748251748,0.9714285714285714,74.93652849740933
PP04,2022-10-29,203.0,203.0,0.0,0,14,35,11,35,CARR-C,7524.0,1776.25,5250,14550.25,0.7097902097902098,1.0,71.67610837438424
PP04,2022-11-05,206.0,206.0,0.0,0,14,35,11,35,CARR-C,7524.0,1802.5,5250,14576.5,0.7202797202797203,1.0,70.75970873786407
PP04,2022-11-12,218.0,218.0,0.0,0,14,35,12,32,CARR-C,8208.0,1907.5,5250,15365.5,0.6987179487179487,0.9142857142857143,70.48394495412845
PP04,2022-11-19,227.0,227.0,0.0,0,14,35,11,32,CARR-C,7524.0,1986.25,5250,14760.25,0.7937062937062938,0.9142857142857143,65.02312775330397
PP04,2022-11-26,254.0,250.0,4.0,1,14,35,13,34,CARR-C,8892.0,2187.5,5250,16329.5,0.7396449704142012,0.9714285714285714,65.318
PP04,2022-12-03,261.0,255.0,10.0,3,14,35,13,33,CARR-C,8892.0,2231.25,5250,16373.25,0.7544378698224852,0.9428571428571428,64.20882352941176
PP04,2022-12-10,284.0,269.0,25.0,8,14,35,13,35,CARR-C,8892.0,2353.75,5250,16495.75,0.7958579881656804,1.0,61.322490706319705
PP04,2022-12-17,271.0,272.0,24.0,6,14,35,13,31,CARR-C,8892.0,2380.0,5250,16522.0,0.8047337278106509,0.8857142857142857,60.74264705882353
PP04,2022-12-24,227.0,243.0,8.0,3,14,35,12,35,CARR-C,8208.0,2126.25,5250,15584.25,0.7788461538461539,1.0,64.13271604938272
PP04,2022-12-31,194.0,202.0,0.0,0,14,35,11,35,CARR-C,7524.0,1767.5,5250,14541.5,0.7062937062937062,1.0,71.98762376237623
PP04,2023-01-07,168.0,168.0,0.0,0,14,35,10,33,CARR-C,6840.0,1470.0,5250,13560.0,0.6461538461538462,0.9428571428571428,80.71428571428571
PP04,2023-01-14,154.0,154.0,0.0,0,14,35,8,35,CARR-C,5472.0,1347.5,5250,12069.5,0.7403846153846154,1.0,78.37337662337663
PP04,2023-01-21,147.0,147.0,0.0,0,14,35,8,35,CARR-C,5472.0,1286.25,5250,12008.25,0.7067307692307693,1.0,81.68877551020408
PP04,2023-01-28,151.0,151.0,0.0,0,14,35,9,34,CARR-C,6156.0,1321.25,5250,12727.25,0.6452991452991453,0.9714285714285714,84.2864238410596
PP04,2023-02-04,168.0,168.0,0.0,0,14,35,10,32,CARR-C,6840.0,1470.0,5250,13560.0,0.6461538461538462,0.9142857142857143,80.71428571428571
PP04,2023-02-11,175.0,175.0,0.0,0,14,35,10,33,CARR-C,6840.0,1531.25,5250,13621.25,0.6730769230769231,0.9428571428571428,77.83571428571429
PP04,2023-02-18,182.0,182.0,0.0,0,14,35,11,33,CARR-C,7524.0,1592.5,5250,14366.5,0.6363636363636364,0.9428571428571428,78.93681318681318
PP04,2023-02-25,181.0,181.0,0.0,0,14,35,10,34,CARR-C,6840.0,1583.75,5250,13673.75,0.6961538461538461,0.9714285714285714,75.54558011049724
PP04,2023-03-04,177.0,177.0,0.0,0,14,35,10,35,CARR-C,6840.0,1548.75,5250,13638.75,0.6807692307692308,1.0,77.05508474576271
PP04,2023-03-11,187.0,187.0,0.0,0,14,35,11,35,CARR-C,7524.0,1636.25,5250,14410.25,0.6538461538461539,1.0,77.06016042780749
PP04,2023-03-18,186.0,186.0,0.0,0,14,35,11,34,CARR-C,7524.0,1627.5,5250,14401.5,0.6503496503496503,0.9714285714285714,77.4274193548387
PP04,2023-03-25,179.0,179.0,0.0,0,14,35,11,34,CARR-C,7524.0,1566.25,5250,14340.25,0.6258741258741258,0.9714285714285714,80.11312849162012
PP04,2023-04-01,186.0,186.0,0.0,0,14,35,10,35,CARR-C,6840.0,1627.5,5250,13717.5,0.7153846153846154,1.0,73.75
PP04,2023-04-08,181.0,181.0,0.0,0,14,35,10,35,CARR-C,6840.0,1583.75,5250,13673.75,0.6961538461538461,1.0,75.54558011049724
PP04,2023-04-15,185.0,185.0,0.0,0,14,35,11,34,CARR-C,7524.0,1618.75,5250,14392.75,0.6468531468531469,0.9714285714285714,77.79864864864865
PP04,2023-04-22,177.0,177.0,0.0,0,14,35,10,33,CARR-C,6840.0,1548.75,5250,13638.75,0.6807692307692308,0.9428571428571428,77.05508474576271
PP04,2023-04-29,195.0,195.0,0.0,0,14,35,10,35,CARR-C,6840.0,1706.25,5250,13796.25,0.75,1.0,70.75
PP04,2023-05-06,189.0,189.0,0.0,0,14,35,10,32,CARR-C,6840.0,1653.75,5250,13743.75,0.7269230769230769,0.9142857142857143,72.71825396825396
PP04,2023-05-13,197.0,197.0,0.0,0,14,35,11,34,CARR-C,7524.0,1723.75,5250,14497.75,0.6888111888111889,0.9714285714285714,73.59263959390863
PP04,2023-05-20,194.0,194.0,0.0,0,14,35,11,33,CARR-C,7524.0,1697.5,5250,14471.5,0.6783216783216783,0.9428571428571428,74.59536082474227
PP04,2023-05-27,191.0,191.0,0.0,0,14,35,10,35,CARR-C,6840.0,1671.25,5250,13761.25,0.7346153846153847,1.0,72.04842931937172
PP04,2023-06-03,190.0,190.0,0.0,0,14,35,11,35,CARR-C,7524.0,1662.5,5250,14436.5,0.6643356643356644,1.0,75.98157894736842
PP04,2023-06-10,187.0,187.0,0.0,0,14,35,11,33,CARR-C,7524.0,1636.25,5250,14410.25,0.6538461538461539,0.9428571428571428,77.06016042780749
PP04,2023-06-17,188.0,188.0,0.0,0,14,35,10,35,CARR-C,6840.0,1645.0,5250,13735.0,0.7230769230769231,1.0,73.05851063829788
PP04,2023-06-24,183.0,183.0,0.0,0,14,35,10,33,CARR-C,6840.0,1601.25,5250,13691.25,0.7038461538461539,0.9428571428571428,74.81557377049181
PP04,2023-07-01,193.0,193.0,0.0,0,14,35,11,35,CARR-C,7524.0,1688.75,5250,14462.75,0.6748251748251748,1.0,74.93652849740933
PP04,2023-07-08,188.0,188.0,0.0,0,14,35,10,33,CARR-C,6840.0,1645.0,5250,13735.0,0.7230769230769231,0.9428571428571428,73.05851063829788
PP04,2023-07-15,190.0,190.0,0.0,0,14,35,11,34,CARR-C,7524.0,1662.5,5250,14436.5,0.6643356643356644,0.9714285714285714,75.98157894736842
PP04,2023-07-22,190.0,190.0,0.0,0,14,35,10,34,CARR-C,6840.0,1662.5,5250,13752.5,0.7307692307692307,0.9714285714285714,72.38157894736842
PP04,2023-07-29,189.0,189.0,0.0,0,14,35,11,35,CARR-C,7524.0,1653.75,5250,14427.75,0.6608391608391608,1.0,76.33730158730158
PP04,2023-08-05,192.0,192.0,0.0,0,14,35,11,35,CARR-C,7524.0,1680.0,5250,14454.0,0.6713286713286714,1.0,75.28125
PP04,2023-08-12,199.0,199.0,0.0,0,14,35,11,34,CARR-C,7524.0,1741.25,5250,14515.25,0.6958041958041958,0.9714285714285714,72.94095477386935
PP04,2023-08-19,198.0,198.0,0.0,0,14,35,11,33,CARR-C,7524.0,1732.5,5250,14506.5,0.6923076923076923,0.9428571428571428,73.26515151515152
PP04,2023-08-26,185.0,185.0,0.0,0,14,35,10,33,CARR-C,6840.0,1618.75,5250,13708.75,0.7115384615384616,0.9428571428571428,74.10135135135135
PP04,2023-09-02,184.0,184.0,0.0,0,14,35,10,35,CARR-C,6840.0,1610.0,5250,13700.0,0.7076923076923077,1.0,74.45652173913044
PP04,2023-09-09,181.0,181.0,0.0,0,14,35,10,35,CARR-C,6840.0,1583.75,5250,13673.75,0.6961538461538461,1.0,75.54558011049724
PP04,2023-09-16,181.0,181.0,0.0,0,14,35,10,31,CARR-C,6840.0,1583.75,5250,13673.75,0.6961538461538461,0.8857142857142857,75.54558011049724
PP04,2023-09-23,182.0,182.0,0.0,0,14,35,10,35,CARR-C,6840.0,1592.5,5250,13682.5,0.7,1.0,75.17857142857143
PP04,2023-09-30,176.0,176.0,0.0,0,14,35,10,35,CARR-C,6840.0,1540.0,5250,13630.0,0.676923076923077,1.0,77.44318181818181
PP04,2023-10-07,179.0,179.0,0.0,0,14,35,10,33,CARR-C,6840.0,1566.25,5250,13656.25,0.6884615384615385,0.9428571428571428,76.29189944134079
PP04,2023-10-14,184.0,184.0,0.0,0,14,35,10,35,CARR-C,6840.0,1610.0,5250,13700.0,0.7076923076923077,1.0,74.45652173913044
PP04,2023-10-21,202.0,202.0,0.0,0,14,35,11,35,CARR-C,7524.0,1767.5,5250,14541.5,0.7062937062937062,1.0,71.98762376237623
PP04,2023-10-28,194.0,194.0,0.0,0,14,35,11,34,CARR-C,7524.0,1697.5,5250,14471.5,0.6783216783216783,0.9714285714285714,74.59536082474227
PP04,2023-11-04,207.0,207.0,0.0,0,14,35,11,34,CARR-C,7524.0,1811.25,5250,14585.25,0.7237762237762237,0.9714285714285714,70.46014492753623
PP04,2023-11-11,208.0,208.0,0.0,0,14,35,11,34,CARR-C,7524.0,1820.0,5250,14594.0,0.7272727272727273,0.9714285714285714,70.16346153846153
PP04,2023-11-18,241.0,240.0,1.0,1,14,35,13,35,CARR-C,8892.0,2100.0,5250,16242.0,0.7100591715976331,1.0,67.675
PP04,2023-11-25,258.0,254.0,5.0,3,14,35,13,34,CARR-C,8892.0,2222.5,5250,16364.5,0.7514792899408284,0.9714285714285714,64.42716535433071
PP04,2023-12-02,290.0,272.0,23.0,7,14,35,13,33,CARR-C,8892.0,2380.0,5250,16522.0,0.8047337278106509,0.9428571428571428,60.74264705882353
PP04,2023-12-09,290.0,276.0,37.0,9,14,35,13,34,CARR-C,8892.0,2415.0,5250,16557.0,0.8165680473372781,0.9714285714285714,59.98913043478261
PP04,2023-12-16,305.0,279.0,63.0,12,14,35,13,35,CARR-C,8892.0,2441.25,5250,16583.25,0.8254437869822485,1.0,59.43817204301075
PP04,2023-12-23,239.0,269.0,33.0,7,14,35,13,35,CARR-C,8892.0,2353.75,5250,16495.75,0.7958579881656804,1.0,61.322490706319705
PP04,2023-12-30,217.0,244.0,6.0,2,14,35,12,33,CARR-C,8208.0,2135.0,5250,15593.0,0.782051282051282,0.9428571428571428,63.90573770491803
PP04,2024-01-06,183.0,189.0,0.0,0,14,35,11,33,CARR-C,7524.0,1653.75,5250,14427.75,0.6608391608391608,0.9428571428571428,76.33730158730158
PP04,2024-01-13,145.0,145.0,0.0,0,14,35,8,35,CARR-C,5472.0,1268.75,5250,11990.75,0.6971153846153846,1.0,82.6948275862069
PP04,2024-01-20,149.0,149.0,0.0,0,14,35,8,32,CARR-C,5472.0,1303.75,5250,12025.75,0.7163461538461539,0.9142857142857143,80.70973154362416
PP04,2024-01-27,159.0,159.0,0.0,0,14,35,10,33,CARR-C,6840.0,1391.25,5250,13481.25,0.6115384615384616,0.9428571428571428,84.7877358490566
PP04,2024-02-03,165.0,165.0,0.0,0,14,35,10,33,CARR-C,6840.0,1443.75,5250,13533.75,0.6346153846153846,0.9428571428571428,82.02272727272727
PP04,2024-02-10,181.0,181.0,0.0,0,14,35,10,34,CARR-C,6840.0,1583.75,5250,13673.75,0.6961538461538461,0.9714285714285714,75.54558011049724
PP04,2024-02-17,178.0,178.0,0.0,0,14,35,10,33,CARR-C,6840.0,1557.5,5250,13647.5,0.6846153846153846,0.9428571428571428,76.67134831460675
PP04,2024-02-24,171.0,171.0,0.0,0,14,35,9,33,CARR-C,6156.0,1496.25,5250,12902.25,0.7307692307692307,0.9428571428571428,75.45175438596492
PP04,2024-03-02,183.0,183.0,0.0,0,14,35,10,34,CARR-C,6840.0,1601.25,5250,13691.25,0.7038461538461539,0.9714285714285714,74.81557377049181
PP04,2024-03-09,179.0,179.0,0.0,0,14,35,10,35,CARR-C,6840.0,1566.25,5250,13656.25,0.6884615384615385,1.0,76.29189944134079
PP04,2024-03-16,191.0,191.0,0.0,0,14,35,10,35,CARR-C,6840.0,1671.25,5250,13761.25,0.7346153846153847,1.0,72.04842931937172
PP04,2024-03-23,190.0,190.0,0.0,0,14,35,10,33,CARR-C,6840.0,1662.5,5250,13752.5,0.7307692307692307,0.9428571428571428,72.38157894736842
PP04,2024-03-30,191.0,191.0,0.0,0,14,35,10,34,CARR-C,6840.0,1671.25,5250,13761.25,0.7346153846153847,0.9714285714285714,72.04842931937172
PP04,2024-04-06,185.0,185.0,0.0,0,14,35,10,35,CARR-C,6840.0,1618.75,5250,13708.75,0.7115384615384616,1.0,74.10135135135135
PP04,2024-04-13,187.0,187.0,0.0,0,14,35,10,34,CARR-C,6840.0,1636.25,5250,13726.25,0.7192307692307692,0.9714285714285714,73.4024064171123
PP04,2024-04-20,191.0,191.0,0.0,0,14,35,11,34,CARR-C,7524.0,1671.25,5250,14445.25,0.6678321678321678,0.9714285714285714,75.62958115183245
PP04,2024-04-27,178.0,178.0,0.0,0,14,35,10,34,CARR-C,6840.0,1557.5,5250,13647.5,0.6846153846153846,0.9714285714285714,76.67134831460675
PP04,2024-05-04,201.0,201.0,0.0,0,14,35,11,35,CARR-C,7524.0,1758.75,5250,14532.75,0.7027972027972028,1.0,72.30223880597015
PP04,2024-05-11,204.0,204.0,0.0,0,14,35,11,33,CARR-C,7524.0,1785.0,5250,14559.0,0.7132867132867133,0.9428571428571428,71.36764705882354
PP04,2024-05-18,197.0,197.0,0.0,0,14,35,11,34,CARR-C,7524.0,1723.75,5250,14497.75,0.6888111888111889,0.9714285714285714,73.59263959390863
PP04,2024-05-25,196.0,196.0,0.0,0,14,35,10,33,CARR-C,6840.0,1715.0,5250,13805.0,0.7538461538461538,0.9428571428571428,70.43367346938776
PP04,2024-06-01,194.0,194.0,0.0,0,14,35,10,34,CARR-C,6840.0,1697.5,5250,13787.5,0.7461538461538462,0.9714285714285714,71.06958762886597
PP04,2024-06-08,207.0,207.0,0.0,0,14,35,11,35,CARR-C,7524.0,1811.25,5250,14585.25,0.7237762237762237,1.0,70.46014492753623
PP04,2024-06-15,198.0,198.0,0.0,0,14,35,11,34,CARR-C,7524.0,1732.5,5250,14506.5,0.6923076923076923,0.9714285714285714,73.26515151515152
PP04,2024-06-22,194.0,194.0,0.0,0,14,35,11,35,CARR-C,7524.0,1697.5,5250,14471.5,0.6783216783216783,1.0,74.59536082474227
PP04,2024-06-29,189.0,189.0,0.0,0,14,35,11,35,CARR-C,7524.0,1653.75,5250,14427.75,0.6608391608391608,1.0,76.33730158730158
PP04,2024-07-06,191.0,191.0,0.0,0,14,35,11,34,CARR-C,7524.0,1671.25,5250,14445.25,0.6678321678321678,0.9714285714285714,75.62958115183245
PP04,2024-07-13,198.0,198.0,0.0,0,14,35,11,35,CARR-C,7524.0,1732.5,5250,14506.5,0.6923076923076923,1.0,73.26515151515152
PP04,2024-07-20,195.0,195.0,0.0,0,14,35,10,32,CARR-C,6840.0,1706.25,5250,13796.25,0.75,0.9142857142857143,70.75
PP04,2024-07-27,195.0,195.0,0.0,0,14,35,10,35,CARR-C,6840.0,1706.25,5250,13796.25,0.75,1.0,70.75
PP04,2024-08-03,200.0,200.0,0.0,0,14,35,10,35,CARR-C,6840.0,1750.0,5250,13840.0,0.7692307692307693,1.0,69.2
PP04,2024-08-10,204.0,204.0,0.0,0,14,35,11,33,CARR-C,7524.0,1785.0,5250,14559.0,0.7132867132867133,0.9428571428571428,71.36764705882354
PP04,2024-08-17,203.0,203.0,0.0,0,14,35,11,33,CARR-C,7524.0,1776.25,5250,14550.25,0.7097902097902098,0.9428571428571428,71.67610837438424
PP04,2024-08-24,195.0,195.0,0.0,0,14,35,11,35,CARR-C,7524.0,1706.25,5250,14480.25,0.6818181818181818,1.0,74.25769230769231
PP04,2024-08-31,188.0,188.0,0.0,0,14,35,11,33,CARR-C,7524.0,1645.0,5250,14419.0,0.6573426573426573,0.9428571428571428,76.69680851063829
PP04,2024-09-07,180.0,180.0,0.0,0,14,35,10,31,CARR-C,6840.0,1575.0,5250,13665.0,0.6923076923076923,0.8857142857142857,75.91666666666667
PP04,2024-09-14,179.0,179.0,0.0,0,14,35,10,35,CARR-C,6840.0,1566.25,5250,13656.25,0.6884615384615385,1.0,76.29189944134079
PP04,2024-09-21,173.0,173.0,0.0,0,14,35,10,35,CARR-C,6840.0,1513.75,5250,13603.75,0.6653846153846154,1.0,78.63439306358381
PP04,2024-09-28,191.0,191.0,0.0,0,14,35,11,35,CARR-C,7524.0,1671.25,5250,14445.25,0.6678321678321678,1.0,75.62958115183245
PP04,2024-10-05,178.0,178.0,0.0,0,14,35,10,35,CARR-C,6840.0,1557.5,5250,13647.5,0.6846153846153846,1.0,76.67134831460675
PP04,2024-10-12,186.0,186.0,0.0,0,14,35,10,35,CARR-C,6840.0,1627.5,5250,13717.5,0.7153846153846154,1.0,73.75
PP04,2024-10-19,199.0,199.0,0.0,0,14,35,10,35,CARR-C,6840.0,1741.25,5250,13831.25,0.7653846153846153,1.0,69.5037688442211
PP04,2024-10-26,205.0,205.0,0.0,0,14,35,11,34,CARR-C,7524.0,1793.75,5250,14567.75,0.7167832167832168,0.9714285714285714,71.06219512195122
PP04,2024-11-02,219.0,219.0,0.0,0,14,35,11,34,CARR-C,7524.0,1916.25,5250,14690.25,0.7657342657342657,0.9714285714285714,67.07876712328768
PP04,2024-11-09,216.0,216.0,0.0,0,14,35,11,35,CARR-C,7524.0,1890.0,5250,14664.0,0.7552447552447552,1.0,67.88888888888889
PP04,2024-11-16,235.0,234.0,1.0,1,14,35,13,34,CARR-C,8892.0,2047.5,5250,16189.5,0.6923076923076923,0.9714285714285714,69.18589743589743
PP04,2024-11-23,268.0,262.0,7.0,3,15,38,13,38,CARR-C,8892.0,2292.5,5700,16884.5,0.7751479289940828,1.0,64.44465648854961
PP04,2024-11-30,294.0,279.0,22.0,8,15,38,14,37,CARR-C,9576.0,2441.25,5700,17717.25,0.7664835164835165,0.9736842105263158,63.50268817204301
PP04,2024-12-07,303.0,287.0,38.0,9,15,38,14,36,CARR-C,9576.0,2511.25,5700,17787.25,0.7884615384615384,0.9473684210526315,61.97648083623693
PP04,2024-12-14,319.0,292.0,65.0,9,15,38,13,37,CARR-C,8892.0,2555.0,5700,17147.0,0.863905325443787,0.9736842105263158,58.72260273972603
PP04,2024-12-21,269.0,276.0,58.0,9,15,38,13,38,CARR-C,8892.0,2415.0,5700,17007.0,0.8165680473372781,1.0,61.619565217391305
PP04,2024-12-28,239.0,270.0,27.0,6,15,38,13,35,CARR-C,8892.0,2362.5,5700,16954.5,0.7988165680473372,0.9210526315789473,62.794444444444444
PP04,2025-01-04,198.0,222.0,3.0,1,15,38,11,37,CARR-C,7524.0,1942.5,5700,15166.5,0.7762237762237763,0.9736842105263158,68.31756756756756
PP04,2025-01-11,171.0,174.0,0.0,0,15,38,9,37,CARR-C,6156.0,1522.5,5700,13378.5,0.7435897435897436,0.9736842105263158,76.88793103448276
PP04,2025-01-18,165.0,165.0,0.0,0,15,38,10,37,CARR-C,6840.0,1443.75,5700,13983.75,0.6346153846153846,0.9736842105263158,84.75
PP04,2025-01-25,167.0,167.0,0.0,0,15,38,10,38,CARR-C,6840.0,1461.25,5700,14001.25,0.6423076923076924,1.0,83.83982035928143
PP04,2025-02-01,179.0,179.0,0.0,0,15,38,11,37,CARR-C,7524.0,1566.25,5700,14790.25,0.6258741258741258,0.9736842105263158,82.62709497206704
PP04,2025-02-08,192.0,192.0,0.0,0,15,38,11,37,CARR-C,7524.0,1680.0,5700,14904.0,0.6713286713286714,0.9736842105263158,77.625
PP04,2025-02-15,191.0,191.0,0.0,0,15,38,10,38,CARR-C,6840.0,1671.25,5700,14211.25,0.7346153846153847,1.0,74.4044502617801
PP04,2025-02-22,197.0,197.0,0.0,0,15,38,11,37,CARR-C,7524.0,1723.75,5700,14947.75,0.6888111888111889,0.9736842105263158,75.8769035532995
PP04,2025-03-01,207.0,207.0,0.0,0,15,38,11,38,CARR-C,7524.0,1811.25,5700,15035.25,0.7237762237762237,1.0,72.6340579710145
PP04,2025-03-08,202.0,202.0,0.0,0,15,38,11,37,CARR-C,7524.0,1767.5,5700,14991.5,0.7062937062937062,0.9736842105263158,74.21534653465346
PP04,2025-03-15,212.0,212.0,0.0,0,15,38,11,36,CARR-C,7524.0,1855.0,5700,15079.0,0.7412587412587412,0.9473684210526315,71.12735849056604
PP04,2025-03-22,207.0,207.0,0.0,0,15,38,11,38,CARR-C,7524.0,1811.25,5700,15035.25,0.7237762237762237,1.0,72.6340579710145
PP04,2025-03-29,203.0,203.0,0.0,0,15,38,11,36,CARR-C,7524.0,1776.25,5700,15000.25,0.7097902097902098,0.9473684210526315,73.89285714285714
PP04,2025-04-05,207.0,207.0,0.0,0,15,38,11,38,CARR-C,7524.0,1811.25,5700,15035.25,0.7237762237762237,1.0,72.6340579710145
PP04,2025-04-12,212.0,212.0,0.0,0,15,38,11,36,CARR-C,7524.0,1855.0,5700,15079.0,0.7412587412587412,0.9473684210526315,71.12735849056604
PP04,2025-04-19,222.0,222.0,0.0,0,15,38,11,37,CARR-C,7524.0,1942.5,5700,15166.5,0.7762237762237763,0.9736842105263158,68.31756756756756
PP04,2025-04-26,212.0,212.0,0.0,0,15,38,11,35,CARR-C,7524.0,1855.0,5700,15079.0,0.7412587412587412,0.9210526315789473,71.12735849056604
PP04,2025-05-03,217.0,217.0,0.0,0,15,38,11,38,CARR-C,7524.0,1898.75,5700,15122.75,0.7587412587412588,1.0,69.69009216589862
PP04,2025-05-10,227.0,227.0,0.0,0,15,38,12,38,CARR-C,8208.0,1986.25,5700,15894.25,0.7275641025641025,1.0,70.01872246696036
PP04,2025-05-17,226.0,226.0,0.0,0,15,38,12,35,CARR-C,8208.0,1977.5,5700,15885.5,0.7243589743589743,0.9210526315789473,70.28982300884955
PP04,2025-05-24,227.0,227.0,0.0,0,15,38,13,38,CARR-C,8892.0,1986.25,5700,16578.25,0.6715976331360947,1.0,73.03193832599119
PP04,2025-05-31,220.0,220.0,0.0,0,15,38,11,38,CARR-C,7524.0,1925.0,5700,15149.0,0.7692307692307693,1.0,68.85909090909091
PP04,2025-06-07,210.0,210.0,0.0,0,15,38,11,37,CARR-C,7524.0,1837.5,5700,15061.5,0.7342657342657343,0.9736842105263158,71.72142857142858
PP04,2025-06-14,201.0,201.0,0.0,0,15,38,11,38,CARR-C,7524.0,1758.75,5700,14982.75,0.7027972027972028,1.0,74.5410447761194
PP04,2025-06-21,218.0,218.0,0.0,0,15,38,11,37,CARR-C,7524.0,1907.5,5700,15131.5,0.7622377622377622,0.9736842105263158,69.41055045871559
PP04,2025-06-28,214.0,214.0,0.0,0,15,38,11,37,CARR-C,7524.0,1872.5,5700,15096.5,0.7482517482517482,0.9736842105263158,70.54439252336448
PP04,2025-07-05,223.0,223.0,0.0,0,15,38,11,38,CARR-C,7524.0,1951.25,5700,15175.25,0.7797202797202797,1.0,68.05044843049328
PP04,2025-07-12,222.0,222.0,0.0,0,15,38,11,38,CARR-C,7524.0,1942.5,5700,15166.5,0.7762237762237763,1.0,68.31756756756756
PP04,2025-07-19,219.0,219.0,0.0,0,15,38,11,37,CARR-C,7524.0,1916.25,5700,15140.25,0.7657342657342657,0.9736842105263158,69.13356164383562
PP04,2025-07-26,225.0,225.0,0.0,0,15,38,12,36,CARR-C,8208.0,1968.75,5700,15876.75,0.7211538461538461,0.9473684210526315,70.56333333333333
PP04,2025-08-02,233.0,232.0,1.0,1,15,38,13,37,CARR-C,8892.0,2030.0,5700,16622.0,0.6863905325443787,0.9736842105263158,71.64655172413794
PP04,2025-08-09,226.0,227.0,0.0,0,15,38,12,36,CARR-C,8208.0,1986.25,5700,15894.25,0.7275641025641025,0.9473684210526315,70.01872246696036
PP04,2025-08-16,223.0,223.0,0.0,0,15,38,13,38,CARR-C,8892.0,1951.25,5700,16543.25,0.6597633136094675,1.0,74.18497757847534
PP04,2025-08-23,224.0,224.0,0.0,0,15,38,12,37,CARR-C,8208.0,1960.0,5700,15868.0,0.717948717948718,0.9736842105263158,70.83928571428571
PP04,2025-08-30,215.0,215.0,0.0,0,15,38,11,37,CARR-C,7524.0,1881.25,5700,15105.25,0.7517482517482518,0.9736842105263158,70.25697674418605
PP04,2025-09-06,203.0,203.0,0.0,0,15,38,11,38,CARR-C,7524.0,1776.25,5700,15000.25,0.7097902097902098,1.0,73.89285714285714
PP04,2025-09-13,194.0,194.0,0.0,0,15,38,11,37,CARR-C,7524.0,1697.5,5700,14921.5,0.6783216783216783,0.9736842105263158,76.91494845360825
PP04,2025-09-20,197.0,197.0,0.0,0,15,38,10,38,CARR-C,6840.0,1723.75,5700,14263.75,0.7576923076923077,1.0,72.40482233502539
PP04,2025-09-27,203.0,203.0,0.0,0,15,38,11,38,CARR-C,7524.0,1776.25,5700,15000.25,0.7097902097902098,1.0,73.89285714285714
PP04,2025-10-04,222.0,222.0,0.0,0,15,38,12,38,CARR-C,8208.0,1942.5,5700,15850.5,0.7115384615384616,1.0,71.39864864864865
PP04,2025-10-11,207.0,207.0,0.0,0,15,38,11,35,CARR-C,7524.0,1811.25,5700,15035.25,0.7237762237762237,0.9210526315789473,72.6340579710145
PP04,2025-10-18,231.0,231.0,0.0,0,15,38,13,34,CARR-C,8892.0,2021.25,5700,16613.25,0.6834319526627219,0.8947368421052632,71.91883116883118
PP04,2025-10-25,235.0,235.0,0.0,0,15,38,13,37,CARR-C,8892.0,2056.25,5700,16648.25,0.6952662721893491,0.9736842105263158,70.8436170212766
PP04,2025-11-01,241.0,241.0,0.0,0,15,38,12,38,CARR-C,8208.0,2108.75,5700,16016.75,0.7724358974358975,1.0,66.45954356846472
PP04,2025-11-08,258.0,257.0,1.0,1,15,38,13,38,CARR-C,8892.0,2248.75,5700,16840.75,0.7603550295857988,1.0,65.52821011673151
PP04,2025-11-15,273.0,272.0,2.0,1,15,38,13,37,CARR-C,8892.0,2380.0,5700,16972.0,0.8047337278106509,0.9736842105263158,62.39705882352941
PP04,2025-11-22,294.0,282.0,14.0,6,15,38,13,37,CARR-C,8892.0,2467.5,5700,17059.5,0.834319526627219,0.9736842105263158,60.494680851063826
PP04,2025-11-29,311.0,293.0,32.0,9,15,38,13,38,CARR-C,8892.0,2563.75,5700,17155.75,0.8668639053254438,1.0,58.55204778156997
PP04,2025-12-06,329.0,298.0,63.0,10,15,38,14,35,CARR-C,9576.0,2607.5,5700,17883.5,0.8186813186813187,0.9210526315789473,60.011744966442954
PP04,2025-12-13,332.0,299.0,96.0,13,15,38,14,36,CARR-C,9576.0,2616.25,5700,17892.25,0.8214285714285714,0.9473684210526315,59.84030100334448
PP04,2025-12-20,306.0,292.0,110.0,11,15,38,14,37,CARR-C,9576.0,2555.0,5700,17831.0,0.8021978021978022,0.9736842105263158,61.06506849315068
PP04,2025-12-27,256.0,288.0,78.0,10,15,38,13,37,CARR-C,8892.0,2520.0,5700,17112.0,0.8520710059171598,0.9736842105263158,59.416666666666664
PP04,2026-01-03,217.0,260.0,35.0,4,15,38,13,36,CARR-C,8892.0,2275.0,5700,16867.0,0.7692307692307693,0.9473684210526315,64.87307692307692
PP04,2026-01-10,178.0,210.0,3.0,2,15,38,11,36,CARR-C,7524.0,1837.5,5700,15061.5,0.7342657342657343,0.9473684210526315,71.72142857142858
PP04,2026-01-17,171.0,174.0,0.0,0,15,38,10,37,CARR-C,6840.0,1522.5,5700,14062.5,0.6692307692307692,0.9736842105263158,80.81896551724138
PP04,2026-01-24,190.0,190.0,0.0,0,15,38,10,36,CARR-C,6840.0,1662.5,5700,14202.5,0.7307692307692307,0.9473684210526315,74.75
PP04,2026-01-31,178.0,178.0,0.0,0,15,38,10,36,CARR-C,6840.0,1557.5,5700,14097.5,0.6846153846153846,0.9473684210526315,79.1994382022472
PP04,2026-02-07,198.0,198.0,0.0,0,15,38,11,36,CARR-C,7524.0,1732.5,5700,14956.5,0.6923076923076923,0.9473684210526315,75.53787878787878
PP04,2026-02-14,204.0,204.0,0.0,0,15,38,11,38,CARR-C,7524.0,1785.0,5700,15009.0,0.7132867132867133,1.0,73.57352941176471
PP04,2026-02-21,208.0,208.0,0.0,0,15,38,10,38,CARR-C,6840.0,1820.0,5700,14360.0,0.8,1.0,69.03846153846153
PP04,2026-02-28,204.0,204.0,0.0,0,15,38,11,36,CARR-C,7524.0,1785.0,5700,15009.0,0.7132867132867133,0.9473684210526315,73.57352941176471
PP04,2026-03-07,218.0,218.0,0.0,0,15,38,11,37,CARR-C,7524.0,1907.5,5700,15131.5,0.7622377622377622,0.9736842105263158,69.41055045871559
PP04,2026-03-14,224.0,224.0,0.0,0,15,38,13,38,CARR-C,8892.0,1960.0,5700,16552.0,0.6627218934911243,1.0,73.89285714285714
PP04,2026-03-21,230.0,230.0,0.0,0,15,38,11,38,CARR-C,7524.0,2012.5,5700,15236.5,0.8041958041958042,1.0,66.24565217391304
PP04,2026-03-28,224.0,224.0,0.0,0,15,38,12,35,CARR-C,8208.0,1960.0,5700,15868.0,0.717948717948718,0.9210526315789473,70.83928571428571
PP04,2026-04-04,218.0,218.0,0.0,0,15,38,11,37,CARR-C,7524.0,1907.5,5700,15131.5,0.7622377622377622,0.9736842105263158,69.41055045871559
PP04,2026-04-11,232.0,232.0,0.0,0,15,38,12,38,CARR-C,8208.0,2030.0,5700,15938.0,0.7435897435897436,1.0,68.69827586206897
PP04,2026-04-18,226.0,226.0,0.0,0,15,38,12,38,CARR-C,8208.0,1977.5,5700,15885.5,0.7243589743589743,1.0,70.28982300884955
PP04,2026-04-25,231.0,231.0,0.0,0,15,38,12,37,CARR-C,8208.0,2021.25,5700,15929.25,0.7403846153846154,0.9736842105263158,68.95779220779221
PP04,2026-05-02,233.0,233.0,0.0,0,15,38,13,37,CARR-C,8892.0,2038.75,5700,16630.75,0.6893491124260355,0.9736842105263158,71.37660944206009
PP04,2026-05-09,238.0,238.0,0.0,0,15,38,12,38,CARR-C,8208.0,2082.5,5700,15990.5,0.7628205128205128,1.0,67.18697478991596
PP04,2026-05-16,249.0,248.0,1.0,1,15,38,13,38,CARR-C,8892.0,2170.0,5700,16762.0,0.7337278106508875,1.0,67.58870967741936
PP04,2026-05-23,242.0,243.0,0.0,0,15,38,13,35,CARR-C,8892.0,2126.25,5700,16718.25,0.7189349112426036,0.9210526315789473,68.79938271604938
PP04,2026-05-30,227.0,227.0,0.0,0,15,38,11,36,CARR-C,7524.0,1986.25,5700,15210.25,0.7937062937062938,0.9473684210526315,67.00550660792952
PP04,2026-06-06,223.0,223.0,0.0,0,15,38,11,37,CARR-C,7524.0,1951.25,5700,15175.25,0.7797202797202797,0.9736842105263158,68.05044843049328
PP04,2026-06-13,215.0,215.0,0.0,0,15,38,11,37,CARR-C,7524.0,1881.25,5700,15105.25,0.7517482517482518,0.9736842105263158,70.25697674418605
PP04,2026-06-20,221.0,221.0,0.0,0,15,38,11,37,CARR-C,7524.0,1933.75,5700,15157.75,0.7727272727272727,0.9736842105263158,68.58710407239819
PP04,2026-06-27,231.0,231.0,0.0,0,15,38,11,37,CARR-C,7524.0,2021.25,5700,15245.25,0.8076923076923077,0.9736842105263158,65.99675324675324
PP04,2026-07-04,221.0,221.0,0.0,0,15,38,12,36,CARR-C,8208.0,1933.75,5700,15841.75,0.7083333333333334,0.9473684210526315,71.68212669683258
PP04,2026-07-11,238.0,237.0,1.0,1,15,38,13,38,CARR-C,8892.0,2073.75,5700,16665.75,0.7011834319526628,1.0,70.31962025316456
PP04,2026-07-18,240.0,241.0,0.0,0,15,38,13,37,CARR-C,8892.0,2108.75,5700,16700.75,0.7130177514792899,0.9736842105263158,69.29771784232365
PP04,2026-07-25,227.0,227.0,0.0,0,15,38,11,38,CARR-C,7524.0,1986.25,5700,15210.25,0.7937062937062938,1.0,67.00550660792952
PP05,2022-08-06,276.0,276.0,0.0,0,17,43,14,42,CARR-C,17640.0,2553.0,7310,27503.0,0.7582417582417582,0.9767441860465116,99.64855072463769
PP05,2022-08-13,262.0,262.0,0.0,0,17,43,14,43,CARR-C,17640.0,2423.5,7310,27373.5,0.7197802197802198,1.0,104.47900763358778
PP05,2022-08-20,255.0,255.0,0.0,0,17,43,13,40,CARR-C,16380.0,2358.75,7310,26048.75,0.7544378698224852,0.9302325581395349,102.15196078431373
PP05,2022-08-27,249.0,249.0,0.0,0,17,43,12,43,CARR-C,15120.0,2303.25,7310,24733.25,0.7980769230769231,1.0,99.33032128514056
PP05,2022-09-03,239.0,239.0,0.0,0,17,43,12,42,CARR-C,15120.0,2210.75,7310,24640.75,0.7660256410256411,0.9767441860465116,103.09937238493724
PP05,2022-09-10,244.0,244.0,0.0,0,17,43,13,43,CARR-C,16380.0,2257.0,7310,25947.0,0.7218934911242604,1.0,106.34016393442623
PP05,2022-09-17,256.0,256.0,0.0,0,17,43,12,41,CARR-C,15120.0,2368.0,7310,24798.0,0.8205128205128205,0.9534883720930233,96.8671875
PP05,2022-09-24,241.0,241.0,0.0,0,17,43,13,41,CARR-C,16380.0,2229.25,7310,25919.25,0.7130177514792899,0.9534883720930233,107.54875518672199
PP05,2022-10-01,250.0,250.0,0.0,0,17,43,13,42,CARR-C,16380.0,2312.5,7310,26002.5,0.7396449704142012,0.9767441860465116,104.01
PP05,2022-10-08,241.0,241.0,0.0,0,17,43,12,39,CARR-C,15120.0,2229.25,7310,24659.25,0.7724358974358975,0.9069767441860465,102.32053941908714
PP05,2022-10-15,269.0,269.0,0.0,0,17,43,14,43,CARR-C,17640.0,2488.25,7310,27438.25,0.739010989010989,1.0,102.00092936802974
PP05,2022-10-22,274.0,274.0,0.0,0,17,43,14,43,CARR-C,17640.0,2534.5,7310,27484.5,0.7527472527472527,1.0,100.30839416058394
PP05,2022-10-29,286.0,286.0,0.0,0,17,43,15,40,CARR-C,18900.0,2645.5,7310,28855.5,0.7333333333333333,0.9302325581395349,100.89335664335664
PP05,2022-11-05,285.0,285.0,0.0,0,17,43,14,42,CARR-C,17640.0,2636.25,7310,27586.25,0.782967032967033,0.9767441860465116,96.79385964912281
PP05,2022-11-12,304.0,304.0,0.0,0,17,43,14,43,CARR-C,17640.0,2812.0,7310,27762.0,0.8351648351648352,1.0,91.32236842105263
PP05,2022-11-19,337.0,337.0,0.0,0,17,43,15,40,CARR-C,18900.0,3117.25,7310,29327.25,0.8641025641025641,0.9302325581395349,87.02448071216617
PP05,2022-11-26,347.0,346.0,1.0,1,17,43,17,43,CARR-C,21420.0,3200.5,7310,31930.5,0.7828054298642534,1.0,92.28468208092485
PP05,2022-12-03,389.0,374.0,16.0,7,17,43,18,40,CARR-C,22680.0,3459.5,7310,33449.5,0.7991452991452992,0.9302325581395349,89.43716577540107
PP05,2022-12-10,404.0,380.0,40.0,11,17,43,18,41,CARR-C,22680.0,3515.0,7310,33505.0,0.811965811965812,0.9534883720930233,88.17105263157895
PP05,2022-12-17,362.0,371.0,31.0,11,17,43,18,42,CARR-C,22680.0,3431.75,7310,33421.75,0.7927350427350427,0.9767441860465116,90.0855795148248
PP05,2022-12-24,338.0,352.0,17.0,6,17,43,16,43,CARR-C,20160.0,3256.0,7310,30726.0,0.8461538461538461,1.0,87.28977272727273
PP05,2022-12-31,283.0,299.0,1.0,1,17,43,15,43,CARR-C,18900.0,2765.75,7310,28975.75,0.7666666666666667,1.0,96.90886287625418
PP05,2023-01-07,233.0,234.0,0.0,0,17,43,11,41,CARR-C,13860.0,2164.5,7310,23334.5,0.8181818181818182,0.9534883720930233,99.72008547008546
PP05,2023-01-14,200.0,200.0,0.0,0,17,43,11,40,CARR-C,13860.0,1850.0,7310,23020.0,0.6993006993006993,0.9302325581395349,115.1
PP05,2023-01-21,206.0,206.0,0.0,0,17,43,11,41,CARR-C,13860.0,1905.5,7310,23075.5,0.7202797202797203,0.9534883720930233,112.01699029126213
PP05,2023-01-28,224.0,224.0,0.0,0,17,43,11,40,CARR-C,13860.0,2072.0,7310,23242.0,0.7832167832167832,0.9302325581395349,103.75892857142857
PP05,2023-02-04,226.0,226.0,0.0,0,17,43,11,40,CARR-C,13860.0,2090.5,7310,23260.5,0.7902097902097902,0.9302325581395349,102.92256637168141
PP05,2023-02-11,236.0,236.0,0.0,0,17,43,12,40,CARR-C,15120.0,2183.0,7310,24613.0,0.7564102564102564,0.9302325581395349,104.29237288135593
PP05,2023-02-18,240.0,240.0,0.0,0,17,43,14,40,CARR-C,17640.0,2220.0,7310,27170.0,0.6593406593406593,0.9302325581395349,113.20833333333333
PP05,2023-02-25,239.0,239.0,0.0,0,17,43,12,40,CARR-C,15120.0,2210.75,7310,24640.75,0.7660256410256411,0.9302325581395349,103.09937238493724
PP05,2023-03-04,246.0,246.0,0.0,0,17,43,14,43,CARR-C,17640.0,2275.5,7310,27225.5,0.6758241758241759,1.0,110.67276422764228
PP05,2023-03-11,240.0,240.0,0.0,0,17,43,12,43,CARR-C,15120.0,2220.0,7310,24650.0,0.7692307692307693,1.0,102.70833333333333
PP05,2023-03-18,246.0,246.0,0.0,0,17,43,14,42,CARR-C,17640.0,2275.5,7310,27225.5,0.6758241758241759,0.9767441860465116,110.67276422764228
PP05,2023-03-25,258.0,258.0,0.0,0,17,43,14,42,CARR-C,17640.0,2386.5,7310,27336.5,0.7087912087912088,0.9767441860465116,105.95542635658914
PP05,2023-04-01,263.0,263.0,0.0,0,17,43,14,41,CARR-C,17640.0,2432.75,7310,27382.75,0.7225274725274725,0.9534883720930233,104.11692015209125
PP05,2023-04-08,248.0,248.0,0.0,0,17,43,13,40,CARR-C,16380.0,2294.0,7310,25984.0,0.7337278106508875,0.9302325581395349,104.7741935483871
PP05,2023-04-15,252.0,252.0,0.0,0,17,43,12,42,CARR-C,15120.0,2331.0,7310,24761.0,0.8076923076923077,0.9767441860465116,98.2579365079365
PP05,2023-04-22,268.0,268.0,0.0,0,17,43,14,43,CARR-C,17640.0,2479.0,7310,27429.0,0.7362637362637363,1.0,102.34701492537313
PP05,2023-04-29,270.0,270.0,0.0,0,17,43,14,42,CARR-C,17640.0,2497.5,7310,27447.5,0.7417582417582418,0.9767441860465116,101.6574074074074
PP05,2023-05-06,261.0,261.0,0.0,0,17,43,13,43,CARR-C,16380.0,2414.25,7310,26104.25,0.772189349112426,1.0,100.01628352490421
PP05,2023-05-13,274.0,274.0,0.0,0,17,43,14,38,CARR-C,17640.0,2534.5,7310,27484.5,0.7527472527472527,0.8837209302325582,100.30839416058394
PP05,2023-05-20,278.0,278.0,0.0,0,17,43,14,43,CARR-C,17640.0,2571.5,7310,27521.5,0.7637362637362637,1.0,98.99820143884892
PP05,2023-05-27,259.0,259.0,0.0,0,17,43,14,41,CARR-C,17640.0,2395.75,7310,27345.75,0.7115384615384616,0.9534883720930233,105.58204633204633
PP05,2023-06-03,280.0,280.0,0.0,0,17,43,14,42,CARR-C,17640.0,2590.0,7310,27540.0,0.7692307692307693,0.9767441860465116,98.35714285714286
PP05,2023-06-10,266.0,266.0,0.0,0,17,43,14,42,CARR-C,17640.0,2460.5,7310,27410.5,0.7307692307692307,0.9767441860465116,103.046992481203
PP05,2023-06-17,257.0,257.0,0.0,0,17,43,12,43,CARR-C,15120.0,2377.25,7310,24807.25,0.8237179487179487,1.0,96.52626459143968
PP05,2023-06-24,251.0,251.0,0.0,0,17,43,13,42,CARR-C,16380.0,2321.75,7310,26011.75,0.742603550295858,0.9767441860465116,103.63247011952191
PP05,2023-07-01,269.0,269.0,0.0,0,17,43,14,42,CARR-C,17640.0,2488.25,7310,27438.25,0.739010989010989,0.9767441860465116,102.00092936802974
PP05,2023-07-08,253.0,253.0,0.0,0,17,43,14,42,CARR-C,17640.0,2340.25,7310,27290.25,0.695054945054945,0.9767441860465116,107.86660079051383
PP05,2023-07-15,251.0,251.0,0.0,0,17,43,13,42,CARR-C,16380.0,2321.75,7310,26011.75,0.742603550295858,0.9767441860465116,103.63247011952191
PP05,2023-07-22,271.0,271.0,0.0,0,17,43,14,41,CARR-C,17640.0,2506.75,7310,27456.75,0.7445054945054945,0.9534883720930233,101.31642066420665
PP05,2023-07-29,273.0,273.0,0.0,0,17,43,14,41,CARR-C,17640.0,2525.25,7310,27475.25,0.75,0.9534883720930233,100.64194139194139
PP05,2023-08-05,282.0,282.0,0.0,0,17,43,15,39,CARR-C,18900.0,2608.5,7310,28818.5,0.7230769230769231,0.9069767441860465,102.19326241134752
PP05,2023-08-12,270.0,270.0,0.0,0,17,43,14,43,CARR-C,17640.0,2497.5,7310,27447.5,0.7417582417582418,1.0,101.6574074074074
PP05,2023-08-19,271.0,271.0,0.0,0,17,43,14,43,CARR-C,17640.0,2506.75,7310,27456.75,0.7445054945054945,1.0,101.31642066420665
PP05,2023-08-26,255.0,255.0,0.0,0,17,43,14,42,CARR-C,17640.0,2358.75,7310,27308.75,0.7005494505494505,0.9767441860465116,107.09313725490196
PP05,2023-09-02,248.0,248.0,0.0,0,17,43,12,41,CARR-C,15120.0,2294.0,7310,24724.0,0.7948717948717948,0.9534883720930233,99.69354838709677
PP05,2023-09-09,242.0,242.0,0.0,0,17,43,11,42,CARR-C,13860.0,2238.5,7310,23408.5,0.8461538461538461,0.9767441860465116,96.72933884297521
PP05,2023-09-16,251.0,251.0,0.0,0,17,43,13,43,CARR-C,16380.0,2321.75,7310,26011.75,0.742603550295858,1.0,103.63247011952191
PP05,2023-09-23,253.0,253.0,0.0,0,17,43,12,42,CARR-C,15120.0,2340.25,7310,24770.25,0.8108974358974359,0.9767441860465116,97.90612648221344
PP05,2023-09-30,249.0,249.0,0.0,0,17,43,13,43,CARR-C,16380.0,2303.25,7310,25993.25,0.7366863905325444,1.0,104.39056224899599
PP05,2023-10-07,251.0,251.0,0.0,0,17,43,14,42,CARR-C,17640.0,2321.75,7310,27271.75,0.6895604395604396,0.9767441860465116,108.65239043824701
PP05,2023-10-14,246.0,246.0,0.0,0,17,43,13,43,CARR-C,16380.0,2275.5,7310,25965.5,0.727810650887574,1.0,105.55081300813008
PP05,2023-10-21,270.0,270.0,0.0,0,17,43,14,43,CARR-C,17640.0,2497.5,7310,27447.5,0.7417582417582418,1.0,101.6574074074074
PP05,2023-10-28,302.0,302.0,0.0,0,17,43,15,43,CARR-C,18900.0,2793.5,7310,29003.5,0.7743589743589744,1.0,96.03807947019868
PP05,2023-11-04,287.0,287.0,0.0,0,17,43,14,42,CARR-C,17640.0,2654.75,7310,27604.75,0.7884615384615384,0.9767441860465116,96.18379790940766
PP05,2023-11-11,308.0,308.0,0.0,0,17,43,14,40,CARR-C,17640.0,2849.0,7310,27799.0,0.8461538461538461,0.9302325581395349,90.25649350649351
PP05,2023-11-18,325.0,324.0,1.0,1,17,43,16,42,CARR-C,20160.0,2997.0,7310,30467.0,0.7788461538461539,0.9767441860465116,94.03395061728395
PP05,2023-11-25,359.0,359.0,1.0,1,17,43,17,37,CARR-C,21420.0,3320.75,7310,32050.75,0.8122171945701357,0.8604651162790697,89.27785515320335
PP05,2023-12-02,375.0,361.0,15.0,4,17,43,18,43,CARR-C,22680.0,3339.25,7310,33329.25,0.7713675213675214,1.0,92.32479224376732
PP05,2023-12-09,399.0,377.0,37.0,11,17,43,18,40,CARR-C,22680.0,3487.25,7310,33477.25,0.8055555555555556,0.9302325581395349,88.79907161803713
PP05,2023-12-16,393.0,377.0,53.0,11,17,43,19,42,CARR-C,23940.0,3487.25,7310,34737.25,0.7631578947368421,0.9767441860465116,92.14124668435014
PP05,2023-12-23,336.0,361.0,28.0,10,17,43,19,43,CARR-C,23940.0,3339.25,7310,34589.25,0.7307692307692307,1.0,95.81509695290859
PP05,2023-12-30,286.0,306.0,8.0,1,17,43,15,42,CARR-C,18900.0,2830.5,7310,29040.5,0.7846153846153846,0.9767441860465116,94.90359477124183
PP05,2024-01-06,238.0,246.0,0.0,0,17,43,13,40,CARR-C,16380.0,2275.5,7310,25965.5,0.727810650887574,0.9302325581395349,105.55081300813008
PP05,2024-01-13,200.0,200.0,0.0,0,17,43,11,41,CARR-C,13860.0,1850.0,7310,23020.0,0.6993006993006993,0.9534883720930233,115.1
PP05,2024-01-20,216.0,216.0,0.0,0,17,43,11,40,CARR-C,13860.0,1998.0,7310,23168.0,0.7552447552447552,0.9302325581395349,107.25925925925925
PP05,2024-01-27,221.0,221.0,0.0,0,17,43,11,43,CARR-C,13860.0,2044.25,7310,23214.25,0.7727272727272727,1.0,105.0418552036199
PP05,2024-02-03,227.0,227.0,0.0,0,17,43,11,42,CARR-C,13860.0,2099.75,7310,23269.75,0.7937062937062938,0.9767441860465116,102.50991189427313
PP05,2024-02-10,232.0,232.0,0.0,0,17,43,11,38,CARR-C,13860.0,2146.0,7310,23316.0,0.8111888111888111,0.8837209302325582,100.5
PP05,2024-02-17,238.0,238.0,0.0,0,17,43,12,39,CARR-C,15120.0,2201.5,7310,24631.5,0.7628205128205128,0.9069767441860465,103.49369747899159
PP05,2024-02-24,260.0,260.0,0.0,0,17,43,13,39,CARR-C,16380.0,2405.0,7310,26095.0,0.7692307692307693,0.9069767441860465,100.36538461538461
PP05,2024-03-02,261.0,261.0,0.0,0,17,43,13,43,CARR-C,16380.0,2414.25,7310,26104.25,0.772189349112426,1.0,100.01628352490421
PP05,2024-03-09,272.0,272.0,0.0,0,17,43,14,42,CARR-C,17640.0,2516.0,7310,27466.0,0.7472527472527473,0.9767441860465116,100.9779411764706
PP05,2024-03-16,260.0,260.0,0.0,0,17,43,14,39,CARR-C,17640.0,2405.0,7310,27355.0,0.7142857142857143,0.9069767441860465,105.21153846153847
PP05,2024-03-23,257.0,257.0,0.0,0,17,43,14,43,CARR-C,17640.0,2377.25,7310,27327.25,0.7060439560439561,1.0,106.33171206225681
PP05,2024-03-30,251.0,251.0,0.0,0,17,43,13,42,CARR-C,16380.0,2321.75,7310,26011.75,0.742603550295858,0.9767441860465116,103.63247011952191
PP05,2024-04-06,256.0,256.0,0.0,0,17,43,14,42,CARR-C,17640.0,2368.0,7310,27318.0,0.7032967032967034,0.9767441860465116,106.7109375
PP05,2024-04-13,250.0,250.0,0.0,0,17,43,14,41,CARR-C,17640.0,2312.5,7310,27262.5,0.6868131868131868,0.9534883720930233,109.05
PP05,2024-04-20,275.0,275.0,0.0,0,17,43,14,42,CARR-C,17640.0,2543.75,7310,27493.75,0.7554945054945055,0.9767441860465116,99.97727272727273
PP05,2024-04-27,266.0,266.0,0.0,0,17,43,14,42,CARR-C,17640.0,2460.5,7310,27410.5,0.7307692307692307,0.9767441860465116,103.046992481203
PP05,2024-05-04,273.0,273.0,0.0,0,17,43,14,43,CARR-C,17640.0,2525.25,7310,27475.25,0.75,1.0,100.64194139194139
PP05,2024-05-11,277.0,277.0,0.0,0,17,43,14,43,CARR-C,17640.0,2562.25,7310,27512.25,0.760989010989011,1.0,99.32220216606498
PP05,2024-05-18,284.0,284.0,0.0,0,17,43,14,41,CARR-C,17640.0,2627.0,7310,27577.0,0.7802197802197802,0.9534883720930233,97.10211267605634
PP05,2024-05-25,271.0,271.0,0.0,0,17,43,13,43,CARR-C,16380.0,2506.75,7310,26196.75,0.8017751479289941,1.0,96.66697416974169
PP05,2024-06-01,282.0,282.0,0.0,0,17,43,14,43,CARR-C,17640.0,2608.5,7310,27558.5,0.7747252747252747,1.0,97.72517730496453
PP05,2024-06-08,285.0,285.0,0.0,0,17,43,14,40,CARR-C,17640.0,2636.25,7310,27586.25,0.782967032967033,0.9302325581395349,96.79385964912281
PP05,2024-06-15,266.0,266.0,0.0,0,17,43,13,42,CARR-C,16380.0,2460.5,7310,26150.5,0.7869822485207101,0.9767441860465116,98.31015037593986
PP05,2024-06-22,263.0,263.0,0.0,0,17,43,14,43,CARR-C,17640.0,2432.75,7310,27382.75,0.7225274725274725,1.0,104.11692015209125
PP05,2024-06-29,268.0,268.0,0.0,0,17,43,14,41,CARR-C,17640.0,2479.0,7310,27429.0,0.7362637362637363,0.9534883720930233,102.34701492537313
PP05,2024-07-06,260.0,260.0,0.0,0,17,43,14,40,CARR-C,17640.0,2405.0,7310,27355.0,0.7142857142857143,0.9302325581395349,105.21153846153847
PP05,2024-07-13,267.0,267.0,0.0,0,17,43,13,43,CARR-C,16380.0,2469.75,7310,26159.75,0.7899408284023669,1.0,97.97659176029963
PP05,2024-07-20,276.0,276.0,0.0,0,17,43,14,43,CARR-C,17640.0,2553.0,7310,27503.0,0.7582417582417582,1.0,99.64855072463769
PP05,2024-07-27,273.0,273.0,0.0,0,17,43,14,41,CARR-C,17640.0,2525.25,7310,27475.25,0.75,0.9534883720930233,100.64194139194139
PP05,2024-08-03,280.0,280.0,0.0,0,17,43,14,43,CARR-C,17640.0,2590.0,7310,27540.0,0.7692307692307693,1.0,98.35714285714286
PP05,2024-08-10,274.0,274.0,0.0,0,17,43,14,41,CARR-C,17640.0,2534.5,7310,27484.5,0.7527472527472527,0.9534883720930233,100.30839416058394
PP05,2024-08-17,274.0,274.0,0.0,0,17,43,14,41,CARR-C,17640.0,2534.5,7310,27484.5,0.7527472527472527,0.9534883720930233,100.30839416058394
PP05,2024-08-24,279.0,279.0,0.0,0,17,43,14,38,CARR-C,17640.0,2580.75,7310,27530.75,0.7664835164835165,0.8837209302325582,98.67652329749104
PP05,2024-08-31,254.0,254.0,0.0,0,17,43,12,42,CARR-C,15120.0,2349.5,7310,24779.5,0.8141025641025641,0.9767441860465116,97.55708661417323
PP05,2024-09-07,254.0,254.0,0.0,0,17,43,13,43,CARR-C,16380.0,2349.5,7310,26039.5,0.7514792899408284,1.0,102.51771653543307
PP05,2024-09-14,238.0,238.0,0.0,0,17,43,11,42,CARR-C,13860.0,2201.5,7310,23371.5,0.8321678321678322,0.9767441860465116,98.19957983193277
PP05,2024-09-21,248.0,248.0,0.0,0,17,43,13,43,CARR-C,16380.0,2294.0,7310,25984.0,0.7337278106508875,1.0,104.7741935483871
PP05,2024-09-28,252.0,252.0,0.0,0,17,43,13,42,CARR-C,16380.0,2331.0,7310,26021.0,0.7455621301775148,0.9767441860465116,103.2579365079365
PP05,2024-10-05,267.0,267.0,0.0,0,17,43,14,42,CARR-C,17640.0,2469.75,7310,27419.75,0.7335164835164835,0.9767441860465116,102.69569288389513
PP05,2024-10-12,263.0,263.0,0.0,0,17,43,14,41,CARR-C,17640.0,2432.75,7310,27382.75,0.7225274725274725,0.9534883720930233,104.11692015209125
PP05,2024-10-19,275.0,275.0,0.0,0,17,43,14,43,CARR-C,17640.0,2543.75,7310,27493.75,0.7554945054945055,1.0,99.97727272727273
PP05,2024-10-26,300.0,300.0,0.0,0,17,43,15,42,CARR-C,18900.0,2775.0,7310,28985.0,0.7692307692307693,0.9767441860465116,96.61666666666666
PP05,2024-11-02,298.0,298.0,0.0,0,17,43,15,41,CARR-C,18900.0,2756.5,7310,28966.5,0.764102564102564,0.9534883720930233,97.20302013422818
PP05,2024-11-09,313.0,313.0,0.0,0,17,43,15,43,CARR-C,18900.0,2895.25,7310,29105.25,0.8025641025641026,1.0,92.98801916932908
PP05,2024-11-16,323.0,322.0,1.0,1,17,43,14,39,CARR-C,17640.0,2978.5,7310,27928.5,0.8846153846153846,0.9069767441860465,86.73447204968944
PP05,2024-11-23,360.0,358.0,3.0,2,17,43,16,41,CARR-C,20160.0,3311.5,7310,30781.5,0.8605769230769231,0.9534883720930233,85.98184357541899
PP05,2024-11-30,384.0,370.0,17.0,10,17,43,17,40,CARR-C,21420.0,3422.5,7310,32152.5,0.8371040723981901,0.9302325581395349,86.89864864864865
PP05,2024-12-07,428.0,380.0,65.0,13,17,43,19,39,CARR-C,23940.0,3515.0,7310,34765.0,0.7692307692307693,0.9069767441860465,91.48684210526316
PP05,2024-12-14,406.0,382.0,89.0,15,17,43,18,43,CARR-C,22680.0,3533.5,7310,33523.5,0.8162393162393162,1.0,87.75785340314137
PP05,2024-12-21,366.0,377.0,78.0,11,17,43,19,41,CARR-C,23940.0,3487.25,7310,34737.25,0.7631578947368421,0.9534883720930233,92.14124668435014
PP05,2024-12-28,311.0,358.0,31.0,7,17,43,18,43,CARR-C,22680.0,3311.5,7310,33301.5,0.7649572649572649,1.0,93.02094972067039
PP05,2025-01-04,266.0,295.0,2.0,1,17,43,14,41,CARR-C,17640.0,2728.75,7310,27678.75,0.8104395604395604,0.9534883720930233,93.82627118644068
PP05,2025-01-11,212.0,214.0,0.0,0,17,43,11,41,CARR-C,13860.0,1979.5,7310,23149.5,0.7482517482517482,0.9534883720930233,108.17523364485982
PP05,2025-01-18,221.0,221.0,0.0,0,17,43,11,43,CARR-C,13860.0,2044.25,7310,23214.25,0.7727272727272727,1.0,105.0418552036199
PP05,2025-01-25,231.0,231.0,0.0,0,17,43,12,39,CARR-C,15120.0,2136.75,7310,24566.75,0.7403846153846154,0.9069767441860465,106.3495670995671
PP05,2025-02-01,224.0,224.0,0.0,0,17,43,11,38,CARR-C,13860.0,2072.0,7310,23242.0,0.7832167832167832,0.8837209302325582,103.75892857142857
PP05,2025-02-08,253.0,253.0,0.0,0,17,43,13,39,CARR-C,16380.0,2340.25,7310,26030.25,0.7485207100591716,0.9069767441860465,102.88636363636364
PP05,2025-02-15,257.0,257.0,0.0,0,17,43,12,38,CARR-C,15120.0,2377.25,7310,24807.25,0.8237179487179487,0.8837209302325582,96.52626459143968
PP05,2025-02-22,256.0,256.0,0.0,0,17,43,13,41,CARR-C,16380.0,2368.0,7310,26058.0,0.757396449704142,0.9534883720930233,101.7890625
PP05,2025-03-01,259.0,259.0,0.0,0,17,43,13,41,CARR-C,16380.0,2395.75,7310,26085.75,0.7662721893491125,0.9534883720930233,100.71718146718146
PP05,2025-03-08,270.0,270.0,0.0,0,17,43,14,42,CARR-C,17640.0,2497.5,7310,27447.5,0.7417582417582418,0.9767441860465116,101.6574074074074
PP05,2025-03-15,258.0,258.0,0.0,0,17,43,13,42,CARR-C,16380.0,2386.5,7310,26076.5,0.7633136094674556,0.9767441860465116,101.07170542635659
PP05,2025-03-22,274.0,274.0,0.0,0,17,43,14,43,CARR-C,17640.0,2534.5,7310,27484.5,0.7527472527472527,1.0,100.30839416058394
PP05,2025-03-29,268.0,268.0,0.0,0,17,43,14,41,CARR-C,17640.0,2479.0,7310,27429.0,0.7362637362637363,0.9534883720930233,102.34701492537313
PP05,2025-04-05,268.0,268.0,0.0,0,17,43,13,43,CARR-C,16380.0,2479.0,7310,26169.0,0.7928994082840237,1.0,97.6455223880597
PP05,2025-04-12,276.0,276.0,0.0,0,17,43,14,43,CARR-C,17640.0,2553.0,7310,27503.0,0.7582417582417582,1.0,99.64855072463769
PP05,2025-04-19,298.0,298.0,0.0,0,17,43,14,42,CARR-C,17640.0,2756.5,7310,27706.5,0.8186813186813187,0.9767441860465116,92.9748322147651
PP05,2025-04-26,284.0,284.0,0.0,0,17,43,14,43,CARR-C,17640.0,2627.0,7310,27577.0,0.7802197802197802,1.0,97.10211267605634
PP05,2025-05-03,280.0,280.0,0.0,0,17,43,14,42,CARR-C,17640.0,2590.0,7310,27540.0,0.7692307692307693,0.9767441860465116,98.35714285714286
PP05,2025-05-10,287.0,287.0,0.0,0,17,43,15,43,CARR-C,18900.0,2654.75,7310,28864.75,0.735897435897436,1.0,100.57404181184668
PP05,2025-05-17,292.0,292.0,0.0,0,17,43,14,43,CARR-C,17640.0,2701.0,7310,27651.0,0.8021978021978022,1.0,94.69520547945206
PP05,2025-05-24,286.0,286.0,0.0,0,17,43,14,42,CARR-C,17640.0,2645.5,7310,27595.5,0.7857142857142857,0.9767441860465116,96.48776223776224
PP05,2025-05-31,280.0,280.0,0.0,0,17,43,14,42,CARR-C,17640.0,2590.0,7310,27540.0,0.7692307692307693,0.9767441860465116,98.35714285714286
PP05,2025-06-07,290.0,290.0,0.0,0,17,43,14,42,CARR-C,17640.0,2682.5,7310,27632.5,0.7967032967032966,0.9767441860465116,95.28448275862068
PP05,2025-06-14,281.0,281.0,0.0,0,17,43,14,42,CARR-C,17640.0,2599.25,7310,27549.25,0.771978021978022,0.9767441860465116,98.04003558718861
PP05,2025-06-21,289.0,289.0,0.0,0,17,43,14,42,CARR-C,17640.0,2673.25,7310,27623.25,0.7939560439560439,0.9767441860465116,95.58217993079585
PP05,2025-06-28,282.0,282.0,0.0,0,17,43,14,42,CARR-C,17640.0,2608.5,7310,27558.5,0.7747252747252747,0.9767441860465116,97.72517730496453
PP05,2025-07-05,294.0,294.0,0.0,0,17,43,14,43,CARR-C,17640.0,2719.5,7310,27669.5,0.8076923076923077,1.0,94.1139455782313
PP05,2025-07-12,298.0,298.0,0.0,0,17,43,15,40,CARR-C,18900.0,2756.5,7310,28966.5,0.764102564102564,0.9302325581395349,97.20302013422818
PP05,2025-07-19,290.0,290.0,0.0,0,17,43,14,43,CARR-C,17640.0,2682.5,7310,27632.5,0.7967032967032966,1.0,95.28448275862068
PP05,2025-07-26,302.0,302.0,0.0,0,17,43,15,42,CARR-C,18900.0,2793.5,7310,29003.5,0.7743589743589744,0.9767441860465116,96.03807947019868
PP05,2025-08-02,301.0,301.0,0.0,0,17,43,14,43,CARR-C,17640.0,2784.25,7310,27734.25,0.8269230769230769,1.0,92.14036544850498
PP05,2025-08-09,303.0,303.0,0.0,0,17,43,15,41,CARR-C,18900.0,2802.75,7310,29012.75,0.7769230769230769,0.9534883720930233,95.7516501650165
PP05,2025-08-16,307.0,306.0,1.0,1,17,43,15,43,CARR-C,18900.0,2830.5,7310,29040.5,0.7846153846153846,1.0,94.90359477124183
PP05,2025-08-23,291.0,292.0,0.0,0,17,43,15,42,CARR-C,18900.0,2701.0,7310,28911.0,0.7487179487179487,0.9767441860465116,99.01027397260275
PP05,2025-08-30,278.0,278.0,0.0,0,17,43,14,43,CARR-C,17640.0,2571.5,7310,27521.5,0.7637362637362637,1.0,98.99820143884892
PP05,2025-09-06,277.0,277.0,0.0,0,17,43,14,39,CARR-C,17640.0,2562.25,7310,27512.25,0.760989010989011,0.9069767441860465,99.32220216606498
PP05,2025-09-13,263.0,263.0,0.0,0,17,43,13,42,CARR-C,16380.0,2432.75,7310,26122.75,0.7781065088757396,0.9767441860465116,99.32604562737643
PP05,2025-09-20,273.0,273.0,0.0,0,17,43,14,42,CARR-C,17640.0,2525.25,7310,27475.25,0.75,0.9767441860465116,100.64194139194139
PP05,2025-09-27,266.0,266.0,0.0,0,17,43,13,42,CARR-C,16380.0,2460.5,7310,26150.5,0.7869822485207101,0.9767441860465116,98.31015037593986
PP05,2025-10-04,269.0,269.0,0.0,0,17,43,13,42,CARR-C,16380.0,2488.25,7310,26178.25,0.7958579881656804,0.9767441860465116,97.31691449814126
PP05,2025-10-11,282.0,282.0,0.0,0,17,43,14,43,CARR-C,17640.0,2608.5,7310,27558.5,0.7747252747252747,1.0,97.72517730496453
PP05,2025-10-18,292.0,292.0,0.0,0,17,43,14,41,CARR-C,17640.0,2701.0,7310,27651.0,0.8021978021978022,0.9534883720930233,94.69520547945206
PP05,2025-10-25,299.0,299.0,0.0,0,17,43,15,42,CARR-C,18900.0,2765.75,7310,28975.75,0.7666666666666667,0.9767441860465116,96.90886287625418
PP05,2025-11-01,320.0,319.0,1.0,1,17,43,15,40,CARR-C,18900.0,2950.75,7310,29160.75,0.8179487179487179,0.9302325581395349,91.41300940438872
PP05,2025-11-08,327.0,328.0,0.0,0,17,43,16,43,CARR-C,20160.0,3034.0,7310,30504.0,0.7884615384615384,1.0,93.0
PP05,2025-11-15,364.0,358.0,6.0,3,17,43,17,41,CARR-C,21420.0,3311.5,7310,32041.5,0.8099547511312217,0.9534883720930233,89.50139664804469
PP05,2025-11-22,365.0,362.0,9.0,2,17,43,16,43,CARR-C,20160.0,3348.5,7310,30818.5,0.8701923076923077,1.0,85.13397790055248
PP05,2025-11-29,401.0,373.0,37.0,10,17,43,17,40,CARR-C,21420.0,3450.25,7310,32180.25,0.8438914027149321,0.9302325581395349,86.27412868632707
PP05,2025-12-06,429.0,383.0,83.0,16,17,43,18,41,CARR-C,22680.0,3542.75,7310,33532.75,0.8183760683760684,0.9534883720930233,87.55287206266318
PP05,2025-12-13,484.0,383.0,184.0,17,17,43,19,41,CARR-C,23940.0,3542.75,7310,34792.75,0.7753036437246964,0.9534883720930233,90.84268929503916
PP05,2025-12-20,411.0,383.0,212.0,17,17,43,19,42,CARR-C,23940.0,3542.75,7310,34792.75,0.7753036437246964,0.9767441860465116,90.84268929503916
PP05,2025-12-27,353.0,382.0,183.0,16,17,43,19,41,CARR-C,23940.0,3533.5,7310,34783.5,0.7732793522267206,0.9534883720930233,91.05628272251309
PP05,2026-01-03,276.0,361.0,98.0,9,17,43,18,39,CARR-C,22680.0,3339.25,7310,33329.25,0.7713675213675214,0.9069767441860465,92.32479224376732
PP05,2026-01-10,243.0,294.0,47.0,4,17,43,15,40,CARR-C,18900.0,2719.5,7310,28929.5,0.7538461538461538,0.9302325581395349,98.39965986394557
PP05,2026-01-17,227.0,264.0,10.0,3,17,43,14,40,CARR-C,17640.0,2442.0,7310,27392.0,0.7252747252747253,0.9302325581395349,103.75757575757575
PP05,2026-01-24,244.0,254.0,0.0,0,17,43,13,41,CARR-C,16380.0,2349.5,7310,26039.5,0.7514792899408284,0.9534883720930233,102.51771653543307
PP05,2026-01-31,252.0,252.0,0.0,0,17,43,13,40,CARR-C,16380.0,2331.0,7310,26021.0,0.7455621301775148,0.9302325581395349,103.2579365079365
PP05,2026-02-07,261.0,261.0,0.0,0,17,43,13,40,CARR-C,16380.0,2414.25,7310,26104.25,0.772189349112426,0.9302325581395349,100.01628352490421
PP05,2026-02-14,264.0,264.0,0.0,0,17,43,14,42,CARR-C,17640.0,2442.0,7310,27392.0,0.7252747252747253,0.9767441860465116,103.75757575757575
PP05,2026-02-21,277.0,277.0,0.0,0,17,43,14,40,CARR-C,17640.0,2562.25,7310,27512.25,0.760989010989011,0.9302325581395349,99.32220216606498
PP05,2026-02-28,270.0,270.0,0.0,0,17,43,14,38,CARR-C,17640.0,2497.5,7310,27447.5,0.7417582417582418,0.8837209302325582,101.6574074074074
PP05,2026-03-07,285.0,285.0,0.0,0,17,43,15,41,CARR-C,18900.0,2636.25,7310,28846.25,0.7307692307692307,0.9534883720930233,101.21491228070175
PP05,2026-03-14,282.0,282.0,0.0,0,17,43,14,42,CARR-C,17640.0,2608.5,7310,27558.5,0.7747252747252747,0.9767441860465116,97.72517730496453
PP05,2026-03-21,286.0,286.0,0.0,0,17,43,14,43,CARR-C,17640.0,2645.5,7310,27595.5,0.7857142857142857,1.0,96.48776223776224
PP05,2026-03-28,282.0,282.0,0.0,0,17,43,14,42,CARR-C,17640.0,2608.5,7310,27558.5,0.7747252747252747,0.9767441860465116,97.72517730496453
PP05,2026-04-04,290.0,290.0,0.0,0,17,43,14,43,CARR-C,17640.0,2682.5,7310,27632.5,0.7967032967032966,1.0,95.28448275862068
PP05,2026-04-11,282.0,282.0,0.0,0,17,43,14,43,CARR-C,17640.0,2608.5,7310,27558.5,0.7747252747252747,1.0,97.72517730496453
PP05,2026-04-18,275.0,275.0,0.0,0,17,43,14,43,CARR-C,17640.0,2543.75,7310,27493.75,0.7554945054945055,1.0,99.97727272727273
PP05,2026-04-25,303.0,303.0,0.0,0,17,43,14,41,CARR-C,17640.0,2802.75,7310,27752.75,0.8324175824175825,0.9534883720930233,91.59323432343234
PP05,2026-05-02,314.0,313.0,1.0,1,17,43,15,39,CARR-C,18900.0,2895.25,7310,29105.25,0.8025641025641026,0.9069767441860465,92.98801916932908
PP05,2026-05-09,309.0,310.0,0.0,0,17,43,15,42,CARR-C,18900.0,2867.5,7310,29077.5,0.7948717948717948,0.9767441860465116,93.79838709677419
PP05,2026-05-16,319.0,319.0,0.0,0,17,43,15,43,CARR-C,18900.0,2950.75,7310,29160.75,0.8179487179487179,1.0,91.41300940438872
PP05,2026-05-23,311.0,311.0,0.0,0,17,43,15,42,CARR-C,18900.0,2876.75,7310,29086.75,0.7974358974358975,0.9767441860465116,93.52652733118971
PP05,2026-05-30,316.0,316.0,0.0,0,17,43,15,43,CARR-C,18900.0,2923.0,7310,29133.0,0.8102564102564103,1.0,92.19303797468355
PP05,2026-06-06,303.0,303.0,0.0,0,17,43,15,42,CARR-C,18900.0,2802.75,7310,29012.75,0.7769230769230769,0.9767441860465116,95.7516501650165
PP05,2026-06-13,282.0,282.0,0.0,0,17,43,14,40,CARR-C,17640.0,2608.5,7310,27558.5,0.7747252747252747,0.9302325581395349,97.72517730496453
PP05,2026-06-20,281.0,281.0,0.0,0,17,43,14,43,CARR-C,17640.0,2599.25,7310,27549.25,0.771978021978022,1.0,98.04003558718861
PP05,2026-06-27,299.0,299.0,0.0,0,17,43,14,43,CARR-C,17640.0,2765.75,7310,27715.75,0.8214285714285714,1.0,92.6948160535117
PP05,2026-07-04,293.0,293.0,0.0,0,17,43,14,42,CARR-C,17640.0,2710.25,7310,27660.25,0.804945054945055,0.9767441860465116,94.40358361774744
PP05,2026-07-11,298.0,298.0,0.0,0,17,43,14,42,CARR-C,17640.0,2756.5,7310,27706.5,0.8186813186813187,0.9767441860465116,92.9748322147651
PP05,2026-07-18,293.0,293.0,0.0,0,17,43,14,42,CARR-C,17640.0,2710.25,7310,27660.25,0.804945054945055,0.9767441860465116,94.40358361774744
PP05,2026-07-25,298.0,298.0,0.0,0,17,43,15,43,CARR-C,18900.0,2756.5,7310,28966.5,0.764102564102564,1.0,97.20302013422818
PP06,2022-08-06,238.0,238.0,0.0,0,17,38,13,35,CARR-D,7790.25,2320.5,6650,16760.75,0.7041420118343196,0.9210526315789473,70.4233193277311
PP06,2022-08-13,241.0,241.0,0.0,0,17,38,13,36,CARR-D,7790.25,2349.75,6650,16790.0,0.7130177514792899,0.9473684210526315,69.66804979253112
PP06,2022-08-20,240.0,240.0,0.0,0,17,38,12,37,CARR-D,7191.0,2340.0,6650,16181.0,0.7692307692307693,0.9736842105263158,67.42083333333333
PP06,2022-08-27,221.0,221.0,0.0,0,17,38,12,38,CARR-D,7191.0,2154.75,6650,15995.75,0.7083333333333334,1.0,72.3789592760181
PP06,2022-09-03,229.0,229.0,0.0,0,17,38,12,34,CARR-D,7191.0,2232.75,6650,16073.75,0.7339743589743589,0.8947368421052632,70.1910480349345
PP06,2022-09-10,213.0,213.0,0.0,0,17,38,11,35,CARR-D,6591.75,2076.75,6650,15318.5,0.7447552447552448,0.9210526315789473,71.91784037558685
PP06,2022-09-17,221.0,221.0,0.0,0,17,38,11,38,CARR-D,6591.75,2154.75,6650,15396.5,0.7727272727272727,1.0,69.66742081447964
PP06,2022-09-24,228.0,228.0,0.0,0,17,38,12,37,CARR-D,7191.0,2223.0,6650,16064.0,0.7307692307692307,0.9736842105263158,70.45614035087719
PP06,2022-10-01,222.0,222.0,0.0,0,17,38,12,37,CARR-D,7191.0,2164.5,6650,16005.5,0.7115384615384616,0.9736842105263158,72.09684684684684
PP06,2022-10-08,232.0,232.0,0.0,0,17,38,13,36,CARR-D,7790.25,2262.0,6650,16702.25,0.6863905325443787,0.9473684210526315,71.99245689655173
PP06,2022-10-15,222.0,222.0,0.0,0,17,38,11,37,CARR-D,6591.75,2164.5,6650,15406.25,0.7762237762237763,0.9736842105263158,69.39752252252252
PP06,2022-10-22,246.0,246.0,0.0,0,17,38,13,37,CARR-D,7790.25,2398.5,6650,16838.75,0.727810650887574,0.9736842105263158,68.45020325203252
PP06,2022-10-29,244.0,244.0,0.0,0,17,38,13,36,CARR-D,7790.25,2379.0,6650,16819.25,0.7218934911242604,0.9473684210526315,68.9313524590164
PP06,2022-11-05,263.0,263.0,0.0,0,17,38,13,34,CARR-D,7790.25,2564.25,6650,17004.5,0.7781065088757396,0.8947368421052632,64.65589353612167
PP06,2022-11-12,250.0,250.0,0.0,0,17,38,14,34,CARR-D,8389.5,2437.5,6650,17477.0,0.6868131868131868,0.8947368421052632,69.908
PP06,2022-11-19,284.0,280.0,4.0,2,17,38,15,37,CARR-D,8988.75,2730.0,6650,18368.75,0.717948717948718,0.9736842105263158,65.60267857142857
PP06,2022-11-26,303.0,303.0,4.0,2,17,38,15,36,CARR-D,8988.75,2954.25,6650,18593.0,0.7769230769230769,0.9473684210526315,61.363036303630366
PP06,2022-12-03,345.0,329.0,20.0,7,17,38,15,36,CARR-D,8988.75,3207.75,6650,18846.5,0.8435897435897436,0.9473684210526315,57.28419452887538
PP06,2022-12-10,358.0,339.0,39.0,9,17,38,15,38,CARR-D,8988.75,3305.25,6650,18944.0,0.8692307692307693,1.0,55.882005899705014
PP06,2022-12-17,340.0,335.0,44.0,10,17,38,16,36,CARR-D,9588.0,3266.25,6650,19504.25,0.8052884615384616,0.9473684210526315,58.221641791044775
PP06,2022-12-24,294.0,322.0,16.0,6,17,38,15,37,CARR-D,8988.75,3139.5,6650,18778.25,0.8256410256410256,0.9736842105263158,58.317546583850934
PP06,2022-12-31,243.0,259.0,0.0,0,17,38,13,35,CARR-D,7790.25,2525.25,6650,16965.5,0.7662721893491125,0.9210526315789473,65.503861003861
PP06,2023-01-07,212.0,212.0,0.0,0,17,38,11,38,CARR-D,6591.75,2067.0,6650,15308.75,0.7412587412587412,1.0,72.21108490566037
PP06,2023-01-14,175.0,175.0,0.0,0,17,38,9,35,CARR-D,5393.25,1706.25,6650,13749.5,0.7478632478632479,0.9210526315789473,78.56857142857143
PP06,2023-01-21,186.0,186.0,0.0,0,17,38,10,34,CARR-D,5992.5,1813.5,6650,14456.0,0.7153846153846154,0.8947368421052632,77.72043010752688
PP06,2023-01-28,195.0,195.0,0.0,0,17,38,10,35,CARR-D,5992.5,1901.25,6650,14543.75,0.75,0.9210526315789473,74.58333333333333
PP06,2023-02-04,211.0,211.0,0.0,0,17,38,11,36,CARR-D,6591.75,2057.25,6650,15299.0,0.7377622377622378,0.9473684210526315,72.50710900473933
PP06,2023-02-11,218.0,218.0,0.0,0,17,38,11,35,CARR-D,6591.75,2125.5,6650,15367.25,0.7622377622377622,0.9210526315789473,70.49197247706422
PP06,2023-02-18,215.0,215.0,0.0,0,17,38,12,36,CARR-D,7191.0,2096.25,6650,15937.25,0.6891025641025641,0.9473684210526315,74.12674418604651
PP06,2023-02-25,204.0,204.0,0.0,0,17,38,10,35,CARR-D,5992.5,1989.0,6650,14631.5,0.7846153846153846,0.9210526315789473,71.72303921568627
PP06,2023-03-04,229.0,229.0,0.0,0,17,38,13,37,CARR-D,7790.25,2232.75,6650,16673.0,0.6775147928994083,0.9736842105263158,72.80786026200873
PP06,2023-03-11,222.0,222.0,0.0,0,17,38,12,36,CARR-D,7191.0,2164.5,6650,16005.5,0.7115384615384616,0.9473684210526315,72.09684684684684
PP06,2023-03-18,234.0,234.0,0.0,0,17,38,12,36,CARR-D,7191.0,2281.5,6650,16122.5,0.75,0.9473684210526315,68.89957264957265
PP06,2023-03-25,228.0,228.0,0.0,0,17,38,12,37,CARR-D,7191.0,2223.0,6650,16064.0,0.7307692307692307,0.9736842105263158,70.45614035087719
PP06,2023-04-01,228.0,228.0,0.0,0,17,38,12,38,CARR-D,7191.0,2223.0,6650,16064.0,0.7307692307692307,1.0,70.45614035087719
PP06,2023-04-08,233.0,233.0,0.0,0,17,38,12,38,CARR-D,7191.0,2271.75,6650,16112.75,0.7467948717948718,1.0,69.15343347639485
PP06,2023-04-15,232.0,232.0,0.0,0,17,38,11,36,CARR-D,6591.75,2262.0,6650,15503.75,0.8111888111888111,0.9473684210526315,66.82650862068965
PP06,2023-04-22,243.0,243.0,0.0,0,17,38,12,38,CARR-D,7191.0,2369.25,6650,16210.25,0.7788461538461539,1.0,66.70884773662551
PP06,2023-04-29,227.0,227.0,0.0,0,17,38,12,36,CARR-D,7191.0,2213.25,6650,16054.25,0.7275641025641025,0.9473684210526315,70.72356828193833
PP06,2023-05-06,245.0,245.0,0.0,0,17,38,13,35,CARR-D,7790.25,2388.75,6650,16829.0,0.7248520710059172,0.9210526315789473,68.68979591836735
PP06,2023-05-13,240.0,240.0,0.0,0,17,38,13,34,CARR-D,7790.25,2340.0,6650,16780.25,0.7100591715976331,0.8947368421052632,69.91770833333334
PP06,2023-05-20,245.0,245.0,0.0,0,17,38,12,36,CARR-D,7191.0,2388.75,6650,16229.75,0.7852564102564102,0.9473684210526315,66.2438775510204
PP06,2023-05-27,238.0,238.0,0.0,0,17,38,13,31,CARR-D,7790.25,2320.5,6650,16760.75,0.7041420118343196,0.8157894736842105,70.4233193277311
PP06,2023-06-03,230.0,230.0,0.0,0,17,38,11,36,CARR-D,6591.75,2242.5,6650,15484.25,0.8041958041958042,0.9473684210526315,67.32282608695652
PP06,2023-06-10,236.0,236.0,0.0,0,17,38,12,38,CARR-D,7191.0,2301.0,6650,16142.0,0.7564102564102564,1.0,68.39830508474576
PP06,2023-06-17,238.0,238.0,0.0,0,17,38,13,38,CARR-D,7790.25,2320.5,6650,16760.75,0.7041420118343196,1.0,70.4233193277311
PP06,2023-06-24,236.0,236.0,0.0,0,17,38,11,36,CARR-D,6591.75,2301.0,6650,15542.75,0.8251748251748252,0.9473684210526315,65.85911016949153
PP06,2023-07-01,225.0,225.0,0.0,0,17,38,11,36,CARR-D,6591.75,2193.75,6650,15435.5,0.7867132867132867,0.9473684210526315,68.60222222222222
PP06,2023-07-08,231.0,231.0,0.0,0,17,38,12,38,CARR-D,7191.0,2252.25,6650,16093.25,0.7403846153846154,1.0,69.66774891774892
PP06,2023-07-15,232.0,232.0,0.0,0,17,38,13,33,CARR-D,7790.25,2262.0,6650,16702.25,0.6863905325443787,0.868421052631579,71.99245689655173
PP06,2023-07-22,240.0,240.0,0.0,0,17,38,12,37,CARR-D,7191.0,2340.0,6650,16181.0,0.7692307692307693,0.9736842105263158,67.42083333333333
PP06,2023-07-29,242.0,242.0,0.0,0,17,38,12,38,CARR-D,7191.0,2359.5,6650,16200.5,0.7756410256410257,1.0,66.94421487603306
PP06,2023-08-05,239.0,239.0,0.0,0,17,38,12,37,CARR-D,7191.0,2330.25,6650,16171.25,0.7660256410256411,0.9736842105263158,67.66213389121339
PP06,2023-08-12,253.0,253.0,0.0,0,17,38,13,37,CARR-D,7790.25,2466.75,6650,16907.0,0.7485207100591716,0.9736842105263158,66.82608695652173
PP06,2023-08-19,239.0,239.0,0.0,0,17,38,13,37,CARR-D,7790.25,2330.25,6650,16770.5,0.7071005917159763,0.9736842105263158,70.16945606694561
PP06,2023-08-26,238.0,238.0,0.0,0,17,38,13,37,CARR-D,7790.25,2320.5,6650,16760.75,0.7041420118343196,0.9736842105263158,70.4233193277311
PP06,2023-09-02,232.0,232.0,0.0,0,17,38,11,36,CARR-D,6591.75,2262.0,6650,15503.75,0.8111888111888111,0.9473684210526315,66.82650862068965
PP06,2023-09-09,235.0,235.0,0.0,0,17,38,13,35,CARR-D,7790.25,2291.25,6650,16731.5,0.6952662721893491,0.9210526315789473,71.19787234042553
PP06,2023-09-16,221.0,221.0,0.0,0,17,38,11,36,CARR-D,6591.75,2154.75,6650,15396.5,0.7727272727272727,0.9473684210526315,69.66742081447964
PP06,2023-09-23,228.0,228.0,0.0,0,17,38,11,35,CARR-D,6591.75,2223.0,6650,15464.75,0.7972027972027972,0.9210526315789473,67.82785087719299
PP06,2023-09-30,217.0,217.0,0.0,0,17,38,11,36,CARR-D,6591.75,2115.75,6650,15357.5,0.7587412587412588,0.9473684210526315,70.77188940092167
PP06,2023-10-07,222.0,222.0,0.0,0,17,38,12,33,CARR-D,7191.0,2164.5,6650,16005.5,0.7115384615384616,0.868421052631579,72.09684684684684
PP06,2023-10-14,222.0,222.0,0.0,0,17,38,13,37,CARR-D,7790.25,2164.5,6650,16604.75,0.6568047337278107,0.9736842105263158,74.79617117117117
PP06,2023-10-21,237.0,237.0,0.0,0,17,38,12,35,CARR-D,7191.0,2310.75,6650,16151.75,0.7596153846153846,0.9210526315789473,68.15084388185655
PP06,2023-10-28,247.0,247.0,0.0,0,17,38,12,34,CARR-D,7191.0,2408.25,6650,16249.25,0.7916666666666666,0.8947368421052632,65.78643724696356
PP06,2023-11-04,259.0,259.0,0.0,0,17,38,13,37,CARR-D,7790.25,2525.25,6650,16965.5,0.7662721893491125,0.9736842105263158,65.503861003861
PP06,2023-11-11,270.0,270.0,0.0,0,17,38,14,36,CARR-D,8389.5,2632.5,6650,17672.0,0.7417582417582418,0.9473684210526315,65.45185185185186
PP06,2023-11-18,294.0,294.0,0.0,0,17,38,15,35,CARR-D,8988.75,2866.5,6650,18505.25,0.7538461538461538,0.9210526315789473,62.94302721088435
PP06,2023-11-25,315.0,308.0,7.0,3,17,38,15,37,CARR-D,8988.75,3003.0,6650,18641.75,0.7897435897435897,0.9736842105263158,60.52516233766234
PP06,2023-12-02,339.0,330.0,16.0,7,17,38,15,32,CARR-D,8988.75,3217.5,6650,18856.25,0.8461538461538461,0.8421052631578947,57.140151515151516
PP06,2023-12-09,358.0,339.0,35.0,13,17,38,16,37,CARR-D,9588.0,3305.25,6650,19543.25,0.8149038461538461,0.9736842105263158,57.649705014749266
PP06,2023-12-16,348.0,340.0,43.0,10,17,38,16,36,CARR-D,9588.0,3315.0,6650,19553.0,0.8173076923076923,0.9473684210526315,57.508823529411764
PP06,2023-12-23,319.0,328.0,34.0,10,17,38,16,36,CARR-D,9588.0,3198.0,6650,19436.0,0.7884615384615384,0.9473684210526315,59.25609756097561
PP06,2023-12-30,258.0,287.0,5.0,2,17,38,15,34,CARR-D,8988.75,2798.25,6650,18437.0,0.735897435897436,0.8947368421052632,64.2404181184669
PP06,2024-01-06,219.0,224.0,0.0,0,17,38,12,37,CARR-D,7191.0,2184.0,6650,16025.0,0.717948717948718,0.9736842105263158,71.54017857142857
PP06,2024-01-13,178.0,178.0,0.0,0,17,38,10,37,CARR-D,5992.5,1735.5,6650,14378.0,0.6846153846153846,0.9736842105263158,80.7752808988764
PP06,2024-01-20,193.0,193.0,0.0,0,17,38,11,37,CARR-D,6591.75,1881.75,6650,15123.5,0.6748251748251748,0.9736842105263158,78.360103626943
PP06,2024-01-27,205.0,205.0,0.0,0,17,38,10,36,CARR-D,5992.5,1998.75,6650,14641.25,0.7884615384615384,0.9473684210526315,71.42073170731707
PP06,2024-02-03,210.0,210.0,0.0,0,17,38,10,36,CARR-D,5992.5,2047.5,6650,14690.0,0.8076923076923077,0.9473684210526315,69.95238095238095
PP06,2024-02-10,219.0,219.0,0.0,0,17,38,11,36,CARR-D,6591.75,2135.25,6650,15377.0,0.7657342657342657,0.9473684210526315,70.21461187214612
PP06,2024-02-17,221.0,221.0,0.0,0,17,38,12,37,CARR-D,7191.0,2154.75,6650,15995.75,0.7083333333333334,0.9736842105263158,72.3789592760181
PP06,2024-02-24,223.0,223.0,0.0,0,17,38,12,36,CARR-D,7191.0,2174.25,6650,16015.25,0.7147435897435898,0.9473684210526315,71.81726457399103
PP06,2024-03-02,231.0,231.0,0.0,0,17,38,11,35,CARR-D,6591.75,2252.25,6650,15494.0,0.8076923076923077,0.9210526315789473,67.07359307359307
PP06,2024-03-09,241.0,241.0,0.0,0,17,38,12,38,CARR-D,7191.0,2349.75,6650,16190.75,0.7724358974358975,1.0,67.18153526970954
PP06,2024-03-16,231.0,231.0,0.0,0,17,38,11,37,CARR-D,6591.75,2252.25,6650,15494.0,0.8076923076923077,0.9736842105263158,67.07359307359307
PP06,2024-03-23,223.0,223.0,0.0,0,17,38,11,36,CARR-D,6591.75,2174.25,6650,15416.0,0.7797202797202797,0.9473684210526315,69.13004484304933
PP06,2024-03-30,235.0,235.0,0.0,0,17,38,13,36,CARR-D,7790.25,2291.25,6650,16731.5,0.6952662721893491,0.9473684210526315,71.19787234042553
PP06,2024-04-06,238.0,238.0,0.0,0,17,38,12,35,CARR-D,7191.0,2320.5,6650,16161.5,0.7628205128205128,0.9210526315789473,67.90546218487395
PP06,2024-04-13,219.0,219.0,0.0,0,17,38,12,38,CARR-D,7191.0,2135.25,6650,15976.25,0.7019230769230769,1.0,72.95091324200914
PP06,2024-04-20,237.0,237.0,0.0,0,17,38,13,36,CARR-D,7790.25,2310.75,6650,16751.0,0.7011834319526628,0.9473684210526315,70.67932489451476
PP06,2024-04-27,242.0,242.0,0.0,0,17,38,13,37,CARR-D,7790.25,2359.5,6650,16799.75,0.7159763313609467,0.9736842105263158,69.42045454545455
PP06,2024-05-04,251.0,251.0,0.0,0,17,38,13,33,CARR-D,7790.25,2447.25,6650,16887.5,0.742603550295858,0.868421052631579,67.2808764940239
PP06,2024-05-11,250.0,250.0,0.0,0,17,38,13,38,CARR-D,7790.25,2437.5,6650,16877.75,0.7396449704142012,1.0,67.511
PP06,2024-05-18,264.0,264.0,0.0,0,17,38,14,36,CARR-D,8389.5,2574.0,6650,17613.5,0.7252747252747253,0.9473684210526315,66.71780303030303
PP06,2024-05-25,250.0,250.0,0.0,0,17,38,13,37,CARR-D,7790.25,2437.5,6650,16877.75,0.7396449704142012,0.9736842105263158,67.511
PP06,2024-06-01,253.0,253.0,0.0,0,17,38,13,36,CARR-D,7790.25,2466.75,6650,16907.0,0.7485207100591716,0.9473684210526315,66.82608695652173
PP06,2024-06-08,246.0,246.0,0.0,0,17,38,13,36,CARR-D,7790.25,2398.5,6650,16838.75,0.727810650887574,0.9473684210526315,68.45020325203252
PP06,2024-06-15,242.0,242.0,0.0,0,17,38,12,36,CARR-D,7191.0,2359.5,6650,16200.5,0.7756410256410257,0.9473684210526315,66.94421487603306
PP06,2024-06-22,241.0,241.0,0.0,0,17,38,13,36,CARR-D,7790.25,2349.75,6650,16790.0,0.7130177514792899,0.9473684210526315,69.66804979253112
PP06,2024-06-29,243.0,243.0,0.0,0,17,38,13,37,CARR-D,7790.25,2369.25,6650,16809.5,0.7189349112426036,0.9736842105263158,69.17489711934157
PP06,2024-07-06,244.0,244.0,0.0,0,17,38,13,36,CARR-D,7790.25,2379.0,6650,16819.25,0.7218934911242604,0.9473684210526315,68.9313524590164
PP06,2024-07-13,238.0,238.0,0.0,0,17,38,12,38,CARR-D,7191.0,2320.5,6650,16161.5,0.7628205128205128,1.0,67.90546218487395
PP06,2024-07-20,244.0,244.0,0.0,0,17,38,13,35,CARR-D,7790.25,2379.0,6650,16819.25,0.7218934911242604,0.9210526315789473,68.9313524590164
PP06,2024-07-27,241.0,241.0,0.0,0,17,38,13,36,CARR-D,7790.25,2349.75,6650,16790.0,0.7130177514792899,0.9473684210526315,69.66804979253112
PP06,2024-08-03,238.0,238.0,0.0,0,17,38,13,36,CARR-D,7790.25,2320.5,6650,16760.75,0.7041420118343196,0.9473684210526315,70.4233193277311
PP06,2024-08-10,246.0,246.0,0.0,0,17,38,12,35,CARR-D,7191.0,2398.5,6650,16239.5,0.7884615384615384,0.9210526315789473,66.01422764227642
PP06,2024-08-17,255.0,255.0,0.0,0,17,38,13,35,CARR-D,7790.25,2486.25,6650,16926.5,0.7544378698224852,0.9210526315789473,66.37843137254902
PP06,2024-08-24,236.0,236.0,0.0,0,17,38,13,37,CARR-D,7790.25,2301.0,6650,16741.25,0.6982248520710059,0.9736842105263158,70.9375
PP06,2024-08-31,232.0,232.0,0.0,0,17,38,13,38,CARR-D,7790.25,2262.0,6650,16702.25,0.6863905325443787,1.0,71.99245689655173
PP06,2024-09-07,222.0,222.0,0.0,0,17,38,12,35,CARR-D,7191.0,2164.5,6650,16005.5,0.7115384615384616,0.9210526315789473,72.09684684684684
PP06,2024-09-14,220.0,220.0,0.0,0,17,38,12,38,CARR-D,7191.0,2145.0,6650,15986.0,0.7051282051282052,1.0,72.66363636363636
PP06,2024-09-21,226.0,226.0,0.0,0,17,38,12,36,CARR-D,7191.0,2203.5,6650,16044.5,0.7243589743589743,0.9473684210526315,70.9933628318584
PP06,2024-09-28,235.0,235.0,0.0,0,17,38,12,36,CARR-D,7191.0,2291.25,6650,16132.25,0.7532051282051282,0.9473684210526315,68.64787234042554
PP06,2024-10-05,230.0,230.0,0.0,0,17,38,12,38,CARR-D,7191.0,2242.5,6650,16083.5,0.7371794871794872,1.0,69.92826086956522
PP06,2024-10-12,241.0,241.0,0.0,0,17,38,13,34,CARR-D,7790.25,2349.75,6650,16790.0,0.7130177514792899,0.8947368421052632,69.66804979253112
PP06,2024-10-19,245.0,245.0,0.0,0,17,38,13,36,CARR-D,7790.25,2388.75,6650,16829.0,0.7248520710059172,0.9473684210526315,68.68979591836735
PP06,2024-10-26,249.0,249.0,0.0,0,17,38,12,34,CARR-D,7191.0,2427.75,6650,16268.75,0.7980769230769231,0.8947368421052632,65.3363453815261
PP06,2024-11-02,267.0,267.0,0.0,0,17,38,13,38,CARR-D,7790.25,2603.25,6650,17043.5,0.7899408284023669,1.0,63.833333333333336
PP06,2024-11-09,279.0,279.0,0.0,0,17,38,14,36,CARR-D,8389.5,2720.25,6650,17759.75,0.7664835164835165,0.9473684210526315,63.65501792114696
PP06,2024-11-16,288.0,288.0,0.0,0,17,38,15,34,CARR-D,8988.75,2808.0,6650,18446.75,0.7384615384615385,0.8947368421052632,64.05121527777777
PP06,2024-11-23,314.0,312.0,2.0,2,17,38,15,38,CARR-D,8988.75,3042.0,6650,18680.75,0.8,1.0,59.874198717948715
PP06,2024-11-30,344.0,330.0,16.0,7,17,38,15,33,CARR-D,8988.75,3217.5,6650,18856.25,0.8461538461538461,0.868421052631579,57.140151515151516
PP06,2024-12-07,351.0,339.0,28.0,13,17,38,16,37,CARR-D,9588.0,3305.25,6650,19543.25,0.8149038461538461,0.9736842105263158,57.649705014749266
PP06,2024-12-14,348.0,334.0,42.0,12,17,38,16,35,CARR-D,9588.0,3256.5,6650,19494.5,0.8028846153846154,0.9210526315789473,58.366766467065865
PP06,2024-12-21,321.0,329.0,34.0,9,17,38,15,36,CARR-D,8988.75,3207.75,6650,18846.5,0.8435897435897436,0.9473684210526315,57.28419452887538
PP06,2024-12-28,287.0,310.0,11.0,5,17,38,15,36,CARR-D,8988.75,3022.5,6650,18661.25,0.7948717948717948,0.9473684210526315,60.19758064516129
PP06,2025-01-04,233.0,243.0,1.0,1,17,38,13,35,CARR-D,7790.25,2369.25,6650,16809.5,0.7189349112426036,0.9210526315789473,69.17489711934157
PP06,2025-01-11,189.0,190.0,0.0,0,17,38,10,36,CARR-D,5992.5,1852.5,6650,14495.0,0.7307692307692307,0.9473684210526315,76.28947368421052
PP06,2025-01-18,188.0,188.0,0.0,0,17,38,10,38,CARR-D,5992.5,1833.0,6650,14475.5,0.7230769230769231,1.0,76.99734042553192
PP06,2025-01-25,196.0,196.0,0.0,0,17,38,10,36,CARR-D,5992.5,1911.0,6650,14553.5,0.7538461538461538,0.9473684210526315,74.25255102040816
PP06,2025-02-01,212.0,212.0,0.0,0,17,38,11,34,CARR-D,6591.75,2067.0,6650,15308.75,0.7412587412587412,0.8947368421052632,72.21108490566037
PP06,2025-02-08,225.0,225.0,0.0,0,17,38,13,38,CARR-D,7790.25,2193.75,6650,16634.0,0.665680473372781,1.0,73.92888888888889
PP06,2025-02-15,218.0,218.0,0.0,0,17,38,12,36,CARR-D,7191.0,2125.5,6650,15966.5,0.6987179487179487,0.9473684210526315,73.2408256880734
PP06,2025-02-22,232.0,232.0,0.0,0,17,38,13,36,CARR-D,7790.25,2262.0,6650,16702.25,0.6863905325443787,0.9473684210526315,71.99245689655173
PP06,2025-03-01,230.0,230.0,0.0,0,17,38,12,34,CARR-D,7191.0,2242.5,6650,16083.5,0.7371794871794872,0.8947368421052632,69.92826086956522
PP06,2025-03-08,237.0,237.0,0.0,0,18,41,12,39,CARR-D,7191.0,2310.75,7175,16676.75,0.7596153846153846,0.9512195121951219,70.36603375527426
PP06,2025-03-15,238.0,238.0,0.0,0,18,41,12,41,CARR-D,7191.0,2320.5,7175,16686.5,0.7628205128205128,1.0,70.11134453781513
PP06,2025-03-22,241.0,241.0,0.0,0,18,41,13,41,CARR-D,7790.25,2349.75,7175,17315.0,0.7130177514792899,1.0,71.84647302904564
PP06,2025-03-29,251.0,251.0,0.0,0,18,41,12,40,CARR-D,7191.0,2447.25,7175,16813.25,0.8044871794871795,0.975609756097561,66.98505976095618
PP06,2025-04-05,257.0,257.0,0.0,0,18,41,14,39,CARR-D,8389.5,2505.75,7175,18070.25,0.7060439560439561,0.9512195121951219,70.31225680933852
PP06,2025-04-12,271.0,271.0,0.0,0,18,41,13,41,CARR-D,7790.25,2642.25,7175,17607.5,0.8017751479289941,1.0,64.97232472324723
PP06,2025-04-19,272.0,272.0,0.0,0,18,41,14,40,CARR-D,8389.5,2652.0,7175,18216.5,0.7472527472527473,0.975609756097561,66.97242647058823
PP06,2025-04-26,260.0,260.0,0.0,0,18,41,14,38,CARR-D,8389.5,2535.0,7175,18099.5,0.7142857142857143,0.926829268292683,69.61346153846154
PP06,2025-05-03,259.0,259.0,0.0,0,18,41,13,37,CARR-D,7790.25,2525.25,7175,17490.5,0.7662721893491125,0.9024390243902439,67.53088803088804
PP06,2025-05-10,272.0,272.0,0.0,0,18,41,14,36,CARR-D,8389.5,2652.0,7175,18216.5,0.7472527472527473,0.8780487804878049,66.97242647058823
PP06,2025-05-17,260.0,260.0,0.0,0,18,41,13,41,CARR-D,7790.25,2535.0,7175,17500.25,0.7692307692307693,1.0,67.30865384615385
PP06,2025-05-24,271.0,271.0,0.0,0,18,41,14,40,CARR-D,8389.5,2642.25,7175,18206.75,0.7445054945054945,0.975609756097561,67.18357933579335
PP06,2025-05-31,278.0,278.0,0.0,0,18,41,14,40,CARR-D,8389.5,2710.5,7175,18275.0,0.7637362637362637,0.975609756097561,65.73741007194245
PP06,2025-06-07,267.0,267.0,0.0,0,18,41,14,39,CARR-D,8389.5,2603.25,7175,18167.75,0.7335164835164835,0.9512195121951219,68.0440074906367
PP06,2025-06-14,261.0,261.0,0.0,0,18,41,15,38,CARR-D,8988.75,2544.75,7175,18708.5,0.6692307692307692,0.926829268292683,71.6800766283525
PP06,2025-06-21,248.0,248.0,0.0,0,18,41,13,39,CARR-D,7790.25,2418.0,7175,17383.25,0.7337278106508875,0.9512195121951219,70.09375
PP06,2025-06-28,259.0,259.0,0.0,0,18,41,13,39,CARR-D,7790.25,2525.25,7175,17490.5,0.7662721893491125,0.9512195121951219,67.53088803088804
PP06,2025-07-05,264.0,264.0,0.0,0,18,41,13,39,CARR-D,7790.25,2574.0,7175,17539.25,0.7810650887573964,0.9512195121951219,66.43655303030303
PP06,2025-07-12,256.0,256.0,0.0,0,18,41,13,40,CARR-D,7790.25,2496.0,7175,17461.25,0.757396449704142,0.975609756097561,68.2080078125
PP06,2025-07-19,273.0,273.0,0.0,0,18,41,14,37,CARR-D,8389.5,2661.75,7175,18226.25,0.75,0.9024390243902439,66.76282051282051
PP06,2025-07-26,283.0,283.0,0.0,0,18,41,14,37,CARR-D,8389.5,2759.25,7175,18323.75,0.7774725274725275,0.9024390243902439,64.7482332155477
PP06,2025-08-02,276.0,276.0,0.0,0,18,41,14,38,CARR-D,8389.5,2691.0,7175,18255.5,0.7582417582417582,0.926829268292683,66.14311594202898
PP06,2025-08-09,277.0,277.0,0.0,0,18,41,13,40,CARR-D,7790.25,2700.75,7175,17666.0,0.8195266272189349,0.975609756097561,63.77617328519855
PP06,2025-08-16,287.0,287.0,0.0,0,18,41,15,38,CARR-D,8988.75,2798.25,7175,18962.0,0.735897435897436,0.926829268292683,66.06968641114983
PP06,2025-08-23,273.0,273.0,0.0,0,18,41,14,40,CARR-D,8389.5,2661.75,7175,18226.25,0.75,0.975609756097561,66.76282051282051
PP06,2025-08-30,266.0,266.0,0.0,0,18,41,14,37,CARR-D,8389.5,2593.5,7175,18158.0,0.7307692307692307,0.9024390243902439,68.26315789473684
PP06,2025-09-06,254.0,254.0,0.0,0,18,41,13,40,CARR-D,7790.25,2476.5,7175,17441.75,0.7514792899408284,0.975609756097561,68.66830708661418
PP06,2025-09-13,242.0,242.0,0.0,0,18,41,12,40,CARR-D,7191.0,2359.5,7175,16725.5,0.7756410256410257,0.975609756097561,69.11363636363636
PP06,2025-09-20,260.0,260.0,0.0,0,18,41,13,39,CARR-D,7790.25,2535.0,7175,17500.25,0.7692307692307693,0.9512195121951219,67.30865384615385
PP06,2025-09-27,256.0,256.0,0.0,0,18,41,13,40,CARR-D,7790.25,2496.0,7175,17461.25,0.757396449704142,0.975609756097561,68.2080078125
PP06,2025-10-04,259.0,259.0,0.0,0,18,41,13,39,CARR-D,7790.25,2525.25,7175,17490.5,0.7662721893491125,0.9512195121951219,67.53088803088804
PP06,2025-10-11,260.0,260.0,0.0,0,18,41,13,39,CARR-D,7790.25,2535.0,7175,17500.25,0.7692307692307693,0.9512195121951219,67.30865384615385
PP06,2025-10-18,274.0,274.0,0.0,0,18,41,14,39,CARR-D,8389.5,2671.5,7175,18236.0,0.7527472527472527,0.9512195121951219,66.55474452554745
PP06,2025-10-25,285.0,285.0,0.0,0,18,41,15,38,CARR-D,8988.75,2778.75,7175,18942.5,0.7307692307692307,0.926829268292683,66.46491228070175
PP06,2025-11-01,300.0,299.0,1.0,1,18,41,15,40,CARR-D,8988.75,2915.25,7175,19079.0,0.7666666666666667,0.975609756097561,63.80936454849498
PP06,2025-11-08,334.0,330.0,5.0,2,18,41,16,40,CARR-D,9588.0,3217.5,7175,19980.5,0.7932692307692307,0.975609756097561,60.5469696969697
PP06,2025-11-15,333.0,330.0,8.0,4,18,41,15,39,CARR-D,8988.75,3217.5,7175,19381.25,0.8461538461538461,0.9512195121951219,58.73106060606061
PP06,2025-11-22,329.0,329.0,8.0,2,18,41,15,40,CARR-D,8988.75,3207.75,7175,19371.5,0.8435897435897436,0.975609756097561,58.879939209726444
PP06,2025-11-29,386.0,355.0,39.0,15,18,41,16,38,CARR-D,9588.0,3461.25,7175,20224.25,0.8533653846153846,0.926829268292683,56.969718309859154
PP06,2025-12-06,394.0,358.0,75.0,17,18,41,16,40,CARR-D,9588.0,3490.5,7175,20253.5,0.8605769230769231,0.975609756097561,56.574022346368714
PP06,2025-12-13,416.0,359.0,132.0,17,18,41,17,38,CARR-D,10187.25,3500.25,7175,20862.5,0.8122171945701357,0.926829268292683,58.11281337047354
PP06,2025-12-20,370.0,359.0,143.0,18,18,41,16,39,CARR-D,9588.0,3500.25,7175,20263.25,0.8629807692307693,0.9512195121951219,56.443593314763234
PP06,2025-12-27,316.0,354.0,105.0,14,18,41,17,41,CARR-D,10187.25,3451.5,7175,20813.75,0.8009049773755657,1.0,58.79590395480226
PP06,2026-01-03,272.0,326.0,51.0,9,18,41,15,39,CARR-D,8988.75,3178.5,7175,19342.25,0.8358974358974359,0.9512195121951219,59.33205521472393
PP06,2026-01-10,216.0,256.0,11.0,3,18,41,13,39,CARR-D,7790.25,2496.0,7175,17461.25,0.757396449704142,0.9512195121951219,68.2080078125
PP06,2026-01-17,215.0,226.0,0.0,0,18,41,12,39,CARR-D,7191.0,2203.5,7175,16569.5,0.7243589743589743,0.9512195121951219,73.31637168141593
PP06,2026-01-24,221.0,221.0,0.0,0,18,41,12,40,CARR-D,7191.0,2154.75,7175,16520.75,0.7083333333333334,0.975609756097561,74.75452488687783
PP06,2026-01-31,228.0,228.0,0.0,0,18,41,11,39,CARR-D,6591.75,2223.0,7175,15989.75,0.7972027972027972,0.9512195121951219,70.13048245614036
PP06,2026-02-07,239.0,239.0,0.0,0,18,41,12,41,CARR-D,7191.0,2330.25,7175,16696.25,0.7660256410256411,1.0,69.85878661087867
PP06,2026-02-14,245.0,245.0,0.0,0,18,41,12,39,CARR-D,7191.0,2388.75,7175,16754.75,0.7852564102564102,0.9512195121951219,68.38673469387756
PP06,2026-02-21,260.0,260.0,0.0,0,18,41,14,36,CARR-D,8389.5,2535.0,7175,18099.5,0.7142857142857143,0.8780487804878049,69.61346153846154
PP06,2026-02-28,257.0,257.0,0.0,0,18,41,13,41,CARR-D,7790.25,2505.75,7175,17471.0,0.7603550295857988,1.0,67.98054474708171
PP06,2026-03-07,260.0,260.0,0.0,0,18,41,13,37,CARR-D,7790.25,2535.0,7175,17500.25,0.7692307692307693,0.9024390243902439,67.30865384615385
PP06,2026-03-14,267.0,267.0,0.0,0,18,41,14,39,CARR-D,8389.5,2603.25,7175,18167.75,0.7335164835164835,0.9512195121951219,68.0440074906367
PP06,2026-03-21,286.0,286.0,0.0,0,18,41,14,41,CARR-D,8389.5,2788.5,7175,18353.0,0.7857142857142857,1.0,64.17132867132867
PP06,2026-03-28,265.0,265.0,0.0,0,18,41,14,38,CARR-D,8389.5,2583.75,7175,18148.25,0.728021978021978,0.926829268292683,68.48396226415095
PP06,2026-04-04,274.0,274.0,0.0,0,18,41,14,38,CARR-D,8389.5,2671.5,7175,18236.0,0.7527472527472527,0.926829268292683,66.55474452554745
PP06,2026-04-11,263.0,263.0,0.0,0,18,41,14,39,CARR-D,8389.5,2564.25,7175,18128.75,0.7225274725274725,0.9512195121951219,68.93060836501901
PP06,2026-04-18,263.0,263.0,0.0,0,18,41,13,37,CARR-D,7790.25,2564.25,7175,17529.5,0.7781065088757396,0.9024390243902439,66.65209125475285
PP06,2026-04-25,284.0,284.0,0.0,0,18,41,15,40,CARR-D,8988.75,2769.0,7175,18932.75,0.7282051282051282,0.975609756097561,66.66461267605634
PP06,2026-05-02,281.0,281.0,0.0,0,18,41,14,41,CARR-D,8389.5,2739.75,7175,18304.25,0.771978021978022,1.0,65.13967971530249
PP06,2026-05-09,286.0,286.0,0.0,0,18,41,15,38,CARR-D,8988.75,2788.5,7175,18952.25,0.7333333333333333,0.926829268292683,66.26660839160839
PP06,2026-05-16,276.0,276.0,0.0,0,18,41,14,38,CARR-D,8389.5,2691.0,7175,18255.5,0.7582417582417582,0.926829268292683,66.14311594202898
PP06,2026-05-23,274.0,274.0,0.0,0,18,41,14,39,CARR-D,8389.5,2671.5,7175,18236.0,0.7527472527472527,0.9512195121951219,66.55474452554745
PP06,2026-05-30,283.0,283.0,0.0,0,18,41,15,38,CARR-D,8988.75,2759.25,7175,18923.0,0.7256410256410256,0.926829268292683,66.86572438162544
PP06,2026-06-06,271.0,271.0,0.0,0,18,41,13,38,CARR-D,7790.25,2642.25,7175,17607.5,0.8017751479289941,0.926829268292683,64.97232472324723
PP06,2026-06-13,269.0,269.0,0.0,0,18,41,13,39,CARR-D,7790.25,2622.75,7175,17588.0,0.7958579881656804,0.9512195121951219,65.38289962825279
PP06,2026-06-20,275.0,275.0,0.0,0,18,41,14,39,CARR-D,8389.5,2681.25,7175,18245.75,0.7554945054945055,0.9512195121951219,66.34818181818181
PP06,2026-06-27,280.0,280.0,0.0,0,18,41,15,40,CARR-D,8988.75,2730.0,7175,18893.75,0.717948717948718,0.975609756097561,67.47767857142857
PP06,2026-07-04,279.0,279.0,0.0,0,18,41,14,40,CARR-D,8389.5,2720.25,7175,18284.75,0.7664835164835165,0.975609756097561,65.53673835125448
PP06,2026-07-11,278.0,278.0,0.0,0,18,41,15,39,CARR-D,8988.75,2710.5,7175,18874.25,0.7128205128205128,0.9512195121951219,67.8929856115108
PP06,2026-07-18,280.0,280.0,0.0,0,18,41,15,41,CARR-D,8988.75,2730.0,7175,18893.75,0.717948717948718,1.0,67.47767857142857
PP06,2026-07-25,279.0,279.0,0.0,0,18,41,14,40,CARR-D,8389.5,2720.25,7175,18284.75,0.7664835164835165,0.975609756097561,65.53673835125448
PP07,2022-08-06,193.0,193.0,0.0,0,15,35,9,35,CARR-D,9110.25,1640.5,5425,16175.75,0.8247863247863247,1.0,83.81217616580311
PP07,2022-08-13,192.0,192.0,0.0,0,15,35,9,34,CARR-D,9110.25,1632.0,5425,16167.25,0.8205128205128205,0.9714285714285714,84.20442708333333
PP07,2022-08-20,192.0,192.0,0.0,0,15,35,9,32,CARR-D,9110.25,1632.0,5425,16167.25,0.8205128205128205,0.9142857142857143,84.20442708333333
PP07,2022-08-27,185.0,185.0,0.0,0,15,35,9,35,CARR-D,9110.25,1572.5,5425,16107.75,0.7905982905982906,1.0,87.06891891891892
PP07,2022-09-03,186.0,186.0,0.0,0,15,35,9,34,CARR-D,9110.25,1581.0,5425,16116.25,0.7948717948717948,0.9714285714285714,86.64650537634408
PP07,2022-09-10,187.0,187.0,0.0,0,15,35,8,33,CARR-D,8098.0,1589.5,5425,15112.5,0.8990384615384616,0.9428571428571428,80.81550802139037
PP07,2022-09-17,185.0,185.0,0.0,0,15,35,9,32,CARR-D,9110.25,1572.5,5425,16107.75,0.7905982905982906,0.9142857142857143,87.06891891891892
PP07,2022-09-24,183.0,183.0,0.0,0,15,35,9,32,CARR-D,9110.25,1555.5,5425,16090.75,0.782051282051282,0.9142857142857143,87.9275956284153
PP07,2022-10-01,189.0,189.0,0.0,0,15,35,10,34,CARR-D,10122.5,1606.5,5425,17154.0,0.7269230769230769,0.9714285714285714,90.76190476190476
PP07,2022-10-08,178.0,178.0,0.0,0,15,35,9,31,CARR-D,9110.25,1513.0,5425,16048.25,0.7606837606837606,0.8857142857142857,90.15870786516854
PP07,2022-10-15,184.0,184.0,0.0,0,15,35,9,35,CARR-D,9110.25,1564.0,5425,16099.25,0.7863247863247863,1.0,87.49592391304348
PP07,2022-10-22,187.0,187.0,0.0,0,15,35,9,34,CARR-D,9110.25,1589.5,5425,16124.75,0.7991452991452992,0.9714285714285714,86.22860962566845
PP07,2022-10-29,204.0,204.0,0.0,0,15,35,10,33,CARR-D,10122.5,1734.0,5425,17281.5,0.7846153846153846,0.9428571428571428,84.71323529411765
PP07,2022-11-05,205.0,205.0,0.0,0,15,35,9,33,CARR-D,9110.25,1742.5,5425,16277.75,0.8760683760683761,0.9428571428571428,79.40365853658537
PP07,2022-11-12,215.0,215.0,0.0,0,15,35,10,35,CARR-D,10122.5,1827.5,5425,17375.0,0.8269230769230769,1.0,80.81395348837209
PP07,2022-11-19,230.0,229.0,1.0,1,15,35,12,34,CARR-D,12147.0,1946.5,5425,19518.5,0.7339743589743589,0.9714285714285714,85.23362445414847
PP07,2022-11-26,263.0,259.0,5.0,2,15,35,13,34,CARR-D,13159.25,2201.5,5425,20785.75,0.7662721893491125,0.9714285714285714,80.253861003861
PP07,2022-12-03,279.0,268.0,16.0,7,15,35,12,35,CARR-D,12147.0,2278.0,5425,19850.0,0.8589743589743589,1.0,74.06716417910448
PP07,2022-12-10,295.0,279.0,32.0,11,15,35,14,33,CARR-D,14171.5,2371.5,5425,21968.0,0.7664835164835165,0.9428571428571428,78.73835125448029
PP07,2022-12-17,271.0,277.0,26.0,9,15,35,14,34,CARR-D,14171.5,2354.5,5425,21951.0,0.760989010989011,0.9714285714285714,79.24548736462094
PP07,2022-12-24,232.0,247.0,11.0,3,15,35,12,32,CARR-D,12147.0,2099.5,5425,19671.5,0.7916666666666666,0.9142857142857143,79.6417004048583
PP07,2022-12-31,194.0,203.0,2.0,1,15,35,10,34,CARR-D,10122.5,1725.5,5425,17273.0,0.7807692307692308,0.9714285714285714,85.08866995073892
PP07,2023-01-07,170.0,172.0,0.0,0,15,35,9,32,CARR-D,9110.25,1462.0,5425,15997.25,0.7350427350427351,0.9142857142857143,93.00726744186046
PP07,2023-01-14,139.0,139.0,0.0,0,15,35,8,34,CARR-D,8098.0,1181.5,5425,14704.5,0.6682692307692307,0.9714285714285714,105.78776978417267
PP07,2023-01-21,158.0,158.0,0.0,0,15,35,8,35,CARR-D,8098.0,1343.0,5425,14866.0,0.7596153846153846,1.0,94.0886075949367
PP07,2023-01-28,159.0,159.0,0.0,0,15,35,9,32,CARR-D,9110.25,1351.5,5425,15886.75,0.6794871794871795,0.9142857142857143,99.91666666666667
PP07,2023-02-04,158.0,158.0,0.0,0,15,35,8,33,CARR-D,8098.0,1343.0,5425,14866.0,0.7596153846153846,0.9428571428571428,94.0886075949367
PP07,2023-02-11,174.0,174.0,0.0,0,15,35,9,35,CARR-D,9110.25,1479.0,5425,16014.25,0.7435897435897436,1.0,92.03591954022988
PP07,2023-02-18,176.0,176.0,0.0,0,15,35,9,34,CARR-D,9110.25,1496.0,5425,16031.25,0.7521367521367521,0.9714285714285714,91.08664772727273
PP07,2023-02-25,177.0,177.0,0.0,0,15,35,8,33,CARR-D,8098.0,1504.5,5425,15027.5,0.8509615384615384,0.9428571428571428,84.90112994350282
PP07,2023-03-04,185.0,185.0,0.0,0,15,35,9,32,CARR-D,9110.25,1572.5,5425,16107.75,0.7905982905982906,0.9142857142857143,87.06891891891892
PP07,2023-03-11,179.0,179.0,0.0,0,15,35,9,34,CARR-D,9110.25,1521.5,5425,16056.75,0.7649572649572649,0.9714285714285714,89.70251396648045
PP07,2023-03-18,186.0,186.0,0.0,0,15,35,9,35,CARR-D,9110.25,1581.0,5425,16116.25,0.7948717948717948,1.0,86.64650537634408
PP07,2023-03-25,177.0,177.0,0.0,0,15,35,9,32,CARR-D,9110.25,1504.5,5425,16039.75,0.7564102564102564,0.9142857142857143,90.62005649717514
PP07,2023-04-01,172.0,172.0,0.0,0,15,35,8,35,CARR-D,8098.0,1462.0,5425,14985.0,0.8269230769230769,1.0,87.12209302325581
PP07,2023-04-08,195.0,195.0,0.0,0,15,35,9,33,CARR-D,9110.25,1657.5,5425,16192.75,0.8333333333333334,0.9428571428571428,83.0397435897436
PP07,2023-04-15,191.0,191.0,0.0,0,15,35,9,32,CARR-D,9110.25,1623.5,5425,16158.75,0.8162393162393162,0.9142857142857143,84.60078534031413
PP07,2023-04-22,187.0,187.0,0.0,0,15,35,9,35,CARR-D,9110.25,1589.5,5425,16124.75,0.7991452991452992,1.0,86.22860962566845
PP07,2023-04-29,192.0,192.0,0.0,0,15,35,9,32,CARR-D,9110.25,1632.0,5425,16167.25,0.8205128205128205,0.9142857142857143,84.20442708333333
PP07,2023-05-06,193.0,193.0,0.0,0,15,35,9,33,CARR-D,9110.25,1640.5,5425,16175.75,0.8247863247863247,0.9428571428571428,83.81217616580311
PP07,2023-05-13,196.0,196.0,0.0,0,15,35,10,34,CARR-D,10122.5,1666.0,5425,17213.5,0.7538461538461538,0.9714285714285714,87.82397959183673
PP07,2023-05-20,195.0,195.0,0.0,0,15,35,9,33,CARR-D,9110.25,1657.5,5425,16192.75,0.8333333333333334,0.9428571428571428,83.0397435897436
PP07,2023-05-27,190.0,190.0,0.0,0,15,35,10,34,CARR-D,10122.5,1615.0,5425,17162.5,0.7307692307692307,0.9714285714285714,90.32894736842105
PP07,2023-06-03,191.0,191.0,0.0,0,15,35,9,33,CARR-D,9110.25,1623.5,5425,16158.75,0.8162393162393162,0.9428571428571428,84.60078534031413
PP07,2023-06-10,185.0,185.0,0.0,0,15,35,8,33,CARR-D,8098.0,1572.5,5425,15095.5,0.8894230769230769,0.9428571428571428,81.5972972972973
PP07,2023-06-17,192.0,192.0,0.0,0,15,35,10,30,CARR-D,10122.5,1632.0,5425,17179.5,0.7384615384615385,0.8571428571428571,89.4765625
PP07,2023-06-24,185.0,185.0,0.0,0,15,35,9,31,CARR-D,9110.25,1572.5,5425,16107.75,0.7905982905982906,0.8857142857142857,87.06891891891892
PP07,2023-07-01,180.0,180.0,0.0,0,15,35,9,35,CARR-D,9110.25,1530.0,5425,16065.25,0.7692307692307693,1.0,89.25138888888888
PP07,2023-07-08,182.0,182.0,0.0,0,15,35,9,34,CARR-D,9110.25,1547.0,5425,16082.25,0.7777777777777778,0.9714285714285714,88.36401098901099
PP07,2023-07-15,184.0,184.0,0.0,0,15,35,9,33,CARR-D,9110.25,1564.0,5425,16099.25,0.7863247863247863,0.9428571428571428,87.49592391304348
PP07,2023-07-22,198.0,198.0,0.0,0,15,35,10,34,CARR-D,10122.5,1683.0,5425,17230.5,0.7615384615384615,0.9714285714285714,87.02272727272727
PP07,2023-07-29,192.0,192.0,0.0,0,15,35,10,34,CARR-D,10122.5,1632.0,5425,17179.5,0.7384615384615385,0.9714285714285714,89.4765625
PP07,2023-08-05,195.0,195.0,0.0,0,15,35,10,35,CARR-D,10122.5,1657.5,5425,17205.0,0.75,1.0,88.23076923076923
PP07,2023-08-12,195.0,195.0,0.0,0,15,35,10,31,CARR-D,10122.5,1657.5,5425,17205.0,0.75,0.8857142857142857,88.23076923076923
PP07,2023-08-19,196.0,196.0,0.0,0,15,35,10,34,CARR-D,10122.5,1666.0,5425,17213.5,0.7538461538461538,0.9714285714285714,87.82397959183673
PP07,2023-08-26,194.0,194.0,0.0,0,15,35,10,31,CARR-D,10122.5,1649.0,5425,17196.5,0.7461538461538462,0.8857142857142857,88.6417525773196
PP07,2023-09-02,179.0,179.0,0.0,0,15,35,8,31,CARR-D,8098.0,1521.5,5425,15044.5,0.8605769230769231,0.8857142857142857,84.04748603351955
PP07,2023-09-09,186.0,186.0,0.0,0,15,35,10,34,CARR-D,10122.5,1581.0,5425,17128.5,0.7153846153846154,0.9714285714285714,92.08870967741936
PP07,2023-09-16,187.0,187.0,0.0,0,15,35,9,32,CARR-D,9110.25,1589.5,5425,16124.75,0.7991452991452992,0.9142857142857143,86.22860962566845
PP07,2023-09-23,184.0,184.0,0.0,0,15,35,9,32,CARR-D,9110.25,1564.0,5425,16099.25,0.7863247863247863,0.9142857142857143,87.49592391304348
PP07,2023-09-30,179.0,179.0,0.0,0,15,35,9,34,CARR-D,9110.25,1521.5,5425,16056.75,0.7649572649572649,0.9714285714285714,89.70251396648045
PP07,2023-10-07,182.0,182.0,0.0,0,15,35,9,32,CARR-D,9110.25,1547.0,5425,16082.25,0.7777777777777778,0.9142857142857143,88.36401098901099
PP07,2023-10-14,184.0,184.0,0.0,0,15,35,10,33,CARR-D,10122.5,1564.0,5425,17111.5,0.7076923076923077,0.9428571428571428,92.99728260869566
PP07,2023-10-21,198.0,198.0,0.0,0,15,35,10,30,CARR-D,10122.5,1683.0,5425,17230.5,0.7615384615384615,0.8571428571428571,87.02272727272727
PP07,2023-10-28,202.0,202.0,0.0,0,15,35,10,31,CARR-D,10122.5,1717.0,5425,17264.5,0.7769230769230769,0.8857142857142857,85.46782178217822
PP07,2023-11-04,202.0,202.0,0.0,0,15,35,9,35,CARR-D,9110.25,1717.0,5425,16252.25,0.8632478632478633,1.0,80.45668316831683
PP07,2023-11-11,225.0,225.0,0.0,0,15,35,12,33,CARR-D,12147.0,1912.5,5425,19484.5,0.7211538461538461,0.9428571428571428,86.59777777777778
PP07,2023-11-18,247.0,246.0,1.0,1,15,35,12,34,CARR-D,12147.0,2091.0,5425,19663.0,0.7884615384615384,0.9714285714285714,79.9308943089431
PP07,2023-11-25,249.0,246.0,4.0,2,15,35,13,31,CARR-D,13159.25,2091.0,5425,20675.25,0.727810650887574,0.8857142857142857,84.04573170731707
PP07,2023-12-02,278.0,268.0,14.0,4,15,35,14,35,CARR-D,14171.5,2278.0,5425,21874.5,0.7362637362637363,1.0,81.62126865671642
PP07,2023-12-09,299.0,278.0,35.0,9,15,35,13,33,CARR-D,13159.25,2363.0,5425,20947.25,0.8224852071005917,0.9428571428571428,75.3498201438849
PP07,2023-12-16,282.0,279.0,38.0,11,15,35,15,32,CARR-D,15183.75,2371.5,5425,22980.25,0.7153846153846154,0.9142857142857143,82.36648745519713
PP07,2023-12-23,251.0,264.0,25.0,6,15,35,12,34,CARR-D,12147.0,2244.0,5425,19816.0,0.8461538461538461,0.9714285714285714,75.06060606060606
PP07,2023-12-30,219.0,233.0,11.0,2,15,35,12,30,CARR-D,12147.0,1980.5,5425,19552.5,0.7467948717948718,0.8571428571428571,83.91630901287553
PP07,2024-01-06,169.0,180.0,0.0,0,15,35,9,31,CARR-D,9110.25,1530.0,5425,16065.25,0.7692307692307693,0.8857142857142857,89.25138888888888
PP07,2024-01-13,138.0,138.0,0.0,0,15,35,8,34,CARR-D,8098.0,1173.0,5425,14696.0,0.6634615384615384,0.9714285714285714,106.4927536231884
PP07,2024-01-20,147.0,147.0,0.0,0,15,35,8,32,CARR-D,8098.0,1249.5,5425,14772.5,0.7067307692307693,0.9142857142857143,100.49319727891157
PP07,2024-01-27,164.0,164.0,0.0,0,15,35,8,33,CARR-D,8098.0,1394.0,5425,14917.0,0.7884615384615384,0.9428571428571428,90.95731707317073
PP07,2024-02-03,171.0,171.0,0.0,0,15,35,8,33,CARR-D,8098.0,1453.5,5425,14976.5,0.8221153846153846,0.9428571428571428,87.58187134502924
PP07,2024-02-10,177.0,177.0,0.0,0,15,35,9,33,CARR-D,9110.25,1504.5,5425,16039.75,0.7564102564102564,0.9428571428571428,90.62005649717514
PP07,2024-02-17,176.0,176.0,0.0,0,15,35,9,31,CARR-D,9110.25,1496.0,5425,16031.25,0.7521367521367521,0.8857142857142857,91.08664772727273
PP07,2024-02-24,174.0,174.0,0.0,0,15,35,9,31,CARR-D,9110.25,1479.0,5425,16014.25,0.7435897435897436,0.8857142857142857,92.03591954022988
PP07,2024-03-02,191.0,191.0,0.0,0,15,35,9,32,CARR-D,9110.25,1623.5,5425,16158.75,0.8162393162393162,0.9142857142857143,84.60078534031413
PP07,2024-03-09,180.0,180.0,0.0,0,15,35,9,31,CARR-D,9110.25,1530.0,5425,16065.25,0.7692307692307693,0.8857142857142857,89.25138888888888
PP07,2024-03-16,197.0,197.0,0.0,0,15,35,9,32,CARR-D,9110.25,1674.5,5425,16209.75,0.8418803418803419,0.9142857142857143,82.28299492385787
PP07,2024-03-23,180.0,180.0,0.0,0,15,35,9,34,CARR-D,9110.25,1530.0,5425,16065.25,0.7692307692307693,0.9714285714285714,89.25138888888888
PP07,2024-03-30,180.0,180.0,0.0,0,15,35,9,34,CARR-D,9110.25,1530.0,5425,16065.25,0.7692307692307693,0.9714285714285714,89.25138888888888
PP07,2024-04-06,187.0,187.0,0.0,0,15,35,9,30,CARR-D,9110.25,1589.5,5425,16124.75,0.7991452991452992,0.8571428571428571,86.22860962566845
PP07,2024-04-13,192.0,192.0,0.0,0,15,35,10,33,CARR-D,10122.5,1632.0,5425,17179.5,0.7384615384615385,0.9428571428571428,89.4765625
PP07,2024-04-20,186.0,186.0,0.0,0,15,35,9,35,CARR-D,9110.25,1581.0,5425,16116.25,0.7948717948717948,1.0,86.64650537634408
PP07,2024-04-27,202.0,202.0,0.0,0,15,35,9,35,CARR-D,9110.25,1717.0,5425,16252.25,0.8632478632478633,1.0,80.45668316831683
PP07,2024-05-04,200.0,200.0,0.0,0,15,35,10,34,CARR-D,10122.5,1700.0,5425,17247.5,0.7692307692307693,0.9714285714285714,86.2375
PP07,2024-05-11,203.0,203.0,0.0,0,15,35,10,34,CARR-D,10122.5,1725.5,5425,17273.0,0.7807692307692308,0.9714285714285714,85.08866995073892
PP07,2024-05-18,202.0,202.0,0.0,0,15,35,10,32,CARR-D,10122.5,1717.0,5425,17264.5,0.7769230769230769,0.9142857142857143,85.46782178217822
PP07,2024-05-25,199.0,199.0,0.0,0,15,35,10,33,CARR-D,10122.5,1691.5,5425,17239.0,0.7653846153846153,0.9428571428571428,86.62814070351759
PP07,2024-06-01,197.0,197.0,0.0,0,15,35,9,32,CARR-D,9110.25,1674.5,5425,16209.75,0.8418803418803419,0.9142857142857143,82.28299492385787
PP07,2024-06-08,201.0,201.0,0.0,0,15,35,10,35,CARR-D,10122.5,1708.5,5425,17256.0,0.7730769230769231,1.0,85.85074626865672
PP07,2024-06-15,187.0,187.0,0.0,0,15,35,9,34,CARR-D,9110.25,1589.5,5425,16124.75,0.7991452991452992,0.9714285714285714,86.22860962566845
PP07,2024-06-22,187.0,187.0,0.0,0,15,35,9,31,CARR-D,9110.25,1589.5,5425,16124.75,0.7991452991452992,0.8857142857142857,86.22860962566845
PP07,2024-06-29,190.0,190.0,0.0,0,15,35,9,34,CARR-D,9110.25,1615.0,5425,16150.25,0.811965811965812,0.9714285714285714,85.00131578947368
PP07,2024-07-06,187.0,187.0,0.0,0,15,35,9,33,CARR-D,9110.25,1589.5,5425,16124.75,0.7991452991452992,0.9428571428571428,86.22860962566845
PP07,2024-07-13,192.0,192.0,0.0,0,15,35,10,33,CARR-D,10122.5,1632.0,5425,17179.5,0.7384615384615385,0.9428571428571428,89.4765625
PP07,2024-07-20,194.0,194.0,0.0,0,15,35,10,33,CARR-D,10122.5,1649.0,5425,17196.5,0.7461538461538462,0.9428571428571428,88.6417525773196
PP07,2024-07-27,200.0,200.0,0.0,0,15,35,10,35,CARR-D,10122.5,1700.0,5425,17247.5,0.7692307692307693,1.0,86.2375
PP07,2024-08-03,208.0,208.0,0.0,0,15,35,11,32,CARR-D,11134.75,1768.0,5425,18327.75,0.7272727272727273,0.9142857142857143,88.1141826923077
PP07,2024-08-10,204.0,204.0,0.0,0,15,35,10,32,CARR-D,10122.5,1734.0,5425,17281.5,0.7846153846153846,0.9142857142857143,84.71323529411765
PP07,2024-08-17,197.0,197.0,0.0,0,15,35,10,35,CARR-D,10122.5,1674.5,5425,17222.0,0.7576923076923077,1.0,87.42131979695432
PP07,2024-08-24,190.0,190.0,0.0,0,15,35,10,34,CARR-D,10122.5,1615.0,5425,17162.5,0.7307692307692307,0.9714285714285714,90.32894736842105
PP07,2024-08-31,181.0,181.0,0.0,0,15,35,10,33,CARR-D,10122.5,1538.5,5425,17086.0,0.6961538461538461,0.9428571428571428,94.39779005524862
PP07,2024-09-07,180.0,180.0,0.0,0,15,35,9,35,CARR-D,9110.25,1530.0,5425,16065.25,0.7692307692307693,1.0,89.25138888888888
PP07,2024-09-14,177.0,177.0,0.0,0,15,35,8,33,CARR-D,8098.0,1504.5,5425,15027.5,0.8509615384615384,0.9428571428571428,84.90112994350282
PP07,2024-09-21,185.0,185.0,0.0,0,15,35,8,35,CARR-D,8098.0,1572.5,5425,15095.5,0.8894230769230769,1.0,81.5972972972973
PP07,2024-09-28,180.0,180.0,0.0,0,15,35,9,33,CARR-D,9110.25,1530.0,5425,16065.25,0.7692307692307693,0.9428571428571428,89.25138888888888
PP07,2024-10-05,183.0,183.0,0.0,0,15,35,9,30,CARR-D,9110.25,1555.5,5425,16090.75,0.782051282051282,0.8571428571428571,87.9275956284153
PP07,2024-10-12,189.0,189.0,0.0,0,15,35,10,31,CARR-D,10122.5,1606.5,5425,17154.0,0.7269230769230769,0.8857142857142857,90.76190476190476
PP07,2024-10-19,198.0,198.0,0.0,0,15,35,10,32,CARR-D,10122.5,1683.0,5425,17230.5,0.7615384615384615,0.9142857142857143,87.02272727272727
PP07,2024-10-26,209.0,209.0,0.0,0,15,35,10,35,CARR-D,10122.5,1776.5,5425,17324.0,0.8038461538461539,1.0,82.88995215311004
PP07,2024-11-02,207.0,207.0,0.0,0,15,35,10,34,CARR-D,10122.5,1759.5,5425,17307.0,0.7961538461538461,0.9714285714285714,83.6086956521739
PP07,2024-11-09,233.0,233.0,0.0,0,15,35,12,34,CARR-D,12147.0,1980.5,5425,19552.5,0.7467948717948718,0.9714285714285714,83.91630901287553
PP07,2024-11-16,243.0,243.0,0.0,0,15,35,12,34,CARR-D,12147.0,2065.5,5425,19637.5,0.7788461538461539,0.9714285714285714,80.8127572016461
PP07,2024-11-23,253.0,252.0,1.0,1,15,35,13,29,CARR-D,13159.25,2142.0,5425,20726.25,0.7455621301775148,0.8285714285714286,82.24702380952381
PP07,2024-11-30,285.0,273.0,13.0,6,15,35,15,35,CARR-D,15183.75,2320.5,5425,22929.25,0.7,1.0,83.98992673992674
PP07,2024-12-07,299.0,279.0,33.0,10,15,35,14,32,CARR-D,14171.5,2371.5,5425,21968.0,0.7664835164835165,0.9142857142857143,78.73835125448029
PP07,2024-12-14,300.0,282.0,51.0,12,15,35,14,35,CARR-D,14171.5,2397.0,5425,21993.5,0.7747252747252747,1.0,77.99113475177305
PP07,2024-12-21,278.0,276.0,53.0,12,15,35,15,34,CARR-D,15183.75,2346.0,5425,22954.75,0.7076923076923077,0.9714285714285714,83.16938405797102
PP07,2024-12-28,230.0,265.0,18.0,5,15,35,13,32,CARR-D,13159.25,2252.5,5425,20836.75,0.7840236686390533,0.9142857142857143,78.62924528301886
PP07,2025-01-04,190.0,204.0,4.0,1,15,35,10,33,CARR-D,10122.5,1734.0,5425,17281.5,0.7846153846153846,0.9428571428571428,84.71323529411765
PP07,2025-01-11,149.0,153.0,0.0,0,15,35,8,31,CARR-D,8098.0,1300.5,5425,14823.5,0.7355769230769231,0.8857142857142857,96.88562091503267
PP07,2025-01-18,159.0,159.0,0.0,0,15,35,8,34,CARR-D,8098.0,1351.5,5425,14874.5,0.7644230769230769,0.9714285714285714,93.5503144654088
PP07,2025-01-25,165.0,165.0,0.0,0,15,35,8,33,CARR-D,8098.0,1402.5,5425,14925.5,0.7932692307692307,0.9428571428571428,90.45757575757575
PP07,2025-02-01,166.0,166.0,0.0,0,16,37,8,36,CARR-D,8098.0,1411.0,5735,15244.0,0.7980769230769231,0.972972972972973,91.83132530120481
PP07,2025-02-08,171.0,171.0,0.0,0,16,37,9,37,CARR-D,9110.25,1453.5,5735,16298.75,0.7307692307692307,1.0,95.31432748538012
PP07,2025-02-15,188.0,188.0,0.0,0,16,37,9,35,CARR-D,9110.25,1598.0,5735,16443.25,0.8034188034188035,0.9459459459459459,87.46409574468085
PP07,2025-02-22,182.0,182.0,0.0,0,16,37,9,36,CARR-D,9110.25,1547.0,5735,16392.25,0.7777777777777778,0.972972972972973,90.0673076923077
PP07,2025-03-01,193.0,193.0,0.0,0,16,37,9,36,CARR-D,9110.25,1640.5,5735,16485.75,0.8247863247863247,0.972972972972973,85.41839378238342
PP07,2025-03-08,201.0,201.0,0.0,0,16,37,10,36,CARR-D,10122.5,1708.5,5735,17566.0,0.7730769230769231,0.972972972972973,87.39303482587064
PP07,2025-03-15,204.0,204.0,0.0,0,16,37,10,34,CARR-D,10122.5,1734.0,5735,17591.5,0.7846153846153846,0.918918918918919,86.2328431372549
PP07,2025-03-22,207.0,207.0,0.0,0,16,37,11,32,CARR-D,11134.75,1759.5,5735,18629.25,0.7237762237762237,0.8648648648648649,89.9963768115942
PP07,2025-03-29,207.0,207.0,0.0,0,16,37,11,37,CARR-D,11134.75,1759.5,5735,18629.25,0.7237762237762237,1.0,89.9963768115942
PP07,2025-04-05,208.0,208.0,0.0,0,16,37,11,35,CARR-D,11134.75,1768.0,5735,18637.75,0.7272727272727273,0.9459459459459459,89.6045673076923
PP07,2025-04-12,215.0,215.0,0.0,0,16,37,11,36,CARR-D,11134.75,1827.5,5735,18697.25,0.7517482517482518,0.972972972972973,86.9639534883721
PP07,2025-04-19,200.0,200.0,0.0,0,16,37,11,36,CARR-D,11134.75,1700.0,5735,18569.75,0.6993006993006993,0.972972972972973,92.84875
PP07,2025-04-26,213.0,213.0,0.0,0,16,37,11,32,CARR-D,11134.75,1810.5,5735,18680.25,0.7447552447552448,0.8648648648648649,87.70070422535211
PP07,2025-05-03,236.0,236.0,0.0,0,16,37,12,36,CARR-D,12147.0,2006.0,5735,19888.0,0.7564102564102564,0.972972972972973,84.27118644067797
PP07,2025-05-10,220.0,220.0,0.0,0,16,37,11,36,CARR-D,11134.75,1870.0,5735,18739.75,0.7692307692307693,0.972972972972973,85.18068181818182
PP07,2025-05-17,217.0,217.0,0.0,0,16,37,12,35,CARR-D,12147.0,1844.5,5735,19726.5,0.6955128205128205,0.9459459459459459,90.90552995391705
PP07,2025-05-24,215.0,215.0,0.0,0,16,37,11,37,CARR-D,11134.75,1827.5,5735,18697.25,0.7517482517482518,1.0,86.9639534883721
PP07,2025-05-31,221.0,221.0,0.0,0,16,37,11,32,CARR-D,11134.75,1878.5,5735,18748.25,0.7727272727272727,0.8648648648648649,84.83371040723982
PP07,2025-06-07,214.0,214.0,0.0,0,16,37,12,36,CARR-D,12147.0,1819.0,5735,19701.0,0.6858974358974359,0.972972972972973,92.0607476635514
PP07,2025-06-14,216.0,216.0,0.0,0,16,37,11,35,CARR-D,11134.75,1836.0,5735,18705.75,0.7552447552447552,0.9459459459459459,86.60069444444444
PP07,2025-06-21,210.0,210.0,0.0,0,16,37,10,36,CARR-D,10122.5,1785.0,5735,17642.5,0.8076923076923077,0.972972972972973,84.01190476190476
PP07,2025-06-28,216.0,216.0,0.0,0,16,37,12,36,CARR-D,12147.0,1836.0,5735,19718.0,0.6923076923076923,0.972972972972973,91.28703703703704
PP07,2025-07-05,213.0,213.0,0.0,0,16,37,12,36,CARR-D,12147.0,1810.5,5735,19692.5,0.6826923076923077,0.972972972972973,92.4530516431925
PP07,2025-07-12,207.0,207.0,0.0,0,16,37,11,35,CARR-D,11134.75,1759.5,5735,18629.25,0.7237762237762237,0.9459459459459459,89.9963768115942
PP07,2025-07-19,216.0,216.0,0.0,0,16,37,12,35,CARR-D,12147.0,1836.0,5735,19718.0,0.6923076923076923,0.9459459459459459,91.28703703703704
PP07,2025-07-26,210.0,210.0,0.0,0,16,37,11,35,CARR-D,11134.75,1785.0,5735,18654.75,0.7342657342657343,0.9459459459459459,88.83214285714286
PP07,2025-08-02,218.0,218.0,0.0,0,16,37,12,37,CARR-D,12147.0,1853.0,5735,19735.0,0.6987179487179487,1.0,90.52752293577981
PP07,2025-08-09,234.0,234.0,0.0,0,16,37,12,34,CARR-D,12147.0,1989.0,5735,19871.0,0.75,0.918918918918919,84.91880341880342
PP07,2025-08-16,226.0,226.0,0.0,0,16,37,11,32,CARR-D,11134.75,1921.0,5735,18790.75,0.7902097902097902,0.8648648648648649,83.14491150442478
PP07,2025-08-23,219.0,219.0,0.0,0,16,37,11,34,CARR-D,11134.75,1861.5,5735,18731.25,0.7657342657342657,0.918918918918919,85.53082191780823
PP07,2025-08-30,213.0,213.0,0.0,0,16,37,11,35,CARR-D,11134.75,1810.5,5735,18680.25,0.7447552447552448,0.9459459459459459,87.70070422535211
PP07,2025-09-06,203.0,203.0,0.0,0,16,37,11,36,CARR-D,11134.75,1725.5,5735,18595.25,0.7097902097902098,0.972972972972973,91.60221674876847
PP07,2025-09-13,203.0,203.0,0.0,0,16,37,12,35,CARR-D,12147.0,1725.5,5735,19607.5,0.6506410256410257,0.9459459459459459,96.58866995073892
PP07,2025-09-20,201.0,201.0,0.0,0,16,37,10,37,CARR-D,10122.5,1708.5,5735,17566.0,0.7730769230769231,1.0,87.39303482587064
PP07,2025-09-27,208.0,208.0,0.0,0,16,37,10,35,CARR-D,10122.5,1768.0,5735,17625.5,0.8,0.9459459459459459,84.73798076923077
PP07,2025-10-04,208.0,208.0,0.0,0,16,37,11,36,CARR-D,11134.75,1768.0,5735,18637.75,0.7272727272727273,0.972972972972973,89.6045673076923
PP07,2025-10-11,223.0,223.0,0.0,0,16,37,12,33,CARR-D,12147.0,1895.5,5735,19777.5,0.7147435897435898,0.8918918918918919,88.68834080717488
PP07,2025-10-18,219.0,219.0,0.0,0,16,37,10,37,CARR-D,10122.5,1861.5,5735,17719.0,0.8423076923076923,1.0,80.90867579908675
PP07,2025-10-25,229.0,229.0,0.0,0,16,37,12,36,CARR-D,12147.0,1946.5,5735,19828.5,0.7339743589743589,0.972972972972973,86.58733624454149
PP07,2025-11-01,237.0,237.0,0.0,0,16,37,11,37,CARR-D,11134.75,2014.5,5735,18884.25,0.8286713286713286,1.0,79.68037974683544
PP07,2025-11-08,245.0,245.0,0.0,0,16,37,13,36,CARR-D,13159.25,2082.5,5735,20976.75,0.7248520710059172,0.972972972972973,85.61938775510204
PP07,2025-11-15,267.0,264.0,3.0,2,16,37,13,32,CARR-D,13159.25,2244.0,5735,21138.25,0.7810650887573964,0.8648648648648649,80.06912878787878
PP07,2025-11-22,288.0,278.0,13.0,4,16,37,15,36,CARR-D,15183.75,2363.0,5735,23281.75,0.7128205128205128,0.972972972972973,83.74730215827338
PP07,2025-11-29,301.0,286.0,28.0,7,16,37,13,35,CARR-D,13159.25,2431.0,5735,21325.25,0.8461538461538461,0.9459459459459459,74.56381118881119
PP07,2025-12-06,309.0,291.0,46.0,11,16,37,16,31,CARR-D,16196.0,2473.5,5735,24404.5,0.6995192307692307,0.8378378378378378,83.86426116838489
PP07,2025-12-13,333.0,294.0,85.0,12,16,37,14,32,CARR-D,14171.5,2499.0,5735,22405.5,0.8076923076923077,0.8648648648648649,76.20918367346938
PP07,2025-12-20,301.0,292.0,94.0,12,16,37,16,37,CARR-D,16196.0,2482.0,5735,24413.0,0.7019230769230769,1.0,83.60616438356165
PP07,2025-12-27,264.0,286.0,72.0,12,16,37,14,31,CARR-D,14171.5,2431.0,5735,22337.5,0.7857142857142857,0.8378378378378378,78.10314685314685
PP07,2026-01-03,211.0,264.0,19.0,5,16,37,13,36,CARR-D,13159.25,2244.0,5735,21138.25,0.7810650887573964,0.972972972972973,80.06912878787878
PP07,2026-01-10,178.0,197.0,0.0,0,16,37,9,34,CARR-D,9110.25,1674.5,5735,16519.75,0.8418803418803419,0.918918918918919,83.85659898477158
PP07,2026-01-17,166.0,166.0,0.0,0,16,37,8,37,CARR-D,8098.0,1411.0,5735,15244.0,0.7980769230769231,1.0,91.83132530120481
PP07,2026-01-24,181.0,181.0,0.0,0,16,37,9,35,CARR-D,9110.25,1538.5,5735,16383.75,0.7735042735042735,0.9459459459459459,90.51795580110497
PP07,2026-01-31,193.0,193.0,0.0,0,16,37,9,35,CARR-D,9110.25,1640.5,5735,16485.75,0.8247863247863247,0.9459459459459459,85.41839378238342
PP07,2026-02-07,195.0,195.0,0.0,0,16,37,9,36,CARR-D,9110.25,1657.5,5735,16502.75,0.8333333333333334,0.972972972972973,84.62948717948719
PP07,2026-02-14,206.0,206.0,0.0,0,16,37,10,34,CARR-D,10122.5,1751.0,5735,17608.5,0.7923076923076923,0.918918918918919,85.47815533980582
PP07,2026-02-21,205.0,205.0,0.0,0,16,37,11,37,CARR-D,11134.75,1742.5,5735,18612.25,0.7167832167832168,1.0,90.79146341463415
PP07,2026-02-28,207.0,207.0,0.0,0,16,37,10,36,CARR-D,10122.5,1759.5,5735,17617.0,0.7961538461538461,0.972972972972973,85.10628019323671
PP07,2026-03-07,221.0,221.0,0.0,0,16,37,10,36,CARR-D,10122.5,1878.5,5735,17736.0,0.85,0.972972972972973,80.25339366515837
PP07,2026-03-14,220.0,220.0,0.0,0,16,37,12,36,CARR-D,12147.0,1870.0,5735,19752.0,0.7051282051282052,0.972972972972973,89.78181818181818
PP07,2026-03-21,216.0,216.0,0.0,0,16,37,12,34,CARR-D,12147.0,1836.0,5735,19718.0,0.6923076923076923,0.918918918918919,91.28703703703704
PP07,2026-03-28,214.0,214.0,0.0,0,16,37,10,33,CARR-D,10122.5,1819.0,5735,17676.5,0.823076923076923,0.8918918918918919,82.60046728971963
PP07,2026-04-04,221.0,221.0,0.0,0,16,37,11,34,CARR-D,11134.75,1878.5,5735,18748.25,0.7727272727272727,0.918918918918919,84.83371040723982
PP07,2026-04-11,211.0,211.0,0.0,0,16,37,11,34,CARR-D,11134.75,1793.5,5735,18663.25,0.7377622377622378,0.918918918918919,88.45142180094787
PP07,2026-04-18,226.0,226.0,0.0,0,16,37,12,36,CARR-D,12147.0,1921.0,5735,19803.0,0.7243589743589743,0.972972972972973,87.62389380530973
PP07,2026-04-25,238.0,238.0,0.0,0,16,37,12,35,CARR-D,12147.0,2023.0,5735,19905.0,0.7628205128205128,0.9459459459459459,83.6344537815126
PP07,2026-05-02,228.0,228.0,0.0,0,16,37,12,36,CARR-D,12147.0,1938.0,5735,19820.0,0.7307692307692307,0.972972972972973,86.9298245614035
PP07,2026-05-09,228.0,227.0,1.0,1,16,37,12,37,CARR-D,12147.0,1929.5,5735,19811.5,0.7275641025641025,1.0,87.27533039647577
PP07,2026-05-16,234.0,235.0,0.0,0,16,37,11,37,CARR-D,11134.75,1997.5,5735,18867.25,0.8216783216783217,1.0,80.28617021276595
PP07,2026-05-23,229.0,229.0,0.0,0,16,37,12,35,CARR-D,12147.0,1946.5,5735,19828.5,0.7339743589743589,0.9459459459459459,86.58733624454149
PP07,2026-05-30,227.0,227.0,0.0,0,16,37,12,36,CARR-D,12147.0,1929.5,5735,19811.5,0.7275641025641025,0.972972972972973,87.27533039647577
PP07,2026-06-06,225.0,223.0,2.0,1,16,37,12,35,CARR-D,12147.0,1895.5,5735,19777.5,0.7147435897435898,0.9459459459459459,88.68834080717488
PP07,2026-06-13,227.0,229.0,0.0,0,16,37,12,35,CARR-D,12147.0,1946.5,5735,19828.5,0.7339743589743589,0.9459459459459459,86.58733624454149
PP07,2026-06-20,212.0,212.0,0.0,0,16,37,10,37,CARR-D,10122.5,1802.0,5735,17659.5,0.8153846153846154,1.0,83.2995283018868
PP07,2026-06-27,228.0,228.0,0.0,0,16,37,12,35,CARR-D,12147.0,1938.0,5735,19820.0,0.7307692307692307,0.9459459459459459,86.9298245614035
PP07,2026-07-04,229.0,229.0,0.0,0,16,37,12,36,CARR-D,12147.0,1946.5,5735,19828.5,0.7339743589743589,0.972972972972973,86.58733624454149
PP07,2026-07-11,225.0,225.0,0.0,0,16,37,12,33,CARR-D,12147.0,1912.5,5735,19794.5,0.7211538461538461,0.8918918918918919,87.97555555555556
PP07,2026-07-18,246.0,245.0,1.0,1,16,37,12,36,CARR-D,12147.0,2082.5,5735,19964.5,0.7852564102564102,0.972972972972973,81.48775510204082
PP07,2026-07-25,227.0,228.0,0.0,0,16,37,12,33,CARR-D,12147.0,1938.0,5735,19820.0,0.7307692307692307,0.8918918918918919,86.9298245614035
PP08,2022-08-06,198.0,198.0,0.0,0,16,35,12,35,CARR-B,11550.0,1782.0,5600,18932.0,0.6346153846153846,1.0,95.61616161616162
PP08,2022-08-13,191.0,191.0,0.0,0,16,35,12,29,CARR-B,11550.0,1719.0,5600,18869.0,0.6121794871794872,0.8285714285714286,98.79057591623037
PP08,2022-08-20,189.0,189.0,0.0,0,16,35,12,33,CARR-B,11550.0,1701.0,5600,18851.0,0.6057692307692307,0.9428571428571428,99.74074074074075
PP08,2022-08-27,189.0,189.0,0.0,0,16,35,12,33,CARR-B,11550.0,1701.0,5600,18851.0,0.6057692307692307,0.9428571428571428,99.74074074074075
PP08,2022-09-03,186.0,186.0,0.0,0,16,35,11,32,CARR-B,10587.5,1674.0,5600,17861.5,0.6503496503496503,0.9142857142857143,96.02956989247312
PP08,2022-09-10,178.0,178.0,0.0,0,16,35,11,33,CARR-B,10587.5,1602.0,5600,17789.5,0.6223776223776224,0.9428571428571428,99.94101123595506
PP08,2022-09-17,179.0,179.0,0.0,0,16,35,11,28,CARR-B,10587.5,1611.0,5600,17798.5,0.6258741258741258,0.8,99.43296089385476
PP08,2022-09-24,180.0,180.0,0.0,0,16,35,12,30,CARR-B,11550.0,1620.0,5600,18770.0,0.5769230769230769,0.8571428571428571,104.27777777777777
PP08,2022-10-01,179.0,179.0,0.0,0,16,35,11,34,CARR-B,10587.5,1611.0,5600,17798.5,0.6258741258741258,0.9714285714285714,99.43296089385476
PP08,2022-10-08,181.0,181.0,0.0,0,16,35,11,32,CARR-B,10587.5,1629.0,5600,17816.5,0.6328671328671329,0.9142857142857143,98.43370165745857
PP08,2022-10-15,173.0,173.0,0.0,0,16,35,11,28,CARR-B,10587.5,1557.0,5600,17744.5,0.6048951048951049,0.8,102.5693641618497
PP08,2022-10-22,195.0,195.0,0.0,0,16,35,11,32,CARR-B,10587.5,1755.0,5600,17942.5,0.6818181818181818,0.9142857142857143,92.01282051282051
PP08,2022-10-29,200.0,200.0,0.0,0,16,35,12,34,CARR-B,11550.0,1800.0,5600,18950.0,0.6410256410256411,0.9714285714285714,94.75
PP08,2022-11-05,194.0,194.0,0.0,0,16,35,11,30,CARR-B,10587.5,1746.0,5600,17933.5,0.6783216783216783,0.8571428571428571,92.44072164948453
PP08,2022-11-12,218.0,218.0,0.0,0,16,35,12,35,CARR-B,11550.0,1962.0,5600,19112.0,0.6987179487179487,1.0,87.6697247706422
PP08,2022-11-19,239.0,238.0,1.0,1,16,35,12,32,CARR-B,11550.0,2142.0,5600,19292.0,0.7628205128205128,0.9142857142857143,81.05882352941177
PP08,2022-11-26,252.0,253.0,0.0,0,16,35,12,32,CARR-B,11550.0,2277.0,5600,19427.0,0.8108974358974359,0.9142857142857143,76.78656126482214
PP08,2022-12-03,280.0,265.0,15.0,7,16,35,12,33,CARR-B,11550.0,2385.0,5600,19535.0,0.8493589743589743,0.9428571428571428,73.71698113207547
PP08,2022-12-10,290.0,275.0,30.0,11,16,35,12,32,CARR-B,11550.0,2475.0,5600,19625.0,0.8814102564102564,0.9142857142857143,71.36363636363636
PP08,2022-12-17,268.0,272.0,26.0,10,16,35,13,32,CARR-B,12512.5,2448.0,5600,20560.5,0.8047337278106509,0.9142857142857143,75.59007352941177
PP08,2022-12-24,245.0,258.0,13.0,6,16,35,12,33,CARR-B,11550.0,2322.0,5600,19472.0,0.8269230769230769,0.9428571428571428,75.47286821705427
PP08,2022-12-31,207.0,220.0,0.0,0,16,35,12,31,CARR-B,11550.0,1980.0,5600,19130.0,0.7051282051282052,0.8857142857142857,86.95454545454545
PP08,2023-01-07,160.0,160.0,0.0,0,16,35,10,33,CARR-B,9625.0,1440.0,5600,16665.0,0.6153846153846154,0.9428571428571428,104.15625
PP08,2023-01-14,144.0,144.0,0.0,0,16,35,9,29,CARR-B,8662.5,1296.0,5600,15558.5,0.6153846153846154,0.8285714285714286,108.04513888888889
PP08,2023-01-21,161.0,161.0,0.0,0,16,35,10,33,CARR-B,9625.0,1449.0,5600,16674.0,0.6192307692307693,0.9428571428571428,103.56521739130434
PP08,2023-01-28,163.0,163.0,0.0,0,16,35,10,27,CARR-B,9625.0,1467.0,5600,16692.0,0.6269230769230769,0.7714285714285715,102.40490797546012
PP08,2023-02-04,162.0,162.0,0.0,0,16,35,10,32,CARR-B,9625.0,1458.0,5600,16683.0,0.6230769230769231,0.9142857142857143,102.98148148148148
PP08,2023-02-11,175.0,175.0,0.0,0,16,35,10,30,CARR-B,9625.0,1575.0,5600,16800.0,0.6730769230769231,0.8571428571428571,96.0
PP08,2023-02-18,179.0,179.0,0.0,0,16,35,11,30,CARR-B,10587.5,1611.0,5600,17798.5,0.6258741258741258,0.8571428571428571,99.43296089385476
PP08,2023-02-25,169.0,169.0,0.0,0,16,35,11,31,CARR-B,10587.5,1521.0,5600,17708.5,0.5909090909090909,0.8857142857142857,104.78402366863905
PP08,2023-03-04,178.0,178.0,0.0,0,16,35,11,34,CARR-B,10587.5,1602.0,5600,17789.5,0.6223776223776224,0.9714285714285714,99.94101123595506
PP08,2023-03-11,189.0,189.0,0.0,0,16,35,12,31,CARR-B,11550.0,1701.0,5600,18851.0,0.6057692307692307,0.8857142857142857,99.74074074074075
PP08,2023-03-18,178.0,178.0,0.0,0,16,35,11,35,CARR-B,10587.5,1602.0,5600,17789.5,0.6223776223776224,1.0,99.94101123595506
PP08,2023-03-25,187.0,187.0,0.0,0,16,35,11,34,CARR-B,10587.5,1683.0,5600,17870.5,0.6538461538461539,0.9714285714285714,95.56417112299465
PP08,2023-04-01,189.0,189.0,0.0,0,16,35,11,31,CARR-B,10587.5,1701.0,5600,17888.5,0.6608391608391608,0.8857142857142857,94.64814814814815
PP08,2023-04-08,185.0,185.0,0.0,0,16,35,12,33,CARR-B,11550.0,1665.0,5600,18815.0,0.592948717948718,0.9428571428571428,101.70270270270271
PP08,2023-04-15,191.0,191.0,0.0,0,16,35,12,33,CARR-B,11550.0,1719.0,5600,18869.0,0.6121794871794872,0.9428571428571428,98.79057591623037
PP08,2023-04-22,189.0,189.0,0.0,0,16,35,12,34,CARR-B,11550.0,1701.0,5600,18851.0,0.6057692307692307,0.9714285714285714,99.74074074074075
PP08,2023-04-29,194.0,194.0,0.0,0,16,35,12,33,CARR-B,11550.0,1746.0,5600,18896.0,0.6217948717948718,0.9428571428571428,97.4020618556701
PP08,2023-05-06,198.0,198.0,0.0,0,16,35,12,32,CARR-B,11550.0,1782.0,5600,18932.0,0.6346153846153846,0.9142857142857143,95.61616161616162
PP08,2023-05-13,195.0,195.0,0.0,0,16,35,12,31,CARR-B,11550.0,1755.0,5600,18905.0,0.625,0.8857142857142857,96.94871794871794
PP08,2023-05-20,203.0,203.0,0.0,0,16,35,12,35,CARR-B,11550.0,1827.0,5600,18977.0,0.6506410256410257,1.0,93.48275862068965
PP08,2023-05-27,186.0,186.0,0.0,0,16,35,12,33,CARR-B,11550.0,1674.0,5600,18824.0,0.5961538461538461,0.9428571428571428,101.20430107526882
PP08,2023-06-03,186.0,186.0,0.0,0,16,35,12,35,CARR-B,11550.0,1674.0,5600,18824.0,0.5961538461538461,1.0,101.20430107526882
PP08,2023-06-10,183.0,183.0,0.0,0,16,35,12,34,CARR-B,11550.0,1647.0,5600,18797.0,0.5865384615384616,0.9714285714285714,102.71584699453553
PP08,2023-06-17,186.0,186.0,0.0,0,16,35,11,35,CARR-B,10587.5,1674.0,5600,17861.5,0.6503496503496503,1.0,96.02956989247312
PP08,2023-06-24,183.0,183.0,0.0,0,16,35,12,30,CARR-B,11550.0,1647.0,5600,18797.0,0.5865384615384616,0.8571428571428571,102.71584699453553
PP08,2023-07-01,181.0,181.0,0.0,0,16,35,11,31,CARR-B,10587.5,1629.0,5600,17816.5,0.6328671328671329,0.8857142857142857,98.43370165745857
PP08,2023-07-08,187.0,187.0,0.0,0,16,35,12,34,CARR-B,11550.0,1683.0,5600,18833.0,0.5993589743589743,0.9714285714285714,100.71122994652407
PP08,2023-07-15,196.0,196.0,0.0,0,16,35,12,34,CARR-B,11550.0,1764.0,5600,18914.0,0.6282051282051282,0.9714285714285714,96.5
PP08,2023-07-22,194.0,194.0,0.0,0,16,35,12,34,CARR-B,11550.0,1746.0,5600,18896.0,0.6217948717948718,0.9714285714285714,97.4020618556701
PP08,2023-07-29,190.0,190.0,0.0,0,16,35,11,34,CARR-B,10587.5,1710.0,5600,17897.5,0.6643356643356644,0.9714285714285714,94.19736842105263
PP08,2023-08-05,197.0,197.0,0.0,0,16,35,12,31,CARR-B,11550.0,1773.0,5600,18923.0,0.6314102564102564,0.8857142857142857,96.05583756345177
PP08,2023-08-12,202.0,202.0,0.0,0,16,35,12,32,CARR-B,11550.0,1818.0,5600,18968.0,0.6474358974358975,0.9142857142857143,93.9009900990099
PP08,2023-08-19,193.0,193.0,0.0,0,16,35,12,31,CARR-B,11550.0,1737.0,5600,18887.0,0.6185897435897436,0.8857142857142857,97.860103626943
PP08,2023-08-26,192.0,192.0,0.0,0,16,35,12,35,CARR-B,11550.0,1728.0,5600,18878.0,0.6153846153846154,1.0,98.32291666666667
PP08,2023-09-02,182.0,182.0,0.0,0,16,35,11,31,CARR-B,10587.5,1638.0,5600,17825.5,0.6363636363636364,0.8857142857142857,97.9423076923077
PP08,2023-09-09,185.0,185.0,0.0,0,16,35,11,27,CARR-B,10587.5,1665.0,5600,17852.5,0.6468531468531469,0.7714285714285715,96.5
PP08,2023-09-16,182.0,182.0,0.0,0,16,35,12,34,CARR-B,11550.0,1638.0,5600,18788.0,0.5833333333333334,0.9714285714285714,103.23076923076923
PP08,2023-09-23,180.0,180.0,0.0,0,16,35,11,32,CARR-B,10587.5,1620.0,5600,17807.5,0.6293706293706294,0.9142857142857143,98.93055555555556
PP08,2023-09-30,173.0,173.0,0.0,0,16,35,11,32,CARR-B,10587.5,1557.0,5600,17744.5,0.6048951048951049,0.9142857142857143,102.5693641618497
PP08,2023-10-07,181.0,181.0,0.0,0,16,35,11,29,CARR-B,10587.5,1629.0,5600,17816.5,0.6328671328671329,0.8285714285714286,98.43370165745857
PP08,2023-10-14,192.0,192.0,0.0,0,16,35,11,33,CARR-B,10587.5,1728.0,5600,17915.5,0.6713286713286714,0.9428571428571428,93.30989583333333
PP08,2023-10-21,186.0,186.0,0.0,0,16,35,11,31,CARR-B,10587.5,1674.0,5600,17861.5,0.6503496503496503,0.8857142857142857,96.02956989247312
PP08,2023-10-28,205.0,205.0,0.0,0,16,35,12,33,CARR-B,11550.0,1845.0,5600,18995.0,0.657051282051282,0.9428571428571428,92.65853658536585
PP08,2023-11-04,208.0,208.0,0.0,0,16,35,12,31,CARR-B,11550.0,1872.0,5600,19022.0,0.6666666666666666,0.8857142857142857,91.45192307692308
PP08,2023-11-11,218.0,218.0,0.0,0,16,35,12,34,CARR-B,11550.0,1962.0,5600,19112.0,0.6987179487179487,0.9714285714285714,87.6697247706422
PP08,2023-11-18,241.0,241.0,0.0,0,16,35,12,31,CARR-B,11550.0,2169.0,5600,19319.0,0.7724358974358975,0.8857142857142857,80.16182572614107
PP08,2023-11-25,263.0,254.0,9.0,4,16,35,12,34,CARR-B,11550.0,2286.0,5600,19436.0,0.8141025641025641,0.9714285714285714,76.51968503937007
PP08,2023-12-02,274.0,263.0,20.0,6,16,35,12,30,CARR-B,11550.0,2367.0,5600,19517.0,0.842948717948718,0.8571428571428571,74.20912547528518
PP08,2023-12-09,305.0,272.0,53.0,11,16,35,13,33,CARR-B,12512.5,2448.0,5600,20560.5,0.8047337278106509,0.9428571428571428,75.59007352941177
PP08,2023-12-16,285.0,276.0,62.0,12,16,35,13,32,CARR-B,12512.5,2484.0,5600,20596.5,0.8165680473372781,0.9142857142857143,74.625
PP08,2023-12-23,242.0,267.0,37.0,5,16,35,12,31,CARR-B,11550.0,2403.0,5600,19553.0,0.8557692307692307,0.8857142857142857,73.23220973782772
PP08,2023-12-30,203.0,219.0,21.0,3,16,35,12,29,CARR-B,11550.0,1971.0,5600,19121.0,0.7019230769230769,0.8285714285714286,87.31050228310502
PP08,2024-01-06,168.0,183.0,6.0,2,16,35,11,32,CARR-B,10587.5,1647.0,5600,17834.5,0.6398601398601399,0.9142857142857143,97.45628415300547
PP08,2024-01-13,146.0,152.0,0.0,0,16,35,8,31,CARR-B,7700.0,1368.0,5600,14668.0,0.7307692307692307,0.8857142857142857,96.5
PP08,2024-01-20,144.0,144.0,0.0,0,16,35,7,27,CARR-B,6737.5,1296.0,5600,13633.5,0.7912087912087912,0.7714285714285715,94.67708333333333
PP08,2024-01-27,155.0,155.0,0.0,0,16,35,8,28,CARR-B,7700.0,1395.0,5600,14695.0,0.7451923076923077,0.8,94.80645161290323
PP08,2024-02-03,168.0,168.0,0.0,0,16,35,11,33,CARR-B,10587.5,1512.0,5600,17699.5,0.5874125874125874,0.9428571428571428,105.35416666666667
PP08,2024-02-10,176.0,176.0,0.0,0,16,35,11,30,CARR-B,10587.5,1584.0,5600,17771.5,0.6153846153846154,0.8571428571428571,100.97443181818181
PP08,2024-02-17,174.0,174.0,0.0,0,16,35,11,32,CARR-B,10587.5,1566.0,5600,17753.5,0.6083916083916084,0.9142857142857143,102.0316091954023
PP08,2024-02-24,168.0,168.0,0.0,0,16,35,10,30,CARR-B,9625.0,1512.0,5600,16737.0,0.6461538461538462,0.8571428571428571,99.625
PP08,2024-03-02,183.0,183.0,0.0,0,16,35,12,34,CARR-B,11550.0,1647.0,5600,18797.0,0.5865384615384616,0.9714285714285714,102.71584699453553
PP08,2024-03-09,187.0,187.0,0.0,0,16,35,12,33,CARR-B,11550.0,1683.0,5600,18833.0,0.5993589743589743,0.9428571428571428,100.71122994652407
PP08,2024-03-16,186.0,186.0,0.0,0,16,35,11,31,CARR-B,10587.5,1674.0,5600,17861.5,0.6503496503496503,0.8857142857142857,96.02956989247312
PP08,2024-03-23,186.0,186.0,0.0,0,16,35,12,30,CARR-B,11550.0,1674.0,5600,18824.0,0.5961538461538461,0.8571428571428571,101.20430107526882
PP08,2024-03-30,186.0,186.0,0.0,0,16,35,12,32,CARR-B,11550.0,1674.0,5600,18824.0,0.5961538461538461,0.9142857142857143,101.20430107526882
PP08,2024-04-06,183.0,183.0,0.0,0,16,35,11,35,CARR-B,10587.5,1647.0,5600,17834.5,0.6398601398601399,1.0,97.45628415300547
PP08,2024-04-13,177.0,177.0,0.0,0,16,35,11,31,CARR-B,10587.5,1593.0,5600,17780.5,0.6188811188811189,0.8857142857142857,100.454802259887
PP08,2024-04-20,190.0,190.0,0.0,0,16,35,11,34,CARR-B,10587.5,1710.0,5600,17897.5,0.6643356643356644,0.9714285714285714,94.19736842105263
PP08,2024-04-27,213.0,213.0,0.0,0,16,35,12,34,CARR-B,11550.0,1917.0,5600,19067.0,0.6826923076923077,0.9714285714285714,89.51643192488262
PP08,2024-05-04,200.0,200.0,0.0,0,16,35,12,32,CARR-B,11550.0,1800.0,5600,18950.0,0.6410256410256411,0.9142857142857143,94.75
PP08,2024-05-11,210.0,210.0,0.0,0,16,35,12,33,CARR-B,11550.0,1890.0,5600,19040.0,0.6730769230769231,0.9428571428571428,90.66666666666667
PP08,2024-05-18,208.0,208.0,0.0,0,16,35,12,35,CARR-B,11550.0,1872.0,5600,19022.0,0.6666666666666666,1.0,91.45192307692308
PP08,2024-05-25,211.0,211.0,0.0,0,16,35,12,32,CARR-B,11550.0,1899.0,5600,19049.0,0.6762820512820513,0.9142857142857143,90.27962085308057
PP08,2024-06-01,200.0,200.0,0.0,0,16,35,12,31,CARR-B,11550.0,1800.0,5600,18950.0,0.6410256410256411,0.8857142857142857,94.75
PP08,2024-06-08,199.0,199.0,0.0,0,16,35,12,34,CARR-B,11550.0,1791.0,5600,18941.0,0.6378205128205128,0.9714285714285714,95.18090452261306
PP08,2024-06-15,192.0,192.0,0.0,0,16,35,11,34,CARR-B,10587.5,1728.0,5600,17915.5,0.6713286713286714,0.9714285714285714,93.30989583333333
PP08,2024-06-22,185.0,185.0,0.0,0,16,35,11,33,CARR-B,10587.5,1665.0,5600,17852.5,0.6468531468531469,0.9428571428571428,96.5
PP08,2024-06-29,192.0,192.0,0.0,0,16,35,12,31,CARR-B,11550.0,1728.0,5600,18878.0,0.6153846153846154,0.8857142857142857,98.32291666666667
PP08,2024-07-06,199.0,199.0,0.0,0,16,35,11,32,CARR-B,10587.5,1791.0,5600,17978.5,0.6958041958041958,0.9142857142857143,90.34422110552764
PP08,2024-07-13,191.0,191.0,0.0,0,16,35,12,30,CARR-B,11550.0,1719.0,5600,18869.0,0.6121794871794872,0.8571428571428571,98.79057591623037
PP08,2024-07-20,182.0,182.0,0.0,0,16,35,12,32,CARR-B,11550.0,1638.0,5600,18788.0,0.5833333333333334,0.9142857142857143,103.23076923076923
PP08,2024-07-27,200.0,200.0,0.0,0,16,35,12,33,CARR-B,11550.0,1800.0,5600,18950.0,0.6410256410256411,0.9428571428571428,94.75
PP08,2024-08-03,207.0,207.0,0.0,0,16,35,12,31,CARR-B,11550.0,1863.0,5600,19013.0,0.6634615384615384,0.8857142857142857,91.85024154589372
PP08,2024-08-10,197.0,197.0,0.0,0,16,35,12,34,CARR-B,11550.0,1773.0,5600,18923.0,0.6314102564102564,0.9714285714285714,96.05583756345177
PP08,2024-08-17,193.0,193.0,0.0,0,16,35,12,31,CARR-B,11550.0,1737.0,5600,18887.0,0.6185897435897436,0.8857142857142857,97.860103626943
PP08,2024-08-24,198.0,198.0,0.0,0,16,35,12,33,CARR-B,11550.0,1782.0,5600,18932.0,0.6346153846153846,0.9428571428571428,95.61616161616162
PP08,2024-08-31,185.0,185.0,0.0,0,16,35,12,34,CARR-B,11550.0,1665.0,5600,18815.0,0.592948717948718,0.9714285714285714,101.70270270270271
PP08,2024-09-07,180.0,180.0,0.0,0,16,35,12,34,CARR-B,11550.0,1620.0,5600,18770.0,0.5769230769230769,0.9714285714285714,104.27777777777777
PP08,2024-09-14,174.0,174.0,0.0,0,16,35,11,33,CARR-B,10587.5,1566.0,5600,17753.5,0.6083916083916084,0.9428571428571428,102.0316091954023
PP08,2024-09-21,183.0,183.0,0.0,0,16,35,11,34,CARR-B,10587.5,1647.0,5600,17834.5,0.6398601398601399,0.9714285714285714,97.45628415300547
PP08,2024-09-28,186.0,186.0,0.0,0,16,35,12,34,CARR-B,11550.0,1674.0,5600,18824.0,0.5961538461538461,0.9714285714285714,101.20430107526882
PP08,2024-10-05,185.0,185.0,0.0,0,16,35,12,33,CARR-B,11550.0,1665.0,5600,18815.0,0.592948717948718,0.9428571428571428,101.70270270270271
PP08,2024-10-12,181.0,181.0,0.0,0,16,35,11,32,CARR-B,10587.5,1629.0,5600,17816.5,0.6328671328671329,0.9142857142857143,98.43370165745857
PP08,2024-10-19,205.0,205.0,0.0,0,16,35,12,33,CARR-B,11550.0,1845.0,5600,18995.0,0.657051282051282,0.9428571428571428,92.65853658536585
PP08,2024-10-26,202.0,202.0,0.0,0,16,35,12,33,CARR-B,11550.0,1818.0,5600,18968.0,0.6474358974358975,0.9428571428571428,93.9009900990099
PP08,2024-11-02,217.0,217.0,0.0,0,16,35,12,34,CARR-B,11550.0,1953.0,5600,19103.0,0.6955128205128205,0.9714285714285714,88.03225806451613
PP08,2024-11-09,230.0,230.0,0.0,0,16,35,12,33,CARR-B,11550.0,2070.0,5600,19220.0,0.7371794871794872,0.9428571428571428,83.56521739130434
PP08,2024-11-16,252.0,250.0,2.0,1,16,35,12,34,CARR-B,11550.0,2250.0,5600,19400.0,0.8012820512820513,0.9714285714285714,77.6
PP08,2024-11-23,242.0,243.0,1.0,1,16,35,12,32,CARR-B,11550.0,2187.0,5600,19337.0,0.7788461538461539,0.9142857142857143,79.57613168724279
PP08,2024-11-30,294.0,274.0,21.0,9,16,35,12,33,CARR-B,11550.0,2466.0,5600,19616.0,0.8782051282051282,0.9428571428571428,71.5912408759124
PP08,2024-12-07,304.0,278.0,47.0,11,16,35,12,30,CARR-B,11550.0,2502.0,5600,19652.0,0.8910256410256411,0.8571428571428571,70.69064748201438
PP08,2024-12-14,300.0,277.0,70.0,13,16,35,13,33,CARR-B,12512.5,2493.0,5600,20605.5,0.8195266272189349,0.9428571428571428,74.38808664259928
PP08,2024-12-21,265.0,272.0,63.0,13,16,35,12,33,CARR-B,11550.0,2448.0,5600,19598.0,0.8717948717948718,0.9428571428571428,72.05147058823529
PP08,2024-12-28,223.0,258.0,28.0,5,16,35,12,33,CARR-B,11550.0,2322.0,5600,19472.0,0.8269230769230769,0.9428571428571428,75.47286821705427
PP08,2025-01-04,192.0,212.0,8.0,3,16,35,12,32,CARR-B,11550.0,1908.0,5600,19058.0,0.6794871794871795,0.9142857142857143,89.89622641509433
PP08,2025-01-11,147.0,155.0,0.0,0,16,35,9,30,CARR-B,8662.5,1395.0,5600,15657.5,0.6623931623931624,0.8571428571428571,101.01612903225806
PP08,2025-01-18,153.0,153.0,0.0,0,16,35,10,33,CARR-B,9625.0,1377.0,5600,16602.0,0.5884615384615385,0.9428571428571428,108.50980392156863
PP08,2025-01-25,163.0,163.0,0.0,0,16,35,9,29,CARR-B,8662.5,1467.0,5600,15729.5,0.6965811965811965,0.8285714285714286,96.5
PP08,2025-02-01,166.0,166.0,0.0,0,16,35,10,32,CARR-B,9625.0,1494.0,5600,16719.0,0.6384615384615384,0.9142857142857143,100.71686746987952
PP08,2025-02-08,173.0,173.0,0.0,0,16,35,11,30,CARR-B,10587.5,1557.0,5600,17744.5,0.6048951048951049,0.8571428571428571,102.5693641618497
PP08,2025-02-15,181.0,181.0,0.0,0,16,35,12,32,CARR-B,11550.0,1629.0,5600,18779.0,0.5801282051282052,0.9142857142857143,103.7513812154696
PP08,2025-02-22,188.0,188.0,0.0,0,16,35,12,32,CARR-B,11550.0,1692.0,5600,18842.0,0.6025641025641025,0.9142857142857143,100.22340425531915
PP08,2025-03-01,193.0,193.0,0.0,0,16,35,12,33,CARR-B,11550.0,1737.0,5600,18887.0,0.6185897435897436,0.9428571428571428,97.860103626943
PP08,2025-03-08,196.0,196.0,0.0,0,16,35,12,35,CARR-B,11550.0,1764.0,5600,18914.0,0.6282051282051282,1.0,96.5
PP08,2025-03-15,189.0,189.0,0.0,0,16,35,12,31,CARR-B,11550.0,1701.0,5600,18851.0,0.6057692307692307,0.8857142857142857,99.74074074074075
PP08,2025-03-22,190.0,190.0,0.0,0,16,35,12,32,CARR-B,11550.0,1710.0,5600,18860.0,0.6089743589743589,0.9142857142857143,99.26315789473684
PP08,2025-03-29,195.0,195.0,0.0,0,16,35,12,29,CARR-B,11550.0,1755.0,5600,18905.0,0.625,0.8285714285714286,96.94871794871794
PP08,2025-04-05,188.0,188.0,0.0,0,16,35,12,34,CARR-B,11550.0,1692.0,5600,18842.0,0.6025641025641025,0.9714285714285714,100.22340425531915
PP08,2025-04-12,196.0,196.0,0.0,0,16,35,12,30,CARR-B,11550.0,1764.0,5600,18914.0,0.6282051282051282,0.8571428571428571,96.5
PP08,2025-04-19,208.0,208.0,0.0,0,16,35,11,33,CARR-B,10587.5,1872.0,5600,18059.5,0.7272727272727273,0.9428571428571428,86.82451923076923
PP08,2025-04-26,208.0,208.0,0.0,0,16,35,12,31,CARR-B,11550.0,1872.0,5600,19022.0,0.6666666666666666,0.8857142857142857,91.45192307692308
PP08,2025-05-03,221.0,221.0,0.0,0,16,35,12,35,CARR-B,11550.0,1989.0,5600,19139.0,0.7083333333333334,1.0,86.60180995475113
PP08,2025-05-10,220.0,220.0,0.0,0,16,35,12,33,CARR-B,11550.0,1980.0,5600,19130.0,0.7051282051282052,0.9428571428571428,86.95454545454545
PP08,2025-05-17,217.0,217.0,0.0,0,16,35,12,30,CARR-B,11550.0,1953.0,5600,19103.0,0.6955128205128205,0.8571428571428571,88.03225806451613
PP08,2025-05-24,222.0,222.0,0.0,0,16,35,12,31,CARR-B,11550.0,1998.0,5600,19148.0,0.7115384615384616,0.8857142857142857,86.25225225225225
PP08,2025-05-31,217.0,217.0,0.0,0,16,35,12,29,CARR-B,11550.0,1953.0,5600,19103.0,0.6955128205128205,0.8285714285714286,88.03225806451613
PP08,2025-06-07,212.0,212.0,0.0,0,16,35,12,34,CARR-B,11550.0,1908.0,5600,19058.0,0.6794871794871795,0.9714285714285714,89.89622641509433
PP08,2025-06-14,195.0,195.0,0.0,0,16,35,12,31,CARR-B,11550.0,1755.0,5600,18905.0,0.625,0.8857142857142857,96.94871794871794
PP08,2025-06-21,205.0,205.0,0.0,0,16,35,12,33,CARR-B,11550.0,1845.0,5600,18995.0,0.657051282051282,0.9428571428571428,92.65853658536585
PP08,2025-06-28,209.0,209.0,0.0,0,16,35,12,33,CARR-B,11550.0,1881.0,5600,19031.0,0.6698717948717948,0.9428571428571428,91.05741626794259
PP08,2025-07-05,203.0,203.0,0.0,0,16,35,12,34,CARR-B,11550.0,1827.0,5600,18977.0,0.6506410256410257,0.9714285714285714,93.48275862068965
PP08,2025-07-12,206.0,206.0,0.0,0,16,35,12,31,CARR-B,11550.0,1854.0,5600,19004.0,0.6602564102564102,0.8857142857142857,92.25242718446601
PP08,2025-07-19,205.0,205.0,0.0,0,16,35,12,29,CARR-B,11550.0,1845.0,5600,18995.0,0.657051282051282,0.8285714285714286,92.65853658536585
PP08,2025-07-26,208.0,208.0,0.0,0,16,35,12,32,CARR-B,11550.0,1872.0,5600,19022.0,0.6666666666666666,0.9142857142857143,91.45192307692308
PP08,2025-08-02,215.0,215.0,0.0,0,16,35,12,35,CARR-B,11550.0,1935.0,5600,19085.0,0.6891025641025641,1.0,88.76744186046511
PP08,2025-08-09,217.0,216.0,1.0,1,16,35,12,31,CARR-B,11550.0,1944.0,5600,19094.0,0.6923076923076923,0.8857142857142857,88.39814814814815
PP08,2025-08-16,206.0,207.0,0.0,0,16,35,12,34,CARR-B,11550.0,1863.0,5600,19013.0,0.6634615384615384,0.9714285714285714,91.85024154589372
PP08,2025-08-23,212.0,212.0,0.0,0,16,35,12,29,CARR-B,11550.0,1908.0,5600,19058.0,0.6794871794871795,0.8285714285714286,89.89622641509433
PP08,2025-08-30,202.0,202.0,0.0,0,16,35,12,33,CARR-B,11550.0,1818.0,5600,18968.0,0.6474358974358975,0.9428571428571428,93.9009900990099
PP08,2025-09-06,193.0,193.0,0.0,0,16,35,12,34,CARR-B,11550.0,1737.0,5600,18887.0,0.6185897435897436,0.9714285714285714,97.860103626943
PP08,2025-09-13,187.0,187.0,0.0,0,16,35,12,34,CARR-B,11550.0,1683.0,5600,18833.0,0.5993589743589743,0.9714285714285714,100.71122994652407
PP08,2025-09-20,187.0,187.0,0.0,0,16,35,12,32,CARR-B,11550.0,1683.0,5600,18833.0,0.5993589743589743,0.9142857142857143,100.71122994652407
PP08,2025-09-27,196.0,196.0,0.0,0,16,35,12,30,CARR-B,11550.0,1764.0,5600,18914.0,0.6282051282051282,0.8571428571428571,96.5
PP08,2025-10-04,200.0,200.0,0.0,0,16,35,12,31,CARR-B,11550.0,1800.0,5600,18950.0,0.6410256410256411,0.8857142857142857,94.75
PP08,2025-10-11,199.0,199.0,0.0,0,16,35,12,34,CARR-B,11550.0,1791.0,5600,18941.0,0.6378205128205128,0.9714285714285714,95.18090452261306
PP08,2025-10-18,204.0,204.0,0.0,0,16,35,12,30,CARR-B,11550.0,1836.0,5600,18986.0,0.6538461538461539,0.8571428571428571,93.06862745098039
PP08,2025-10-25,218.0,218.0,0.0,0,16,35,12,33,CARR-B,11550.0,1962.0,5600,19112.0,0.6987179487179487,0.9428571428571428,87.6697247706422
PP08,2025-11-01,226.0,226.0,0.0,0,16,35,12,32,CARR-B,11550.0,2034.0,5600,19184.0,0.7243589743589743,0.9142857142857143,84.88495575221239
PP08,2025-11-08,237.0,237.0,0.0,0,16,35,12,30,CARR-B,11550.0,2133.0,5600,19283.0,0.7596153846153846,0.8571428571428571,81.36286919831224
PP08,2025-11-15,274.0,262.0,12.0,5,16,35,12,35,CARR-B,11550.0,2358.0,5600,19508.0,0.8397435897435898,1.0,74.45801526717557
PP08,2025-11-22,271.0,265.0,18.0,7,16,35,12,32,CARR-B,11550.0,2385.0,5600,19535.0,0.8493589743589743,0.9142857142857143,73.71698113207547
PP08,2025-11-29,301.0,278.0,41.0,9,16,35,12,32,CARR-B,11550.0,2502.0,5600,19652.0,0.8910256410256411,0.9142857142857143,70.69064748201438
PP08,2025-12-06,296.0,278.0,59.0,13,16,35,12,30,CARR-B,11550.0,2502.0,5600,19652.0,0.8910256410256411,0.8571428571428571,70.69064748201438
PP08,2025-12-13,317.0,277.0,99.0,13,16,35,12,33,CARR-B,11550.0,2493.0,5600,19643.0,0.8878205128205128,0.9428571428571428,70.91335740072202
PP08,2025-12-20,282.0,278.0,103.0,13,16,35,13,34,CARR-B,12512.5,2502.0,5600,20614.5,0.8224852071005917,0.9714285714285714,74.15287769784173
PP08,2025-12-27,240.0,270.0,73.0,13,16,35,12,32,CARR-B,11550.0,2430.0,5600,19580.0,0.8653846153846154,0.9142857142857143,72.51851851851852
PP08,2026-01-03,204.0,249.0,28.0,5,16,35,12,29,CARR-B,11550.0,2241.0,5600,19391.0,0.7980769230769231,0.8285714285714286,77.87550200803213
PP08,2026-01-10,174.0,198.0,4.0,1,16,35,12,31,CARR-B,11550.0,1782.0,5600,18932.0,0.6346153846153846,0.8857142857142857,95.61616161616162
PP08,2026-01-17,170.0,174.0,0.0,0,16,35,11,31,CARR-B,10587.5,1566.0,5600,17753.5,0.6083916083916084,0.8857142857142857,102.0316091954023
PP08,2026-01-24,176.0,176.0,0.0,0,16,35,11,29,CARR-B,10587.5,1584.0,5600,17771.5,0.6153846153846154,0.8285714285714286,100.97443181818181
PP08,2026-01-31,180.0,180.0,0.0,0,16,35,10,28,CARR-B,9625.0,1620.0,5600,16845.0,0.6923076923076923,0.8,93.58333333333333
PP08,2026-02-07,192.0,192.0,0.0,0,16,35,12,31,CARR-B,11550.0,1728.0,5600,18878.0,0.6153846153846154,0.8857142857142857,98.32291666666667
PP08,2026-02-14,204.0,204.0,0.0,0,16,35,12,32,CARR-B,11550.0,1836.0,5600,18986.0,0.6538461538461539,0.9142857142857143,93.06862745098039
PP08,2026-02-21,199.0,199.0,0.0,0,16,35,12,34,CARR-B,11550.0,1791.0,5600,18941.0,0.6378205128205128,0.9714285714285714,95.18090452261306
PP08,2026-02-28,199.0,199.0,0.0,0,16,35,12,29,CARR-B,11550.0,1791.0,5600,18941.0,0.6378205128205128,0.8285714285714286,95.18090452261306
PP08,2026-03-07,203.0,203.0,0.0,0,16,35,12,33,CARR-B,11550.0,1827.0,5600,18977.0,0.6506410256410257,0.9428571428571428,93.48275862068965
PP08,2026-03-14,201.0,201.0,0.0,0,16,35,12,34,CARR-B,11550.0,1809.0,5600,18959.0,0.6442307692307693,0.9714285714285714,94.32338308457712
PP08,2026-03-21,213.0,213.0,0.0,0,16,35,12,35,CARR-B,11550.0,1917.0,5600,19067.0,0.6826923076923077,1.0,89.51643192488262
PP08,2026-03-28,204.0,204.0,0.0,0,16,35,12,35,CARR-B,11550.0,1836.0,5600,18986.0,0.6538461538461539,1.0,93.06862745098039
PP08,2026-04-04,211.0,211.0,0.0,0,16,35,12,29,CARR-B,11550.0,1899.0,5600,19049.0,0.6762820512820513,0.8285714285714286,90.27962085308057
PP08,2026-04-11,211.0,211.0,0.0,0,16,35,12,31,CARR-B,11550.0,1899.0,5600,19049.0,0.6762820512820513,0.8857142857142857,90.27962085308057
PP08,2026-04-18,206.0,206.0,0.0,0,16,35,12,32,CARR-B,11550.0,1854.0,5600,19004.0,0.6602564102564102,0.9142857142857143,92.25242718446601
PP08,2026-04-25,211.0,211.0,0.0,0,16,35,12,33,CARR-B,11550.0,1899.0,5600,19049.0,0.6762820512820513,0.9428571428571428,90.27962085308057
PP08,2026-05-02,226.0,224.0,2.0,1,16,35,12,32,CARR-B,11550.0,2016.0,5600,19166.0,0.717948717948718,0.9142857142857143,85.5625
PP08,2026-05-09,230.0,230.0,2.0,2,16,35,12,35,CARR-B,11550.0,2070.0,5600,19220.0,0.7371794871794872,1.0,83.56521739130434
PP08,2026-05-16,223.0,224.0,1.0,1,16,35,12,31,CARR-B,11550.0,2016.0,5600,19166.0,0.717948717948718,0.8857142857142857,85.5625
PP08,2026-05-23,227.0,228.0,0.0,0,16,35,12,34,CARR-B,11550.0,2052.0,5600,19202.0,0.7307692307692307,0.9714285714285714,84.21929824561404
PP08,2026-05-30,221.0,221.0,0.0,0,16,35,12,33,CARR-B,11550.0,1989.0,5600,19139.0,0.7083333333333334,0.9428571428571428,86.60180995475113
PP08,2026-06-06,223.0,223.0,0.0,0,16,35,12,32,CARR-B,11550.0,2007.0,5600,19157.0,0.7147435897435898,0.9142857142857143,85.90582959641256
PP08,2026-06-13,216.0,216.0,0.0,0,16,35,12,31,CARR-B,11550.0,1944.0,5600,19094.0,0.6923076923076923,0.8857142857142857,88.39814814814815
PP08,2026-06-20,209.0,209.0,0.0,0,16,35,12,34,CARR-B,11550.0,1881.0,5600,19031.0,0.6698717948717948,0.9714285714285714,91.05741626794259
PP08,2026-06-27,218.0,218.0,0.0,0,16,35,12,33,CARR-B,11550.0,1962.0,5600,19112.0,0.6987179487179487,0.9428571428571428,87.6697247706422
PP08,2026-07-04,219.0,219.0,0.0,0,16,35,12,32,CARR-B,11550.0,1971.0,5600,19121.0,0.7019230769230769,0.9142857142857143,87.31050228310502
PP08,2026-07-11,222.0,222.0,0.0,0,16,35,12,33,CARR-B,11550.0,1998.0,5600,19148.0,0.7115384615384616,0.9428571428571428,86.25225225225225
PP08,2026-07-18,217.0,217.0,0.0,0,16,35,12,32,CARR-B,11550.0,1953.0,5600,19103.0,0.6955128205128205,0.9142857142857143,88.03225806451613
PP08,2026-07-25,223.0,223.0,0.0,0,16,35,12,33,CARR-B,11550.0,2007.0,5600,19157.0,0.7147435897435898,0.9428571428571428,85.90582959641256
