week_ending,store_id,pool_point_id,demand_pallets,delivered_pallets,backlog_pallets
2022-08-06,S1001,PP01,18.0,18.0,0.0
2022-08-13,S1001,PP01,21.0,21.0,0.0
2022-08-20,S1001,PP01,19.0,19.0,0.0
2022-08-27,S1001,PP01,20.0,20.0,0.0
2022-09-03,S1001,PP01,22.0,22.0,0.0
2022-09-10,S1001,PP01,21.0,21.0,0.0
2022-09-17,S1001,PP01,21.0,21.0,0.0
2022-09-24,S1001,PP01,21.0,21.0,0.0
2022-10-01,S1001,PP01,22.0,22.0,0.0
2022-10-08,S1001,PP01,20.0,20.0,0.0
2022-10-15,S1001,PP01,24.0,24.0,0.0
2022-10-22,S1001,PP01,25.0,25.0,0.0
2022-10-29,S1001,PP01,25.0,25.0,0.0
2022-11-05,S1001,PP01,26.0,26.0,0.0
2022-11-12,S1001,PP01,27.0,27.0,0.0
2022-11-19,S1001,PP01,34.0,33.0,1.0
2022-11-26,S1001,PP01,30.0,31.0,0.0
2022-12-03,S1001,PP01,31.0,31.0,0.0
2022-12-10,S1001,PP01,32.0,32.0,0.0
2022-12-17,S1001,PP01,29.0,29.0,0.0
2022-12-24,S1001,PP01,25.0,25.0,0.0
2022-12-31,S1001,PP01,22.0,22.0,0.0
2023-01-07,S1001,PP01,20.0,20.0,0.0
2023-01-14,S1001,PP01,18.0,18.0,0.0
2023-01-21,S1001,PP01,18.0,18.0,0.0
2023-01-28,S1001,PP01,17.0,17.0,0.0
2023-02-04,S1001,PP01,21.0,21.0,0.0
2023-02-11,S1001,PP01,22.0,22.0,0.0
2023-02-18,S1001,PP01,20.0,20.0,0.0
2023-02-25,S1001,PP01,20.0,20.0,0.0
2023-03-04,S1001,PP01,23.0,23.0,0.0
2023-03-11,S1001,PP01,22.0,22.0,0.0
2023-03-18,S1001,PP01,19.0,19.0,0.0
2023-03-25,S1001,PP01,22.0,22.0,0.0
2023-04-01,S1001,PP01,23.0,23.0,0.0
2023-04-08,S1001,PP01,20.0,20.0,0.0
2023-04-15,S1001,PP01,23.0,23.0,0.0
2023-04-22,S1001,PP01,20.0,20.0,0.0
2023-04-29,S1001,PP01,26.0,26.0,0.0
2023-05-06,S1001,PP01,26.0,26.0,0.0
2023-05-13,S1001,PP01,23.0,23.0,0.0
2023-05-20,S1001,PP01,24.0,24.0,0.0
2023-05-27,S1001,PP01,18.0,18.0,0.0
2023-06-03,S1001,PP01,20.0,20.0,0.0
2023-06-10,S1001,PP01,22.0,22.0,0.0
2023-06-17,S1001,PP01,20.0,20.0,0.0
2023-06-24,S1001,PP01,24.0,24.0,0.0
2023-07-01,S1001,PP01,27.0,27.0,0.0
2023-07-08,S1001,PP01,20.0,20.0,0.0
2023-07-15,S1001,PP01,21.0,21.0,0.0
2023-07-22,S1001,PP01,23.0,23.0,0.0
2023-07-29,S1001,PP01,27.0,27.0,0.0
2023-08-05,S1001,PP01,21.0,21.0,0.0
2023-08-12,S1001,PP01,24.0,24.0,0.0
2023-08-19,S1001,PP01,28.0,28.0,0.0
2023-08-26,S1001,PP01,19.0,19.0,0.0
2023-09-02,S1001,PP01,20.0,20.0,0.0
2023-09-09,S1001,PP01,21.0,21.0,0.0
2023-09-16,S1001,PP01,20.0,20.0,0.0
2023-09-23,S1001,PP01,23.0,23.0,0.0
2023-09-30,S1001,PP01,22.0,22.0,0.0
2023-10-07,S1001,PP01,18.0,18.0,0.0
2023-10-14,S1001,PP01,23.0,23.0,0.0
2023-10-21,S1001,PP01,21.0,21.0,0.0
2023-10-28,S1001,PP01,27.0,27.0,0.0
2023-11-04,S1001,PP01,23.0,23.0,0.0
2023-11-11,S1001,PP01,24.0,24.0,0.0
2023-11-18,S1001,PP01,30.0,30.0,0.0
2023-11-25,S1001,PP01,33.0,33.0,0.0
2023-12-02,S1001,PP01,34.0,33.0,1.0
2023-12-09,S1001,PP01,30.0,31.0,0.0
2023-12-16,S1001,PP01,36.0,33.0,3.0
2023-12-23,S1001,PP01,27.0,30.0,0.0
2023-12-30,S1001,PP01,26.0,26.0,0.0
2024-01-06,S1001,PP01,18.0,18.0,0.0
2024-01-13,S1001,PP01,18.0,18.0,0.0
2024-01-20,S1001,PP01,17.0,17.0,0.0
2024-01-27,S1001,PP01,17.0,17.0,0.0
2024-02-03,S1001,PP01,21.0,21.0,0.0
2024-02-10,S1001,PP01,21.0,21.0,0.0
2024-02-17,S1001,PP01,20.0,20.0,0.0
2024-02-24,S1001,PP01,25.0,25.0,0.0
2024-03-02,S1001,PP01,21.0,21.0,0.0
2024-03-09,S1001,PP01,22.0,22.0,0.0
2024-03-16,S1001,PP01,23.0,23.0,0.0
2024-03-23,S1001,PP01,21.0,21.0,0.0
2024-03-30,S1001,PP01,23.0,23.0,0.0
2024-04-06,S1001,PP01,21.0,21.0,0.0
2024-04-13,S1001,PP01,21.0,21.0,0.0
2024-04-20,S1001,PP01,26.0,26.0,0.0
2024-04-27,S1001,PP01,21.0,21.0,0.0
2024-05-04,S1001,PP01,19.0,19.0,0.0
2024-05-11,S1001,PP01,29.0,29.0,0.0
2024-05-18,S1001,PP01,31.0,31.0,0.0
2024-05-25,S1001,PP01,23.0,23.0,0.0
2024-06-01,S1001,PP01,19.0,19.0,0.0
2024-06-08,S1001,PP01,23.0,23.0,0.0
2024-06-15,S1001,PP01,22.0,22.0,0.0
2024-06-22,S1001,PP01,23.0,23.0,0.0
2024-06-29,S1001,PP01,20.0,20.0,0.0
2024-07-06,S1001,PP01,24.0,24.0,0.0
2024-07-13,S1001,PP01,24.0,24.0,0.0
2024-07-20,S1001,PP01,20.0,20.0,0.0
2024-07-27,S1001,PP01,25.0,25.0,0.0
2024-08-03,S1001,PP01,29.0,29.0,0.0
2024-08-10,S1001,PP01,25.0,25.0,0.0
2024-08-17,S1001,PP01,23.0,23.0,0.0
2024-08-24,S1001,PP01,23.0,23.0,0.0
2024-08-31,S1001,PP01,24.0,24.0,0.0
2024-09-07,S1001,PP01,18.0,18.0,0.0
2024-09-14,S1001,PP01,22.0,22.0,0.0
2024-09-21,S1001,PP01,21.0,21.0,0.0
2024-09-28,S1001,PP01,26.0,26.0,0.0
2024-10-05,S1001,PP01,22.0,22.0,0.0
2024-10-12,S1001,PP01,27.0,27.0,0.0
2024-10-19,S1001,PP01,21.0,21.0,0.0
2024-10-26,S1001,PP01,26.0,26.0,0.0
2024-11-02,S1001,PP01,27.0,27.0,0.0
2024-11-09,S1001,PP01,25.0,25.0,0.0
2024-11-16,S1001,PP01,29.0,29.0,0.0
2024-11-23,S1001,PP01,35.0,33.0,2.0
2024-11-30,S1001,PP01,32.0,33.0,1.0
2024-12-07,S1001,PP01,30.0,31.0,0.0
2024-12-14,S1001,PP01,36.0,33.0,3.0
2024-12-21,S1001,PP01,29.0,32.0,0.0
2024-12-28,S1001,PP01,26.0,26.0,0.0
2025-01-04,S1001,PP01,23.0,23.0,0.0
2025-01-11,S1001,PP01,16.0,16.0,0.0
2025-01-18,S1001,PP01,16.0,16.0,0.0
2025-01-25,S1001,PP01,20.0,20.0,0.0
2025-02-01,S1001,PP01,19.0,19.0,0.0
2025-02-08,S1001,PP01,16.0,16.0,0.0
2025-02-15,S1001,PP01,23.0,23.0,0.0
2025-02-22,S1001,PP01,22.0,22.0,0.0
2025-03-01,S1001,PP01,21.0,21.0,0.0
2025-03-08,S1001,PP01,20.0,20.0,0.0
2025-03-15,S1001,PP01,25.0,25.0,0.0
2025-03-22,S1001,PP01,24.0,24.0,0.0
2025-03-29,S1001,PP01,30.0,30.0,0.0
2025-04-05,S1001,PP01,24.0,24.0,0.0
2025-04-12,S1001,PP01,25.0,25.0,0.0
2025-04-19,S1001,PP01,24.0,24.0,0.0
2025-04-26,S1001,PP01,27.0,27.0,0.0
2025-05-03,S1001,PP01,27.0,27.0,0.0
2025-05-10,S1001,PP01,29.0,29.0,0.0
2025-05-17,S1001,PP01,24.0,24.0,0.0
2025-05-24,S1001,PP01,24.0,24.0,0.0
2025-05-31,S1001,PP01,23.0,23.0,0.0
2025-06-07,S1001,PP01,26.0,26.0,0.0
2025-06-14,S1001,PP01,28.0,28.0,0.0
2025-06-21,S1001,PP01,23.0,23.0,0.0
2025-06-28,S1001,PP01,23.0,23.0,0.0
2025-07-05,S1001,PP01,25.0,25.0,0.0
2025-07-12,S1001,PP01,24.0,24.0,0.0
2025-07-19,S1001,PP01,27.0,27.0,0.0
2025-07-26,S1001,PP01,20.0,20.0,0.0
2025-08-02,S1001,PP01,24.0,24.0,0.0
2025-08-09,S1001,PP01,24.0,24.0,0.0
2025-08-16,S1001,PP01,20.0,20.0,0.0
2025-08-23,S1001,PP01,23.0,23.0,0.0
2025-08-30,S1001,PP01,22.0,22.0,0.0
2025-09-06,S1001,PP01,23.0,23.0,0.0
2025-09-13,S1001,PP01,26.0,26.0,0.0
2025-09-20,S1001,PP01,23.0,23.0,0.0
2025-09-27,S1001,PP01,21.0,21.0,0.0
2025-10-04,S1001,PP01,24.0,24.0,0.0
2025-10-11,S1001,PP01,27.0,27.0,0.0
2025-10-18,S1001,PP01,23.0,23.0,0.0
2025-10-25,S1001,PP01,24.0,24.0,0.0
2025-11-01,S1001,PP01,29.0,29.0,0.0
2025-11-08,S1001,PP01,28.0,28.0,0.0
2025-11-15,S1001,PP01,32.0,32.0,0.0
2025-11-22,S1001,PP01,32.0,32.0,0.0
2025-11-29,S1001,PP01,37.0,33.0,4.0
2025-12-06,S1001,PP01,33.0,33.0,4.0
2025-12-13,S1001,PP01,38.0,33.0,9.0
2025-12-20,S1001,PP01,33.0,33.0,9.0
2025-12-27,S1001,PP01,26.0,33.0,2.0
2026-01-03,S1001,PP01,21.0,23.0,0.0
2026-01-10,S1001,PP01,22.0,22.0,0.0
2026-01-17,S1001,PP01,19.0,19.0,0.0
2026-01-24,S1001,PP01,19.0,19.0,0.0
2026-01-31,S1001,PP01,21.0,21.0,0.0
2026-02-07,S1001,PP01,25.0,25.0,0.0
2026-02-14,S1001,PP01,18.0,18.0,0.0
2026-02-21,S1001,PP01,20.0,20.0,0.0
2026-02-28,S1001,PP01,22.0,22.0,0.0
2026-03-07,S1001,PP01,28.0,28.0,0.0
2026-03-14,S1001,PP01,25.0,25.0,0.0
2026-03-21,S1001,PP01,27.0,27.0,0.0
2026-03-28,S1001,PP01,22.0,22.0,0.0
2026-04-04,S1001,PP01,22.0,22.0,0.0
2026-04-11,S1001,PP01,26.0,26.0,0.0
2026-04-18,S1001,PP01,25.0,25.0,0.0
2026-04-25,S1001,PP01,27.0,27.0,0.0
2026-05-02,S1001,PP01,26.0,26.0,0.0
2026-05-09,S1001,PP01,28.0,28.0,0.0
2026-05-16,S1001,PP01,27.0,27.0,0.0
2026-05-23,S1001,PP01,28.0,28.0,0.0
2026-05-30,S1001,PP01,28.0,28.0,0.0
2026-06-06,S1001,PP01,22.0,22.0,0.0
2026-06-13,S1001,PP01,20.0,20.0,0.0
2026-06-20,S1001,PP01,28.0,28.0,0.0
2026-06-27,S1001,PP01,29.0,29.0,0.0
2026-07-04,S1001,PP01,23.0,23.0,0.0
2026-07-11,S1001,PP01,21.0,21.0,0.0
2026-07-18,S1001,PP01,26.0,26.0,0.0
2026-07-25,S1001,PP01,28.0,28.0,0.0
2022-08-06,S1002,PP01,24.0,24.0,0.0
2022-08-13,S1002,PP01,21.0,21.0,0.0
2022-08-20,S1002,PP01,19.0,19.0,0.0
2022-08-27,S1002,PP01,18.0,18.0,0.0
2022-09-03,S1002,PP01,19.0,19.0,0.0
2022-09-10,S1002,PP01,18.0,18.0,0.0
2022-09-17,S1002,PP01,17.0,17.0,0.0
2022-09-24,S1002,PP01,23.0,23.0,0.0
2022-10-01,S1002,PP01,23.0,23.0,0.0
2022-10-08,S1002,PP01,21.0,21.0,0.0
2022-10-15,S1002,PP01,18.0,18.0,0.0
2022-10-22,S1002,PP01,22.0,22.0,0.0
2022-10-29,S1002,PP01,23.0,23.0,0.0
2022-11-05,S1002,PP01,23.0,23.0,0.0
2022-11-12,S1002,PP01,26.0,26.0,0.0
2022-11-19,S1002,PP01,26.0,26.0,0.0
2022-11-26,S1002,PP01,29.0,29.0,0.0
2022-12-03,S1002,PP01,30.0,30.0,0.0
2022-12-10,S1002,PP01,32.0,30.0,2.0
2022-12-17,S1002,PP01,24.0,26.0,0.0
2022-12-24,S1002,PP01,25.0,25.0,0.0
2022-12-31,S1002,PP01,20.0,20.0,0.0
2023-01-07,S1002,PP01,16.0,16.0,0.0
2023-01-14,S1002,PP01,18.0,18.0,0.0
2023-01-21,S1002,PP01,19.0,19.0,0.0
2023-01-28,S1002,PP01,19.0,19.0,0.0
2023-02-04,S1002,PP01,18.0,18.0,0.0
2023-02-11,S1002,PP01,21.0,21.0,0.0
2023-02-18,S1002,PP01,18.0,18.0,0.0
2023-02-25,S1002,PP01,19.0,19.0,0.0
2023-03-04,S1002,PP01,17.0,17.0,0.0
2023-03-11,S1002,PP01,20.0,20.0,0.0
2023-03-18,S1002,PP01,20.0,20.0,0.0
2023-03-25,S1002,PP01,17.0,17.0,0.0
2023-04-01,S1002,PP01,20.0,20.0,0.0
2023-04-08,S1002,PP01,20.0,20.0,0.0
2023-04-15,S1002,PP01,24.0,24.0,0.0
2023-04-22,S1002,PP01,22.0,22.0,0.0
2023-04-29,S1002,PP01,20.0,20.0,0.0
2023-05-06,S1002,PP01,21.0,21.0,0.0
2023-05-13,S1002,PP01,21.0,21.0,0.0
2023-05-20,S1002,PP01,20.0,20.0,0.0
2023-05-27,S1002,PP01,18.0,18.0,0.0
2023-06-03,S1002,PP01,20.0,20.0,0.0
2023-06-10,S1002,PP01,18.0,18.0,0.0
2023-06-17,S1002,PP01,18.0,18.0,0.0
2023-06-24,S1002,PP01,21.0,21.0,0.0
2023-07-01,S1002,PP01,21.0,21.0,0.0
2023-07-08,S1002,PP01,16.0,16.0,0.0
2023-07-15,S1002,PP01,20.0,20.0,0.0
2023-07-22,S1002,PP01,22.0,22.0,0.0
2023-07-29,S1002,PP01,23.0,23.0,0.0
2023-08-05,S1002,PP01,23.0,23.0,0.0
2023-08-12,S1002,PP01,21.0,21.0,0.0
2023-08-19,S1002,PP01,19.0,19.0,0.0
2023-08-26,S1002,PP01,18.0,18.0,0.0
2023-09-02,S1002,PP01,20.0,20.0,0.0
2023-09-09,S1002,PP01,20.0,20.0,0.0
2023-09-16,S1002,PP01,22.0,22.0,0.0
2023-09-23,S1002,PP01,21.0,21.0,0.0
2023-09-30,S1002,PP01,19.0,19.0,0.0
2023-10-07,S1002,PP01,17.0,17.0,0.0
2023-10-14,S1002,PP01,19.0,19.0,0.0
2023-10-21,S1002,PP01,21.0,21.0,0.0
2023-10-28,S1002,PP01,21.0,21.0,0.0
2023-11-04,S1002,PP01,21.0,21.0,0.0
2023-11-11,S1002,PP01,24.0,24.0,0.0
2023-11-18,S1002,PP01,24.0,24.0,0.0
2023-11-25,S1002,PP01,25.0,25.0,0.0
2023-12-02,S1002,PP01,30.0,30.0,0.0
2023-12-09,S1002,PP01,30.0,30.0,0.0
2023-12-16,S1002,PP01,31.0,30.0,1.0
2023-12-23,S1002,PP01,27.0,28.0,0.0
2023-12-30,S1002,PP01,20.0,20.0,0.0
2024-01-06,S1002,PP01,18.0,18.0,0.0
2024-01-13,S1002,PP01,18.0,18.0,0.0
2024-01-20,S1002,PP01,14.0,14.0,0.0
2024-01-27,S1002,PP01,14.0,14.0,0.0
2024-02-03,S1002,PP01,15.0,15.0,0.0
2024-02-10,S1002,PP01,18.0,18.0,0.0
2024-02-17,S1002,PP01,19.0,19.0,0.0
2024-02-24,S1002,PP01,19.0,19.0,0.0
2024-03-02,S1002,PP01,22.0,22.0,0.0
2024-03-09,S1002,PP01,15.0,15.0,0.0
2024-03-16,S1002,PP01,20.0,20.0,0.0
2024-03-23,S1002,PP01,23.0,23.0,0.0
2024-03-30,S1002,PP01,18.0,18.0,0.0
2024-04-06,S1002,PP01,19.0,19.0,0.0
2024-04-13,S1002,PP01,18.0,18.0,0.0
2024-04-20,S1002,PP01,18.0,18.0,0.0
2024-04-27,S1002,PP01,20.0,20.0,0.0
2024-05-04,S1002,PP01,24.0,24.0,0.0
2024-05-11,S1002,PP01,26.0,26.0,0.0
2024-05-18,S1002,PP01,21.0,21.0,0.0
2024-05-25,S1002,PP01,26.0,26.0,0.0
2024-06-01,S1002,PP01,21.0,21.0,0.0
2024-06-08,S1002,PP01,25.0,25.0,0.0
2024-06-15,S1002,PP01,20.0,20.0,0.0
2024-06-22,S1002,PP01,21.0,21.0,0.0
2024-06-29,S1002,PP01,21.0,21.0,0.0
2024-07-06,S1002,PP01,28.0,28.0,0.0
2024-07-13,S1002,PP01,22.0,22.0,0.0
2024-07-20,S1002,PP01,19.0,19.0,0.0
2024-07-27,S1002,PP01,23.0,23.0,0.0
2024-08-03,S1002,PP01,20.0,20.0,0.0
2024-08-10,S1002,PP01,20.0,20.0,0.0
2024-08-17,S1002,PP01,23.0,23.0,0.0
2024-08-24,S1002,PP01,21.0,21.0,0.0
2024-08-31,S1002,PP01,20.0,20.0,0.0
2024-09-07,S1002,PP01,19.0,19.0,0.0
2024-09-14,S1002,PP01,20.0,20.0,0.0
2024-09-21,S1002,PP01,20.0,20.0,0.0
2024-09-28,S1002,PP01,16.0,16.0,0.0
2024-10-05,S1002,PP01,21.0,21.0,0.0
2024-10-12,S1002,PP01,18.0,18.0,0.0
2024-10-19,S1002,PP01,18.0,18.0,0.0
2024-10-26,S1002,PP01,22.0,22.0,0.0
2024-11-02,S1002,PP01,23.0,23.0,0.0
2024-11-09,S1002,PP01,22.0,22.0,0.0
2024-11-16,S1002,PP01,28.0,28.0,0.0
2024-11-23,S1002,PP01,24.0,24.0,0.0
2024-11-30,S1002,PP01,28.0,28.0,0.0
2024-12-07,S1002,PP01,29.0,29.0,0.0
2024-12-14,S1002,PP01,31.0,30.0,1.0
2024-12-21,S1002,PP01,29.0,30.0,0.0
2024-12-28,S1002,PP01,22.0,22.0,0.0
2025-01-04,S1002,PP01,22.0,22.0,0.0
2025-01-11,S1002,PP01,17.0,17.0,0.0
2025-01-18,S1002,PP01,14.0,14.0,0.0
2025-01-25,S1002,PP01,14.0,14.0,0.0
2025-02-01,S1002,PP01,18.0,18.0,0.0
2025-02-08,S1002,PP01,18.0,18.0,0.0
2025-02-15,S1002,PP01,19.0,19.0,0.0
2025-02-22,S1002,PP01,19.0,19.0,0.0
2025-03-01,S1002,PP01,20.0,20.0,0.0
2025-03-08,S1002,PP01,22.0,22.0,0.0
2025-03-15,S1002,PP01,18.0,18.0,0.0
2025-03-22,S1002,PP01,18.0,18.0,0.0
2025-03-29,S1002,PP01,19.0,19.0,0.0
2025-04-05,S1002,PP01,21.0,21.0,0.0
2025-04-12,S1002,PP01,24.0,24.0,0.0
2025-04-19,S1002,PP01,20.0,20.0,0.0
2025-04-26,S1002,PP01,17.0,17.0,0.0
2025-05-03,S1002,PP01,19.0,19.0,0.0
2025-05-10,S1002,PP01,21.0,21.0,0.0
2025-05-17,S1002,PP01,21.0,21.0,0.0
2025-05-24,S1002,PP01,21.0,21.0,0.0
2025-05-31,S1002,PP01,22.0,22.0,0.0
2025-06-07,S1002,PP01,21.0,21.0,0.0
2025-06-14,S1002,PP01,23.0,23.0,0.0
2025-06-21,S1002,PP01,20.0,20.0,0.0
2025-06-28,S1002,PP01,20.0,20.0,0.0
2025-07-05,S1002,PP01,23.0,23.0,0.0
2025-07-12,S1002,PP01,19.0,19.0,0.0
2025-07-19,S1002,PP01,23.0,23.0,0.0
2025-07-26,S1002,PP01,23.0,23.0,0.0
2025-08-02,S1002,PP01,22.0,22.0,0.0
2025-08-09,S1002,PP01,27.0,27.0,0.0
2025-08-16,S1002,PP01,21.0,21.0,0.0
2025-08-23,S1002,PP01,27.0,27.0,0.0
2025-08-30,S1002,PP01,21.0,21.0,0.0
2025-09-06,S1002,PP01,18.0,18.0,0.0
2025-09-13,S1002,PP01,20.0,20.0,0.0
2025-09-20,S1002,PP01,18.0,18.0,0.0
2025-09-27,S1002,PP01,19.0,19.0,0.0
2025-10-04,S1002,PP01,22.0,22.0,0.0
2025-10-11,S1002,PP01,23.0,23.0,0.0
2025-10-18,S1002,PP01,21.0,21.0,0.0
2025-10-25,S1002,PP01,26.0,26.0,0.0
2025-11-01,S1002,PP01,27.0,27.0,0.0
2025-11-08,S1002,PP01,29.0,29.0,0.0
2025-11-15,S1002,PP01,28.0,28.0,0.0
2025-11-22,S1002,PP01,33.0,30.0,3.0
2025-11-29,S1002,PP01,25.0,28.0,0.0
2025-12-06,S1002,PP01,32.0,30.0,2.0
2025-12-13,S1002,PP01,31.0,30.0,3.0
2025-12-20,S1002,PP01,30.0,30.0,3.0
2025-12-27,S1002,PP01,24.0,27.0,0.0
2026-01-03,S1002,PP01,21.0,21.0,0.0
2026-01-10,S1002,PP01,22.0,22.0,0.0
2026-01-17,S1002,PP01,17.0,17.0,0.0
2026-01-24,S1002,PP01,19.0,19.0,0.0
2026-01-31,S1002,PP01,19.0,19.0,0.0
2026-02-07,S1002,PP01,20.0,20.0,0.0
2026-02-14,S1002,PP01,20.0,20.0,0.0
2026-02-21,S1002,PP01,22.0,22.0,0.0
2026-02-28,S1002,PP01,24.0,24.0,0.0
2026-03-07,S1002,PP01,25.0,25.0,0.0
2026-03-14,S1002,PP01,23.0,23.0,0.0
2026-03-21,S1002,PP01,23.0,23.0,0.0
2026-03-28,S1002,PP01,19.0,19.0,0.0
2026-04-04,S1002,PP01,22.0,22.0,0.0
2026-04-11,S1002,PP01,24.0,24.0,0.0
2026-04-18,S1002,PP01,24.0,24.0,0.0
2026-04-25,S1002,PP01,23.0,23.0,0.0
2026-05-02,S1002,PP01,25.0,25.0,0.0
2026-05-09,S1002,PP01,25.0,25.0,0.0
2026-05-16,S1002,PP01,27.0,27.0,0.0
2026-05-23,S1002,PP01,24.0,24.0,0.0
2026-05-30,S1002,PP01,22.0,22.0,0.0
2026-06-06,S1002,PP01,23.0,23.0,0.0
2026-06-13,S1002,PP01,17.0,17.0,0.0
2026-06-20,S1002,PP01,23.0,23.0,0.0
2026-06-27,S1002,PP01,16.0,16.0,0.0
2026-07-04,S1002,PP01,19.0,19.0,0.0
2026-07-11,S1002,PP01,24.0,24.0,0.0
2026-07-18,S1002,PP01,24.0,24.0,0.0
2026-07-25,S1002,PP01,20.0,20.0,0.0
2022-08-06,S1003,PP01,14.0,14.0,0.0
2022-08-13,S1003,PP01,17.0,17.0,0.0
2022-08-20,S1003,PP01,14.0,14.0,0.0
2022-08-27,S1003,PP01,18.0,18.0,0.0
2022-09-03,S1003,PP01,14.0,14.0,0.0
2022-09-10,S1003,PP01,15.0,15.0,0.0
2022-09-17,S1003,PP01,17.0,17.0,0.0
2022-09-24,S1003,PP01,14.0,14.0,0.0
2022-10-01,S1003,PP01,13.0,13.0,0.0
2022-10-08,S1003,PP01,14.0,14.0,0.0
2022-10-15,S1003,PP01,14.0,14.0,0.0
2022-10-22,S1003,PP01,13.0,13.0,0.0
2022-10-29,S1003,PP01,15.0,15.0,0.0
2022-11-05,S1003,PP01,15.0,15.0,0.0
2022-11-12,S1003,PP01,19.0,19.0,0.0
2022-11-19,S1003,PP01,19.0,19.0,0.0
2022-11-26,S1003,PP01,19.0,19.0,0.0
2022-12-03,S1003,PP01,21.0,21.0,0.0
2022-12-10,S1003,PP01,23.0,22.0,1.0
2022-12-17,S1003,PP01,23.0,22.0,2.0
2022-12-24,S1003,PP01,17.0,19.0,0.0
2022-12-31,S1003,PP01,14.0,14.0,0.0
2023-01-07,S1003,PP01,15.0,15.0,0.0
2023-01-14,S1003,PP01,11.0,11.0,0.0
2023-01-21,S1003,PP01,10.0,10.0,0.0
2023-01-28,S1003,PP01,13.0,13.0,0.0
2023-02-04,S1003,PP01,14.0,14.0,0.0
2023-02-11,S1003,PP01,12.0,12.0,0.0
2023-02-18,S1003,PP01,14.0,14.0,0.0
2023-02-25,S1003,PP01,15.0,15.0,0.0
2023-03-04,S1003,PP01,15.0,15.0,0.0
2023-03-11,S1003,PP01,15.0,15.0,0.0
2023-03-18,S1003,PP01,13.0,13.0,0.0
2023-03-25,S1003,PP01,15.0,15.0,0.0
2023-04-01,S1003,PP01,14.0,14.0,0.0
2023-04-08,S1003,PP01,14.0,14.0,0.0
2023-04-15,S1003,PP01,16.0,16.0,0.0
2023-04-22,S1003,PP01,17.0,17.0,0.0
2023-04-29,S1003,PP01,18.0,18.0,0.0
2023-05-06,S1003,PP01,17.0,17.0,0.0
2023-05-13,S1003,PP01,15.0,15.0,0.0
2023-05-20,S1003,PP01,16.0,16.0,0.0
2023-05-27,S1003,PP01,16.0,16.0,0.0
2023-06-03,S1003,PP01,15.0,15.0,0.0
2023-06-10,S1003,PP01,15.0,15.0,0.0
2023-06-17,S1003,PP01,16.0,16.0,0.0
2023-06-24,S1003,PP01,15.0,15.0,0.0
2023-07-01,S1003,PP01,14.0,14.0,0.0
2023-07-08,S1003,PP01,14.0,14.0,0.0
2023-07-15,S1003,PP01,16.0,16.0,0.0
2023-07-22,S1003,PP01,15.0,15.0,0.0
2023-07-29,S1003,PP01,16.0,16.0,0.0
2023-08-05,S1003,PP01,17.0,17.0,0.0
2023-08-12,S1003,PP01,15.0,15.0,0.0
2023-08-19,S1003,PP01,17.0,17.0,0.0
2023-08-26,S1003,PP01,16.0,16.0,0.0
2023-09-02,S1003,PP01,13.0,13.0,0.0
2023-09-09,S1003,PP01,17.0,17.0,0.0
2023-09-16,S1003,PP01,14.0,14.0,0.0
2023-09-23,S1003,PP01,12.0,12.0,0.0
2023-09-30,S1003,PP01,13.0,13.0,0.0
2023-10-07,S1003,PP01,13.0,13.0,0.0
2023-10-14,S1003,PP01,14.0,14.0,0.0
2023-10-21,S1003,PP01,15.0,15.0,0.0
2023-10-28,S1003,PP01,15.0,15.0,0.0
2023-11-04,S1003,PP01,18.0,18.0,0.0
2023-11-11,S1003,PP01,18.0,18.0,0.0
2023-11-18,S1003,PP01,19.0,19.0,0.0
2023-11-25,S1003,PP01,21.0,21.0,0.0
2023-12-02,S1003,PP01,23.0,22.0,1.0
2023-12-09,S1003,PP01,19.0,20.0,0.0
2023-12-16,S1003,PP01,22.0,22.0,0.0
2023-12-23,S1003,PP01,16.0,16.0,0.0
2023-12-30,S1003,PP01,17.0,17.0,0.0
2024-01-06,S1003,PP01,14.0,14.0,0.0
2024-01-13,S1003,PP01,13.0,13.0,0.0
2024-01-20,S1003,PP01,13.0,13.0,0.0
2024-01-27,S1003,PP01,13.0,13.0,0.0
2024-02-03,S1003,PP01,12.0,12.0,0.0
2024-02-10,S1003,PP01,14.0,14.0,0.0
2024-02-17,S1003,PP01,13.0,13.0,0.0
2024-02-24,S1003,PP01,14.0,14.0,0.0
2024-03-02,S1003,PP01,16.0,16.0,0.0
2024-03-09,S1003,PP01,14.0,14.0,0.0
2024-03-16,S1003,PP01,16.0,16.0,0.0
2024-03-23,S1003,PP01,16.0,16.0,0.0
2024-03-30,S1003,PP01,13.0,13.0,0.0
2024-04-06,S1003,PP01,16.0,16.0,0.0
2024-04-13,S1003,PP01,16.0,16.0,0.0
2024-04-20,S1003,PP01,15.0,15.0,0.0
2024-04-27,S1003,PP01,14.0,14.0,0.0
2024-05-04,S1003,PP01,14.0,14.0,0.0
2024-05-11,S1003,PP01,15.0,15.0,0.0
2024-05-18,S1003,PP01,17.0,17.0,0.0
2024-05-25,S1003,PP01,14.0,14.0,0.0
2024-06-01,S1003,PP01,16.0,16.0,0.0
2024-06-08,S1003,PP01,14.0,14.0,0.0
2024-06-15,S1003,PP01,15.0,15.0,0.0
2024-06-22,S1003,PP01,15.0,15.0,0.0
2024-06-29,S1003,PP01,19.0,19.0,0.0
2024-07-06,S1003,PP01,13.0,13.0,0.0
2024-07-13,S1003,PP01,17.0,17.0,0.0
2024-07-20,S1003,PP01,15.0,15.0,0.0
2024-07-27,S1003,PP01,16.0,16.0,0.0
2024-08-03,S1003,PP01,16.0,16.0,0.0
2024-08-10,S1003,PP01,17.0,17.0,0.0
2024-08-17,S1003,PP01,15.0,15.0,0.0
2024-08-24,S1003,PP01,18.0,18.0,0.0
2024-08-31,S1003,PP01,14.0,14.0,0.0
2024-09-07,S1003,PP01,16.0,16.0,0.0
2024-09-14,S1003,PP01,13.0,13.0,0.0
2024-09-21,S1003,PP01,14.0,14.0,0.0
2024-09-28,S1003,PP01,13.0,13.0,0.0
2024-10-05,S1003,PP01,15.0,15.0,0.0
2024-10-12,S1003,PP01,17.0,17.0,0.0
2024-10-19,S1003,PP01,15.0,15.0,0.0
2024-10-26,S1003,PP01,16.0,16.0,0.0
2024-11-02,S1003,PP01,15.0,15.0,0.0
2024-11-09,S1003,PP01,17.0,17.0,0.0
2024-11-16,S1003,PP01,16.0,16.0,0.0
2024-11-23,S1003,PP01,19.0,19.0,0.0
2024-11-30,S1003,PP01,22.0,22.0,0.0
2024-12-07,S1003,PP01,27.0,22.0,5.0
2024-12-14,S1003,PP01,31.0,22.0,14.0
2024-12-21,S1003,PP01,20.0,22.0,12.0
2024-12-28,S1003,PP01,21.0,22.0,11.0
2025-01-04,S1003,PP01,15.0,22.0,4.0
2025-01-11,S1003,PP01,12.0,16.0,0.0
2025-01-18,S1003,PP01,13.0,13.0,0.0
2025-01-25,S1003,PP01,13.0,13.0,0.0
2025-02-01,S1003,PP01,13.0,13.0,0.0
2025-02-08,S1003,PP01,13.0,13.0,0.0
2025-02-15,S1003,PP01,12.0,12.0,0.0
2025-02-22,S1003,PP01,12.0,12.0,0.0
2025-03-01,S1003,PP01,16.0,16.0,0.0
2025-03-08,S1003,PP01,15.0,15.0,0.0
2025-03-15,S1003,PP01,14.0,14.0,0.0
2025-03-22,S1003,PP01,15.0,15.0,0.0
2025-03-29,S1003,PP01,17.0,17.0,0.0
2025-04-05,S1003,PP01,16.0,16.0,0.0
2025-04-12,S1003,PP01,15.0,15.0,0.0
2025-04-19,S1003,PP01,18.0,18.0,0.0
2025-04-26,S1003,PP01,19.0,19.0,0.0
2025-05-03,S1003,PP01,17.0,17.0,0.0
2025-05-10,S1003,PP01,19.0,19.0,0.0
2025-05-17,S1003,PP01,19.0,19.0,0.0
2025-05-24,S1003,PP01,19.0,19.0,0.0
2025-05-31,S1003,PP01,17.0,17.0,0.0
2025-06-07,S1003,PP01,17.0,17.0,0.0
2025-06-14,S1003,PP01,17.0,17.0,0.0
2025-06-21,S1003,PP01,14.0,14.0,0.0
2025-06-28,S1003,PP01,17.0,17.0,0.0
2025-07-05,S1003,PP01,14.0,14.0,0.0
2025-07-12,S1003,PP01,15.0,15.0,0.0
2025-07-19,S1003,PP01,19.0,19.0,0.0
2025-07-26,S1003,PP01,18.0,18.0,0.0
2025-08-02,S1003,PP01,20.0,20.0,0.0
2025-08-09,S1003,PP01,17.0,17.0,0.0
2025-08-16,S1003,PP01,15.0,15.0,0.0
2025-08-23,S1003,PP01,16.0,16.0,0.0
2025-08-30,S1003,PP01,16.0,16.0,0.0
2025-09-06,S1003,PP01,16.0,16.0,0.0
2025-09-13,S1003,PP01,17.0,17.0,0.0
2025-09-20,S1003,PP01,15.0,15.0,0.0
2025-09-27,S1003,PP01,16.0,16.0,0.0
2025-10-04,S1003,PP01,14.0,14.0,0.0
2025-10-11,S1003,PP01,17.0,17.0,0.0
2025-10-18,S1003,PP01,17.0,17.0,0.0
2025-10-25,S1003,PP01,16.0,16.0,0.0
2025-11-01,S1003,PP01,18.0,18.0,0.0
2025-11-08,S1003,PP01,19.0,19.0,0.0
2025-11-15,S1003,PP01,19.0,19.0,0.0
2025-11-22,S1003,PP01,26.0,22.0,4.0
2025-11-29,S1003,PP01,23.0,22.0,5.0
2025-12-06,S1003,PP01,24.0,22.0,7.0
2025-12-13,S1003,PP01,20.0,22.0,5.0
2025-12-20,S1003,PP01,20.0,22.0,3.0
2025-12-27,S1003,PP01,19.0,22.0,0.0
2026-01-03,S1003,PP01,15.0,15.0,0.0
2026-01-10,S1003,PP01,15.0,15.0,0.0
2026-01-17,S1003,PP01,13.0,13.0,0.0
2026-01-24,S1003,PP01,15.0,15.0,0.0
2026-01-31,S1003,PP01,14.0,14.0,0.0
2026-02-07,S1003,PP01,15.0,15.0,0.0
2026-02-14,S1003,PP01,15.0,15.0,0.0
2026-02-21,S1003,PP01,16.0,16.0,0.0
2026-02-28,S1003,PP01,19.0,19.0,0.0
2026-03-07,S1003,PP01,13.0,13.0,0.0
2026-03-14,S1003,PP01,13.0,13.0,0.0
2026-03-21,S1003,PP01,15.0,15.0,0.0
2026-03-28,S1003,PP01,16.0,16.0,0.0
2026-04-04,S1003,PP01,17.0,17.0,0.0
2026-04-11,S1003,PP01,17.0,17.0,0.0
2026-04-18,S1003,PP01,16.0,16.0,0.0
2026-04-25,S1003,PP01,19.0,19.0,0.0
2026-05-02,S1003,PP01,19.0,19.0,0.0
2026-05-09,S1003,PP01,18.0,18.0,0.0
2026-05-16,S1003,PP01,19.0,19.0,0.0
2026-05-23,S1003,PP01,18.0,18.0,0.0
2026-05-30,S1003,PP01,16.0,16.0,0.0
2026-06-06,S1003,PP01,18.0,18.0,0.0
2026-06-13,S1003,PP01,17.0,17.0,0.0
2026-06-20,S1003,PP01,17.0,17.0,0.0
2026-06-27,S1003,PP01,19.0,19.0,0.0
2026-07-04,S1003,PP01,13.0,13.0,0.0
2026-07-11,S1003,PP01,15.0,15.0,0.0
2026-07-18,S1003,PP01,15.0,15.0,0.0
2026-07-25,S1003,PP01,16.0,16.0,0.0
2022-08-06,S1004,PP01,21.0,21.0,0.0
2022-08-13,S1004,PP01,18.0,18.0,0.0
2022-08-20,S1004,PP01,19.0,19.0,0.0
2022-08-27,S1004,PP01,19.0,19.0,0.0
2022-09-03,S1004,PP01,26.0,26.0,0.0
2022-09-10,S1004,PP01,24.0,24.0,0.0
2022-09-17,S1004,PP01,19.0,19.0,0.0
2022-09-24,S1004,PP01,19.0,19.0,0.0
2022-10-01,S1004,PP01,18.0,18.0,0.0
2022-10-08,S1004,PP01,17.0,17.0,0.0
2022-10-15,S1004,PP01,20.0,20.0,0.0
2022-10-22,S1004,PP01,19.0,19.0,0.0
2022-10-29,S1004,PP01,22.0,22.0,0.0
2022-11-05,S1004,PP01,20.0,20.0,0.0
2022-11-12,S1004,PP01,22.0,22.0,0.0
2022-11-19,S1004,PP01,26.0,26.0,0.0
2022-11-26,S1004,PP01,29.0,29.0,0.0
2022-12-03,S1004,PP01,31.0,30.0,1.0
2022-12-10,S1004,PP01,28.0,29.0,0.0
2022-12-17,S1004,PP01,33.0,30.0,3.0
2022-12-24,S1004,PP01,24.0,27.0,0.0
2022-12-31,S1004,PP01,24.0,24.0,0.0
2023-01-07,S1004,PP01,19.0,19.0,0.0
2023-01-14,S1004,PP01,14.0,14.0,0.0
2023-01-21,S1004,PP01,16.0,16.0,0.0
2023-01-28,S1004,PP01,18.0,18.0,0.0
2023-02-04,S1004,PP01,19.0,19.0,0.0
2023-02-11,S1004,PP01,19.0,19.0,0.0
2023-02-18,S1004,PP01,22.0,22.0,0.0
2023-02-25,S1004,PP01,22.0,22.0,0.0
2023-03-04,S1004,PP01,19.0,19.0,0.0
2023-03-11,S1004,PP01,22.0,22.0,0.0
2023-03-18,S1004,PP01,25.0,25.0,0.0
2023-03-25,S1004,PP01,25.0,25.0,0.0
2023-04-01,S1004,PP01,18.0,18.0,0.0
2023-04-08,S1004,PP01,19.0,19.0,0.0
2023-04-15,S1004,PP01,24.0,24.0,0.0
2023-04-22,S1004,PP01,19.0,19.0,0.0
2023-04-29,S1004,PP01,19.0,19.0,0.0
2023-05-06,S1004,PP01,20.0,20.0,0.0
2023-05-13,S1004,PP01,23.0,23.0,0.0
2023-05-20,S1004,PP01,21.0,21.0,0.0
2023-05-27,S1004,PP01,20.0,20.0,0.0
2023-06-03,S1004,PP01,20.0,20.0,0.0
2023-06-10,S1004,PP01,20.0,20.0,0.0
2023-06-17,S1004,PP01,19.0,19.0,0.0
2023-06-24,S1004,PP01,26.0,26.0,0.0
2023-07-01,S1004,PP01,21.0,21.0,0.0
2023-07-08,S1004,PP01,23.0,23.0,0.0
2023-07-15,S1004,PP01,20.0,20.0,0.0
2023-07-22,S1004,PP01,21.0,21.0,0.0
2023-07-29,S1004,PP01,20.0,20.0,0.0
2023-08-05,S1004,PP01,17.0,17.0,0.0
2023-08-12,S1004,PP01,19.0,19.0,0.0
2023-08-19,S1004,PP01,18.0,18.0,0.0
2023-08-26,S1004,PP01,17.0,17.0,0.0
2023-09-02,S1004,PP01,18.0,18.0,0.0
2023-09-09,S1004,PP01,23.0,23.0,0.0
2023-09-16,S1004,PP01,20.0,20.0,0.0
2023-09-23,S1004,PP01,23.0,23.0,0.0
2023-09-30,S1004,PP01,21.0,21.0,0.0
2023-10-07,S1004,PP01,22.0,22.0,0.0
2023-10-14,S1004,PP01,18.0,18.0,0.0
2023-10-21,S1004,PP01,22.0,22.0,0.0
2023-10-28,S1004,PP01,24.0,24.0,0.0
2023-11-04,S1004,PP01,22.0,22.0,0.0
2023-11-11,S1004,PP01,26.0,26.0,0.0
2023-11-18,S1004,PP01,28.0,28.0,0.0
2023-11-25,S1004,PP01,27.0,27.0,0.0
2023-12-02,S1004,PP01,27.0,27.0,0.0
2023-12-09,S1004,PP01,29.0,29.0,0.0
2023-12-16,S1004,PP01,32.0,30.0,2.0
2023-12-23,S1004,PP01,28.0,30.0,0.0
2023-12-30,S1004,PP01,22.0,22.0,0.0
2024-01-06,S1004,PP01,19.0,19.0,0.0
2024-01-13,S1004,PP01,17.0,17.0,0.0
2024-01-20,S1004,PP01,18.0,18.0,0.0
2024-01-27,S1004,PP01,21.0,21.0,0.0
2024-02-03,S1004,PP01,21.0,21.0,0.0
2024-02-10,S1004,PP01,18.0,18.0,0.0
2024-02-17,S1004,PP01,23.0,23.0,0.0
2024-02-24,S1004,PP01,19.0,19.0,0.0
2024-03-02,S1004,PP01,23.0,23.0,0.0
2024-03-09,S1004,PP01,21.0,21.0,0.0
2024-03-16,S1004,PP01,20.0,20.0,0.0
2024-03-23,S1004,PP01,17.0,17.0,0.0
2024-03-30,S1004,PP01,20.0,20.0,0.0
2024-04-06,S1004,PP01,18.0,18.0,0.0
2024-04-13,S1004,PP01,23.0,23.0,0.0
2024-04-20,S1004,PP01,25.0,25.0,0.0
2024-04-27,S1004,PP01,20.0,20.0,0.0
2024-05-04,S1004,PP01,23.0,23.0,0.0
2024-05-11,S1004,PP01,21.0,21.0,0.0
2024-05-18,S1004,PP01,21.0,21.0,0.0
2024-05-25,S1004,PP01,24.0,24.0,0.0
2024-06-01,S1004,PP01,22.0,22.0,0.0
2024-06-08,S1004,PP01,26.0,26.0,0.0
2024-06-15,S1004,PP01,21.0,21.0,0.0
2024-06-22,S1004,PP01,24.0,24.0,0.0
2024-06-29,S1004,PP01,22.0,22.0,0.0
2024-07-06,S1004,PP01,23.0,23.0,0.0
2024-07-13,S1004,PP01,20.0,20.0,0.0
2024-07-20,S1004,PP01,21.0,21.0,0.0
2024-07-27,S1004,PP01,22.0,22.0,0.0
2024-08-03,S1004,PP01,20.0,20.0,0.0
2024-08-10,S1004,PP01,24.0,24.0,0.0
2024-08-17,S1004,PP01,24.0,24.0,0.0
2024-08-24,S1004,PP01,23.0,23.0,0.0
2024-08-31,S1004,PP01,24.0,24.0,0.0
2024-09-07,S1004,PP01,23.0,23.0,0.0
2024-09-14,S1004,PP01,19.0,19.0,0.0
2024-09-21,S1004,PP01,21.0,21.0,0.0
2024-09-28,S1004,PP01,19.0,19.0,0.0
2024-10-05,S1004,PP01,21.0,21.0,0.0
2024-10-12,S1004,PP01,20.0,20.0,0.0
2024-10-19,S1004,PP01,26.0,26.0,0.0
2024-10-26,S1004,PP01,24.0,24.0,0.0
2024-11-02,S1004,PP01,24.0,24.0,0.0
2024-11-09,S1004,PP01,28.0,28.0,0.0
2024-11-16,S1004,PP01,21.0,21.0,0.0
2024-11-23,S1004,PP01,24.0,24.0,0.0
2024-11-30,S1004,PP01,33.0,30.0,3.0
2024-12-07,S1004,PP01,33.0,30.0,6.0
2024-12-14,S1004,PP01,34.0,30.0,10.0
2024-12-21,S1004,PP01,26.0,30.0,6.0
2024-12-28,S1004,PP01,25.0,30.0,1.0
2025-01-04,S1004,PP01,26.0,27.0,0.0
2025-01-11,S1004,PP01,19.0,19.0,0.0
2025-01-18,S1004,PP01,18.0,18.0,0.0
2025-01-25,S1004,PP01,17.0,17.0,0.0
2025-02-01,S1004,PP01,18.0,18.0,0.0
2025-02-08,S1004,PP01,16.0,16.0,0.0
2025-02-15,S1004,PP01,20.0,20.0,0.0
2025-02-22,S1004,PP01,22.0,22.0,0.0
2025-03-01,S1004,PP01,18.0,18.0,0.0
2025-03-08,S1004,PP01,20.0,20.0,0.0
2025-03-15,S1004,PP01,19.0,19.0,0.0
2025-03-22,S1004,PP01,20.0,20.0,0.0
2025-03-29,S1004,PP01,22.0,22.0,0.0
2025-04-05,S1004,PP01,18.0,18.0,0.0
2025-04-12,S1004,PP01,23.0,23.0,0.0
2025-04-19,S1004,PP01,24.0,24.0,0.0
2025-04-26,S1004,PP01,22.0,22.0,0.0
2025-05-03,S1004,PP01,18.0,18.0,0.0
2025-05-10,S1004,PP01,22.0,22.0,0.0
2025-05-17,S1004,PP01,27.0,27.0,0.0
2025-05-24,S1004,PP01,18.0,18.0,0.0
2025-05-31,S1004,PP01,22.0,22.0,0.0
2025-06-07,S1004,PP01,20.0,20.0,0.0
2025-06-14,S1004,PP01,24.0,24.0,0.0
2025-06-21,S1004,PP01,21.0,21.0,0.0
2025-06-28,S1004,PP01,24.0,24.0,0.0
2025-07-05,S1004,PP01,24.0,24.0,0.0
2025-07-12,S1004,PP01,28.0,28.0,0.0
2025-07-19,S1004,PP01,23.0,23.0,0.0
2025-07-26,S1004,PP01,24.0,24.0,0.0
2025-08-02,S1004,PP01,21.0,21.0,0.0
2025-08-09,S1004,PP01,27.0,27.0,0.0
2025-08-16,S1004,PP01,22.0,22.0,0.0
2025-08-23,S1004,PP01,22.0,22.0,0.0
2025-08-30,S1004,PP01,22.0,22.0,0.0
2025-09-06,S1004,PP01,19.0,19.0,0.0
2025-09-13,S1004,PP01,22.0,22.0,0.0
2025-09-20,S1004,PP01,24.0,24.0,0.0
2025-09-27,S1004,PP01,22.0,22.0,0.0
2025-10-04,S1004,PP01,19.0,19.0,0.0
2025-10-11,S1004,PP01,22.0,22.0,0.0
2025-10-18,S1004,PP01,25.0,25.0,0.0
2025-10-25,S1004,PP01,20.0,20.0,0.0
2025-11-01,S1004,PP01,23.0,23.0,0.0
2025-11-08,S1004,PP01,29.0,29.0,0.0
2025-11-15,S1004,PP01,29.0,29.0,0.0
2025-11-22,S1004,PP01,32.0,30.0,2.0
2025-11-29,S1004,PP01,39.0,30.0,11.0
2025-12-06,S1004,PP01,36.0,30.0,17.0
2025-12-13,S1004,PP01,38.0,30.0,25.0
2025-12-20,S1004,PP01,41.0,30.0,36.0
2025-12-27,S1004,PP01,27.0,30.0,33.0
2026-01-03,S1004,PP01,21.0,30.0,24.0
2026-01-10,S1004,PP01,20.0,30.0,14.0
2026-01-17,S1004,PP01,19.0,30.0,3.0
2026-01-24,S1004,PP01,18.0,21.0,0.0
2026-01-31,S1004,PP01,18.0,18.0,0.0
2026-02-07,S1004,PP01,26.0,26.0,0.0
2026-02-14,S1004,PP01,22.0,22.0,0.0
2026-02-21,S1004,PP01,20.0,20.0,0.0
2026-02-28,S1004,PP01,24.0,24.0,0.0
2026-03-07,S1004,PP01,22.0,22.0,0.0
2026-03-14,S1004,PP01,22.0,22.0,0.0
2026-03-21,S1004,PP01,24.0,24.0,0.0
2026-03-28,S1004,PP01,20.0,20.0,0.0
2026-04-04,S1004,PP01,24.0,24.0,0.0
2026-04-11,S1004,PP01,28.0,28.0,0.0
2026-04-18,S1004,PP01,25.0,25.0,0.0
2026-04-25,S1004,PP01,23.0,23.0,0.0
2026-05-02,S1004,PP01,23.0,23.0,0.0
2026-05-09,S1004,PP01,24.0,24.0,0.0
2026-05-16,S1004,PP01,24.0,24.0,0.0
2026-05-23,S1004,PP01,24.0,24.0,0.0
2026-05-30,S1004,PP01,26.0,26.0,0.0
2026-06-06,S1004,PP01,20.0,20.0,0.0
2026-06-13,S1004,PP01,26.0,26.0,0.0
2026-06-20,S1004,PP01,23.0,23.0,0.0
2026-06-27,S1004,PP01,25.0,25.0,0.0
2026-07-04,S1004,PP01,21.0,21.0,0.0
2026-07-11,S1004,PP01,27.0,27.0,0.0
2026-07-18,S1004,PP01,27.0,27.0,0.0
2026-07-25,S1004,PP01,26.0,26.0,0.0
2022-08-06,S1005,PP01,8.0,8.0,0.0
2022-08-13,S1005,PP01,11.0,11.0,0.0
2022-08-20,S1005,PP01,10.0,10.0,0.0
2022-08-27,S1005,PP01,8.0,8.0,0.0
2022-09-03,S1005,PP01,9.0,9.0,0.0
2022-09-10,S1005,PP01,9.0,9.0,0.0
2022-09-17,S1005,PP01,10.0,10.0,0.0
2022-09-24,S1005,PP01,9.0,9.0,0.0
2022-10-01,S1005,PP01,9.0,9.0,0.0
2022-10-08,S1005,PP01,11.0,11.0,0.0
2022-10-15,S1005,PP01,11.0,11.0,0.0
2022-10-22,S1005,PP01,7.0,7.0,0.0
2022-10-29,S1005,PP01,10.0,10.0,0.0
2022-11-05,S1005,PP01,10.0,10.0,0.0
2022-11-12,S1005,PP01,9.0,9.0,0.0
2022-11-19,S1005,PP01,12.0,12.0,0.0
2022-11-26,S1005,PP01,14.0,14.0,0.0
2022-12-03,S1005,PP01,12.0,12.0,0.0
2022-12-10,S1005,PP01,15.0,14.0,1.0
2022-12-17,S1005,PP01,12.0,13.0,0.0
2022-12-24,S1005,PP01,11.0,11.0,0.0
2022-12-31,S1005,PP01,12.0,12.0,0.0
2023-01-07,S1005,PP01,8.0,8.0,0.0
2023-01-14,S1005,PP01,8.0,8.0,0.0
2023-01-21,S1005,PP01,6.0,6.0,0.0
2023-01-28,S1005,PP01,10.0,10.0,0.0
2023-02-04,S1005,PP01,9.0,9.0,0.0
2023-02-11,S1005,PP01,8.0,8.0,0.0
2023-02-18,S1005,PP01,9.0,9.0,0.0
2023-02-25,S1005,PP01,8.0,8.0,0.0
2023-03-04,S1005,PP01,10.0,10.0,0.0
2023-03-11,S1005,PP01,9.0,9.0,0.0
2023-03-18,S1005,PP01,9.0,9.0,0.0
2023-03-25,S1005,PP01,9.0,9.0,0.0
2023-04-01,S1005,PP01,9.0,9.0,0.0
2023-04-08,S1005,PP01,10.0,10.0,0.0
2023-04-15,S1005,PP01,10.0,10.0,0.0
2023-04-22,S1005,PP01,10.0,10.0,0.0
2023-04-29,S1005,PP01,10.0,10.0,0.0
2023-05-06,S1005,PP01,10.0,10.0,0.0
2023-05-13,S1005,PP01,9.0,9.0,0.0
2023-05-20,S1005,PP01,12.0,12.0,0.0
2023-05-27,S1005,PP01,8.0,8.0,0.0
2023-06-03,S1005,PP01,11.0,11.0,0.0
2023-06-10,S1005,PP01,11.0,11.0,0.0
2023-06-17,S1005,PP01,9.0,9.0,0.0
2023-06-24,S1005,PP01,12.0,12.0,0.0
2023-07-01,S1005,PP01,10.0,10.0,0.0
2023-07-08,S1005,PP01,10.0,10.0,0.0
2023-07-15,S1005,PP01,10.0,10.0,0.0
2023-07-22,S1005,PP01,9.0,9.0,0.0
2023-07-29,S1005,PP01,10.0,10.0,0.0
2023-08-05,S1005,PP01,10.0,10.0,0.0
2023-08-12,S1005,PP01,12.0,12.0,0.0
2023-08-19,S1005,PP01,10.0,10.0,0.0
2023-08-26,S1005,PP01,9.0,9.0,0.0
2023-09-02,S1005,PP01,10.0,10.0,0.0
2023-09-09,S1005,PP01,10.0,10.0,0.0
2023-09-16,S1005,PP01,10.0,10.0,0.0
2023-09-23,S1005,PP01,10.0,10.0,0.0
2023-09-30,S1005,PP01,9.0,9.0,0.0
2023-10-07,S1005,PP01,8.0,8.0,0.0
2023-10-14,S1005,PP01,8.0,8.0,0.0
2023-10-21,S1005,PP01,8.0,8.0,0.0
2023-10-28,S1005,PP01,10.0,10.0,0.0
2023-11-04,S1005,PP01,11.0,11.0,0.0
2023-11-11,S1005,PP01,11.0,11.0,0.0
2023-11-18,S1005,PP01,9.0,9.0,0.0
2023-11-25,S1005,PP01,11.0,11.0,0.0
2023-12-02,S1005,PP01,16.0,14.0,2.0
2023-12-09,S1005,PP01,14.0,14.0,2.0
2023-12-16,S1005,PP01,15.0,14.0,3.0
2023-12-23,S1005,PP01,11.0,14.0,0.0
2023-12-30,S1005,PP01,12.0,12.0,0.0
2024-01-06,S1005,PP01,9.0,9.0,0.0
2024-01-13,S1005,PP01,8.0,8.0,0.0
2024-01-20,S1005,PP01,10.0,10.0,0.0
2024-01-27,S1005,PP01,9.0,9.0,0.0
2024-02-03,S1005,PP01,8.0,8.0,0.0
2024-02-10,S1005,PP01,8.0,8.0,0.0
2024-02-17,S1005,PP01,9.0,9.0,0.0
2024-02-24,S1005,PP01,10.0,10.0,0.0
2024-03-02,S1005,PP01,9.0,9.0,0.0
2024-03-09,S1005,PP01,9.0,9.0,0.0
2024-03-16,S1005,PP01,11.0,11.0,0.0
2024-03-23,S1005,PP01,9.0,9.0,0.0
2024-03-30,S1005,PP01,12.0,12.0,0.0
2024-04-06,S1005,PP01,9.0,9.0,0.0
2024-04-13,S1005,PP01,11.0,11.0,0.0
2024-04-20,S1005,PP01,10.0,10.0,0.0
2024-04-27,S1005,PP01,11.0,11.0,0.0
2024-05-04,S1005,PP01,9.0,9.0,0.0
2024-05-11,S1005,PP01,10.0,10.0,0.0
2024-05-18,S1005,PP01,11.0,11.0,0.0
2024-05-25,S1005,PP01,11.0,11.0,0.0
2024-06-01,S1005,PP01,10.0,10.0,0.0
2024-06-08,S1005,PP01,9.0,9.0,0.0
2024-06-15,S1005,PP01,9.0,9.0,0.0
2024-06-22,S1005,PP01,8.0,8.0,0.0
2024-06-29,S1005,PP01,8.0,8.0,0.0
2024-07-06,S1005,PP01,10.0,10.0,0.0
2024-07-13,S1005,PP01,11.0,11.0,0.0
2024-07-20,S1005,PP01,10.0,10.0,0.0
2024-07-27,S1005,PP01,8.0,8.0,0.0
2024-08-03,S1005,PP01,10.0,10.0,0.0
2024-08-10,S1005,PP01,10.0,10.0,0.0
2024-08-17,S1005,PP01,12.0,12.0,0.0
2024-08-24,S1005,PP01,8.0,8.0,0.0
2024-08-31,S1005,PP01,9.0,9.0,0.0
2024-09-07,S1005,PP01,11.0,11.0,0.0
2024-09-14,S1005,PP01,9.0,9.0,0.0
2024-09-21,S1005,PP01,10.0,10.0,0.0
2024-09-28,S1005,PP01,9.0,9.0,0.0
2024-10-05,S1005,PP01,10.0,10.0,0.0
2024-10-12,S1005,PP01,10.0,10.0,0.0
2024-10-19,S1005,PP01,9.0,9.0,0.0
2024-10-26,S1005,PP01,11.0,11.0,0.0
2024-11-02,S1005,PP01,10.0,10.0,0.0
2024-11-09,S1005,PP01,12.0,12.0,0.0
2024-11-16,S1005,PP01,12.0,12.0,0.0
2024-11-23,S1005,PP01,12.0,12.0,0.0
2024-11-30,S1005,PP01,14.0,14.0,0.0
2024-12-07,S1005,PP01,14.0,14.0,0.0
2024-12-14,S1005,PP01,14.0,14.0,0.0
2024-12-21,S1005,PP01,13.0,13.0,0.0
2024-12-28,S1005,PP01,10.0,10.0,0.0
2025-01-04,S1005,PP01,10.0,10.0,0.0
2025-01-11,S1005,PP01,7.0,7.0,0.0
2025-01-18,S1005,PP01,8.0,8.0,0.0
2025-01-25,S1005,PP01,7.0,7.0,0.0
2025-02-01,S1005,PP01,8.0,8.0,0.0
2025-02-08,S1005,PP01,8.0,8.0,0.0
2025-02-15,S1005,PP01,10.0,10.0,0.0
2025-02-22,S1005,PP01,10.0,10.0,0.0
2025-03-01,S1005,PP01,9.0,9.0,0.0
2025-03-08,S1005,PP01,10.0,10.0,0.0
2025-03-15,S1005,PP01,8.0,8.0,0.0
2025-03-22,S1005,PP01,10.0,10.0,0.0
2025-03-29,S1005,PP01,12.0,12.0,0.0
2025-04-05,S1005,PP01,10.0,10.0,0.0
2025-04-12,S1005,PP01,10.0,10.0,0.0
2025-04-19,S1005,PP01,11.0,11.0,0.0
2025-04-26,S1005,PP01,11.0,11.0,0.0
2025-05-03,S1005,PP01,9.0,9.0,0.0
2025-05-10,S1005,PP01,9.0,9.0,0.0
2025-05-17,S1005,PP01,11.0,11.0,0.0
2025-05-24,S1005,PP01,10.0,10.0,0.0
2025-05-31,S1005,PP01,12.0,12.0,0.0
2025-06-07,S1005,PP01,10.0,10.0,0.0
2025-06-14,S1005,PP01,8.0,8.0,0.0
2025-06-21,S1005,PP01,9.0,9.0,0.0
2025-06-28,S1005,PP01,8.0,8.0,0.0
2025-07-05,S1005,PP01,10.0,10.0,0.0
2025-07-12,S1005,PP01,10.0,10.0,0.0
2025-07-19,S1005,PP01,10.0,10.0,0.0
2025-07-26,S1005,PP01,12.0,12.0,0.0
2025-08-02,S1005,PP01,12.0,12.0,0.0
2025-08-09,S1005,PP01,11.0,11.0,0.0
2025-08-16,S1005,PP01,9.0,9.0,0.0
2025-08-23,S1005,PP01,11.0,11.0,0.0
2025-08-30,S1005,PP01,11.0,11.0,0.0
2025-09-06,S1005,PP01,10.0,10.0,0.0
2025-09-13,S1005,PP01,11.0,11.0,0.0
2025-09-20,S1005,PP01,9.0,9.0,0.0
2025-09-27,S1005,PP01,12.0,12.0,0.0
2025-10-04,S1005,PP01,9.0,9.0,0.0
2025-10-11,S1005,PP01,11.0,11.0,0.0
2025-10-18,S1005,PP01,9.0,9.0,0.0
2025-10-25,S1005,PP01,10.0,10.0,0.0
2025-11-01,S1005,PP01,14.0,14.0,0.0
2025-11-08,S1005,PP01,12.0,12.0,0.0
2025-11-15,S1005,PP01,14.0,14.0,0.0
2025-11-22,S1005,PP01,14.0,14.0,0.0
2025-11-29,S1005,PP01,15.0,14.0,1.0
2025-12-06,S1005,PP01,18.0,14.0,5.0
2025-12-13,S1005,PP01,16.0,14.0,7.0
2025-12-20,S1005,PP01,12.0,14.0,5.0
2025-12-27,S1005,PP01,11.0,14.0,2.0
2026-01-03,S1005,PP01,11.0,13.0,0.0
2026-01-10,S1005,PP01,9.0,9.0,0.0
2026-01-17,S1005,PP01,7.0,7.0,0.0
2026-01-24,S1005,PP01,8.0,8.0,0.0
2026-01-31,S1005,PP01,9.0,9.0,0.0
2026-02-07,S1005,PP01,9.0,9.0,0.0
2026-02-14,S1005,PP01,9.0,9.0,0.0
2026-02-21,S1005,PP01,9.0,9.0,0.0
2026-02-28,S1005,PP01,9.0,9.0,0.0
2026-03-07,S1005,PP01,11.0,11.0,0.0
2026-03-14,S1005,PP01,11.0,11.0,0.0
2026-03-21,S1005,PP01,10.0,10.0,0.0
2026-03-28,S1005,PP01,10.0,10.0,0.0
2026-04-04,S1005,PP01,11.0,11.0,0.0
2026-04-11,S1005,PP01,10.0,10.0,0.0
2026-04-18,S1005,PP01,10.0,10.0,0.0
2026-04-25,S1005,PP01,10.0,10.0,0.0
2026-05-02,S1005,PP01,10.0,10.0,0.0
2026-05-09,S1005,PP01,10.0,10.0,0.0
2026-05-16,S1005,PP01,12.0,12.0,0.0
2026-05-23,S1005,PP01,12.0,12.0,0.0
2026-05-30,S1005,PP01,9.0,9.0,0.0
2026-06-06,S1005,PP01,11.0,11.0,0.0
2026-06-13,S1005,PP01,10.0,10.0,0.0
2026-06-20,S1005,PP01,11.0,11.0,0.0
2026-06-27,S1005,PP01,11.0,11.0,0.0
2026-07-04,S1005,PP01,9.0,9.0,0.0
2026-07-11,S1005,PP01,10.0,10.0,0.0
2026-07-18,S1005,PP01,11.0,11.0,0.0
2026-07-25,S1005,PP01,12.0,12.0,0.0
2022-08-06,S1006,PP01,10.0,10.0,0.0
2022-08-13,S1006,PP01,12.0,12.0,0.0
2022-08-20,S1006,PP01,13.0,13.0,0.0
2022-08-27,S1006,PP01,11.0,11.0,0.0
2022-09-03,S1006,PP01,12.0,12.0,0.0
2022-09-10,S1006,PP01,10.0,10.0,0.0
2022-09-17,S1006,PP01,11.0,11.0,0.0
2022-09-24,S1006,PP01,10.0,10.0,0.0
2022-10-01,S1006,PP01,9.0,9.0,0.0
2022-10-08,S1006,PP01,12.0,12.0,0.0
2022-10-15,S1006,PP01,10.0,10.0,0.0
2022-10-22,S1006,PP01,11.0,11.0,0.0
2022-10-29,S1006,PP01,11.0,11.0,0.0
2022-11-05,S1006,PP01,11.0,11.0,0.0
2022-11-12,S1006,PP01,13.0,13.0,0.0
2022-11-19,S1006,PP01,14.0,14.0,0.0
2022-11-26,S1006,PP01,16.0,16.0,0.0
2022-12-03,S1006,PP01,18.0,18.0,0.0
2022-12-10,S1006,PP01,19.0,18.0,1.0
2022-12-17,S1006,PP01,17.0,18.0,0.0
2022-12-24,S1006,PP01,17.0,17.0,0.0
2022-12-31,S1006,PP01,11.0,11.0,0.0
2023-01-07,S1006,PP01,10.0,10.0,0.0
2023-01-14,S1006,PP01,10.0,10.0,0.0
2023-01-21,S1006,PP01,11.0,11.0,0.0
2023-01-28,S1006,PP01,9.0,9.0,0.0
2023-02-04,S1006,PP01,10.0,10.0,0.0
2023-02-11,S1006,PP01,12.0,12.0,0.0
2023-02-18,S1006,PP01,11.0,11.0,0.0
2023-02-25,S1006,PP01,11.0,11.0,0.0
2023-03-04,S1006,PP01,11.0,11.0,0.0
2023-03-11,S1006,PP01,11.0,11.0,0.0
2023-03-18,S1006,PP01,12.0,12.0,0.0
2023-03-25,S1006,PP01,11.0,11.0,0.0
2023-04-01,S1006,PP01,12.0,12.0,0.0
2023-04-08,S1006,PP01,12.0,12.0,0.0
2023-04-15,S1006,PP01,11.0,11.0,0.0
2023-04-22,S1006,PP01,12.0,12.0,0.0
2023-04-29,S1006,PP01,16.0,16.0,0.0
2023-05-06,S1006,PP01,10.0,10.0,0.0
2023-05-13,S1006,PP01,13.0,13.0,0.0
2023-05-20,S1006,PP01,11.0,11.0,0.0
2023-05-27,S1006,PP01,13.0,13.0,0.0
2023-06-03,S1006,PP01,12.0,12.0,0.0
2023-06-10,S1006,PP01,13.0,13.0,0.0
2023-06-17,S1006,PP01,13.0,13.0,0.0
2023-06-24,S1006,PP01,12.0,12.0,0.0
2023-07-01,S1006,PP01,13.0,13.0,0.0
2023-07-08,S1006,PP01,9.0,9.0,0.0
2023-07-15,S1006,PP01,14.0,14.0,0.0
2023-07-22,S1006,PP01,12.0,12.0,0.0
2023-07-29,S1006,PP01,13.0,13.0,0.0
2023-08-05,S1006,PP01,11.0,11.0,0.0
2023-08-12,S1006,PP01,11.0,11.0,0.0
2023-08-19,S1006,PP01,12.0,12.0,0.0
2023-08-26,S1006,PP01,12.0,12.0,0.0
2023-09-02,S1006,PP01,12.0,12.0,0.0
2023-09-09,S1006,PP01,13.0,13.0,0.0
2023-09-16,S1006,PP01,9.0,9.0,0.0
2023-09-23,S1006,PP01,12.0,12.0,0.0
2023-09-30,S1006,PP01,11.0,11.0,0.0
2023-10-07,S1006,PP01,11.0,11.0,0.0
2023-10-14,S1006,PP01,10.0,10.0,0.0
2023-10-21,S1006,PP01,13.0,13.0,0.0
2023-10-28,S1006,PP01,10.0,10.0,0.0
2023-11-04,S1006,PP01,14.0,14.0,0.0
2023-11-11,S1006,PP01,12.0,12.0,0.0
2023-11-18,S1006,PP01,15.0,15.0,0.0
2023-11-25,S1006,PP01,16.0,16.0,0.0
2023-12-02,S1006,PP01,19.0,18.0,1.0
2023-12-09,S1006,PP01,18.0,18.0,1.0
2023-12-16,S1006,PP01,16.0,17.0,0.0
2023-12-23,S1006,PP01,15.0,15.0,0.0
2023-12-30,S1006,PP01,15.0,15.0,0.0
2024-01-06,S1006,PP01,11.0,11.0,0.0
2024-01-13,S1006,PP01,9.0,9.0,0.0
2024-01-20,S1006,PP01,9.0,9.0,0.0
2024-01-27,S1006,PP01,8.0,8.0,0.0
2024-02-03,S1006,PP01,11.0,11.0,0.0
2024-02-10,S1006,PP01,9.0,9.0,0.0
2024-02-17,S1006,PP01,12.0,12.0,0.0
2024-02-24,S1006,PP01,11.0,11.0,0.0
2024-03-02,S1006,PP01,14.0,14.0,0.0
2024-03-09,S1006,PP01,10.0,10.0,0.0
2024-03-16,S1006,PP01,12.0,12.0,0.0
2024-03-23,S1006,PP01,14.0,14.0,0.0
2024-03-30,S1006,PP01,13.0,13.0,0.0
2024-04-06,S1006,PP01,11.0,11.0,0.0
2024-04-13,S1006,PP01,12.0,12.0,0.0
2024-04-20,S1006,PP01,12.0,12.0,0.0
2024-04-27,S1006,PP01,13.0,13.0,0.0
2024-05-04,S1006,PP01,12.0,12.0,0.0
2024-05-11,S1006,PP01,13.0,13.0,0.0
2024-05-18,S1006,PP01,11.0,11.0,0.0
2024-05-25,S1006,PP01,13.0,13.0,0.0
2024-06-01,S1006,PP01,13.0,13.0,0.0
2024-06-08,S1006,PP01,12.0,12.0,0.0
2024-06-15,S1006,PP01,10.0,10.0,0.0
2024-06-22,S1006,PP01,13.0,13.0,0.0
2024-06-29,S1006,PP01,12.0,12.0,0.0
2024-07-06,S1006,PP01,11.0,11.0,0.0
2024-07-13,S1006,PP01,12.0,12.0,0.0
2024-07-20,S1006,PP01,10.0,10.0,0.0
2024-07-27,S1006,PP01,11.0,11.0,0.0
2024-08-03,S1006,PP01,12.0,12.0,0.0
2024-08-10,S1006,PP01,14.0,14.0,0.0
2024-08-17,S1006,PP01,12.0,12.0,0.0
2024-08-24,S1006,PP01,13.0,13.0,0.0
2024-08-31,S1006,PP01,11.0,11.0,0.0
2024-09-07,S1006,PP01,12.0,12.0,0.0
2024-09-14,S1006,PP01,11.0,11.0,0.0
2024-09-21,S1006,PP01,12.0,12.0,0.0
2024-09-28,S1006,PP01,11.0,11.0,0.0
2024-10-05,S1006,PP01,10.0,10.0,0.0
2024-10-12,S1006,PP01,10.0,10.0,0.0
2024-10-19,S1006,PP01,12.0,12.0,0.0
2024-10-26,S1006,PP01,11.0,11.0,0.0
2024-11-02,S1006,PP01,14.0,14.0,0.0
2024-11-09,S1006,PP01,13.0,13.0,0.0
2024-11-16,S1006,PP01,19.0,18.0,1.0
2024-11-23,S1006,PP01,14.0,15.0,0.0
2024-11-30,S1006,PP01,18.0,18.0,0.0
2024-12-07,S1006,PP01,16.0,16.0,0.0
2024-12-14,S1006,PP01,18.0,18.0,0.0
2024-12-21,S1006,PP01,17.0,17.0,0.0
2024-12-28,S1006,PP01,11.0,11.0,0.0
2025-01-04,S1006,PP01,12.0,12.0,0.0
2025-01-11,S1006,PP01,12.0,12.0,0.0
2025-01-18,S1006,PP01,9.0,9.0,0.0
2025-01-25,S1006,PP01,10.0,10.0,0.0
2025-02-01,S1006,PP01,12.0,12.0,0.0
2025-02-08,S1006,PP01,11.0,11.0,0.0
2025-02-15,S1006,PP01,11.0,11.0,0.0
2025-02-22,S1006,PP01,9.0,9.0,0.0
2025-03-01,S1006,PP01,12.0,12.0,0.0
2025-03-08,S1006,PP01,12.0,12.0,0.0
2025-03-15,S1006,PP01,11.0,11.0,0.0
2025-03-22,S1006,PP01,12.0,12.0,0.0
2025-03-29,S1006,PP01,12.0,12.0,0.0
2025-04-05,S1006,PP01,12.0,12.0,0.0
2025-04-12,S1006,PP01,13.0,13.0,0.0
2025-04-19,S1006,PP01,11.0,11.0,0.0
2025-04-26,S1006,PP01,14.0,14.0,0.0
2025-05-03,S1006,PP01,11.0,11.0,0.0
2025-05-10,S1006,PP01,13.0,13.0,0.0
2025-05-17,S1006,PP01,16.0,16.0,0.0
2025-05-24,S1006,PP01,15.0,15.0,0.0
2025-05-31,S1006,PP01,13.0,13.0,0.0
2025-06-07,S1006,PP01,11.0,11.0,0.0
2025-06-14,S1006,PP01,12.0,12.0,0.0
2025-06-21,S1006,PP01,13.0,13.0,0.0
2025-06-28,S1006,PP01,13.0,13.0,0.0
2025-07-05,S1006,PP01,13.0,13.0,0.0
2025-07-12,S1006,PP01,13.0,13.0,0.0
2025-07-19,S1006,PP01,13.0,13.0,0.0
2025-07-26,S1006,PP01,11.0,11.0,0.0
2025-08-02,S1006,PP01,13.0,13.0,0.0
2025-08-09,S1006,PP01,15.0,15.0,0.0
2025-08-16,S1006,PP01,12.0,12.0,0.0
2025-08-23,S1006,PP01,13.0,13.0,0.0
2025-08-30,S1006,PP01,12.0,12.0,0.0
2025-09-06,S1006,PP01,12.0,12.0,0.0
2025-09-13,S1006,PP01,11.0,11.0,0.0
2025-09-20,S1006,PP01,14.0,14.0,0.0
2025-09-27,S1006,PP01,13.0,13.0,0.0
2025-10-04,S1006,PP01,11.0,11.0,0.0
2025-10-11,S1006,PP01,13.0,13.0,0.0
2025-10-18,S1006,PP01,12.0,12.0,0.0
2025-10-25,S1006,PP01,13.0,13.0,0.0
2025-11-01,S1006,PP01,15.0,15.0,0.0
2025-11-08,S1006,PP01,14.0,14.0,0.0
2025-11-15,S1006,PP01,17.0,17.0,0.0
2025-11-22,S1006,PP01,16.0,16.0,0.0
2025-11-29,S1006,PP01,17.0,17.0,0.0
2025-12-06,S1006,PP01,18.0,18.0,0.0
2025-12-13,S1006,PP01,19.0,18.0,1.0
2025-12-20,S1006,PP01,20.0,18.0,3.0
2025-12-27,S1006,PP01,16.0,18.0,1.0
2026-01-03,S1006,PP01,15.0,16.0,0.0
2026-01-10,S1006,PP01,13.0,13.0,0.0
2026-01-17,S1006,PP01,9.0,9.0,0.0
2026-01-24,S1006,PP01,11.0,11.0,0.0
2026-01-31,S1006,PP01,10.0,10.0,0.0
2026-02-07,S1006,PP01,11.0,11.0,0.0
2026-02-14,S1006,PP01,11.0,11.0,0.0
2026-02-21,S1006,PP01,11.0,11.0,0.0
2026-02-28,S1006,PP01,11.0,11.0,0.0
2026-03-07,S1006,PP01,13.0,13.0,0.0
2026-03-14,S1006,PP01,11.0,11.0,0.0
2026-03-21,S1006,PP01,14.0,14.0,0.0
2026-03-28,S1006,PP01,12.0,12.0,0.0
2026-04-04,S1006,PP01,17.0,17.0,0.0
2026-04-11,S1006,PP01,12.0,12.0,0.0
2026-04-18,S1006,PP01,13.0,13.0,0.0
2026-04-25,S1006,PP01,12.0,12.0,0.0
2026-05-02,S1006,PP01,16.0,16.0,0.0
2026-05-09,S1006,PP01,16.0,16.0,0.0
2026-05-16,S1006,PP01,14.0,14.0,0.0
2026-05-23,S1006,PP01,12.0,12.0,0.0
2026-05-30,S1006,PP01,14.0,14.0,0.0
2026-06-06,S1006,PP01,12.0,12.0,0.0
2026-06-13,S1006,PP01,15.0,15.0,0.0
2026-06-20,S1006,PP01,14.0,14.0,0.0
2026-06-27,S1006,PP01,13.0,13.0,0.0
2026-07-04,S1006,PP01,10.0,10.0,0.0
2026-07-11,S1006,PP01,12.0,12.0,0.0
2026-07-18,S1006,PP01,14.0,14.0,0.0
2026-07-25,S1006,PP01,15.0,15.0,0.0
2022-08-06,S1007,PP01,10.0,10.0,0.0
2022-08-13,S1007,PP01,8.0,8.0,0.0
2022-08-20,S1007,PP01,9.0,9.0,0.0
2022-08-27,S1007,PP01,10.0,10.0,0.0
2022-09-03,S1007,PP01,7.0,7.0,0.0
2022-09-10,S1007,PP01,9.0,9.0,0.0
2022-09-17,S1007,PP01,9.0,9.0,0.0
2022-09-24,S1007,PP01,8.0,8.0,0.0
2022-10-01,S1007,PP01,7.0,7.0,0.0
2022-10-08,S1007,PP01,8.0,8.0,0.0
2022-10-15,S1007,PP01,9.0,9.0,0.0
2022-10-22,S1007,PP01,9.0,9.0,0.0
2022-10-29,S1007,PP01,9.0,9.0,0.0
2022-11-05,S1007,PP01,10.0,10.0,0.0
2022-11-12,S1007,PP01,10.0,10.0,0.0
2022-11-19,S1007,PP01,12.0,12.0,0.0
2022-11-26,S1007,PP01,12.0,12.0,0.0
2022-12-03,S1007,PP01,12.0,12.0,0.0
2022-12-10,S1007,PP01,14.0,14.0,0.0
2022-12-17,S1007,PP01,11.0,11.0,0.0
2022-12-24,S1007,PP01,12.0,12.0,0.0
2022-12-31,S1007,PP01,10.0,10.0,0.0
2023-01-07,S1007,PP01,8.0,8.0,0.0
2023-01-14,S1007,PP01,8.0,8.0,0.0
2023-01-21,S1007,PP01,6.0,6.0,0.0
2023-01-28,S1007,PP01,6.0,6.0,0.0
2023-02-04,S1007,PP01,8.0,8.0,0.0
2023-02-11,S1007,PP01,8.0,8.0,0.0
2023-02-18,S1007,PP01,8.0,8.0,0.0
2023-02-25,S1007,PP01,8.0,8.0,0.0
2023-03-04,S1007,PP01,9.0,9.0,0.0
2023-03-11,S1007,PP01,10.0,10.0,0.0
2023-03-18,S1007,PP01,9.0,9.0,0.0
2023-03-25,S1007,PP01,9.0,9.0,0.0
2023-04-01,S1007,PP01,7.0,7.0,0.0
2023-04-08,S1007,PP01,10.0,10.0,0.0
2023-04-15,S1007,PP01,10.0,10.0,0.0
2023-04-22,S1007,PP01,10.0,10.0,0.0
2023-04-29,S1007,PP01,8.0,8.0,0.0
2023-05-06,S1007,PP01,10.0,10.0,0.0
2023-05-13,S1007,PP01,10.0,10.0,0.0
2023-05-20,S1007,PP01,11.0,11.0,0.0
2023-05-27,S1007,PP01,8.0,8.0,0.0
2023-06-03,S1007,PP01,9.0,9.0,0.0
2023-06-10,S1007,PP01,10.0,10.0,0.0
2023-06-17,S1007,PP01,9.0,9.0,0.0
2023-06-24,S1007,PP01,8.0,8.0,0.0
2023-07-01,S1007,PP01,9.0,9.0,0.0
2023-07-08,S1007,PP01,10.0,10.0,0.0
2023-07-15,S1007,PP01,9.0,9.0,0.0
2023-07-22,S1007,PP01,9.0,9.0,0.0
2023-07-29,S1007,PP01,9.0,9.0,0.0
2023-08-05,S1007,PP01,11.0,11.0,0.0
2023-08-12,S1007,PP01,9.0,9.0,0.0
2023-08-19,S1007,PP01,9.0,9.0,0.0
2023-08-26,S1007,PP01,9.0,9.0,0.0
2023-09-02,S1007,PP01,10.0,10.0,0.0
2023-09-09,S1007,PP01,8.0,8.0,0.0
2023-09-16,S1007,PP01,8.0,8.0,0.0
2023-09-23,S1007,PP01,7.0,7.0,0.0
2023-09-30,S1007,PP01,9.0,9.0,0.0
2023-10-07,S1007,PP01,8.0,8.0,0.0
2023-10-14,S1007,PP01,8.0,8.0,0.0
2023-10-21,S1007,PP01,10.0,10.0,0.0
2023-10-28,S1007,PP01,9.0,9.0,0.0
2023-11-04,S1007,PP01,10.0,10.0,0.0
2023-11-11,S1007,PP01,10.0,10.0,0.0
2023-11-18,S1007,PP01,12.0,12.0,0.0
2023-11-25,S1007,PP01,13.0,13.0,0.0
2023-12-02,S1007,PP01,12.0,12.0,0.0
2023-12-09,S1007,PP01,14.0,14.0,0.0
2023-12-16,S1007,PP01,15.0,14.0,1.0
2023-12-23,S1007,PP01,12.0,13.0,0.0
2023-12-30,S1007,PP01,9.0,9.0,0.0
2024-01-06,S1007,PP01,9.0,9.0,0.0
2024-01-13,S1007,PP01,6.0,6.0,0.0
2024-01-20,S1007,PP01,8.0,8.0,0.0
2024-01-27,S1007,PP01,8.0,8.0,0.0
2024-02-03,S1007,PP01,8.0,8.0,0.0
2024-02-10,S1007,PP01,9.0,9.0,0.0
2024-02-17,S1007,PP01,8.0,8.0,0.0
2024-02-24,S1007,PP01,9.0,9.0,0.0
2024-03-02,S1007,PP01,8.0,8.0,0.0
2024-03-09,S1007,PP01,9.0,9.0,0.0
2024-03-16,S1007,PP01,10.0,10.0,0.0
2024-03-23,S1007,PP01,8.0,8.0,0.0
2024-03-30,S1007,PP01,8.0,8.0,0.0
2024-04-06,S1007,PP01,8.0,8.0,0.0
2024-04-13,S1007,PP01,8.0,8.0,0.0
2024-04-20,S1007,PP01,8.0,8.0,0.0
2024-04-27,S1007,PP01,10.0,10.0,0.0
2024-05-04,S1007,PP01,12.0,12.0,0.0
2024-05-11,S1007,PP01,11.0,11.0,0.0
2024-05-18,S1007,PP01,8.0,8.0,0.0
2024-05-25,S1007,PP01,10.0,10.0,0.0
2024-06-01,S1007,PP01,11.0,11.0,0.0
2024-06-08,S1007,PP01,9.0,9.0,0.0
2024-06-15,S1007,PP01,9.0,9.0,0.0
2024-06-22,S1007,PP01,8.0,8.0,0.0
2024-06-29,S1007,PP01,9.0,9.0,0.0
2024-07-06,S1007,PP01,8.0,8.0,0.0
2024-07-13,S1007,PP01,9.0,9.0,0.0
2024-07-20,S1007,PP01,8.0,8.0,0.0
2024-07-27,S1007,PP01,10.0,10.0,0.0
2024-08-03,S1007,PP01,11.0,11.0,0.0
2024-08-10,S1007,PP01,9.0,9.0,0.0
2024-08-17,S1007,PP01,9.0,9.0,0.0
2024-08-24,S1007,PP01,8.0,8.0,0.0
2024-08-31,S1007,PP01,9.0,9.0,0.0
2024-09-07,S1007,PP01,8.0,8.0,0.0
2024-09-14,S1007,PP01,7.0,7.0,0.0
2024-09-21,S1007,PP01,9.0,9.0,0.0
2024-09-28,S1007,PP01,8.0,8.0,0.0
2024-10-05,S1007,PP01,8.0,8.0,0.0
2024-10-12,S1007,PP01,9.0,9.0,0.0
2024-10-19,S1007,PP01,11.0,11.0,0.0
2024-10-26,S1007,PP01,11.0,11.0,0.0
2024-11-02,S1007,PP01,10.0,10.0,0.0
2024-11-09,S1007,PP01,12.0,12.0,0.0
2024-11-16,S1007,PP01,10.0,10.0,0.0
2024-11-23,S1007,PP01,12.0,12.0,0.0
2024-11-30,S1007,PP01,14.0,14.0,0.0
2024-12-07,S1007,PP01,14.0,14.0,0.0
2024-12-14,S1007,PP01,15.0,14.0,1.0
2024-12-21,S1007,PP01,12.0,13.0,0.0
2024-12-28,S1007,PP01,11.0,11.0,0.0
2025-01-04,S1007,PP01,10.0,10.0,0.0
2025-01-11,S1007,PP01,6.0,6.0,0.0
2025-01-18,S1007,PP01,8.0,8.0,0.0
2025-01-25,S1007,PP01,6.0,6.0,0.0
2025-02-01,S1007,PP01,8.0,8.0,0.0
2025-02-08,S1007,PP01,9.0,9.0,0.0
2025-02-15,S1007,PP01,8.0,8.0,0.0
2025-02-22,S1007,PP01,8.0,8.0,0.0
2025-03-01,S1007,PP01,8.0,8.0,0.0
2025-03-08,S1007,PP01,10.0,10.0,0.0
2025-03-15,S1007,PP01,8.0,8.0,0.0
2025-03-22,S1007,PP01,10.0,10.0,0.0
2025-03-29,S1007,PP01,9.0,9.0,0.0
2025-04-05,S1007,PP01,8.0,8.0,0.0
2025-04-12,S1007,PP01,9.0,9.0,0.0
2025-04-19,S1007,PP01,9.0,9.0,0.0
2025-04-26,S1007,PP01,11.0,11.0,0.0
2025-05-03,S1007,PP01,11.0,11.0,0.0
2025-05-10,S1007,PP01,9.0,9.0,0.0
2025-05-17,S1007,PP01,10.0,10.0,0.0
2025-05-24,S1007,PP01,9.0,9.0,0.0
2025-05-31,S1007,PP01,11.0,11.0,0.0
2025-06-07,S1007,PP01,9.0,9.0,0.0
2025-06-14,S1007,PP01,11.0,11.0,0.0
2025-06-21,S1007,PP01,10.0,10.0,0.0
2025-06-28,S1007,PP01,9.0,9.0,0.0
2025-07-05,S1007,PP01,9.0,9.0,0.0
2025-07-12,S1007,PP01,9.0,9.0,0.0
2025-07-19,S1007,PP01,9.0,9.0,0.0
2025-07-26,S1007,PP01,10.0,10.0,0.0
2025-08-02,S1007,PP01,9.0,9.0,0.0
2025-08-09,S1007,PP01,8.0,8.0,0.0
2025-08-16,S1007,PP01,10.0,10.0,0.0
2025-08-23,S1007,PP01,8.0,8.0,0.0
2025-08-30,S1007,PP01,9.0,9.0,0.0
2025-09-06,S1007,PP01,9.0,9.0,0.0
2025-09-13,S1007,PP01,8.0,8.0,0.0
2025-09-20,S1007,PP01,11.0,11.0,0.0
2025-09-27,S1007,PP01,10.0,10.0,0.0
2025-10-04,S1007,PP01,10.0,10.0,0.0
2025-10-11,S1007,PP01,8.0,8.0,0.0
2025-10-18,S1007,PP01,9.0,9.0,0.0
2025-10-25,S1007,PP01,11.0,11.0,0.0
2025-11-01,S1007,PP01,10.0,10.0,0.0
2025-11-08,S1007,PP01,13.0,13.0,0.0
2025-11-15,S1007,PP01,11.0,11.0,0.0
2025-11-22,S1007,PP01,13.0,13.0,0.0
2025-11-29,S1007,PP01,13.0,13.0,0.0
2025-12-06,S1007,PP01,15.0,14.0,1.0
2025-12-13,S1007,PP01,14.0,14.0,1.0
2025-12-20,S1007,PP01,13.0,14.0,0.0
2025-12-27,S1007,PP01,11.0,11.0,0.0
2026-01-03,S1007,PP01,9.0,9.0,0.0
2026-01-10,S1007,PP01,9.0,9.0,0.0
2026-01-17,S1007,PP01,8.0,8.0,0.0
2026-01-24,S1007,PP01,8.0,8.0,0.0
2026-01-31,S1007,PP01,8.0,8.0,0.0
2026-02-07,S1007,PP01,10.0,10.0,0.0
2026-02-14,S1007,PP01,9.0,9.0,0.0
2026-02-21,S1007,PP01,9.0,9.0,0.0
2026-02-28,S1007,PP01,10.0,10.0,0.0
2026-03-07,S1007,PP01,12.0,12.0,0.0
2026-03-14,S1007,PP01,9.0,9.0,0.0
2026-03-21,S1007,PP01,11.0,11.0,0.0
2026-03-28,S1007,PP01,8.0,8.0,0.0
2026-04-04,S1007,PP01,10.0,10.0,0.0
2026-04-11,S1007,PP01,12.0,12.0,0.0
2026-04-18,S1007,PP01,11.0,11.0,0.0
2026-04-25,S1007,PP01,11.0,11.0,0.0
2026-05-02,S1007,PP01,10.0,10.0,0.0
2026-05-09,S1007,PP01,11.0,11.0,0.0
2026-05-16,S1007,PP01,11.0,11.0,0.0
2026-05-23,S1007,PP01,10.0,10.0,0.0
2026-05-30,S1007,PP01,10.0,10.0,0.0
2026-06-06,S1007,PP01,10.0,10.0,0.0
2026-06-13,S1007,PP01,9.0,9.0,0.0
2026-06-20,S1007,PP01,9.0,9.0,0.0
2026-06-27,S1007,PP01,9.0,9.0,0.0
2026-07-04,S1007,PP01,11.0,11.0,0.0
2026-07-11,S1007,PP01,11.0,11.0,0.0
2026-07-18,S1007,PP01,11.0,11.0,0.0
2026-07-25,S1007,PP01,11.0,11.0,0.0
2024-09-21,S1008,PP01,9.0,9.0,0.0
2024-09-28,S1008,PP01,12.0,12.0,0.0
2024-10-05,S1008,PP01,11.0,11.0,0.0
2024-10-12,S1008,PP01,12.0,12.0,0.0
2024-10-19,S1008,PP01,15.0,15.0,0.0
2024-10-26,S1008,PP01,17.0,17.0,0.0
2024-11-02,S1008,PP01,19.0,19.0,0.0
2024-11-09,S1008,PP01,22.0,22.0,0.0
2024-11-16,S1008,PP01,23.0,23.0,0.0
2024-11-23,S1008,PP01,26.0,26.0,0.0
2024-11-30,S1008,PP01,26.0,26.0,0.0
2024-12-07,S1008,PP01,28.0,26.0,2.0
2024-12-14,S1008,PP01,29.0,26.0,5.0
2024-12-21,S1008,PP01,26.0,26.0,5.0
2024-12-28,S1008,PP01,23.0,26.0,2.0
2025-01-04,S1008,PP01,19.0,21.0,0.0
2025-01-11,S1008,PP01,15.0,15.0,0.0
2025-01-18,S1008,PP01,14.0,14.0,0.0
2025-01-25,S1008,PP01,16.0,16.0,0.0
2025-02-01,S1008,PP01,16.0,16.0,0.0
2025-02-08,S1008,PP01,17.0,17.0,0.0
2025-02-15,S1008,PP01,21.0,21.0,0.0
2025-02-22,S1008,PP01,17.0,17.0,0.0
2025-03-01,S1008,PP01,19.0,19.0,0.0
2025-03-08,S1008,PP01,20.0,20.0,0.0
2025-03-15,S1008,PP01,19.0,19.0,0.0
2025-03-22,S1008,PP01,23.0,23.0,0.0
2025-03-29,S1008,PP01,18.0,18.0,0.0
2025-04-05,S1008,PP01,19.0,19.0,0.0
2025-04-12,S1008,PP01,17.0,17.0,0.0
2025-04-19,S1008,PP01,19.0,19.0,0.0
2025-04-26,S1008,PP01,20.0,20.0,0.0
2025-05-03,S1008,PP01,22.0,22.0,0.0
2025-05-10,S1008,PP01,21.0,21.0,0.0
2025-05-17,S1008,PP01,23.0,23.0,0.0
2025-05-24,S1008,PP01,20.0,20.0,0.0
2025-05-31,S1008,PP01,19.0,19.0,0.0
2025-06-07,S1008,PP01,25.0,25.0,0.0
2025-06-14,S1008,PP01,20.0,20.0,0.0
2025-06-21,S1008,PP01,18.0,18.0,0.0
2025-06-28,S1008,PP01,18.0,18.0,0.0
2025-07-05,S1008,PP01,18.0,18.0,0.0
2025-07-12,S1008,PP01,22.0,22.0,0.0
2025-07-19,S1008,PP01,19.0,19.0,0.0
2025-07-26,S1008,PP01,20.0,20.0,0.0
2025-08-02,S1008,PP01,20.0,20.0,0.0
2025-08-09,S1008,PP01,22.0,22.0,0.0
2025-08-16,S1008,PP01,19.0,19.0,0.0
2025-08-23,S1008,PP01,18.0,18.0,0.0
2025-08-30,S1008,PP01,20.0,20.0,0.0
2025-09-06,S1008,PP01,20.0,20.0,0.0
2025-09-13,S1008,PP01,19.0,19.0,0.0
2025-09-20,S1008,PP01,17.0,17.0,0.0
2025-09-27,S1008,PP01,20.0,20.0,0.0
2025-10-04,S1008,PP01,18.0,18.0,0.0
2025-10-11,S1008,PP01,18.0,18.0,0.0
2025-10-18,S1008,PP01,18.0,18.0,0.0
2025-10-25,S1008,PP01,24.0,24.0,0.0
2025-11-01,S1008,PP01,23.0,23.0,0.0
2025-11-08,S1008,PP01,24.0,24.0,0.0
2025-11-15,S1008,PP01,27.0,26.0,1.0
2025-11-22,S1008,PP01,34.0,26.0,9.0
2025-11-29,S1008,PP01,23.0,26.0,6.0
2025-12-06,S1008,PP01,27.0,26.0,7.0
2025-12-13,S1008,PP01,29.0,26.0,10.0
2025-12-20,S1008,PP01,25.0,26.0,9.0
2025-12-27,S1008,PP01,21.0,26.0,4.0
2026-01-03,S1008,PP01,19.0,23.0,0.0
2026-01-10,S1008,PP01,14.0,14.0,0.0
2026-01-17,S1008,PP01,16.0,16.0,0.0
2026-01-24,S1008,PP01,16.0,16.0,0.0
2026-01-31,S1008,PP01,18.0,18.0,0.0
2026-02-07,S1008,PP01,19.0,19.0,0.0
2026-02-14,S1008,PP01,20.0,20.0,0.0
2026-02-21,S1008,PP01,18.0,18.0,0.0
2026-02-28,S1008,PP01,24.0,24.0,0.0
2026-03-07,S1008,PP01,20.0,20.0,0.0
2026-03-14,S1008,PP01,16.0,16.0,0.0
2026-03-21,S1008,PP01,18.0,18.0,0.0
2026-03-28,S1008,PP01,17.0,17.0,0.0
2026-04-04,S1008,PP01,20.0,20.0,0.0
2026-04-11,S1008,PP01,19.0,19.0,0.0
2026-04-18,S1008,PP01,19.0,19.0,0.0
2026-04-25,S1008,PP01,25.0,25.0,0.0
2026-05-02,S1008,PP01,22.0,22.0,0.0
2026-05-09,S1008,PP01,23.0,23.0,0.0
2026-05-16,S1008,PP01,19.0,19.0,0.0
2026-05-23,S1008,PP01,19.0,19.0,0.0
2026-05-30,S1008,PP01,21.0,21.0,0.0
2026-06-06,S1008,PP01,21.0,21.0,0.0
2026-06-13,S1008,PP01,17.0,17.0,0.0
2026-06-20,S1008,PP01,20.0,20.0,0.0
2026-06-27,S1008,PP01,20.0,20.0,0.0
2026-07-04,S1008,PP01,20.0,20.0,0.0
2026-07-11,S1008,PP01,19.0,19.0,0.0
2026-07-18,S1008,PP01,20.0,20.0,0.0
2026-07-25,S1008,PP01,20.0,20.0,0.0
2022-08-06,S1009,PP01,15.0,15.0,0.0
2022-08-13,S1009,PP01,15.0,15.0,0.0
2022-08-20,S1009,PP01,16.0,16.0,0.0
2022-08-27,S1009,PP01,14.0,14.0,0.0
2022-09-03,S1009,PP01,13.0,13.0,0.0
2022-09-10,S1009,PP01,14.0,14.0,0.0
2022-09-17,S1009,PP01,14.0,14.0,0.0
2022-09-24,S1009,PP01,13.0,13.0,0.0
2022-10-01,S1009,PP01,15.0,15.0,0.0
2022-10-08,S1009,PP01,15.0,15.0,0.0
2022-10-15,S1009,PP01,16.0,16.0,0.0
2022-10-22,S1009,PP01,17.0,17.0,0.0
2022-10-29,S1009,PP01,14.0,14.0,0.0
2022-11-05,S1009,PP01,16.0,16.0,0.0
2022-11-12,S1009,PP01,16.0,16.0,0.0
2022-11-19,S1009,PP01,18.0,18.0,0.0
2022-11-26,S1009,PP01,18.0,18.0,0.0
2022-12-03,S1009,PP01,18.0,18.0,0.0
2022-12-10,S1009,PP01,22.0,21.0,1.0
2022-12-17,S1009,PP01,19.0,20.0,0.0
2022-12-24,S1009,PP01,18.0,18.0,0.0
2022-12-31,S1009,PP01,14.0,14.0,0.0
2023-01-07,S1009,PP01,11.0,11.0,0.0
2023-01-14,S1009,PP01,11.0,11.0,0.0
2023-01-21,S1009,PP01,12.0,12.0,0.0
2023-01-28,S1009,PP01,13.0,13.0,0.0
2023-02-04,S1009,PP01,15.0,15.0,0.0
2023-02-11,S1009,PP01,13.0,13.0,0.0
2023-02-18,S1009,PP01,14.0,14.0,0.0
2023-02-25,S1009,PP01,12.0,12.0,0.0
2023-03-04,S1009,PP01,12.0,12.0,0.0
2023-03-11,S1009,PP01,16.0,16.0,0.0
2023-03-18,S1009,PP01,13.0,13.0,0.0
2023-03-25,S1009,PP01,13.0,13.0,0.0
2023-04-01,S1009,PP01,14.0,14.0,0.0
2023-04-08,S1009,PP01,14.0,14.0,0.0
2023-04-15,S1009,PP01,13.0,13.0,0.0
2023-04-22,S1009,PP01,14.0,14.0,0.0
2023-04-29,S1009,PP01,16.0,16.0,0.0
2023-05-06,S1009,PP01,14.0,14.0,0.0
2023-05-13,S1009,PP01,13.0,13.0,0.0
2023-05-20,S1009,PP01,16.0,16.0,0.0
2023-05-27,S1009,PP01,15.0,15.0,0.0
2023-06-03,S1009,PP01,14.0,14.0,0.0
2023-06-10,S1009,PP01,12.0,12.0,0.0
2023-06-17,S1009,PP01,13.0,13.0,0.0
2023-06-24,S1009,PP01,14.0,14.0,0.0
2023-07-01,S1009,PP01,16.0,16.0,0.0
2023-07-08,S1009,PP01,13.0,13.0,0.0
2023-07-15,S1009,PP01,14.0,14.0,0.0
2023-07-22,S1009,PP01,15.0,15.0,0.0
2023-07-29,S1009,PP01,12.0,12.0,0.0
2023-08-05,S1009,PP01,17.0,17.0,0.0
2023-08-12,S1009,PP01,13.0,13.0,0.0
2023-08-19,S1009,PP01,15.0,15.0,0.0
2023-08-26,S1009,PP01,15.0,15.0,0.0
2023-09-02,S1009,PP01,16.0,16.0,0.0
2023-09-09,S1009,PP01,15.0,15.0,0.0
2023-09-16,S1009,PP01,11.0,11.0,0.0
2023-09-23,S1009,PP01,13.0,13.0,0.0
2023-09-30,S1009,PP01,14.0,14.0,0.0
2023-10-07,S1009,PP01,13.0,13.0,0.0
2023-10-14,S1009,PP01,14.0,14.0,0.0
2023-10-21,S1009,PP01,16.0,16.0,0.0
2023-10-28,S1009,PP01,16.0,16.0,0.0
2023-11-04,S1009,PP01,16.0,16.0,0.0
2023-11-11,S1009,PP01,14.0,14.0,0.0
2023-11-18,S1009,PP01,17.0,17.0,0.0
2023-11-25,S1009,PP01,20.0,20.0,0.0
2023-12-02,S1009,PP01,19.0,19.0,0.0
2023-12-09,S1009,PP01,24.0,21.0,3.0
2023-12-16,S1009,PP01,24.0,21.0,6.0
2023-12-23,S1009,PP01,19.0,21.0,4.0
2023-12-30,S1009,PP01,12.0,16.0,0.0
2024-01-06,S1009,PP01,12.0,12.0,0.0
2024-01-13,S1009,PP01,13.0,13.0,0.0
2024-01-20,S1009,PP01,11.0,11.0,0.0
2024-01-27,S1009,PP01,10.0,10.0,0.0
2024-02-03,S1009,PP01,14.0,14.0,0.0
2024-02-10,S1009,PP01,13.0,13.0,0.0
2024-02-17,S1009,PP01,15.0,15.0,0.0
2024-02-24,S1009,PP01,14.0,14.0,0.0
2024-03-02,S1009,PP01,15.0,15.0,0.0
2024-03-09,S1009,PP01,15.0,15.0,0.0
2024-03-16,S1009,PP01,15.0,15.0,0.0
2024-03-23,S1009,PP01,18.0,18.0,0.0
2024-03-30,S1009,PP01,16.0,16.0,0.0
2024-04-06,S1009,PP01,12.0,12.0,0.0
2024-04-13,S1009,PP01,15.0,15.0,0.0
2024-04-20,S1009,PP01,16.0,16.0,0.0
2024-04-27,S1009,PP01,17.0,17.0,0.0
2024-05-04,S1009,PP01,15.0,15.0,0.0
2024-05-11,S1009,PP01,17.0,17.0,0.0
2024-05-18,S1009,PP01,17.0,17.0,0.0
2024-05-25,S1009,PP01,20.0,20.0,0.0
2024-06-01,S1009,PP01,14.0,14.0,0.0
2024-06-08,S1009,PP01,14.0,14.0,0.0
2024-06-15,S1009,PP01,14.0,14.0,0.0
2024-06-22,S1009,PP01,14.0,14.0,0.0
2024-06-29,S1009,PP01,13.0,13.0,0.0
2024-07-06,S1009,PP01,11.0,11.0,0.0
2024-07-13,S1009,PP01,14.0,14.0,0.0
2024-07-20,S1009,PP01,15.0,15.0,0.0
2024-07-27,S1009,PP01,14.0,14.0,0.0
2024-08-03,S1009,PP01,18.0,18.0,0.0
2024-08-10,S1009,PP01,15.0,15.0,0.0
2024-08-17,S1009,PP01,17.0,17.0,0.0
2024-08-24,S1009,PP01,15.0,15.0,0.0
2024-08-31,S1009,PP01,15.0,15.0,0.0
2024-09-07,S1009,PP01,14.0,14.0,0.0
2024-09-14,S1009,PP01,16.0,16.0,0.0
2024-09-21,S1009,PP01,14.0,14.0,0.0
2024-09-28,S1009,PP01,15.0,15.0,0.0
2024-10-05,S1009,PP01,15.0,15.0,0.0
2024-10-12,S1009,PP01,14.0,14.0,0.0
2024-10-19,S1009,PP01,16.0,16.0,0.0
2024-10-26,S1009,PP01,20.0,20.0,0.0
2024-11-02,S1009,PP01,16.0,16.0,0.0
2024-11-09,S1009,PP01,18.0,18.0,0.0
2024-11-16,S1009,PP01,21.0,21.0,0.0
2024-11-23,S1009,PP01,22.0,21.0,1.0
2024-11-30,S1009,PP01,21.0,21.0,1.0
2024-12-07,S1009,PP01,18.0,19.0,0.0
2024-12-14,S1009,PP01,24.0,21.0,3.0
2024-12-21,S1009,PP01,16.0,19.0,0.0
2024-12-28,S1009,PP01,20.0,20.0,0.0
2025-01-04,S1009,PP01,15.0,15.0,0.0
2025-01-11,S1009,PP01,13.0,13.0,0.0
2025-01-18,S1009,PP01,11.0,11.0,0.0
2025-01-25,S1009,PP01,11.0,11.0,0.0
2025-02-01,S1009,PP01,13.0,13.0,0.0
2025-02-08,S1009,PP01,13.0,13.0,0.0
2025-02-15,S1009,PP01,13.0,13.0,0.0
2025-02-22,S1009,PP01,14.0,14.0,0.0
2025-03-01,S1009,PP01,19.0,19.0,0.0
2025-03-08,S1009,PP01,16.0,16.0,0.0
2025-03-15,S1009,PP01,16.0,16.0,0.0
2025-03-22,S1009,PP01,16.0,16.0,0.0
2025-03-29,S1009,PP01,17.0,17.0,0.0
2025-04-05,S1009,PP01,15.0,15.0,0.0
2025-04-12,S1009,PP01,12.0,12.0,0.0
2025-04-19,S1009,PP01,15.0,15.0,0.0
2025-04-26,S1009,PP01,17.0,17.0,0.0
2025-05-03,S1009,PP01,14.0,14.0,0.0
2025-05-10,S1009,PP01,16.0,16.0,0.0
2025-05-17,S1009,PP01,15.0,15.0,0.0
2025-05-24,S1009,PP01,18.0,18.0,0.0
2025-05-31,S1009,PP01,17.0,17.0,0.0
2025-06-07,S1009,PP01,16.0,16.0,0.0
2025-06-14,S1009,PP01,16.0,16.0,0.0
2025-06-21,S1009,PP01,15.0,15.0,0.0
2025-06-28,S1009,PP01,16.0,16.0,0.0
2025-07-05,S1009,PP01,14.0,14.0,0.0
2025-07-12,S1009,PP01,13.0,13.0,0.0
2025-07-19,S1009,PP01,16.0,16.0,0.0
2025-07-26,S1009,PP01,17.0,17.0,0.0
2025-08-02,S1009,PP01,18.0,18.0,0.0
2025-08-09,S1009,PP01,19.0,19.0,0.0
2025-08-16,S1009,PP01,19.0,19.0,0.0
2025-08-23,S1009,PP01,14.0,14.0,0.0
2025-08-30,S1009,PP01,15.0,15.0,0.0
2025-09-06,S1009,PP01,16.0,16.0,0.0
2025-09-13,S1009,PP01,19.0,19.0,0.0
2025-09-20,S1009,PP01,17.0,17.0,0.0
2025-09-27,S1009,PP01,17.0,17.0,0.0
2025-10-04,S1009,PP01,15.0,15.0,0.0
2025-10-11,S1009,PP01,14.0,14.0,0.0
2025-10-18,S1009,PP01,17.0,17.0,0.0
2025-10-25,S1009,PP01,15.0,15.0,0.0
2025-11-01,S1009,PP01,17.0,17.0,0.0
2025-11-08,S1009,PP01,18.0,18.0,0.0
2025-11-15,S1009,PP01,23.0,21.0,2.0
2025-11-22,S1009,PP01,20.0,21.0,1.0
2025-11-29,S1009,PP01,17.0,18.0,0.0
2025-12-06,S1009,PP01,25.0,21.0,4.0
2025-12-13,S1009,PP01,23.0,21.0,6.0
2025-12-20,S1009,PP01,21.0,21.0,6.0
2025-12-27,S1009,PP01,18.0,21.0,3.0
2026-01-03,S1009,PP01,15.0,18.0,0.0
2026-01-10,S1009,PP01,14.0,14.0,0.0
2026-01-17,S1009,PP01,11.0,11.0,0.0
2026-01-24,S1009,PP01,12.0,12.0,0.0
2026-01-31,S1009,PP01,15.0,15.0,0.0
2026-02-07,S1009,PP01,13.0,13.0,0.0
2026-02-14,S1009,PP01,12.0,12.0,0.0
2026-02-21,S1009,PP01,16.0,16.0,0.0
2026-02-28,S1009,PP01,17.0,17.0,0.0
2026-03-07,S1009,PP01,15.0,15.0,0.0
2026-03-14,S1009,PP01,13.0,13.0,0.0
2026-03-21,S1009,PP01,17.0,17.0,0.0
2026-03-28,S1009,PP01,13.0,13.0,0.0
2026-04-04,S1009,PP01,16.0,16.0,0.0
2026-04-11,S1009,PP01,14.0,14.0,0.0
2026-04-18,S1009,PP01,14.0,14.0,0.0
2026-04-25,S1009,PP01,16.0,16.0,0.0
2026-05-02,S1009,PP01,16.0,16.0,0.0
2026-05-09,S1009,PP01,16.0,16.0,0.0
2026-05-16,S1009,PP01,18.0,18.0,0.0
2026-05-23,S1009,PP01,16.0,16.0,0.0
2026-05-30,S1009,PP01,18.0,18.0,0.0
2026-06-06,S1009,PP01,17.0,17.0,0.0
2026-06-13,S1009,PP01,15.0,15.0,0.0
2026-06-20,S1009,PP01,15.0,15.0,0.0
2026-06-27,S1009,PP01,14.0,14.0,0.0
2026-07-04,S1009,PP01,17.0,17.0,0.0
2026-07-11,S1009,PP01,16.0,16.0,0.0
2026-07-18,S1009,PP01,13.0,13.0,0.0
2026-07-25,S1009,PP01,16.0,16.0,0.0
2022-08-06,S1010,PP01,9.0,9.0,0.0
2022-08-13,S1010,PP01,11.0,11.0,0.0
2022-08-20,S1010,PP01,8.0,8.0,0.0
2022-08-27,S1010,PP01,8.0,8.0,0.0
2022-09-03,S1010,PP01,10.0,10.0,0.0
2022-09-10,S1010,PP01,10.0,10.0,0.0
2022-09-17,S1010,PP01,8.0,8.0,0.0
2022-09-24,S1010,PP01,8.0,8.0,0.0
2022-10-01,S1010,PP01,9.0,9.0,0.0
2022-10-08,S1010,PP01,7.0,7.0,0.0
2022-10-15,S1010,PP01,7.0,7.0,0.0
2022-10-22,S1010,PP01,9.0,9.0,0.0
2022-10-29,S1010,PP01,11.0,11.0,0.0
2022-11-05,S1010,PP01,10.0,10.0,0.0
2022-11-12,S1010,PP01,11.0,11.0,0.0
2022-11-19,S1010,PP01,13.0,13.0,0.0
2022-11-26,S1010,PP01,15.0,14.0,1.0
2022-12-03,S1010,PP01,12.0,13.0,0.0
2022-12-10,S1010,PP01,14.0,14.0,0.0
2022-12-17,S1010,PP01,16.0,14.0,2.0
2022-12-24,S1010,PP01,10.0,12.0,0.0
2022-12-31,S1010,PP01,11.0,11.0,0.0
2023-01-07,S1010,PP01,7.0,7.0,0.0
2023-01-14,S1010,PP01,7.0,7.0,0.0
2023-01-21,S1010,PP01,7.0,7.0,0.0
2023-01-28,S1010,PP01,7.0,7.0,0.0
2023-02-04,S1010,PP01,7.0,7.0,0.0
2023-02-11,S1010,PP01,9.0,9.0,0.0
2023-02-18,S1010,PP01,9.0,9.0,0.0
2023-02-25,S1010,PP01,9.0,9.0,0.0
2023-03-04,S1010,PP01,9.0,9.0,0.0
2023-03-11,S1010,PP01,9.0,9.0,0.0
2023-03-18,S1010,PP01,8.0,8.0,0.0
2023-03-25,S1010,PP01,10.0,10.0,0.0
2023-04-01,S1010,PP01,10.0,10.0,0.0
2023-04-08,S1010,PP01,12.0,12.0,0.0
2023-04-15,S1010,PP01,9.0,9.0,0.0
2023-04-22,S1010,PP01,9.0,9.0,0.0
2023-04-29,S1010,PP01,10.0,10.0,0.0
2023-05-06,S1010,PP01,10.0,10.0,0.0
2023-05-13,S1010,PP01,9.0,9.0,0.0
2023-05-20,S1010,PP01,9.0,9.0,0.0
2023-05-27,S1010,PP01,10.0,10.0,0.0
2023-06-03,S1010,PP01,9.0,9.0,0.0
2023-06-10,S1010,PP01,9.0,9.0,0.0
2023-06-17,S1010,PP01,9.0,9.0,0.0
2023-06-24,S1010,PP01,10.0,10.0,0.0
2023-07-01,S1010,PP01,9.0,9.0,0.0
2023-07-08,S1010,PP01,8.0,8.0,0.0
2023-07-15,S1010,PP01,8.0,8.0,0.0
2023-07-22,S1010,PP01,8.0,8.0,0.0
2023-07-29,S1010,PP01,8.0,8.0,0.0
2023-08-05,S1010,PP01,9.0,9.0,0.0
2023-08-12,S1010,PP01,9.0,9.0,0.0
2023-08-19,S1010,PP01,9.0,9.0,0.0
2023-08-26,S1010,PP01,9.0,9.0,0.0
2023-09-02,S1010,PP01,9.0,9.0,0.0
2023-09-09,S1010,PP01,10.0,10.0,0.0
2023-09-16,S1010,PP01,9.0,9.0,0.0
2023-09-23,S1010,PP01,9.0,9.0,0.0
2023-09-30,S1010,PP01,8.0,8.0,0.0
2023-10-07,S1010,PP01,8.0,8.0,0.0
2023-10-14,S1010,PP01,9.0,9.0,0.0
2023-10-21,S1010,PP01,10.0,10.0,0.0
2023-10-28,S1010,PP01,9.0,9.0,0.0
2023-11-04,S1010,PP01,10.0,10.0,0.0
2023-11-11,S1010,PP01,9.0,9.0,0.0
2023-11-18,S1010,PP01,12.0,12.0,0.0
2023-11-25,S1010,PP01,14.0,14.0,0.0
2023-12-02,S1010,PP01,13.0,13.0,0.0
2023-12-09,S1010,PP01,17.0,14.0,3.0
2023-12-16,S1010,PP01,13.0,14.0,2.0
2023-12-23,S1010,PP01,12.0,14.0,0.0
2023-12-30,S1010,PP01,10.0,10.0,0.0
2024-01-06,S1010,PP01,8.0,8.0,0.0
2024-01-13,S1010,PP01,7.0,7.0,0.0
2024-01-20,S1010,PP01,7.0,7.0,0.0
2024-01-27,S1010,PP01,8.0,8.0,0.0
2024-02-03,S1010,PP01,9.0,9.0,0.0
2024-02-10,S1010,PP01,9.0,9.0,0.0
2024-02-17,S1010,PP01,9.0,9.0,0.0
2024-02-24,S1010,PP01,8.0,8.0,0.0
2024-03-02,S1010,PP01,10.0,10.0,0.0
2024-03-09,S1010,PP01,8.0,8.0,0.0
2024-03-16,S1010,PP01,10.0,10.0,0.0
2024-03-23,S1010,PP01,11.0,11.0,0.0
2024-03-30,S1010,PP01,9.0,9.0,0.0
2024-04-06,S1010,PP01,7.0,7.0,0.0
2024-04-13,S1010,PP01,9.0,9.0,0.0
2024-04-20,S1010,PP01,11.0,11.0,0.0
2024-04-27,S1010,PP01,10.0,10.0,0.0
2024-05-04,S1010,PP01,10.0,10.0,0.0
2024-05-11,S1010,PP01,11.0,11.0,0.0
2024-05-18,S1010,PP01,10.0,10.0,0.0
2024-05-25,S1010,PP01,11.0,11.0,0.0
2024-06-01,S1010,PP01,11.0,11.0,0.0
2024-06-08,S1010,PP01,11.0,11.0,0.0
2024-06-15,S1010,PP01,10.0,10.0,0.0
2024-06-22,S1010,PP01,10.0,10.0,0.0
2024-06-29,S1010,PP01,9.0,9.0,0.0
2024-07-06,S1010,PP01,9.0,9.0,0.0
2024-07-13,S1010,PP01,11.0,11.0,0.0
2024-07-20,S1010,PP01,10.0,10.0,0.0
2024-07-27,S1010,PP01,10.0,10.0,0.0
2024-08-03,S1010,PP01,10.0,10.0,0.0
2024-08-10,S1010,PP01,9.0,9.0,0.0
2024-08-17,S1010,PP01,10.0,10.0,0.0
2024-08-24,S1010,PP01,11.0,11.0,0.0
2024-08-31,S1010,PP01,10.0,10.0,0.0
2024-09-07,S1010,PP01,8.0,8.0,0.0
2024-09-14,S1010,PP01,9.0,9.0,0.0
2024-09-21,S1010,PP01,11.0,11.0,0.0
2024-09-28,S1010,PP01,9.0,9.0,0.0
2024-10-05,S1010,PP01,8.0,8.0,0.0
2024-10-12,S1010,PP01,11.0,11.0,0.0
2024-10-19,S1010,PP01,10.0,10.0,0.0
2024-10-26,S1010,PP01,10.0,10.0,0.0
2024-11-02,S1010,PP01,10.0,10.0,0.0
2024-11-09,S1010,PP01,12.0,12.0,0.0
2024-11-16,S1010,PP01,11.0,11.0,0.0
2024-11-23,S1010,PP01,14.0,14.0,0.0
2024-11-30,S1010,PP01,14.0,14.0,0.0
2024-12-07,S1010,PP01,15.0,14.0,1.0
2024-12-14,S1010,PP01,15.0,14.0,2.0
2024-12-21,S1010,PP01,13.0,14.0,1.0
2024-12-28,S1010,PP01,12.0,13.0,0.0
2025-01-04,S1010,PP01,9.0,9.0,0.0
2025-01-11,S1010,PP01,6.0,6.0,0.0
2025-01-18,S1010,PP01,8.0,8.0,0.0
2025-01-25,S1010,PP01,8.0,8.0,0.0
2025-02-01,S1010,PP01,9.0,9.0,0.0
2025-02-08,S1010,PP01,9.0,9.0,0.0
2025-02-15,S1010,PP01,8.0,8.0,0.0
2025-02-22,S1010,PP01,10.0,10.0,0.0
2025-03-01,S1010,PP01,9.0,9.0,0.0
2025-03-08,S1010,PP01,9.0,9.0,0.0
2025-03-15,S1010,PP01,9.0,9.0,0.0
2025-03-22,S1010,PP01,12.0,12.0,0.0
2025-03-29,S1010,PP01,8.0,8.0,0.0
2025-04-05,S1010,PP01,10.0,10.0,0.0
2025-04-12,S1010,PP01,8.0,8.0,0.0
2025-04-19,S1010,PP01,10.0,10.0,0.0
2025-04-26,S1010,PP01,10.0,10.0,0.0
2025-05-03,S1010,PP01,8.0,8.0,0.0
2025-05-10,S1010,PP01,11.0,11.0,0.0
2025-05-17,S1010,PP01,10.0,10.0,0.0
2025-05-24,S1010,PP01,8.0,8.0,0.0
2025-05-31,S1010,PP01,11.0,11.0,0.0
2025-06-07,S1010,PP01,11.0,11.0,0.0
2025-06-14,S1010,PP01,11.0,11.0,0.0
2025-06-21,S1010,PP01,10.0,10.0,0.0
2025-06-28,S1010,PP01,10.0,10.0,0.0
2025-07-05,S1010,PP01,11.0,11.0,0.0
2025-07-12,S1010,PP01,12.0,12.0,0.0
2025-07-19,S1010,PP01,11.0,11.0,0.0
2025-07-26,S1010,PP01,9.0,9.0,0.0
2025-08-02,S1010,PP01,11.0,11.0,0.0
2025-08-09,S1010,PP01,11.0,11.0,0.0
2025-08-16,S1010,PP01,9.0,9.0,0.0
2025-08-23,S1010,PP01,11.0,11.0,0.0
2025-08-30,S1010,PP01,12.0,12.0,0.0
2025-09-06,S1010,PP01,10.0,10.0,0.0
2025-09-13,S1010,PP01,11.0,11.0,0.0
2025-09-20,S1010,PP01,10.0,10.0,0.0
2025-09-27,S1010,PP01,10.0,10.0,0.0
2025-10-04,S1010,PP01,10.0,10.0,0.0
2025-10-11,S1010,PP01,9.0,9.0,0.0
2025-10-18,S1010,PP01,9.0,9.0,0.0
2025-10-25,S1010,PP01,12.0,12.0,0.0
2025-11-01,S1010,PP01,13.0,13.0,0.0
2025-11-08,S1010,PP01,11.0,11.0,0.0
2025-11-15,S1010,PP01,14.0,14.0,0.0
2025-11-22,S1010,PP01,13.0,13.0,0.0
2025-11-29,S1010,PP01,15.0,14.0,1.0
2025-12-06,S1010,PP01,16.0,14.0,3.0
2025-12-13,S1010,PP01,17.0,14.0,6.0
2025-12-20,S1010,PP01,14.0,14.0,6.0
2025-12-27,S1010,PP01,14.0,14.0,6.0
2026-01-03,S1010,PP01,10.0,14.0,2.0
2026-01-10,S1010,PP01,9.0,11.0,0.0
2026-01-17,S1010,PP01,7.0,7.0,0.0
2026-01-24,S1010,PP01,10.0,10.0,0.0
2026-01-31,S1010,PP01,9.0,9.0,0.0
2026-02-07,S1010,PP01,10.0,10.0,0.0
2026-02-14,S1010,PP01,8.0,8.0,0.0
2026-02-21,S1010,PP01,9.0,9.0,0.0
2026-02-28,S1010,PP01,11.0,11.0,0.0
2026-03-07,S1010,PP01,10.0,10.0,0.0
2026-03-14,S1010,PP01,8.0,8.0,0.0
2026-03-21,S1010,PP01,11.0,11.0,0.0
2026-03-28,S1010,PP01,10.0,10.0,0.0
2026-04-04,S1010,PP01,12.0,12.0,0.0
2026-04-11,S1010,PP01,10.0,10.0,0.0
2026-04-18,S1010,PP01,11.0,11.0,0.0
2026-04-25,S1010,PP01,12.0,12.0,0.0
2026-05-02,S1010,PP01,10.0,10.0,0.0
2026-05-09,S1010,PP01,10.0,10.0,0.0
2026-05-16,S1010,PP01,11.0,11.0,0.0
2026-05-23,S1010,PP01,12.0,12.0,0.0
2026-05-30,S1010,PP01,9.0,9.0,0.0
2026-06-06,S1010,PP01,9.0,9.0,0.0
2026-06-13,S1010,PP01,11.0,11.0,0.0
2026-06-20,S1010,PP01,10.0,10.0,0.0
2026-06-27,S1010,PP01,10.0,10.0,0.0
2026-07-04,S1010,PP01,9.0,9.0,0.0
2026-07-11,S1010,PP01,10.0,10.0,0.0
2026-07-18,S1010,PP01,11.0,11.0,0.0
2026-07-25,S1010,PP01,12.0,12.0,0.0
2022-08-06,S1011,PP01,15.0,15.0,0.0
2022-08-13,S1011,PP01,20.0,20.0,0.0
2022-08-20,S1011,PP01,15.0,15.0,0.0
2022-08-27,S1011,PP01,15.0,15.0,0.0
2022-09-03,S1011,PP01,19.0,19.0,0.0
2022-09-10,S1011,PP01,16.0,16.0,0.0
2022-09-17,S1011,PP01,15.0,15.0,0.0
2022-09-24,S1011,PP01,15.0,15.0,0.0
2022-10-01,S1011,PP01,18.0,18.0,0.0
2022-10-08,S1011,PP01,18.0,18.0,0.0
2022-10-15,S1011,PP01,15.0,15.0,0.0
2022-10-22,S1011,PP01,17.0,17.0,0.0
2022-10-29,S1011,PP01,18.0,18.0,0.0
2022-11-05,S1011,PP01,16.0,16.0,0.0
2022-11-12,S1011,PP01,19.0,19.0,0.0
2022-11-19,S1011,PP01,20.0,20.0,0.0
2022-11-26,S1011,PP01,25.0,24.0,1.0
2022-12-03,S1011,PP01,27.0,24.0,4.0
2022-12-10,S1011,PP01,24.0,24.0,4.0
2022-12-17,S1011,PP01,23.0,24.0,3.0
2022-12-24,S1011,PP01,22.0,24.0,1.0
2022-12-31,S1011,PP01,16.0,17.0,0.0
2023-01-07,S1011,PP01,15.0,15.0,0.0
2023-01-14,S1011,PP01,12.0,12.0,0.0
2023-01-21,S1011,PP01,12.0,12.0,0.0
2023-01-28,S1011,PP01,12.0,12.0,0.0
2023-02-04,S1011,PP01,16.0,16.0,0.0
2023-02-11,S1011,PP01,15.0,15.0,0.0
2023-02-18,S1011,PP01,18.0,18.0,0.0
2023-02-25,S1011,PP01,15.0,15.0,0.0
2023-03-04,S1011,PP01,16.0,16.0,0.0
2023-03-11,S1011,PP01,20.0,20.0,0.0
2023-03-18,S1011,PP01,14.0,14.0,0.0
2023-03-25,S1011,PP01,13.0,13.0,0.0
2023-04-01,S1011,PP01,18.0,18.0,0.0
2023-04-08,S1011,PP01,15.0,15.0,0.0
2023-04-15,S1011,PP01,16.0,16.0,0.0
2023-04-22,S1011,PP01,16.0,16.0,0.0
2023-04-29,S1011,PP01,17.0,17.0,0.0
2023-05-06,S1011,PP01,15.0,15.0,0.0
2023-05-13,S1011,PP01,17.0,17.0,0.0
2023-05-20,S1011,PP01,18.0,18.0,0.0
2023-05-27,S1011,PP01,15.0,15.0,0.0
2023-06-03,S1011,PP01,15.0,15.0,0.0
2023-06-10,S1011,PP01,16.0,16.0,0.0
2023-06-17,S1011,PP01,14.0,14.0,0.0
2023-06-24,S1011,PP01,16.0,16.0,0.0
2023-07-01,S1011,PP01,16.0,16.0,0.0
2023-07-08,S1011,PP01,16.0,16.0,0.0
2023-07-15,S1011,PP01,16.0,16.0,0.0
2023-07-22,S1011,PP01,17.0,17.0,0.0
2023-07-29,S1011,PP01,16.0,16.0,0.0
2023-08-05,S1011,PP01,18.0,18.0,0.0
2023-08-12,S1011,PP01,20.0,20.0,0.0
2023-08-19,S1011,PP01,16.0,16.0,0.0
2023-08-26,S1011,PP01,17.0,17.0,0.0
2023-09-02,S1011,PP01,16.0,16.0,0.0
2023-09-09,S1011,PP01,16.0,16.0,0.0
2023-09-16,S1011,PP01,18.0,18.0,0.0
2023-09-23,S1011,PP01,16.0,16.0,0.0
2023-09-30,S1011,PP01,13.0,13.0,0.0
2023-10-07,S1011,PP01,16.0,16.0,0.0
2023-10-14,S1011,PP01,18.0,18.0,0.0
2023-10-21,S1011,PP01,16.0,16.0,0.0
2023-10-28,S1011,PP01,19.0,19.0,0.0
2023-11-04,S1011,PP01,17.0,17.0,0.0
2023-11-11,S1011,PP01,16.0,16.0,0.0
2023-11-18,S1011,PP01,21.0,21.0,0.0
2023-11-25,S1011,PP01,19.0,19.0,0.0
2023-12-02,S1011,PP01,23.0,23.0,0.0
2023-12-09,S1011,PP01,29.0,24.0,5.0
2023-12-16,S1011,PP01,20.0,24.0,1.0
2023-12-23,S1011,PP01,19.0,20.0,0.0
2023-12-30,S1011,PP01,17.0,17.0,0.0
2024-01-06,S1011,PP01,15.0,15.0,0.0
2024-01-13,S1011,PP01,12.0,12.0,0.0
2024-01-20,S1011,PP01,15.0,15.0,0.0
2024-01-27,S1011,PP01,15.0,15.0,0.0
2024-02-03,S1011,PP01,15.0,15.0,0.0
2024-02-10,S1011,PP01,15.0,15.0,0.0
2024-02-17,S1011,PP01,16.0,16.0,0.0
2024-02-24,S1011,PP01,14.0,14.0,0.0
2024-03-02,S1011,PP01,17.0,17.0,0.0
2024-03-09,S1011,PP01,14.0,14.0,0.0
2024-03-16,S1011,PP01,18.0,18.0,0.0
2024-03-23,S1011,PP01,18.0,18.0,0.0
2024-03-30,S1011,PP01,16.0,16.0,0.0
2024-04-06,S1011,PP01,16.0,16.0,0.0
2024-04-13,S1011,PP01,17.0,17.0,0.0
2024-04-20,S1011,PP01,12.0,12.0,0.0
2024-04-27,S1011,PP01,17.0,17.0,0.0
2024-05-04,S1011,PP01,17.0,17.0,0.0
2024-05-11,S1011,PP01,18.0,18.0,0.0
2024-05-18,S1011,PP01,19.0,19.0,0.0
2024-05-25,S1011,PP01,17.0,17.0,0.0
2024-06-01,S1011,PP01,15.0,15.0,0.0
2024-06-08,S1011,PP01,17.0,17.0,0.0
2024-06-15,S1011,PP01,17.0,17.0,0.0
2024-06-22,S1011,PP01,17.0,17.0,0.0
2024-06-29,S1011,PP01,17.0,17.0,0.0
2024-07-06,S1011,PP01,18.0,18.0,0.0
2024-07-13,S1011,PP01,15.0,15.0,0.0
2024-07-20,S1011,PP01,17.0,17.0,0.0
2024-07-27,S1011,PP01,19.0,19.0,0.0
2024-08-03,S1011,PP01,15.0,15.0,0.0
2024-08-10,S1011,PP01,18.0,18.0,0.0
2024-08-17,S1011,PP01,16.0,16.0,0.0
2024-08-24,S1011,PP01,16.0,16.0,0.0
2024-08-31,S1011,PP01,15.0,15.0,0.0
2024-09-07,S1011,PP01,16.0,16.0,0.0
2024-09-14,S1011,PP01,19.0,19.0,0.0
2024-09-21,S1011,PP01,14.0,14.0,0.0
2024-09-28,S1011,PP01,14.0,14.0,0.0
2024-10-05,S1011,PP01,14.0,14.0,0.0
2024-10-12,S1011,PP01,19.0,19.0,0.0
2024-10-19,S1011,PP01,16.0,16.0,0.0
2024-10-26,S1011,PP01,18.0,18.0,0.0
2024-11-02,S1011,PP01,18.0,18.0,0.0
2024-11-09,S1011,PP01,18.0,18.0,0.0
2024-11-16,S1011,PP01,20.0,20.0,0.0
2024-11-23,S1011,PP01,29.0,24.0,5.0
2024-11-30,S1011,PP01,28.0,24.0,9.0
2024-12-07,S1011,PP01,24.0,24.0,9.0
2024-12-14,S1011,PP01,28.0,24.0,13.0
2024-12-21,S1011,PP01,21.0,24.0,10.0
2024-12-28,S1011,PP01,17.0,24.0,3.0
2025-01-04,S1011,PP01,18.0,21.0,0.0
2025-01-11,S1011,PP01,15.0,15.0,0.0
2025-01-18,S1011,PP01,15.0,15.0,0.0
2025-01-25,S1011,PP01,13.0,13.0,0.0
2025-02-01,S1011,PP01,14.0,14.0,0.0
2025-02-08,S1011,PP01,16.0,16.0,0.0
2025-02-15,S1011,PP01,16.0,16.0,0.0
2025-02-22,S1011,PP01,15.0,15.0,0.0
2025-03-01,S1011,PP01,14.0,14.0,0.0
2025-03-08,S1011,PP01,17.0,17.0,0.0
2025-03-15,S1011,PP01,19.0,19.0,0.0
2025-03-22,S1011,PP01,15.0,15.0,0.0
2025-03-29,S1011,PP01,18.0,18.0,0.0
2025-04-05,S1011,PP01,18.0,18.0,0.0
2025-04-12,S1011,PP01,19.0,19.0,0.0
2025-04-19,S1011,PP01,19.0,19.0,0.0
2025-04-26,S1011,PP01,17.0,17.0,0.0
2025-05-03,S1011,PP01,16.0,16.0,0.0
2025-05-10,S1011,PP01,18.0,18.0,0.0
2025-05-17,S1011,PP01,20.0,20.0,0.0
2025-05-24,S1011,PP01,17.0,17.0,0.0
2025-05-31,S1011,PP01,17.0,17.0,0.0
2025-06-07,S1011,PP01,15.0,15.0,0.0
2025-06-14,S1011,PP01,21.0,21.0,0.0
2025-06-21,S1011,PP01,19.0,19.0,0.0
2025-06-28,S1011,PP01,19.0,19.0,0.0
2025-07-05,S1011,PP01,20.0,20.0,0.0
2025-07-12,S1011,PP01,19.0,19.0,0.0
2025-07-19,S1011,PP01,18.0,18.0,0.0
2025-07-26,S1011,PP01,18.0,18.0,0.0
2025-08-02,S1011,PP01,18.0,18.0,0.0
2025-08-09,S1011,PP01,25.0,24.0,1.0
2025-08-16,S1011,PP01,20.0,21.0,0.0
2025-08-23,S1011,PP01,17.0,17.0,0.0
2025-08-30,S1011,PP01,18.0,18.0,0.0
2025-09-06,S1011,PP01,15.0,15.0,0.0
2025-09-13,S1011,PP01,19.0,19.0,0.0
2025-09-20,S1011,PP01,16.0,16.0,0.0
2025-09-27,S1011,PP01,18.0,18.0,0.0
2025-10-04,S1011,PP01,19.0,19.0,0.0
2025-10-11,S1011,PP01,18.0,18.0,0.0
2025-10-18,S1011,PP01,18.0,18.0,0.0
2025-10-25,S1011,PP01,19.0,19.0,0.0
2025-11-01,S1011,PP01,20.0,20.0,0.0
2025-11-08,S1011,PP01,20.0,20.0,0.0
2025-11-15,S1011,PP01,21.0,21.0,0.0
2025-11-22,S1011,PP01,27.0,24.0,3.0
2025-11-29,S1011,PP01,25.0,24.0,4.0
2025-12-06,S1011,PP01,25.0,24.0,5.0
2025-12-13,S1011,PP01,26.0,24.0,7.0
2025-12-20,S1011,PP01,27.0,24.0,10.0
2025-12-27,S1011,PP01,23.0,24.0,9.0
2026-01-03,S1011,PP01,19.0,24.0,4.0
2026-01-10,S1011,PP01,14.0,18.0,0.0
2026-01-17,S1011,PP01,15.0,15.0,0.0
2026-01-24,S1011,PP01,14.0,14.0,0.0
2026-01-31,S1011,PP01,15.0,15.0,0.0
2026-02-07,S1011,PP01,18.0,18.0,0.0
2026-02-14,S1011,PP01,18.0,18.0,0.0
2026-02-21,S1011,PP01,16.0,16.0,0.0
2026-02-28,S1011,PP01,16.0,16.0,0.0
2026-03-07,S1011,PP01,18.0,18.0,0.0
2026-03-14,S1011,PP01,21.0,21.0,0.0
2026-03-21,S1011,PP01,15.0,15.0,0.0
2026-03-28,S1011,PP01,18.0,18.0,0.0
2026-04-04,S1011,PP01,16.0,16.0,0.0
2026-04-11,S1011,PP01,17.0,17.0,0.0
2026-04-18,S1011,PP01,18.0,18.0,0.0
2026-04-25,S1011,PP01,18.0,18.0,0.0
2026-05-02,S1011,PP01,18.0,18.0,0.0
2026-05-09,S1011,PP01,20.0,20.0,0.0
2026-05-16,S1011,PP01,19.0,19.0,0.0
2026-05-23,S1011,PP01,17.0,17.0,0.0
2026-05-30,S1011,PP01,20.0,20.0,0.0
2026-06-06,S1011,PP01,20.0,20.0,0.0
2026-06-13,S1011,PP01,20.0,20.0,0.0
2026-06-20,S1011,PP01,16.0,16.0,0.0
2026-06-27,S1011,PP01,19.0,19.0,0.0
2026-07-04,S1011,PP01,20.0,20.0,0.0
2026-07-11,S1011,PP01,17.0,17.0,0.0
2026-07-18,S1011,PP01,19.0,19.0,0.0
2026-07-25,S1011,PP01,19.0,19.0,0.0
2022-08-06,S1012,PP01,24.0,24.0,0.0
2022-08-13,S1012,PP01,24.0,24.0,0.0
2022-08-20,S1012,PP01,17.0,17.0,0.0
2022-08-27,S1012,PP01,25.0,25.0,0.0
2022-09-03,S1012,PP01,18.0,18.0,0.0
2022-09-10,S1012,PP01,21.0,21.0,0.0
2022-09-17,S1012,PP01,21.0,21.0,0.0
2022-09-24,S1012,PP01,17.0,17.0,0.0
2022-10-01,S1012,PP01,20.0,20.0,0.0
2022-10-08,S1012,PP01,19.0,19.0,0.0
2022-10-15,S1012,PP01,21.0,21.0,0.0
2022-10-22,S1012,PP01,21.0,21.0,0.0
2022-10-29,S1012,PP01,24.0,24.0,0.0
2022-11-05,S1012,PP01,22.0,22.0,0.0
2022-11-12,S1012,PP01,22.0,22.0,0.0
2022-11-19,S1012,PP01,28.0,28.0,0.0
2022-11-26,S1012,PP01,28.0,28.0,0.0
2022-12-03,S1012,PP01,31.0,30.0,1.0
2022-12-10,S1012,PP01,28.0,29.0,0.0
2022-12-17,S1012,PP01,26.0,26.0,0.0
2022-12-24,S1012,PP01,23.0,23.0,0.0
2022-12-31,S1012,PP01,20.0,20.0,0.0
2023-01-07,S1012,PP01,19.0,19.0,0.0
2023-01-14,S1012,PP01,17.0,17.0,0.0
2023-01-21,S1012,PP01,16.0,16.0,0.0
2023-01-28,S1012,PP01,19.0,19.0,0.0
2023-02-04,S1012,PP01,20.0,20.0,0.0
2023-02-11,S1012,PP01,18.0,18.0,0.0
2023-02-18,S1012,PP01,17.0,17.0,0.0
2023-02-25,S1012,PP01,22.0,22.0,0.0
2023-03-04,S1012,PP01,19.0,19.0,0.0
2023-03-11,S1012,PP01,19.0,19.0,0.0
2023-03-18,S1012,PP01,19.0,19.0,0.0
2023-03-25,S1012,PP01,18.0,18.0,0.0
2023-04-01,S1012,PP01,17.0,17.0,0.0
2023-04-08,S1012,PP01,21.0,21.0,0.0
2023-04-15,S1012,PP01,18.0,18.0,0.0
2023-04-22,S1012,PP01,27.0,27.0,0.0
2023-04-29,S1012,PP01,18.0,18.0,0.0
2023-05-06,S1012,PP01,18.0,18.0,0.0
2023-05-13,S1012,PP01,22.0,22.0,0.0
2023-05-20,S1012,PP01,24.0,24.0,0.0
2023-05-27,S1012,PP01,20.0,20.0,0.0
2023-06-03,S1012,PP01,21.0,21.0,0.0
2023-06-10,S1012,PP01,17.0,17.0,0.0
2023-06-17,S1012,PP01,19.0,19.0,0.0
2023-06-24,S1012,PP01,18.0,18.0,0.0
2023-07-01,S1012,PP01,16.0,16.0,0.0
2023-07-08,S1012,PP01,20.0,20.0,0.0
2023-07-15,S1012,PP01,16.0,16.0,0.0
2023-07-22,S1012,PP01,18.0,18.0,0.0
2023-07-29,S1012,PP01,19.0,19.0,0.0
2023-08-05,S1012,PP01,19.0,19.0,0.0
2023-08-12,S1012,PP01,22.0,22.0,0.0
2023-08-19,S1012,PP01,21.0,21.0,0.0
2023-08-26,S1012,PP01,22.0,22.0,0.0
2023-09-02,S1012,PP01,21.0,21.0,0.0
2023-09-09,S1012,PP01,22.0,22.0,0.0
2023-09-16,S1012,PP01,19.0,19.0,0.0
2023-09-23,S1012,PP01,20.0,20.0,0.0
2023-09-30,S1012,PP01,20.0,20.0,0.0
2023-10-07,S1012,PP01,19.0,19.0,0.0
2023-10-14,S1012,PP01,18.0,18.0,0.0
2023-10-21,S1012,PP01,19.0,19.0,0.0
2023-10-28,S1012,PP01,19.0,19.0,0.0
2023-11-04,S1012,PP01,23.0,23.0,0.0
2023-11-11,S1012,PP01,23.0,23.0,0.0
2023-11-18,S1012,PP01,23.0,23.0,0.0
2023-11-25,S1012,PP01,25.0,25.0,0.0
2023-12-02,S1012,PP01,26.0,26.0,0.0
2023-12-09,S1012,PP01,34.0,30.0,4.0
2023-12-16,S1012,PP01,30.0,30.0,4.0
2023-12-23,S1012,PP01,24.0,28.0,0.0
2023-12-30,S1012,PP01,24.0,24.0,0.0
2024-01-06,S1012,PP01,17.0,17.0,0.0
2024-01-13,S1012,PP01,13.0,13.0,0.0
2024-01-20,S1012,PP01,18.0,18.0,0.0
2024-01-27,S1012,PP01,16.0,16.0,0.0
2024-02-03,S1012,PP01,17.0,17.0,0.0
2024-02-10,S1012,PP01,18.0,18.0,0.0
2024-02-17,S1012,PP01,21.0,21.0,0.0
2024-02-24,S1012,PP01,19.0,19.0,0.0
2024-03-02,S1012,PP01,17.0,17.0,0.0
2024-03-09,S1012,PP01,21.0,21.0,0.0
2024-03-16,S1012,PP01,19.0,19.0,0.0
2024-03-23,S1012,PP01,24.0,24.0,0.0
2024-03-30,S1012,PP01,20.0,20.0,0.0
2024-04-06,S1012,PP01,16.0,16.0,0.0
2024-04-13,S1012,PP01,20.0,20.0,0.0
2024-04-20,S1012,PP01,24.0,24.0,0.0
2024-04-27,S1012,PP01,24.0,24.0,0.0
2024-05-04,S1012,PP01,25.0,25.0,0.0
2024-05-11,S1012,PP01,19.0,19.0,0.0
2024-05-18,S1012,PP01,23.0,23.0,0.0
2024-05-25,S1012,PP01,20.0,20.0,0.0
2024-06-01,S1012,PP01,21.0,21.0,0.0
2024-06-08,S1012,PP01,18.0,18.0,0.0
2024-06-15,S1012,PP01,19.0,19.0,0.0
2024-06-22,S1012,PP01,19.0,19.0,0.0
2024-06-29,S1012,PP01,22.0,22.0,0.0
2024-07-06,S1012,PP01,22.0,22.0,0.0
2024-07-13,S1012,PP01,21.0,21.0,0.0
2024-07-20,S1012,PP01,18.0,18.0,0.0
2024-07-27,S1012,PP01,20.0,20.0,0.0
2024-08-03,S1012,PP01,20.0,20.0,0.0
2024-08-10,S1012,PP01,23.0,23.0,0.0
2024-08-17,S1012,PP01,24.0,24.0,0.0
2024-08-24,S1012,PP01,23.0,23.0,0.0
2024-08-31,S1012,PP01,18.0,18.0,0.0
2024-09-07,S1012,PP01,15.0,15.0,0.0
2024-09-14,S1012,PP01,16.0,16.0,0.0
2024-09-21,S1012,PP01,22.0,22.0,0.0
2024-09-28,S1012,PP01,19.0,19.0,0.0
2024-10-05,S1012,PP01,18.0,18.0,0.0
2024-10-12,S1012,PP01,23.0,23.0,0.0
2024-10-19,S1012,PP01,24.0,24.0,0.0
2024-10-26,S1012,PP01,22.0,22.0,0.0
2024-11-02,S1012,PP01,22.0,22.0,0.0
2024-11-09,S1012,PP01,23.0,23.0,0.0
2024-11-16,S1012,PP01,26.0,26.0,0.0
2024-11-23,S1012,PP01,32.0,30.0,2.0
2024-11-30,S1012,PP01,30.0,30.0,2.0
2024-12-07,S1012,PP01,33.0,30.0,5.0
2024-12-14,S1012,PP01,35.0,30.0,10.0
2024-12-21,S1012,PP01,25.0,30.0,5.0
2024-12-28,S1012,PP01,26.0,30.0,1.0
2025-01-04,S1012,PP01,20.0,21.0,0.0
2025-01-11,S1012,PP01,13.0,13.0,0.0
2025-01-18,S1012,PP01,13.0,13.0,0.0
2025-01-25,S1012,PP01,15.0,15.0,0.0
2025-02-01,S1012,PP01,19.0,19.0,0.0
2025-02-08,S1012,PP01,19.0,19.0,0.0
2025-02-15,S1012,PP01,19.0,19.0,0.0
2025-02-22,S1012,PP01,23.0,23.0,0.0
2025-03-01,S1012,PP01,17.0,17.0,0.0
2025-03-08,S1012,PP01,20.0,20.0,0.0
2025-03-15,S1012,PP01,21.0,21.0,0.0
2025-03-22,S1012,PP01,19.0,19.0,0.0
2025-03-29,S1012,PP01,21.0,21.0,0.0
2025-04-05,S1012,PP01,18.0,18.0,0.0
2025-04-12,S1012,PP01,24.0,24.0,0.0
2025-04-19,S1012,PP01,20.0,20.0,0.0
2025-04-26,S1012,PP01,27.0,27.0,0.0
2025-05-03,S1012,PP01,22.0,22.0,0.0
2025-05-10,S1012,PP01,25.0,25.0,0.0
2025-05-17,S1012,PP01,22.0,22.0,0.0
2025-05-24,S1012,PP01,22.0,22.0,0.0
2025-05-31,S1012,PP01,20.0,20.0,0.0
2025-06-07,S1012,PP01,22.0,22.0,0.0
2025-06-14,S1012,PP01,22.0,22.0,0.0
2025-06-21,S1012,PP01,20.0,20.0,0.0
2025-06-28,S1012,PP01,21.0,21.0,0.0
2025-07-05,S1012,PP01,20.0,20.0,0.0
2025-07-12,S1012,PP01,27.0,27.0,0.0
2025-07-19,S1012,PP01,22.0,22.0,0.0
2025-07-26,S1012,PP01,26.0,26.0,0.0
2025-08-02,S1012,PP01,22.0,22.0,0.0
2025-08-09,S1012,PP01,24.0,24.0,0.0
2025-08-16,S1012,PP01,20.0,20.0,0.0
2025-08-23,S1012,PP01,21.0,21.0,0.0
2025-08-30,S1012,PP01,22.0,22.0,0.0
2025-09-06,S1012,PP01,24.0,24.0,0.0
2025-09-13,S1012,PP01,21.0,21.0,0.0
2025-09-20,S1012,PP01,23.0,23.0,0.0
2025-09-27,S1012,PP01,22.0,22.0,0.0
2025-10-04,S1012,PP01,25.0,25.0,0.0
2025-10-11,S1012,PP01,21.0,21.0,0.0
2025-10-18,S1012,PP01,28.0,28.0,0.0
2025-10-25,S1012,PP01,22.0,22.0,0.0
2025-11-01,S1012,PP01,23.0,23.0,0.0
2025-11-08,S1012,PP01,22.0,22.0,0.0
2025-11-15,S1012,PP01,34.0,30.0,4.0
2025-11-22,S1012,PP01,31.0,30.0,5.0
2025-11-29,S1012,PP01,30.0,30.0,5.0
2025-12-06,S1012,PP01,37.0,30.0,12.0
2025-12-13,S1012,PP01,36.0,30.0,18.0
2025-12-20,S1012,PP01,36.0,30.0,24.0
2025-12-27,S1012,PP01,22.0,30.0,16.0
2026-01-03,S1012,PP01,21.0,30.0,7.0
2026-01-10,S1012,PP01,17.0,24.0,0.0
2026-01-17,S1012,PP01,14.0,14.0,0.0
2026-01-24,S1012,PP01,20.0,20.0,0.0
2026-01-31,S1012,PP01,18.0,18.0,0.0
2026-02-07,S1012,PP01,21.0,21.0,0.0
2026-02-14,S1012,PP01,26.0,26.0,0.0
2026-02-21,S1012,PP01,20.0,20.0,0.0
2026-02-28,S1012,PP01,20.0,20.0,0.0
2026-03-07,S1012,PP01,22.0,22.0,0.0
2026-03-14,S1012,PP01,24.0,24.0,0.0
2026-03-21,S1012,PP01,21.0,21.0,0.0
2026-03-28,S1012,PP01,20.0,20.0,0.0
2026-04-04,S1012,PP01,24.0,24.0,0.0
2026-04-11,S1012,PP01,23.0,23.0,0.0
2026-04-18,S1012,PP01,18.0,18.0,0.0
2026-04-25,S1012,PP01,20.0,20.0,0.0
2026-05-02,S1012,PP01,27.0,27.0,0.0
2026-05-09,S1012,PP01,25.0,25.0,0.0
2026-05-16,S1012,PP01,22.0,22.0,0.0
2026-05-23,S1012,PP01,23.0,23.0,0.0
2026-05-30,S1012,PP01,23.0,23.0,0.0
2026-06-06,S1012,PP01,24.0,24.0,0.0
2026-06-13,S1012,PP01,19.0,19.0,0.0
2026-06-20,S1012,PP01,21.0,21.0,0.0
2026-06-27,S1012,PP01,23.0,23.0,0.0
2026-07-04,S1012,PP01,22.0,22.0,0.0
2026-07-11,S1012,PP01,24.0,24.0,0.0
2026-07-18,S1012,PP01,20.0,20.0,0.0
2026-07-25,S1012,PP01,24.0,24.0,0.0
2022-08-06,S1013,PP01,15.0,15.0,0.0
2022-08-13,S1013,PP01,14.0,14.0,0.0
2022-08-20,S1013,PP01,14.0,14.0,0.0
2022-08-27,S1013,PP01,13.0,13.0,0.0
2022-09-03,S1013,PP01,12.0,12.0,0.0
2022-09-10,S1013,PP01,13.0,13.0,0.0
2022-09-17,S1013,PP01,15.0,15.0,0.0
2022-09-24,S1013,PP01,13.0,13.0,0.0
2022-10-01,S1013,PP01,12.0,12.0,0.0
2022-10-08,S1013,PP01,12.0,12.0,0.0
2022-10-15,S1013,PP01,13.0,13.0,0.0
2022-10-22,S1013,PP01,13.0,13.0,0.0
2022-10-29,S1013,PP01,15.0,15.0,0.0
2022-11-05,S1013,PP01,16.0,16.0,0.0
2022-11-12,S1013,PP01,17.0,17.0,0.0
2022-11-19,S1013,PP01,19.0,19.0,0.0
2022-11-26,S1013,PP01,20.0,20.0,0.0
2022-12-03,S1013,PP01,18.0,18.0,0.0
2022-12-10,S1013,PP01,19.0,19.0,0.0
2022-12-17,S1013,PP01,19.0,19.0,0.0
2022-12-24,S1013,PP01,16.0,16.0,0.0
2022-12-31,S1013,PP01,13.0,13.0,0.0
2023-01-07,S1013,PP01,11.0,11.0,0.0
2023-01-14,S1013,PP01,10.0,10.0,0.0
2023-01-21,S1013,PP01,10.0,10.0,0.0
2023-01-28,S1013,PP01,11.0,11.0,0.0
2023-02-04,S1013,PP01,13.0,13.0,0.0
2023-02-11,S1013,PP01,12.0,12.0,0.0
2023-02-18,S1013,PP01,16.0,16.0,0.0
2023-02-25,S1013,PP01,13.0,13.0,0.0
2023-03-04,S1013,PP01,12.0,12.0,0.0
2023-03-11,S1013,PP01,13.0,13.0,0.0
2023-03-18,S1013,PP01,13.0,13.0,0.0
2023-03-25,S1013,PP01,14.0,14.0,0.0
2023-04-01,S1013,PP01,16.0,16.0,0.0
2023-04-08,S1013,PP01,12.0,12.0,0.0
2023-04-15,S1013,PP01,15.0,15.0,0.0
2023-04-22,S1013,PP01,14.0,14.0,0.0
2023-04-29,S1013,PP01,12.0,12.0,0.0
2023-05-06,S1013,PP01,15.0,15.0,0.0
2023-05-13,S1013,PP01,16.0,16.0,0.0
2023-05-20,S1013,PP01,13.0,13.0,0.0
2023-05-27,S1013,PP01,14.0,14.0,0.0
2023-06-03,S1013,PP01,11.0,11.0,0.0
2023-06-10,S1013,PP01,12.0,12.0,0.0
2023-06-17,S1013,PP01,15.0,15.0,0.0
2023-06-24,S1013,PP01,13.0,13.0,0.0
2023-07-01,S1013,PP01,12.0,12.0,0.0
2023-07-08,S1013,PP01,14.0,14.0,0.0
2023-07-15,S1013,PP01,13.0,13.0,0.0
2023-07-22,S1013,PP01,13.0,13.0,0.0
2023-07-29,S1013,PP01,15.0,15.0,0.0
2023-08-05,S1013,PP01,12.0,12.0,0.0
2023-08-12,S1013,PP01,13.0,13.0,0.0
2023-08-19,S1013,PP01,14.0,14.0,0.0
2023-08-26,S1013,PP01,15.0,15.0,0.0
2023-09-02,S1013,PP01,15.0,15.0,0.0
2023-09-09,S1013,PP01,12.0,12.0,0.0
2023-09-16,S1013,PP01,14.0,14.0,0.0
2023-09-23,S1013,PP01,12.0,12.0,0.0
2023-09-30,S1013,PP01,15.0,15.0,0.0
2023-10-07,S1013,PP01,11.0,11.0,0.0
2023-10-14,S1013,PP01,15.0,15.0,0.0
2023-10-21,S1013,PP01,13.0,13.0,0.0
2023-10-28,S1013,PP01,17.0,17.0,0.0
2023-11-04,S1013,PP01,16.0,16.0,0.0
2023-11-11,S1013,PP01,14.0,14.0,0.0
2023-11-18,S1013,PP01,16.0,16.0,0.0
2023-11-25,S1013,PP01,20.0,20.0,0.0
2023-12-02,S1013,PP01,22.0,21.0,1.0
2023-12-09,S1013,PP01,21.0,21.0,1.0
2023-12-16,S1013,PP01,20.0,21.0,0.0
2023-12-23,S1013,PP01,19.0,19.0,0.0
2023-12-30,S1013,PP01,15.0,15.0,0.0
2024-01-06,S1013,PP01,11.0,11.0,0.0
2024-01-13,S1013,PP01,9.0,9.0,0.0
2024-01-20,S1013,PP01,11.0,11.0,0.0
2024-01-27,S1013,PP01,13.0,13.0,0.0
2024-02-03,S1013,PP01,14.0,14.0,0.0
2024-02-10,S1013,PP01,13.0,13.0,0.0
2024-02-17,S1013,PP01,13.0,13.0,0.0
2024-02-24,S1013,PP01,14.0,14.0,0.0
2024-03-02,S1013,PP01,12.0,12.0,0.0
2024-03-09,S1013,PP01,13.0,13.0,0.0
2024-03-16,S1013,PP01,12.0,12.0,0.0
2024-03-23,S1013,PP01,12.0,12.0,0.0
2024-03-30,S1013,PP01,14.0,14.0,0.0
2024-04-06,S1013,PP01,13.0,13.0,0.0
2024-04-13,S1013,PP01,14.0,14.0,0.0
2024-04-20,S1013,PP01,14.0,14.0,0.0
2024-04-27,S1013,PP01,14.0,14.0,0.0
2024-05-04,S1013,PP01,15.0,15.0,0.0
2024-05-11,S1013,PP01,15.0,15.0,0.0
2024-05-18,S1013,PP01,15.0,15.0,0.0
2024-05-25,S1013,PP01,13.0,13.0,0.0
2024-06-01,S1013,PP01,15.0,15.0,0.0
2024-06-08,S1013,PP01,15.0,15.0,0.0
2024-06-15,S1013,PP01,13.0,13.0,0.0
2024-06-22,S1013,PP01,14.0,14.0,0.0
2024-06-29,S1013,PP01,13.0,13.0,0.0
2024-07-06,S1013,PP01,13.0,13.0,0.0
2024-07-13,S1013,PP01,12.0,12.0,0.0
2024-07-20,S1013,PP01,16.0,16.0,0.0
2024-07-27,S1013,PP01,16.0,16.0,0.0
2024-08-03,S1013,PP01,15.0,15.0,0.0
2024-08-10,S1013,PP01,18.0,18.0,0.0
2024-08-17,S1013,PP01,14.0,14.0,0.0
2024-08-24,S1013,PP01,19.0,19.0,0.0
2024-08-31,S1013,PP01,13.0,13.0,0.0
2024-09-07,S1013,PP01,13.0,13.0,0.0
2024-09-14,S1013,PP01,12.0,12.0,0.0
2024-09-21,S1013,PP01,13.0,13.0,0.0
2024-09-28,S1013,PP01,14.0,14.0,0.0
2024-10-05,S1013,PP01,13.0,13.0,0.0
2024-10-12,S1013,PP01,16.0,16.0,0.0
2024-10-19,S1013,PP01,14.0,14.0,0.0
2024-10-26,S1013,PP01,15.0,15.0,0.0
2024-11-02,S1013,PP01,14.0,14.0,0.0
2024-11-09,S1013,PP01,17.0,17.0,0.0
2024-11-16,S1013,PP01,17.0,17.0,0.0
2024-11-23,S1013,PP01,17.0,17.0,0.0
2024-11-30,S1013,PP01,18.0,18.0,0.0
2024-12-07,S1013,PP01,28.0,21.0,7.0
2024-12-14,S1013,PP01,21.0,21.0,7.0
2024-12-21,S1013,PP01,16.0,21.0,2.0
2024-12-28,S1013,PP01,15.0,17.0,0.0
2025-01-04,S1013,PP01,14.0,14.0,0.0
2025-01-11,S1013,PP01,12.0,12.0,0.0
2025-01-18,S1013,PP01,12.0,12.0,0.0
2025-01-25,S1013,PP01,12.0,12.0,0.0
2025-02-01,S1013,PP01,11.0,11.0,0.0
2025-02-08,S1013,PP01,13.0,13.0,0.0
2025-02-15,S1013,PP01,12.0,12.0,0.0
2025-02-22,S1013,PP01,12.0,12.0,0.0
2025-03-01,S1013,PP01,12.0,12.0,0.0
2025-03-08,S1013,PP01,12.0,12.0,0.0
2025-03-15,S1013,PP01,15.0,15.0,0.0
2025-03-22,S1013,PP01,15.0,15.0,0.0
2025-03-29,S1013,PP01,15.0,15.0,0.0
2025-04-05,S1013,PP01,14.0,14.0,0.0
2025-04-12,S1013,PP01,15.0,15.0,0.0
2025-04-19,S1013,PP01,12.0,12.0,0.0
2025-04-26,S1013,PP01,16.0,16.0,0.0
2025-05-03,S1013,PP01,15.0,15.0,0.0
2025-05-10,S1013,PP01,16.0,16.0,0.0
2025-05-17,S1013,PP01,16.0,16.0,0.0
2025-05-24,S1013,PP01,14.0,14.0,0.0
2025-05-31,S1013,PP01,13.0,13.0,0.0
2025-06-07,S1013,PP01,13.0,13.0,0.0
2025-06-14,S1013,PP01,15.0,15.0,0.0
2025-06-21,S1013,PP01,15.0,15.0,0.0
2025-06-28,S1013,PP01,13.0,13.0,0.0
2025-07-05,S1013,PP01,13.0,13.0,0.0
2025-07-12,S1013,PP01,14.0,14.0,0.0
2025-07-19,S1013,PP01,14.0,14.0,0.0
2025-07-26,S1013,PP01,13.0,13.0,0.0
2025-08-02,S1013,PP01,13.0,13.0,0.0
2025-08-09,S1013,PP01,14.0,14.0,0.0
2025-08-16,S1013,PP01,15.0,15.0,0.0
2025-08-23,S1013,PP01,13.0,13.0,0.0
2025-08-30,S1013,PP01,14.0,14.0,0.0
2025-09-06,S1013,PP01,16.0,16.0,0.0
2025-09-13,S1013,PP01,12.0,12.0,0.0
2025-09-20,S1013,PP01,14.0,14.0,0.0
2025-09-27,S1013,PP01,16.0,16.0,0.0
2025-10-04,S1013,PP01,14.0,14.0,0.0
2025-10-11,S1013,PP01,14.0,14.0,0.0
2025-10-18,S1013,PP01,17.0,17.0,0.0
2025-10-25,S1013,PP01,15.0,15.0,0.0
2025-11-01,S1013,PP01,18.0,18.0,0.0
2025-11-08,S1013,PP01,18.0,18.0,0.0
2025-11-15,S1013,PP01,18.0,18.0,0.0
2025-11-22,S1013,PP01,20.0,20.0,0.0
2025-11-29,S1013,PP01,21.0,21.0,0.0
2025-12-06,S1013,PP01,24.0,21.0,3.0
2025-12-13,S1013,PP01,22.0,21.0,4.0
2025-12-20,S1013,PP01,20.0,21.0,3.0
2025-12-27,S1013,PP01,17.0,20.0,0.0
2026-01-03,S1013,PP01,16.0,16.0,0.0
2026-01-10,S1013,PP01,11.0,11.0,0.0
2026-01-17,S1013,PP01,13.0,13.0,0.0
2026-01-24,S1013,PP01,13.0,13.0,0.0
2026-01-31,S1013,PP01,11.0,11.0,0.0
2026-02-07,S1013,PP01,15.0,15.0,0.0
2026-02-14,S1013,PP01,17.0,17.0,0.0
2026-02-21,S1013,PP01,16.0,16.0,0.0
2026-02-28,S1013,PP01,17.0,17.0,0.0
2026-03-07,S1013,PP01,15.0,15.0,0.0
2026-03-14,S1013,PP01,12.0,12.0,0.0
2026-03-21,S1013,PP01,12.0,12.0,0.0
2026-03-28,S1013,PP01,15.0,15.0,0.0
2026-04-04,S1013,PP01,14.0,14.0,0.0
2026-04-11,S1013,PP01,13.0,13.0,0.0
2026-04-18,S1013,PP01,15.0,15.0,0.0
2026-04-25,S1013,PP01,16.0,16.0,0.0
2026-05-02,S1013,PP01,14.0,14.0,0.0
2026-05-09,S1013,PP01,15.0,15.0,0.0
2026-05-16,S1013,PP01,19.0,19.0,0.0
2026-05-23,S1013,PP01,14.0,14.0,0.0
2026-05-30,S1013,PP01,17.0,17.0,0.0
2026-06-06,S1013,PP01,15.0,15.0,0.0
2026-06-13,S1013,PP01,16.0,16.0,0.0
2026-06-20,S1013,PP01,17.0,17.0,0.0
2026-06-27,S1013,PP01,16.0,16.0,0.0
2026-07-04,S1013,PP01,17.0,17.0,0.0
2026-07-11,S1013,PP01,14.0,14.0,0.0
2026-07-18,S1013,PP01,17.0,17.0,0.0
2026-07-25,S1013,PP01,14.0,14.0,0.0
2022-08-06,S1014,PP01,11.0,11.0,0.0
2022-08-13,S1014,PP01,11.0,11.0,0.0
2022-08-20,S1014,PP01,11.0,11.0,0.0
2022-08-27,S1014,PP01,11.0,11.0,0.0
2022-09-03,S1014,PP01,9.0,9.0,0.0
2022-09-10,S1014,PP01,9.0,9.0,0.0
2022-09-17,S1014,PP01,11.0,11.0,0.0
2022-09-24,S1014,PP01,10.0,10.0,0.0
2022-10-01,S1014,PP01,11.0,11.0,0.0
2022-10-08,S1014,PP01,10.0,10.0,0.0
2022-10-15,S1014,PP01,9.0,9.0,0.0
2022-10-22,S1014,PP01,12.0,12.0,0.0
2022-10-29,S1014,PP01,11.0,11.0,0.0
2022-11-05,S1014,PP01,12.0,12.0,0.0
2022-11-12,S1014,PP01,11.0,11.0,0.0
2022-11-19,S1014,PP01,15.0,15.0,0.0
2022-11-26,S1014,PP01,13.0,13.0,0.0
2022-12-03,S1014,PP01,15.0,15.0,0.0
2022-12-10,S1014,PP01,16.0,16.0,0.0
2022-12-17,S1014,PP01,13.0,13.0,0.0
2022-12-24,S1014,PP01,13.0,13.0,0.0
2022-12-31,S1014,PP01,13.0,13.0,0.0
2023-01-07,S1014,PP01,9.0,9.0,0.0
2023-01-14,S1014,PP01,8.0,8.0,0.0
2023-01-21,S1014,PP01,6.0,6.0,0.0
2023-01-28,S1014,PP01,9.0,9.0,0.0
2023-02-04,S1014,PP01,9.0,9.0,0.0
2023-02-11,S1014,PP01,9.0,9.0,0.0
2023-02-18,S1014,PP01,11.0,11.0,0.0
2023-02-25,S1014,PP01,9.0,9.0,0.0
2023-03-04,S1014,PP01,10.0,10.0,0.0
2023-03-11,S1014,PP01,10.0,10.0,0.0
2023-03-18,S1014,PP01,8.0,8.0,0.0
2023-03-25,S1014,PP01,9.0,9.0,0.0
2023-04-01,S1014,PP01,11.0,11.0,0.0
2023-04-08,S1014,PP01,8.0,8.0,0.0
2023-04-15,S1014,PP01,10.0,10.0,0.0
2023-04-22,S1014,PP01,10.0,10.0,0.0
2023-04-29,S1014,PP01,13.0,13.0,0.0
2023-05-06,S1014,PP01,12.0,12.0,0.0
2023-05-13,S1014,PP01,10.0,10.0,0.0
2023-05-20,S1014,PP01,12.0,12.0,0.0
2023-05-27,S1014,PP01,10.0,10.0,0.0
2023-06-03,S1014,PP01,12.0,12.0,0.0
2023-06-10,S1014,PP01,9.0,9.0,0.0
2023-06-17,S1014,PP01,12.0,12.0,0.0
2023-06-24,S1014,PP01,10.0,10.0,0.0
2023-07-01,S1014,PP01,9.0,9.0,0.0
2023-07-08,S1014,PP01,10.0,10.0,0.0
2023-07-15,S1014,PP01,11.0,11.0,0.0
2023-07-22,S1014,PP01,10.0,10.0,0.0
2023-07-29,S1014,PP01,11.0,11.0,0.0
2023-08-05,S1014,PP01,10.0,10.0,0.0
2023-08-12,S1014,PP01,12.0,12.0,0.0
2023-08-19,S1014,PP01,11.0,11.0,0.0
2023-08-26,S1014,PP01,11.0,11.0,0.0
2023-09-02,S1014,PP01,10.0,10.0,0.0
2023-09-09,S1014,PP01,10.0,10.0,0.0
2023-09-16,S1014,PP01,11.0,11.0,0.0
2023-09-23,S1014,PP01,12.0,12.0,0.0
2023-09-30,S1014,PP01,11.0,11.0,0.0
2023-10-07,S1014,PP01,11.0,11.0,0.0
2023-10-14,S1014,PP01,14.0,14.0,0.0
2023-10-21,S1014,PP01,11.0,11.0,0.0
2023-10-28,S1014,PP01,12.0,12.0,0.0
2023-11-04,S1014,PP01,12.0,12.0,0.0
2023-11-11,S1014,PP01,11.0,11.0,0.0
2023-11-18,S1014,PP01,13.0,13.0,0.0
2023-11-25,S1014,PP01,14.0,14.0,0.0
2023-12-02,S1014,PP01,16.0,16.0,0.0
2023-12-09,S1014,PP01,16.0,16.0,0.0
2023-12-16,S1014,PP01,16.0,16.0,0.0
2023-12-23,S1014,PP01,15.0,15.0,0.0
2023-12-30,S1014,PP01,13.0,13.0,0.0
2024-01-06,S1014,PP01,10.0,10.0,0.0
2024-01-13,S1014,PP01,7.0,7.0,0.0
2024-01-20,S1014,PP01,9.0,9.0,0.0
2024-01-27,S1014,PP01,10.0,10.0,0.0
2024-02-03,S1014,PP01,8.0,8.0,0.0
2024-02-10,S1014,PP01,9.0,9.0,0.0
2024-02-17,S1014,PP01,10.0,10.0,0.0
2024-02-24,S1014,PP01,11.0,11.0,0.0
2024-03-02,S1014,PP01,11.0,11.0,0.0
2024-03-09,S1014,PP01,11.0,11.0,0.0
2024-03-16,S1014,PP01,11.0,11.0,0.0
2024-03-23,S1014,PP01,10.0,10.0,0.0
2024-03-30,S1014,PP01,10.0,10.0,0.0
2024-04-06,S1014,PP01,10.0,10.0,0.0
2024-04-13,S1014,PP01,10.0,10.0,0.0
2024-04-20,S1014,PP01,11.0,11.0,0.0
2024-04-27,S1014,PP01,9.0,9.0,0.0
2024-05-04,S1014,PP01,11.0,11.0,0.0
2024-05-11,S1014,PP01,11.0,11.0,0.0
2024-05-18,S1014,PP01,11.0,11.0,0.0
2024-05-25,S1014,PP01,11.0,11.0,0.0
2024-06-01,S1014,PP01,12.0,12.0,0.0
2024-06-08,S1014,PP01,10.0,10.0,0.0
2024-06-15,S1014,PP01,9.0,9.0,0.0
2024-06-22,S1014,PP01,10.0,10.0,0.0
2024-06-29,S1014,PP01,11.0,11.0,0.0
2024-07-06,S1014,PP01,13.0,13.0,0.0
2024-07-13,S1014,PP01,11.0,11.0,0.0
2024-07-20,S1014,PP01,9.0,9.0,0.0
2024-07-27,S1014,PP01,11.0,11.0,0.0
2024-08-03,S1014,PP01,11.0,11.0,0.0
2024-08-10,S1014,PP01,11.0,11.0,0.0
2024-08-17,S1014,PP01,12.0,12.0,0.0
2024-08-24,S1014,PP01,10.0,10.0,0.0
2024-08-31,S1014,PP01,10.0,10.0,0.0
2024-09-07,S1014,PP01,11.0,11.0,0.0
2024-09-14,S1014,PP01,11.0,11.0,0.0
2024-09-21,S1014,PP01,9.0,9.0,0.0
2024-09-28,S1014,PP01,10.0,10.0,0.0
2024-10-05,S1014,PP01,8.0,8.0,0.0
2024-10-12,S1014,PP01,10.0,10.0,0.0
2024-10-19,S1014,PP01,10.0,10.0,0.0
2024-10-26,S1014,PP01,10.0,10.0,0.0
2024-11-02,S1014,PP01,12.0,12.0,0.0
2024-11-09,S1014,PP01,12.0,12.0,0.0
2024-11-16,S1014,PP01,11.0,11.0,0.0
2024-11-23,S1014,PP01,15.0,15.0,0.0
2024-11-30,S1014,PP01,14.0,14.0,0.0
2024-12-07,S1014,PP01,17.0,16.0,1.0
2024-12-14,S1014,PP01,15.0,16.0,0.0
2024-12-21,S1014,PP01,15.0,15.0,0.0
2024-12-28,S1014,PP01,12.0,12.0,0.0
2025-01-04,S1014,PP01,11.0,11.0,0.0
2025-01-11,S1014,PP01,9.0,9.0,0.0
2025-01-18,S1014,PP01,8.0,8.0,0.0
2025-01-25,S1014,PP01,8.0,8.0,0.0
2025-02-01,S1014,PP01,8.0,8.0,0.0
2025-02-08,S1014,PP01,9.0,9.0,0.0
2025-02-15,S1014,PP01,10.0,10.0,0.0
2025-02-22,S1014,PP01,10.0,10.0,0.0
2025-03-01,S1014,PP01,11.0,11.0,0.0
2025-03-08,S1014,PP01,10.0,10.0,0.0
2025-03-15,S1014,PP01,10.0,10.0,0.0
2025-03-22,S1014,PP01,11.0,11.0,0.0
2025-03-29,S1014,PP01,11.0,11.0,0.0
2025-04-05,S1014,PP01,11.0,11.0,0.0
2025-04-12,S1014,PP01,13.0,13.0,0.0
2025-04-19,S1014,PP01,10.0,10.0,0.0
2025-04-26,S1014,PP01,11.0,11.0,0.0
2025-05-03,S1014,PP01,12.0,12.0,0.0
2025-05-10,S1014,PP01,12.0,12.0,0.0
2025-05-17,S1014,PP01,11.0,11.0,0.0
2025-05-24,S1014,PP01,10.0,10.0,0.0
2025-05-31,S1014,PP01,11.0,11.0,0.0
2025-06-07,S1014,PP01,10.0,10.0,0.0
2025-06-14,S1014,PP01,9.0,9.0,0.0
2025-06-21,S1014,PP01,10.0,10.0,0.0
2025-06-28,S1014,PP01,10.0,10.0,0.0
2025-07-05,S1014,PP01,12.0,12.0,0.0
2025-07-12,S1014,PP01,12.0,12.0,0.0
2025-07-19,S1014,PP01,11.0,11.0,0.0
2025-07-26,S1014,PP01,11.0,11.0,0.0
2025-08-02,S1014,PP01,10.0,10.0,0.0
2025-08-09,S1014,PP01,11.0,11.0,0.0
2025-08-16,S1014,PP01,12.0,12.0,0.0
2025-08-23,S1014,PP01,13.0,13.0,0.0
2025-08-30,S1014,PP01,10.0,10.0,0.0
2025-09-06,S1014,PP01,12.0,12.0,0.0
2025-09-13,S1014,PP01,9.0,9.0,0.0
2025-09-20,S1014,PP01,9.0,9.0,0.0
2025-09-27,S1014,PP01,12.0,12.0,0.0
2025-10-04,S1014,PP01,13.0,13.0,0.0
2025-10-11,S1014,PP01,12.0,12.0,0.0
2025-10-18,S1014,PP01,12.0,12.0,0.0
2025-10-25,S1014,PP01,10.0,10.0,0.0
2025-11-01,S1014,PP01,10.0,10.0,0.0
2025-11-08,S1014,PP01,14.0,14.0,0.0
2025-11-15,S1014,PP01,14.0,14.0,0.0
2025-11-22,S1014,PP01,14.0,14.0,0.0
2025-11-29,S1014,PP01,16.0,16.0,0.0
2025-12-06,S1014,PP01,17.0,16.0,1.0
2025-12-13,S1014,PP01,19.0,16.0,4.0
2025-12-20,S1014,PP01,16.0,16.0,4.0
2025-12-27,S1014,PP01,15.0,16.0,3.0
2026-01-03,S1014,PP01,11.0,14.0,0.0
2026-01-10,S1014,PP01,9.0,9.0,0.0
2026-01-17,S1014,PP01,10.0,10.0,0.0
2026-01-24,S1014,PP01,9.0,9.0,0.0
2026-01-31,S1014,PP01,13.0,13.0,0.0
2026-02-07,S1014,PP01,11.0,11.0,0.0
2026-02-14,S1014,PP01,11.0,11.0,0.0
2026-02-21,S1014,PP01,12.0,12.0,0.0
2026-02-28,S1014,PP01,13.0,13.0,0.0
2026-03-07,S1014,PP01,12.0,12.0,0.0
2026-03-14,S1014,PP01,10.0,10.0,0.0
2026-03-21,S1014,PP01,13.0,13.0,0.0
2026-03-28,S1014,PP01,11.0,11.0,0.0
2026-04-04,S1014,PP01,12.0,12.0,0.0
2026-04-11,S1014,PP01,10.0,10.0,0.0
2026-04-18,S1014,PP01,12.0,12.0,0.0
2026-04-25,S1014,PP01,11.0,11.0,0.0
2026-05-02,S1014,PP01,12.0,12.0,0.0
2026-05-09,S1014,PP01,12.0,12.0,0.0
2026-05-16,S1014,PP01,15.0,15.0,0.0
2026-05-23,S1014,PP01,15.0,15.0,0.0
2026-05-30,S1014,PP01,12.0,12.0,0.0
2026-06-06,S1014,PP01,12.0,12.0,0.0
2026-06-13,S1014,PP01,11.0,11.0,0.0
2026-06-20,S1014,PP01,13.0,13.0,0.0
2026-06-27,S1014,PP01,11.0,11.0,0.0
2026-07-04,S1014,PP01,11.0,11.0,0.0
2026-07-11,S1014,PP01,13.0,13.0,0.0
2026-07-18,S1014,PP01,11.0,11.0,0.0
2026-07-25,S1014,PP01,12.0,12.0,0.0
2022-08-06,S1015,PP02,9.0,9.0,0.0
2022-08-13,S1015,PP02,11.0,11.0,0.0
2022-08-20,S1015,PP02,13.0,13.0,0.0
2022-08-27,S1015,PP02,11.0,11.0,0.0
2022-09-03,S1015,PP02,12.0,12.0,0.0
2022-09-10,S1015,PP02,9.0,9.0,0.0
2022-09-17,S1015,PP02,10.0,10.0,0.0
2022-09-24,S1015,PP02,9.0,9.0,0.0
2022-10-01,S1015,PP02,10.0,10.0,0.0
2022-10-08,S1015,PP02,11.0,11.0,0.0
2022-10-15,S1015,PP02,10.0,10.0,0.0
2022-10-22,S1015,PP02,9.0,9.0,0.0
2022-10-29,S1015,PP02,10.0,10.0,0.0
2022-11-05,S1015,PP02,10.0,10.0,0.0
2022-11-12,S1015,PP02,13.0,13.0,0.0
2022-11-19,S1015,PP02,16.0,16.0,0.0
2022-11-26,S1015,PP02,16.0,16.0,0.0
2022-12-03,S1015,PP02,12.0,12.0,0.0
2022-12-10,S1015,PP02,18.0,16.0,2.0
2022-12-17,S1015,PP02,16.0,16.0,2.0
2022-12-24,S1015,PP02,11.0,13.0,0.0
2022-12-31,S1015,PP02,11.0,11.0,0.0
2023-01-07,S1015,PP02,10.0,10.0,0.0
2023-01-14,S1015,PP02,8.0,8.0,0.0
2023-01-21,S1015,PP02,7.0,7.0,0.0
2023-01-28,S1015,PP02,9.0,9.0,0.0
2023-02-04,S1015,PP02,7.0,7.0,0.0
2023-02-11,S1015,PP02,9.0,9.0,0.0
2023-02-18,S1015,PP02,11.0,11.0,0.0
2023-02-25,S1015,PP02,10.0,10.0,0.0
2023-03-04,S1015,PP02,9.0,9.0,0.0
2023-03-11,S1015,PP02,11.0,11.0,0.0
2023-03-18,S1015,PP02,11.0,11.0,0.0
2023-03-25,S1015,PP02,12.0,12.0,0.0
2023-04-01,S1015,PP02,11.0,11.0,0.0
2023-04-08,S1015,PP02,12.0,12.0,0.0
2023-04-15,S1015,PP02,11.0,11.0,0.0
2023-04-22,S1015,PP02,11.0,11.0,0.0
2023-04-29,S1015,PP02,11.0,11.0,0.0
2023-05-06,S1015,PP02,10.0,10.0,0.0
2023-05-13,S1015,PP02,10.0,10.0,0.0
2023-05-20,S1015,PP02,10.0,10.0,0.0
2023-05-27,S1015,PP02,10.0,10.0,0.0
2023-06-03,S1015,PP02,11.0,11.0,0.0
2023-06-10,S1015,PP02,12.0,12.0,0.0
2023-06-17,S1015,PP02,10.0,10.0,0.0
2023-06-24,S1015,PP02,12.0,12.0,0.0
2023-07-01,S1015,PP02,12.0,12.0,0.0
2023-07-08,S1015,PP02,10.0,10.0,0.0
2023-07-15,S1015,PP02,11.0,11.0,0.0
2023-07-22,S1015,PP02,10.0,10.0,0.0
2023-07-29,S1015,PP02,12.0,12.0,0.0
2023-08-05,S1015,PP02,12.0,12.0,0.0
2023-08-12,S1015,PP02,10.0,10.0,0.0
2023-08-19,S1015,PP02,11.0,11.0,0.0
2023-08-26,S1015,PP02,13.0,13.0,0.0
2023-09-02,S1015,PP02,10.0,10.0,0.0
2023-09-09,S1015,PP02,11.0,11.0,0.0
2023-09-16,S1015,PP02,11.0,11.0,0.0
2023-09-23,S1015,PP02,9.0,9.0,0.0
2023-09-30,S1015,PP02,11.0,11.0,0.0
2023-10-07,S1015,PP02,9.0,9.0,0.0
2023-10-14,S1015,PP02,9.0,9.0,0.0
2023-10-21,S1015,PP02,12.0,12.0,0.0
2023-10-28,S1015,PP02,12.0,12.0,0.0
2023-11-04,S1015,PP02,11.0,11.0,0.0
2023-11-11,S1015,PP02,13.0,13.0,0.0
2023-11-18,S1015,PP02,13.0,13.0,0.0
2023-11-25,S1015,PP02,14.0,14.0,0.0
2023-12-02,S1015,PP02,16.0,16.0,0.0
2023-12-09,S1015,PP02,15.0,15.0,0.0
2023-12-16,S1015,PP02,16.0,16.0,0.0
2023-12-23,S1015,PP02,13.0,13.0,0.0
2023-12-30,S1015,PP02,10.0,10.0,0.0
2024-01-06,S1015,PP02,9.0,9.0,0.0
2024-01-13,S1015,PP02,9.0,9.0,0.0
2024-01-20,S1015,PP02,9.0,9.0,0.0
2024-01-27,S1015,PP02,8.0,8.0,0.0
2024-02-03,S1015,PP02,8.0,8.0,0.0
2024-02-10,S1015,PP02,10.0,10.0,0.0
2024-02-17,S1015,PP02,12.0,12.0,0.0
2024-02-24,S1015,PP02,10.0,10.0,0.0
2024-03-02,S1015,PP02,12.0,12.0,0.0
2024-03-09,S1015,PP02,11.0,11.0,0.0
2024-03-16,S1015,PP02,11.0,11.0,0.0
2024-03-23,S1015,PP02,9.0,9.0,0.0
2024-03-30,S1015,PP02,11.0,11.0,0.0
2024-04-06,S1015,PP02,10.0,10.0,0.0
2024-04-13,S1015,PP02,11.0,11.0,0.0
2024-04-20,S1015,PP02,10.0,10.0,0.0
2024-04-27,S1015,PP02,11.0,11.0,0.0
2024-05-04,S1015,PP02,11.0,11.0,0.0
2024-05-11,S1015,PP02,11.0,11.0,0.0
2024-05-18,S1015,PP02,12.0,12.0,0.0
2024-05-25,S1015,PP02,11.0,11.0,0.0
2024-06-01,S1015,PP02,10.0,10.0,0.0
2024-06-08,S1015,PP02,13.0,13.0,0.0
2024-06-15,S1015,PP02,12.0,12.0,0.0
2024-06-22,S1015,PP02,10.0,10.0,0.0
2024-06-29,S1015,PP02,11.0,11.0,0.0
2024-07-06,S1015,PP02,10.0,10.0,0.0
2024-07-13,S1015,PP02,9.0,9.0,0.0
2024-07-20,S1015,PP02,12.0,12.0,0.0
2024-07-27,S1015,PP02,9.0,9.0,0.0
2024-08-03,S1015,PP02,12.0,12.0,0.0
2024-08-10,S1015,PP02,11.0,11.0,0.0
2024-08-17,S1015,PP02,11.0,11.0,0.0
2024-08-24,S1015,PP02,11.0,11.0,0.0
2024-08-31,S1015,PP02,11.0,11.0,0.0
2024-09-07,S1015,PP02,9.0,9.0,0.0
2024-09-14,S1015,PP02,11.0,11.0,0.0
2024-09-21,S1015,PP02,10.0,10.0,0.0
2024-09-28,S1015,PP02,9.0,9.0,0.0
2024-10-05,S1015,PP02,10.0,10.0,0.0
2024-10-12,S1015,PP02,12.0,12.0,0.0
2024-10-19,S1015,PP02,13.0,13.0,0.0
2024-10-26,S1015,PP02,12.0,12.0,0.0
2024-11-02,S1015,PP02,11.0,11.0,0.0
2024-11-09,S1015,PP02,13.0,13.0,0.0
2024-11-16,S1015,PP02,15.0,15.0,0.0
2024-11-23,S1015,PP02,15.0,15.0,0.0
2024-11-30,S1015,PP02,17.0,16.0,1.0
2024-12-07,S1015,PP02,17.0,16.0,2.0
2024-12-14,S1015,PP02,16.0,16.0,2.0
2024-12-21,S1015,PP02,14.0,16.0,0.0
2024-12-28,S1015,PP02,10.0,10.0,0.0
2025-01-04,S1015,PP02,11.0,11.0,0.0
2025-01-11,S1015,PP02,9.0,9.0,0.0
2025-01-18,S1015,PP02,9.0,9.0,0.0
2025-01-25,S1015,PP02,8.0,8.0,0.0
2025-02-01,S1015,PP02,10.0,10.0,0.0
2025-02-08,S1015,PP02,12.0,12.0,0.0
2025-02-15,S1015,PP02,10.0,10.0,0.0
2025-02-22,S1015,PP02,10.0,10.0,0.0
2025-03-01,S1015,PP02,11.0,11.0,0.0
2025-03-08,S1015,PP02,13.0,13.0,0.0
2025-03-15,S1015,PP02,10.0,10.0,0.0
2025-03-22,S1015,PP02,11.0,11.0,0.0
2025-03-29,S1015,PP02,10.0,10.0,0.0
2025-04-05,S1015,PP02,10.0,10.0,0.0
2025-04-12,S1015,PP02,11.0,11.0,0.0
2025-04-19,S1015,PP02,13.0,13.0,0.0
2025-04-26,S1015,PP02,14.0,14.0,0.0
2025-05-03,S1015,PP02,12.0,12.0,0.0
2025-05-10,S1015,PP02,11.0,11.0,0.0
2025-05-17,S1015,PP02,15.0,15.0,0.0
2025-05-24,S1015,PP02,11.0,11.0,0.0
2025-05-31,S1015,PP02,11.0,11.0,0.0
2025-06-07,S1015,PP02,9.0,9.0,0.0
2025-06-14,S1015,PP02,13.0,13.0,0.0
2025-06-21,S1015,PP02,12.0,12.0,0.0
2025-06-28,S1015,PP02,14.0,14.0,0.0
2025-07-05,S1015,PP02,10.0,10.0,0.0
2025-07-12,S1015,PP02,13.0,13.0,0.0
2025-07-19,S1015,PP02,12.0,12.0,0.0
2025-07-26,S1015,PP02,13.0,13.0,0.0
2025-08-02,S1015,PP02,10.0,10.0,0.0
2025-08-09,S1015,PP02,14.0,14.0,0.0
2025-08-16,S1015,PP02,13.0,13.0,0.0
2025-08-23,S1015,PP02,12.0,12.0,0.0
2025-08-30,S1015,PP02,12.0,12.0,0.0
2025-09-06,S1015,PP02,10.0,10.0,0.0
2025-09-13,S1015,PP02,10.0,10.0,0.0
2025-09-20,S1015,PP02,10.0,10.0,0.0
2025-09-27,S1015,PP02,9.0,9.0,0.0
2025-10-04,S1015,PP02,12.0,12.0,0.0
2025-10-11,S1015,PP02,13.0,13.0,0.0
2025-10-18,S1015,PP02,11.0,11.0,0.0
2025-10-25,S1015,PP02,13.0,13.0,0.0
2025-11-01,S1015,PP02,12.0,12.0,0.0
2025-11-08,S1015,PP02,14.0,14.0,0.0
2025-11-15,S1015,PP02,13.0,13.0,0.0
2025-11-22,S1015,PP02,14.0,14.0,0.0
2025-11-29,S1015,PP02,18.0,16.0,2.0
2025-12-06,S1015,PP02,17.0,16.0,3.0
2025-12-13,S1015,PP02,22.0,16.0,9.0
2025-12-20,S1015,PP02,16.0,16.0,9.0
2025-12-27,S1015,PP02,12.0,16.0,5.0
2026-01-03,S1015,PP02,13.0,16.0,2.0
2026-01-10,S1015,PP02,10.0,12.0,0.0
2026-01-17,S1015,PP02,10.0,10.0,0.0
2026-01-24,S1015,PP02,11.0,11.0,0.0
2026-01-31,S1015,PP02,9.0,9.0,0.0
2026-02-07,S1015,PP02,10.0,10.0,0.0
2026-02-14,S1015,PP02,11.0,11.0,0.0
2026-02-21,S1015,PP02,10.0,10.0,0.0
2026-02-28,S1015,PP02,11.0,11.0,0.0
2026-03-07,S1015,PP02,13.0,13.0,0.0
2026-03-14,S1015,PP02,12.0,12.0,0.0
2026-03-21,S1015,PP02,10.0,10.0,0.0
2026-03-28,S1015,PP02,10.0,10.0,0.0
2026-04-04,S1015,PP02,14.0,14.0,0.0
2026-04-11,S1015,PP02,11.0,11.0,0.0
2026-04-18,S1015,PP02,11.0,11.0,0.0
2026-04-25,S1015,PP02,12.0,12.0,0.0
2026-05-02,S1015,PP02,11.0,11.0,0.0
2026-05-09,S1015,PP02,14.0,14.0,0.0
2026-05-16,S1015,PP02,12.0,12.0,0.0
2026-05-23,S1015,PP02,14.0,14.0,0.0
2026-05-30,S1015,PP02,12.0,12.0,0.0
2026-06-06,S1015,PP02,14.0,14.0,0.0
2026-06-13,S1015,PP02,12.0,12.0,0.0
2026-06-20,S1015,PP02,13.0,13.0,0.0
2026-06-27,S1015,PP02,13.0,13.0,0.0
2026-07-04,S1015,PP02,13.0,13.0,0.0
2026-07-11,S1015,PP02,12.0,12.0,0.0
2026-07-18,S1015,PP02,12.0,12.0,0.0
2026-07-25,S1015,PP02,15.0,15.0,0.0
2022-08-06,S1016,PP02,9.0,9.0,0.0
2022-08-13,S1016,PP02,10.0,10.0,0.0
2022-08-20,S1016,PP02,10.0,10.0,0.0
2022-08-27,S1016,PP02,10.0,10.0,0.0
2022-09-03,S1016,PP02,9.0,9.0,0.0
2022-09-10,S1016,PP02,10.0,10.0,0.0
2022-09-17,S1016,PP02,9.0,9.0,0.0
2022-09-24,S1016,PP02,8.0,8.0,0.0
2022-10-01,S1016,PP02,10.0,10.0,0.0
2022-10-08,S1016,PP02,9.0,9.0,0.0
2022-10-15,S1016,PP02,8.0,8.0,0.0
2022-10-22,S1016,PP02,10.0,10.0,0.0
2022-10-29,S1016,PP02,11.0,11.0,0.0
2022-11-05,S1016,PP02,12.0,12.0,0.0
2022-11-12,S1016,PP02,12.0,12.0,0.0
2022-11-19,S1016,PP02,10.0,10.0,0.0
2022-11-26,S1016,PP02,12.0,12.0,0.0
2022-12-03,S1016,PP02,18.0,16.0,2.0
2022-12-10,S1016,PP02,14.0,16.0,0.0
2022-12-17,S1016,PP02,15.0,15.0,0.0
2022-12-24,S1016,PP02,12.0,12.0,0.0
2022-12-31,S1016,PP02,11.0,11.0,0.0
2023-01-07,S1016,PP02,8.0,8.0,0.0
2023-01-14,S1016,PP02,8.0,8.0,0.0
2023-01-21,S1016,PP02,8.0,8.0,0.0
2023-01-28,S1016,PP02,8.0,8.0,0.0
2023-02-04,S1016,PP02,8.0,8.0,0.0
2023-02-11,S1016,PP02,9.0,9.0,0.0
2023-02-18,S1016,PP02,8.0,8.0,0.0
2023-02-25,S1016,PP02,10.0,10.0,0.0
2023-03-04,S1016,PP02,13.0,13.0,0.0
2023-03-11,S1016,PP02,11.0,11.0,0.0
2023-03-18,S1016,PP02,11.0,11.0,0.0
2023-03-25,S1016,PP02,10.0,10.0,0.0
2023-04-01,S1016,PP02,8.0,8.0,0.0
2023-04-08,S1016,PP02,9.0,9.0,0.0
2023-04-15,S1016,PP02,11.0,11.0,0.0
2023-04-22,S1016,PP02,9.0,9.0,0.0
2023-04-29,S1016,PP02,10.0,10.0,0.0
2023-05-06,S1016,PP02,10.0,10.0,0.0
2023-05-13,S1016,PP02,9.0,9.0,0.0
2023-05-20,S1016,PP02,9.0,9.0,0.0
2023-05-27,S1016,PP02,10.0,10.0,0.0
2023-06-03,S1016,PP02,9.0,9.0,0.0
2023-06-10,S1016,PP02,9.0,9.0,0.0
2023-06-17,S1016,PP02,9.0,9.0,0.0
2023-06-24,S1016,PP02,11.0,11.0,0.0
2023-07-01,S1016,PP02,10.0,10.0,0.0
2023-07-08,S1016,PP02,10.0,10.0,0.0
2023-07-15,S1016,PP02,11.0,11.0,0.0
2023-07-22,S1016,PP02,10.0,10.0,0.0
2023-07-29,S1016,PP02,10.0,10.0,0.0
2023-08-05,S1016,PP02,11.0,11.0,0.0
2023-08-12,S1016,PP02,11.0,11.0,0.0
2023-08-19,S1016,PP02,10.0,10.0,0.0
2023-08-26,S1016,PP02,10.0,10.0,0.0
2023-09-02,S1016,PP02,9.0,9.0,0.0
2023-09-09,S1016,PP02,9.0,9.0,0.0
2023-09-16,S1016,PP02,10.0,10.0,0.0
2023-09-23,S1016,PP02,10.0,10.0,0.0
2023-09-30,S1016,PP02,10.0,10.0,0.0
2023-10-07,S1016,PP02,10.0,10.0,0.0
2023-10-14,S1016,PP02,10.0,10.0,0.0
2023-10-21,S1016,PP02,11.0,11.0,0.0
2023-10-28,S1016,PP02,12.0,12.0,0.0
2023-11-04,S1016,PP02,12.0,12.0,0.0
2023-11-11,S1016,PP02,12.0,12.0,0.0
2023-11-18,S1016,PP02,15.0,15.0,0.0
2023-11-25,S1016,PP02,14.0,14.0,0.0
2023-12-02,S1016,PP02,16.0,16.0,0.0
2023-12-09,S1016,PP02,16.0,16.0,0.0
2023-12-16,S1016,PP02,16.0,16.0,0.0
2023-12-23,S1016,PP02,12.0,12.0,0.0
2023-12-30,S1016,PP02,12.0,12.0,0.0
2024-01-06,S1016,PP02,12.0,12.0,0.0
2024-01-13,S1016,PP02,7.0,7.0,0.0
2024-01-20,S1016,PP02,8.0,8.0,0.0
2024-01-27,S1016,PP02,8.0,8.0,0.0
2024-02-03,S1016,PP02,9.0,9.0,0.0
2024-02-10,S1016,PP02,11.0,11.0,0.0
2024-02-17,S1016,PP02,9.0,9.0,0.0
2024-02-24,S1016,PP02,9.0,9.0,0.0
2024-03-02,S1016,PP02,8.0,8.0,0.0
2024-03-09,S1016,PP02,9.0,9.0,0.0
2024-03-16,S1016,PP02,8.0,8.0,0.0
2024-03-23,S1016,PP02,11.0,11.0,0.0
2024-03-30,S1016,PP02,13.0,13.0,0.0
2024-04-06,S1016,PP02,10.0,10.0,0.0
2024-04-13,S1016,PP02,8.0,8.0,0.0
2024-04-20,S1016,PP02,11.0,11.0,0.0
2024-04-27,S1016,PP02,10.0,10.0,0.0
2024-05-04,S1016,PP02,12.0,12.0,0.0
2024-05-11,S1016,PP02,11.0,11.0,0.0
2024-05-18,S1016,PP02,10.0,10.0,0.0
2024-05-25,S1016,PP02,11.0,11.0,0.0
2024-06-01,S1016,PP02,11.0,11.0,0.0
2024-06-08,S1016,PP02,10.0,10.0,0.0
2024-06-15,S1016,PP02,10.0,10.0,0.0
2024-06-22,S1016,PP02,10.0,10.0,0.0
2024-06-29,S1016,PP02,9.0,9.0,0.0
2024-07-06,S1016,PP02,11.0,11.0,0.0
2024-07-13,S1016,PP02,9.0,9.0,0.0
2024-07-20,S1016,PP02,10.0,10.0,0.0
2024-07-27,S1016,PP02,11.0,11.0,0.0
2024-08-03,S1016,PP02,11.0,11.0,0.0
2024-08-10,S1016,PP02,12.0,12.0,0.0
2024-08-17,S1016,PP02,11.0,11.0,0.0
2024-08-24,S1016,PP02,12.0,12.0,0.0
2024-08-31,S1016,PP02,11.0,11.0,0.0
2024-09-07,S1016,PP02,10.0,10.0,0.0
2024-09-14,S1016,PP02,11.0,11.0,0.0
2024-09-21,S1016,PP02,10.0,10.0,0.0
2024-09-28,S1016,PP02,9.0,9.0,0.0
2024-10-05,S1016,PP02,9.0,9.0,0.0
2024-10-12,S1016,PP02,11.0,11.0,0.0
2024-10-19,S1016,PP02,11.0,11.0,0.0
2024-10-26,S1016,PP02,12.0,12.0,0.0
2024-11-02,S1016,PP02,11.0,11.0,0.0
2024-11-09,S1016,PP02,11.0,11.0,0.0
2024-11-16,S1016,PP02,13.0,13.0,0.0
2024-11-23,S1016,PP02,14.0,14.0,0.0
2024-11-30,S1016,PP02,12.0,12.0,0.0
2024-12-07,S1016,PP02,16.0,16.0,0.0
2024-12-14,S1016,PP02,13.0,13.0,0.0
2024-12-21,S1016,PP02,13.0,13.0,0.0
2024-12-28,S1016,PP02,14.0,14.0,0.0
2025-01-04,S1016,PP02,12.0,12.0,0.0
2025-01-11,S1016,PP02,7.0,7.0,0.0
2025-01-18,S1016,PP02,8.0,8.0,0.0
2025-01-25,S1016,PP02,9.0,9.0,0.0
2025-02-01,S1016,PP02,11.0,11.0,0.0
2025-02-08,S1016,PP02,9.0,9.0,0.0
2025-02-15,S1016,PP02,9.0,9.0,0.0
2025-02-22,S1016,PP02,11.0,11.0,0.0
2025-03-01,S1016,PP02,10.0,10.0,0.0
2025-03-08,S1016,PP02,11.0,11.0,0.0
2025-03-15,S1016,PP02,9.0,9.0,0.0
2025-03-22,S1016,PP02,10.0,10.0,0.0
2025-03-29,S1016,PP02,9.0,9.0,0.0
2025-04-05,S1016,PP02,10.0,10.0,0.0
2025-04-12,S1016,PP02,12.0,12.0,0.0
2025-04-19,S1016,PP02,11.0,11.0,0.0
2025-04-26,S1016,PP02,11.0,11.0,0.0
2025-05-03,S1016,PP02,10.0,10.0,0.0
2025-05-10,S1016,PP02,11.0,11.0,0.0
2025-05-17,S1016,PP02,12.0,12.0,0.0
2025-05-24,S1016,PP02,12.0,12.0,0.0
2025-05-31,S1016,PP02,9.0,9.0,0.0
2025-06-07,S1016,PP02,10.0,10.0,0.0
2025-06-14,S1016,PP02,11.0,11.0,0.0
2025-06-21,S1016,PP02,11.0,11.0,0.0
2025-06-28,S1016,PP02,11.0,11.0,0.0
2025-07-05,S1016,PP02,11.0,11.0,0.0
2025-07-12,S1016,PP02,11.0,11.0,0.0
2025-07-19,S1016,PP02,11.0,11.0,0.0
2025-07-26,S1016,PP02,11.0,11.0,0.0
2025-08-02,S1016,PP02,13.0,13.0,0.0
2025-08-09,S1016,PP02,11.0,11.0,0.0
2025-08-16,S1016,PP02,11.0,11.0,0.0
2025-08-23,S1016,PP02,11.0,11.0,0.0
2025-08-30,S1016,PP02,13.0,13.0,0.0
2025-09-06,S1016,PP02,10.0,10.0,0.0
2025-09-13,S1016,PP02,11.0,11.0,0.0
2025-09-20,S1016,PP02,12.0,12.0,0.0
2025-09-27,S1016,PP02,10.0,10.0,0.0
2025-10-04,S1016,PP02,10.0,10.0,0.0
2025-10-11,S1016,PP02,10.0,10.0,0.0
2025-10-18,S1016,PP02,11.0,11.0,0.0
2025-10-25,S1016,PP02,13.0,13.0,0.0
2025-11-01,S1016,PP02,13.0,13.0,0.0
2025-11-08,S1016,PP02,13.0,13.0,0.0
2025-11-15,S1016,PP02,12.0,12.0,0.0
2025-11-22,S1016,PP02,13.0,13.0,0.0
2025-11-29,S1016,PP02,19.0,16.0,3.0
2025-12-06,S1016,PP02,16.0,16.0,3.0
2025-12-13,S1016,PP02,16.0,16.0,3.0
2025-12-20,S1016,PP02,17.0,16.0,4.0
2025-12-27,S1016,PP02,13.0,16.0,1.0
2026-01-03,S1016,PP02,12.0,13.0,0.0
2026-01-10,S1016,PP02,9.0,9.0,0.0
2026-01-17,S1016,PP02,9.0,9.0,0.0
2026-01-24,S1016,PP02,9.0,9.0,0.0
2026-01-31,S1016,PP02,8.0,8.0,0.0
2026-02-07,S1016,PP02,10.0,10.0,0.0
2026-02-14,S1016,PP02,11.0,11.0,0.0
2026-02-21,S1016,PP02,13.0,13.0,0.0
2026-02-28,S1016,PP02,11.0,11.0,0.0
2026-03-07,S1016,PP02,9.0,9.0,0.0
2026-03-14,S1016,PP02,11.0,11.0,0.0
2026-03-21,S1016,PP02,15.0,15.0,0.0
2026-03-28,S1016,PP02,12.0,12.0,0.0
2026-04-04,S1016,PP02,10.0,10.0,0.0
2026-04-11,S1016,PP02,12.0,12.0,0.0
2026-04-18,S1016,PP02,11.0,11.0,0.0
2026-04-25,S1016,PP02,10.0,10.0,0.0
2026-05-02,S1016,PP02,11.0,11.0,0.0
2026-05-09,S1016,PP02,12.0,12.0,0.0
2026-05-16,S1016,PP02,10.0,10.0,0.0
2026-05-23,S1016,PP02,11.0,11.0,0.0
2026-05-30,S1016,PP02,12.0,12.0,0.0
2026-06-06,S1016,PP02,11.0,11.0,0.0
2026-06-13,S1016,PP02,12.0,12.0,0.0
2026-06-20,S1016,PP02,10.0,10.0,0.0
2026-06-27,S1016,PP02,12.0,12.0,0.0
2026-07-04,S1016,PP02,10.0,10.0,0.0
2026-07-11,S1016,PP02,14.0,14.0,0.0
2026-07-18,S1016,PP02,10.0,10.0,0.0
2026-07-25,S1016,PP02,10.0,10.0,0.0
2022-08-06,S1017,PP02,15.0,15.0,0.0
2022-08-13,S1017,PP02,18.0,18.0,0.0
2022-08-20,S1017,PP02,15.0,15.0,0.0
2022-08-27,S1017,PP02,15.0,15.0,0.0
2022-09-03,S1017,PP02,14.0,14.0,0.0
2022-09-10,S1017,PP02,13.0,13.0,0.0
2022-09-17,S1017,PP02,13.0,13.0,0.0
2022-09-24,S1017,PP02,12.0,12.0,0.0
2022-10-01,S1017,PP02,12.0,12.0,0.0
2022-10-08,S1017,PP02,15.0,15.0,0.0
2022-10-15,S1017,PP02,13.0,13.0,0.0
2022-10-22,S1017,PP02,15.0,15.0,0.0
2022-10-29,S1017,PP02,14.0,14.0,0.0
2022-11-05,S1017,PP02,17.0,17.0,0.0
2022-11-12,S1017,PP02,16.0,16.0,0.0
2022-11-19,S1017,PP02,21.0,21.0,0.0
2022-11-26,S1017,PP02,20.0,20.0,0.0
2022-12-03,S1017,PP02,24.0,21.0,3.0
2022-12-10,S1017,PP02,21.0,21.0,3.0
2022-12-17,S1017,PP02,21.0,21.0,3.0
2022-12-24,S1017,PP02,17.0,20.0,0.0
2022-12-31,S1017,PP02,15.0,15.0,0.0
2023-01-07,S1017,PP02,13.0,13.0,0.0
2023-01-14,S1017,PP02,10.0,10.0,0.0
2023-01-21,S1017,PP02,10.0,10.0,0.0
2023-01-28,S1017,PP02,11.0,11.0,0.0
2023-02-04,S1017,PP02,10.0,10.0,0.0
2023-02-11,S1017,PP02,12.0,12.0,0.0
2023-02-18,S1017,PP02,14.0,14.0,0.0
2023-02-25,S1017,PP02,12.0,12.0,0.0
2023-03-04,S1017,PP02,12.0,12.0,0.0
2023-03-11,S1017,PP02,17.0,17.0,0.0
2023-03-18,S1017,PP02,13.0,13.0,0.0
2023-03-25,S1017,PP02,15.0,15.0,0.0
2023-04-01,S1017,PP02,15.0,15.0,0.0
2023-04-08,S1017,PP02,16.0,16.0,0.0
2023-04-15,S1017,PP02,13.0,13.0,0.0
2023-04-22,S1017,PP02,14.0,14.0,0.0
2023-04-29,S1017,PP02,13.0,13.0,0.0
2023-05-06,S1017,PP02,19.0,19.0,0.0
2023-05-13,S1017,PP02,13.0,13.0,0.0
2023-05-20,S1017,PP02,14.0,14.0,0.0
2023-05-27,S1017,PP02,13.0,13.0,0.0
2023-06-03,S1017,PP02,13.0,13.0,0.0
2023-06-10,S1017,PP02,17.0,17.0,0.0
2023-06-17,S1017,PP02,19.0,19.0,0.0
2023-06-24,S1017,PP02,14.0,14.0,0.0
2023-07-01,S1017,PP02,13.0,13.0,0.0
2023-07-08,S1017,PP02,12.0,12.0,0.0
2023-07-15,S1017,PP02,14.0,14.0,0.0
2023-07-22,S1017,PP02,14.0,14.0,0.0
2023-07-29,S1017,PP02,14.0,14.0,0.0
2023-08-05,S1017,PP02,16.0,16.0,0.0
2023-08-12,S1017,PP02,16.0,16.0,0.0
2023-08-19,S1017,PP02,16.0,16.0,0.0
2023-08-26,S1017,PP02,14.0,14.0,0.0
2023-09-02,S1017,PP02,13.0,13.0,0.0
2023-09-09,S1017,PP02,15.0,15.0,0.0
2023-09-16,S1017,PP02,14.0,14.0,0.0
2023-09-23,S1017,PP02,15.0,15.0,0.0
2023-09-30,S1017,PP02,15.0,15.0,0.0
2023-10-07,S1017,PP02,12.0,12.0,0.0
2023-10-14,S1017,PP02,12.0,12.0,0.0
2023-10-21,S1017,PP02,14.0,14.0,0.0
2023-10-28,S1017,PP02,14.0,14.0,0.0
2023-11-04,S1017,PP02,18.0,18.0,0.0
2023-11-11,S1017,PP02,18.0,18.0,0.0
2023-11-18,S1017,PP02,21.0,21.0,0.0
2023-11-25,S1017,PP02,21.0,21.0,0.0
2023-12-02,S1017,PP02,22.0,21.0,1.0
2023-12-09,S1017,PP02,26.0,21.0,6.0
2023-12-16,S1017,PP02,23.0,21.0,8.0
2023-12-23,S1017,PP02,19.0,21.0,6.0
2023-12-30,S1017,PP02,19.0,21.0,4.0
2024-01-06,S1017,PP02,14.0,18.0,0.0
2024-01-13,S1017,PP02,11.0,11.0,0.0
2024-01-20,S1017,PP02,11.0,11.0,0.0
2024-01-27,S1017,PP02,13.0,13.0,0.0
2024-02-03,S1017,PP02,15.0,15.0,0.0
2024-02-10,S1017,PP02,13.0,13.0,0.0
2024-02-17,S1017,PP02,16.0,16.0,0.0
2024-02-24,S1017,PP02,12.0,12.0,0.0
2024-03-02,S1017,PP02,14.0,14.0,0.0
2024-03-09,S1017,PP02,14.0,14.0,0.0
2024-03-16,S1017,PP02,13.0,13.0,0.0
2024-03-23,S1017,PP02,18.0,18.0,0.0
2024-03-30,S1017,PP02,14.0,14.0,0.0
2024-04-06,S1017,PP02,14.0,14.0,0.0
2024-04-13,S1017,PP02,14.0,14.0,0.0
2024-04-20,S1017,PP02,12.0,12.0,0.0
2024-04-27,S1017,PP02,14.0,14.0,0.0
2024-05-04,S1017,PP02,17.0,17.0,0.0
2024-05-11,S1017,PP02,15.0,15.0,0.0
2024-05-18,S1017,PP02,15.0,15.0,0.0
2024-05-25,S1017,PP02,18.0,18.0,0.0
2024-06-01,S1017,PP02,18.0,18.0,0.0
2024-06-08,S1017,PP02,16.0,16.0,0.0
2024-06-15,S1017,PP02,14.0,14.0,0.0
2024-06-22,S1017,PP02,15.0,15.0,0.0
2024-06-29,S1017,PP02,14.0,14.0,0.0
2024-07-06,S1017,PP02,13.0,13.0,0.0
2024-07-13,S1017,PP02,13.0,13.0,0.0
2024-07-20,S1017,PP02,14.0,14.0,0.0
2024-07-27,S1017,PP02,14.0,14.0,0.0
2024-08-03,S1017,PP02,13.0,13.0,0.0
2024-08-10,S1017,PP02,16.0,16.0,0.0
2024-08-17,S1017,PP02,16.0,16.0,0.0
2024-08-24,S1017,PP02,18.0,18.0,0.0
2024-08-31,S1017,PP02,14.0,14.0,0.0
2024-09-07,S1017,PP02,15.0,15.0,0.0
2024-09-14,S1017,PP02,14.0,14.0,0.0
2024-09-21,S1017,PP02,14.0,14.0,0.0
2024-09-28,S1017,PP02,15.0,15.0,0.0
2024-10-05,S1017,PP02,16.0,16.0,0.0
2024-10-12,S1017,PP02,15.0,15.0,0.0
2024-10-19,S1017,PP02,15.0,15.0,0.0
2024-10-26,S1017,PP02,16.0,16.0,0.0
2024-11-02,S1017,PP02,15.0,15.0,0.0
2024-11-09,S1017,PP02,16.0,16.0,0.0
2024-11-16,S1017,PP02,18.0,18.0,0.0
2024-11-23,S1017,PP02,18.0,18.0,0.0
2024-11-30,S1017,PP02,23.0,21.0,2.0
2024-12-07,S1017,PP02,26.0,21.0,7.0
2024-12-14,S1017,PP02,21.0,21.0,7.0
2024-12-21,S1017,PP02,21.0,21.0,7.0
2024-12-28,S1017,PP02,16.0,21.0,2.0
2025-01-04,S1017,PP02,14.0,16.0,0.0
2025-01-11,S1017,PP02,11.0,11.0,0.0
2025-01-18,S1017,PP02,13.0,13.0,0.0
2025-01-25,S1017,PP02,12.0,12.0,0.0
2025-02-01,S1017,PP02,14.0,14.0,0.0
2025-02-08,S1017,PP02,13.0,13.0,0.0
2025-02-15,S1017,PP02,13.0,13.0,0.0
2025-02-22,S1017,PP02,13.0,13.0,0.0
2025-03-01,S1017,PP02,15.0,15.0,0.0
2025-03-08,S1017,PP02,16.0,16.0,0.0
2025-03-15,S1017,PP02,15.0,15.0,0.0
2025-03-22,S1017,PP02,19.0,19.0,0.0
2025-03-29,S1017,PP02,18.0,18.0,0.0
2025-04-05,S1017,PP02,15.0,15.0,0.0
2025-04-12,S1017,PP02,15.0,15.0,0.0
2025-04-19,S1017,PP02,16.0,16.0,0.0
2025-04-26,S1017,PP02,15.0,15.0,0.0
2025-05-03,S1017,PP02,18.0,18.0,0.0
2025-05-10,S1017,PP02,17.0,17.0,0.0
2025-05-17,S1017,PP02,17.0,17.0,0.0
2025-05-24,S1017,PP02,17.0,17.0,0.0
2025-05-31,S1017,PP02,19.0,19.0,0.0
2025-06-07,S1017,PP02,16.0,16.0,0.0
2025-06-14,S1017,PP02,15.0,15.0,0.0
2025-06-21,S1017,PP02,18.0,18.0,0.0
2025-06-28,S1017,PP02,17.0,17.0,0.0
2025-07-05,S1017,PP02,15.0,15.0,0.0
2025-07-12,S1017,PP02,16.0,16.0,0.0
2025-07-19,S1017,PP02,17.0,17.0,0.0
2025-07-26,S1017,PP02,17.0,17.0,0.0
2025-08-02,S1017,PP02,15.0,15.0,0.0
2025-08-09,S1017,PP02,14.0,14.0,0.0
2025-08-16,S1017,PP02,15.0,15.0,0.0
2025-08-23,S1017,PP02,15.0,15.0,0.0
2025-08-30,S1017,PP02,15.0,15.0,0.0
2025-09-06,S1017,PP02,16.0,16.0,0.0
2025-09-13,S1017,PP02,15.0,15.0,0.0
2025-09-20,S1017,PP02,15.0,15.0,0.0
2025-09-27,S1017,PP02,14.0,14.0,0.0
2025-10-04,S1017,PP02,15.0,15.0,0.0
2025-10-11,S1017,PP02,17.0,17.0,0.0
2025-10-18,S1017,PP02,17.0,17.0,0.0
2025-10-25,S1017,PP02,16.0,16.0,0.0
2025-11-01,S1017,PP02,18.0,18.0,0.0
2025-11-08,S1017,PP02,23.0,21.0,2.0
2025-11-15,S1017,PP02,20.0,21.0,1.0
2025-11-22,S1017,PP02,20.0,21.0,0.0
2025-11-29,S1017,PP02,22.0,21.0,1.0
2025-12-06,S1017,PP02,24.0,21.0,4.0
2025-12-13,S1017,PP02,24.0,21.0,7.0
2025-12-20,S1017,PP02,22.0,21.0,8.0
2025-12-27,S1017,PP02,16.0,21.0,3.0
2026-01-03,S1017,PP02,15.0,18.0,0.0
2026-01-10,S1017,PP02,13.0,13.0,0.0
2026-01-17,S1017,PP02,13.0,13.0,0.0
2026-01-24,S1017,PP02,13.0,13.0,0.0
2026-01-31,S1017,PP02,14.0,14.0,0.0
2026-02-07,S1017,PP02,15.0,15.0,0.0
2026-02-14,S1017,PP02,16.0,16.0,0.0
2026-02-21,S1017,PP02,15.0,15.0,0.0
2026-02-28,S1017,PP02,16.0,16.0,0.0
2026-03-07,S1017,PP02,15.0,15.0,0.0
2026-03-14,S1017,PP02,17.0,17.0,0.0
2026-03-21,S1017,PP02,17.0,17.0,0.0
2026-03-28,S1017,PP02,18.0,18.0,0.0
2026-04-04,S1017,PP02,17.0,17.0,0.0
2026-04-11,S1017,PP02,17.0,17.0,0.0
2026-04-18,S1017,PP02,16.0,16.0,0.0
2026-04-25,S1017,PP02,17.0,17.0,0.0
2026-05-02,S1017,PP02,19.0,19.0,0.0
2026-05-09,S1017,PP02,16.0,16.0,0.0
2026-05-16,S1017,PP02,16.0,16.0,0.0
2026-05-23,S1017,PP02,17.0,17.0,0.0
2026-05-30,S1017,PP02,18.0,18.0,0.0
2026-06-06,S1017,PP02,15.0,15.0,0.0
2026-06-13,S1017,PP02,16.0,16.0,0.0
2026-06-20,S1017,PP02,16.0,16.0,0.0
2026-06-27,S1017,PP02,13.0,13.0,0.0
2026-07-04,S1017,PP02,16.0,16.0,0.0
2026-07-11,S1017,PP02,17.0,17.0,0.0
2026-07-18,S1017,PP02,17.0,17.0,0.0
2026-07-25,S1017,PP02,19.0,19.0,0.0
2022-08-06,S1018,PP02,7.0,7.0,0.0
2022-08-13,S1018,PP02,8.0,8.0,0.0
2022-08-20,S1018,PP02,6.0,6.0,0.0
2022-08-27,S1018,PP02,8.0,8.0,0.0
2022-09-03,S1018,PP02,8.0,8.0,0.0
2022-09-10,S1018,PP02,7.0,7.0,0.0
2022-09-17,S1018,PP02,9.0,9.0,0.0
2022-09-24,S1018,PP02,8.0,8.0,0.0
2022-10-01,S1018,PP02,8.0,8.0,0.0
2022-10-08,S1018,PP02,8.0,8.0,0.0
2022-10-15,S1018,PP02,9.0,9.0,0.0
2022-10-22,S1018,PP02,8.0,8.0,0.0
2022-10-29,S1018,PP02,8.0,8.0,0.0
2022-11-05,S1018,PP02,8.0,8.0,0.0
2022-11-12,S1018,PP02,9.0,9.0,0.0
2022-11-19,S1018,PP02,11.0,11.0,0.0
2022-11-26,S1018,PP02,14.0,12.0,2.0
2022-12-03,S1018,PP02,12.0,12.0,2.0
2022-12-10,S1018,PP02,12.0,12.0,2.0
2022-12-17,S1018,PP02,10.0,12.0,0.0
2022-12-24,S1018,PP02,11.0,11.0,0.0
2022-12-31,S1018,PP02,7.0,7.0,0.0
2023-01-07,S1018,PP02,8.0,8.0,0.0
2023-01-14,S1018,PP02,7.0,7.0,0.0
2023-01-21,S1018,PP02,7.0,7.0,0.0
2023-01-28,S1018,PP02,7.0,7.0,0.0
2023-02-04,S1018,PP02,7.0,7.0,0.0
2023-02-11,S1018,PP02,7.0,7.0,0.0
2023-02-18,S1018,PP02,7.0,7.0,0.0
2023-02-25,S1018,PP02,9.0,9.0,0.0
2023-03-04,S1018,PP02,7.0,7.0,0.0
2023-03-11,S1018,PP02,9.0,9.0,0.0
2023-03-18,S1018,PP02,6.0,6.0,0.0
2023-03-25,S1018,PP02,9.0,9.0,0.0
2023-04-01,S1018,PP02,9.0,9.0,0.0
2023-04-08,S1018,PP02,8.0,8.0,0.0
2023-04-15,S1018,PP02,9.0,9.0,0.0
2023-04-22,S1018,PP02,9.0,9.0,0.0
2023-04-29,S1018,PP02,8.0,8.0,0.0
2023-05-06,S1018,PP02,9.0,9.0,0.0
2023-05-13,S1018,PP02,8.0,8.0,0.0
2023-05-20,S1018,PP02,8.0,8.0,0.0
2023-05-27,S1018,PP02,9.0,9.0,0.0
2023-06-03,S1018,PP02,9.0,9.0,0.0
2023-06-10,S1018,PP02,8.0,8.0,0.0
2023-06-17,S1018,PP02,8.0,8.0,0.0
2023-06-24,S1018,PP02,8.0,8.0,0.0
2023-07-01,S1018,PP02,9.0,9.0,0.0
2023-07-08,S1018,PP02,7.0,7.0,0.0
2023-07-15,S1018,PP02,8.0,8.0,0.0
2023-07-22,S1018,PP02,9.0,9.0,0.0
2023-07-29,S1018,PP02,8.0,8.0,0.0
2023-08-05,S1018,PP02,9.0,9.0,0.0
2023-08-12,S1018,PP02,8.0,8.0,0.0
2023-08-19,S1018,PP02,8.0,8.0,0.0
2023-08-26,S1018,PP02,7.0,7.0,0.0
2023-09-02,S1018,PP02,9.0,9.0,0.0
2023-09-09,S1018,PP02,7.0,7.0,0.0
2023-09-16,S1018,PP02,8.0,8.0,0.0
2023-09-23,S1018,PP02,8.0,8.0,0.0
2023-09-30,S1018,PP02,7.0,7.0,0.0
2023-10-07,S1018,PP02,7.0,7.0,0.0
2023-10-14,S1018,PP02,9.0,9.0,0.0
2023-10-21,S1018,PP02,8.0,8.0,0.0
2023-10-28,S1018,PP02,8.0,8.0,0.0
2023-11-04,S1018,PP02,9.0,9.0,0.0
2023-11-11,S1018,PP02,9.0,9.0,0.0
2023-11-18,S1018,PP02,14.0,12.0,2.0
2023-11-25,S1018,PP02,11.0,12.0,1.0
2023-12-02,S1018,PP02,11.0,12.0,0.0
2023-12-09,S1018,PP02,15.0,12.0,3.0
2023-12-16,S1018,PP02,10.0,12.0,1.0
2023-12-23,S1018,PP02,11.0,12.0,0.0
2023-12-30,S1018,PP02,11.0,11.0,0.0
2024-01-06,S1018,PP02,7.0,7.0,0.0
2024-01-13,S1018,PP02,5.0,5.0,0.0
2024-01-20,S1018,PP02,6.0,6.0,0.0
2024-01-27,S1018,PP02,8.0,8.0,0.0
2024-02-03,S1018,PP02,7.0,7.0,0.0
2024-02-10,S1018,PP02,7.0,7.0,0.0
2024-02-17,S1018,PP02,7.0,7.0,0.0
2024-02-24,S1018,PP02,7.0,7.0,0.0
2024-03-02,S1018,PP02,8.0,8.0,0.0
2024-03-09,S1018,PP02,9.0,9.0,0.0
2024-03-16,S1018,PP02,9.0,9.0,0.0
2024-03-23,S1018,PP02,8.0,8.0,0.0
2024-03-30,S1018,PP02,7.0,7.0,0.0
2024-04-06,S1018,PP02,7.0,7.0,0.0
2024-04-13,S1018,PP02,8.0,8.0,0.0
2024-04-20,S1018,PP02,7.0,7.0,0.0
2024-04-27,S1018,PP02,8.0,8.0,0.0
2024-05-04,S1018,PP02,9.0,9.0,0.0
2024-05-11,S1018,PP02,8.0,8.0,0.0
2024-05-18,S1018,PP02,8.0,8.0,0.0
2024-05-25,S1018,PP02,9.0,9.0,0.0
2024-06-01,S1018,PP02,9.0,9.0,0.0
2024-06-08,S1018,PP02,9.0,9.0,0.0
2024-06-15,S1018,PP02,9.0,9.0,0.0
2024-06-22,S1018,PP02,8.0,8.0,0.0
2024-06-29,S1018,PP02,8.0,8.0,0.0
2024-07-06,S1018,PP02,7.0,7.0,0.0
2024-07-13,S1018,PP02,8.0,8.0,0.0
2024-07-20,S1018,PP02,9.0,9.0,0.0
2024-07-27,S1018,PP02,9.0,9.0,0.0
2024-08-03,S1018,PP02,7.0,7.0,0.0
2024-08-10,S1018,PP02,8.0,8.0,0.0
2024-08-17,S1018,PP02,10.0,10.0,0.0
2024-08-24,S1018,PP02,8.0,8.0,0.0
2024-08-31,S1018,PP02,7.0,7.0,0.0
2024-09-07,S1018,PP02,10.0,10.0,0.0
2024-09-14,S1018,PP02,8.0,8.0,0.0
2024-09-21,S1018,PP02,8.0,8.0,0.0
2024-09-28,S1018,PP02,8.0,8.0,0.0
2024-10-05,S1018,PP02,8.0,8.0,0.0
2024-10-12,S1018,PP02,8.0,8.0,0.0
2024-10-19,S1018,PP02,11.0,11.0,0.0
2024-10-26,S1018,PP02,10.0,10.0,0.0
2024-11-02,S1018,PP02,10.0,10.0,0.0
2024-11-09,S1018,PP02,10.0,10.0,0.0
2024-11-16,S1018,PP02,9.0,9.0,0.0
2024-11-23,S1018,PP02,13.0,12.0,1.0
2024-11-30,S1018,PP02,11.0,12.0,0.0
2024-12-07,S1018,PP02,13.0,12.0,1.0
2024-12-14,S1018,PP02,11.0,12.0,0.0
2024-12-21,S1018,PP02,9.0,9.0,0.0
2024-12-28,S1018,PP02,10.0,10.0,0.0
2025-01-04,S1018,PP02,8.0,8.0,0.0
2025-01-11,S1018,PP02,6.0,6.0,0.0
2025-01-18,S1018,PP02,7.0,7.0,0.0
2025-01-25,S1018,PP02,9.0,9.0,0.0
2025-02-01,S1018,PP02,8.0,8.0,0.0
2025-02-08,S1018,PP02,7.0,7.0,0.0
2025-02-15,S1018,PP02,8.0,8.0,0.0
2025-02-22,S1018,PP02,9.0,9.0,0.0
2025-03-01,S1018,PP02,9.0,9.0,0.0
2025-03-08,S1018,PP02,8.0,8.0,0.0
2025-03-15,S1018,PP02,8.0,8.0,0.0
2025-03-22,S1018,PP02,9.0,9.0,0.0
2025-03-29,S1018,PP02,9.0,9.0,0.0
2025-04-05,S1018,PP02,8.0,8.0,0.0
2025-04-12,S1018,PP02,8.0,8.0,0.0
2025-04-19,S1018,PP02,10.0,10.0,0.0
2025-04-26,S1018,PP02,10.0,10.0,0.0
2025-05-03,S1018,PP02,10.0,10.0,0.0
2025-05-10,S1018,PP02,11.0,11.0,0.0
2025-05-17,S1018,PP02,9.0,9.0,0.0
2025-05-24,S1018,PP02,11.0,11.0,0.0
2025-05-31,S1018,PP02,9.0,9.0,0.0
2025-06-07,S1018,PP02,12.0,12.0,0.0
2025-06-14,S1018,PP02,8.0,8.0,0.0
2025-06-21,S1018,PP02,8.0,8.0,0.0
2025-06-28,S1018,PP02,9.0,9.0,0.0
2025-07-05,S1018,PP02,9.0,9.0,0.0
2025-07-12,S1018,PP02,11.0,11.0,0.0
2025-07-19,S1018,PP02,8.0,8.0,0.0
2025-07-26,S1018,PP02,10.0,10.0,0.0
2025-08-02,S1018,PP02,10.0,10.0,0.0
2025-08-09,S1018,PP02,10.0,10.0,0.0
2025-08-16,S1018,PP02,8.0,8.0,0.0
2025-08-23,S1018,PP02,10.0,10.0,0.0
2025-08-30,S1018,PP02,10.0,10.0,0.0
2025-09-06,S1018,PP02,9.0,9.0,0.0
2025-09-13,S1018,PP02,8.0,8.0,0.0
2025-09-20,S1018,PP02,9.0,9.0,0.0
2025-09-27,S1018,PP02,8.0,8.0,0.0
2025-10-04,S1018,PP02,9.0,9.0,0.0
2025-10-11,S1018,PP02,9.0,9.0,0.0
2025-10-18,S1018,PP02,8.0,8.0,0.0
2025-10-25,S1018,PP02,9.0,9.0,0.0
2025-11-01,S1018,PP02,9.0,9.0,0.0
2025-11-08,S1018,PP02,11.0,11.0,0.0
2025-11-15,S1018,PP02,11.0,11.0,0.0
2025-11-22,S1018,PP02,12.0,12.0,0.0
2025-11-29,S1018,PP02,13.0,12.0,1.0
2025-12-06,S1018,PP02,13.0,12.0,2.0
2025-12-13,S1018,PP02,16.0,12.0,6.0
2025-12-20,S1018,PP02,12.0,12.0,6.0
2025-12-27,S1018,PP02,10.0,12.0,4.0
2026-01-03,S1018,PP02,9.0,12.0,1.0
2026-01-10,S1018,PP02,6.0,7.0,0.0
2026-01-17,S1018,PP02,7.0,7.0,0.0
2026-01-24,S1018,PP02,8.0,8.0,0.0
2026-01-31,S1018,PP02,7.0,7.0,0.0
2026-02-07,S1018,PP02,9.0,9.0,0.0
2026-02-14,S1018,PP02,10.0,10.0,0.0
2026-02-21,S1018,PP02,8.0,8.0,0.0
2026-02-28,S1018,PP02,9.0,9.0,0.0
2026-03-07,S1018,PP02,10.0,10.0,0.0
2026-03-14,S1018,PP02,9.0,9.0,0.0
2026-03-21,S1018,PP02,10.0,10.0,0.0
2026-03-28,S1018,PP02,8.0,8.0,0.0
2026-04-04,S1018,PP02,9.0,9.0,0.0
2026-04-11,S1018,PP02,8.0,8.0,0.0
2026-04-18,S1018,PP02,9.0,9.0,0.0
2026-04-25,S1018,PP02,10.0,10.0,0.0
2026-05-02,S1018,PP02,9.0,9.0,0.0
2026-05-09,S1018,PP02,9.0,9.0,0.0
2026-05-16,S1018,PP02,9.0,9.0,0.0
2026-05-23,S1018,PP02,10.0,10.0,0.0
2026-05-30,S1018,PP02,11.0,11.0,0.0
2026-06-06,S1018,PP02,10.0,10.0,0.0
2026-06-13,S1018,PP02,9.0,9.0,0.0
2026-06-20,S1018,PP02,10.0,10.0,0.0
2026-06-27,S1018,PP02,9.0,9.0,0.0
2026-07-04,S1018,PP02,9.0,9.0,0.0
2026-07-11,S1018,PP02,8.0,8.0,0.0
2026-07-18,S1018,PP02,11.0,11.0,0.0
2026-07-25,S1018,PP02,7.0,7.0,0.0
2022-08-06,S1019,PP02,10.0,10.0,0.0
2022-08-13,S1019,PP02,9.0,9.0,0.0
2022-08-20,S1019,PP02,9.0,9.0,0.0
2022-08-27,S1019,PP02,11.0,11.0,0.0
2022-09-03,S1019,PP02,8.0,8.0,0.0
2022-09-10,S1019,PP02,8.0,8.0,0.0
2022-09-17,S1019,PP02,8.0,8.0,0.0
2022-09-24,S1019,PP02,9.0,9.0,0.0
2022-10-01,S1019,PP02,8.0,8.0,0.0
2022-10-08,S1019,PP02,7.0,7.0,0.0
2022-10-15,S1019,PP02,8.0,8.0,0.0
2022-10-22,S1019,PP02,10.0,10.0,0.0
2022-10-29,S1019,PP02,10.0,10.0,0.0
2022-11-05,S1019,PP02,10.0,10.0,0.0
2022-11-12,S1019,PP02,10.0,10.0,0.0
2022-11-19,S1019,PP02,10.0,10.0,0.0
2022-11-26,S1019,PP02,14.0,14.0,0.0
2022-12-03,S1019,PP02,13.0,13.0,0.0
2022-12-10,S1019,PP02,13.0,13.0,0.0
2022-12-17,S1019,PP02,14.0,14.0,0.0
2022-12-24,S1019,PP02,10.0,10.0,0.0
2022-12-31,S1019,PP02,9.0,9.0,0.0
2023-01-07,S1019,PP02,8.0,8.0,0.0
2023-01-14,S1019,PP02,7.0,7.0,0.0
2023-01-21,S1019,PP02,7.0,7.0,0.0
2023-01-28,S1019,PP02,9.0,9.0,0.0
2023-02-04,S1019,PP02,8.0,8.0,0.0
2023-02-11,S1019,PP02,6.0,6.0,0.0
2023-02-18,S1019,PP02,9.0,9.0,0.0
2023-02-25,S1019,PP02,8.0,8.0,0.0
2023-03-04,S1019,PP02,9.0,9.0,0.0
2023-03-11,S1019,PP02,9.0,9.0,0.0
2023-03-18,S1019,PP02,9.0,9.0,0.0
2023-03-25,S1019,PP02,9.0,9.0,0.0
2023-04-01,S1019,PP02,9.0,9.0,0.0
2023-04-08,S1019,PP02,8.0,8.0,0.0
2023-04-15,S1019,PP02,8.0,8.0,0.0
2023-04-22,S1019,PP02,12.0,12.0,0.0
2023-04-29,S1019,PP02,9.0,9.0,0.0
2023-05-06,S1019,PP02,9.0,9.0,0.0
2023-05-13,S1019,PP02,8.0,8.0,0.0
2023-05-20,S1019,PP02,9.0,9.0,0.0
2023-05-27,S1019,PP02,8.0,8.0,0.0
2023-06-03,S1019,PP02,9.0,9.0,0.0
2023-06-10,S1019,PP02,10.0,10.0,0.0
2023-06-17,S1019,PP02,9.0,9.0,0.0
2023-06-24,S1019,PP02,9.0,9.0,0.0
2023-07-01,S1019,PP02,7.0,7.0,0.0
2023-07-08,S1019,PP02,11.0,11.0,0.0
2023-07-15,S1019,PP02,8.0,8.0,0.0
2023-07-22,S1019,PP02,11.0,11.0,0.0
2023-07-29,S1019,PP02,10.0,10.0,0.0
2023-08-05,S1019,PP02,10.0,10.0,0.0
2023-08-12,S1019,PP02,9.0,9.0,0.0
2023-08-19,S1019,PP02,9.0,9.0,0.0
2023-08-26,S1019,PP02,9.0,9.0,0.0
2023-09-02,S1019,PP02,9.0,9.0,0.0
2023-09-09,S1019,PP02,9.0,9.0,0.0
2023-09-16,S1019,PP02,7.0,7.0,0.0
2023-09-23,S1019,PP02,10.0,10.0,0.0
2023-09-30,S1019,PP02,9.0,9.0,0.0
2023-10-07,S1019,PP02,8.0,8.0,0.0
2023-10-14,S1019,PP02,8.0,8.0,0.0
2023-10-21,S1019,PP02,9.0,9.0,0.0
2023-10-28,S1019,PP02,9.0,9.0,0.0
2023-11-04,S1019,PP02,8.0,8.0,0.0
2023-11-11,S1019,PP02,11.0,11.0,0.0
2023-11-18,S1019,PP02,12.0,12.0,0.0
2023-11-25,S1019,PP02,12.0,12.0,0.0
2023-12-02,S1019,PP02,12.0,12.0,0.0
2023-12-09,S1019,PP02,14.0,14.0,0.0
2023-12-16,S1019,PP02,12.0,12.0,0.0
2023-12-23,S1019,PP02,11.0,11.0,0.0
2023-12-30,S1019,PP02,9.0,9.0,0.0
2024-01-06,S1019,PP02,9.0,9.0,0.0
2024-01-13,S1019,PP02,7.0,7.0,0.0
2024-01-20,S1019,PP02,7.0,7.0,0.0
2024-01-27,S1019,PP02,9.0,9.0,0.0
2024-02-03,S1019,PP02,8.0,8.0,0.0
2024-02-10,S1019,PP02,9.0,9.0,0.0
2024-02-17,S1019,PP02,8.0,8.0,0.0
2024-02-24,S1019,PP02,8.0,8.0,0.0
2024-03-02,S1019,PP02,7.0,7.0,0.0
2024-03-09,S1019,PP02,10.0,10.0,0.0
2024-03-16,S1019,PP02,9.0,9.0,0.0
2024-03-23,S1019,PP02,9.0,9.0,0.0
2024-03-30,S1019,PP02,9.0,9.0,0.0
2024-04-06,S1019,PP02,10.0,10.0,0.0
2024-04-13,S1019,PP02,8.0,8.0,0.0
2024-04-20,S1019,PP02,9.0,9.0,0.0
2024-04-27,S1019,PP02,8.0,8.0,0.0
2024-05-04,S1019,PP02,11.0,11.0,0.0
2024-05-11,S1019,PP02,11.0,11.0,0.0
2024-05-18,S1019,PP02,8.0,8.0,0.0
2024-05-25,S1019,PP02,8.0,8.0,0.0
2024-06-01,S1019,PP02,9.0,9.0,0.0
2024-06-08,S1019,PP02,9.0,9.0,0.0
2024-06-15,S1019,PP02,8.0,8.0,0.0
2024-06-22,S1019,PP02,11.0,11.0,0.0
2024-06-29,S1019,PP02,9.0,9.0,0.0
2024-07-06,S1019,PP02,10.0,10.0,0.0
2024-07-13,S1019,PP02,9.0,9.0,0.0
2024-07-20,S1019,PP02,10.0,10.0,0.0
2024-07-27,S1019,PP02,9.0,9.0,0.0
2024-08-03,S1019,PP02,9.0,9.0,0.0
2024-08-10,S1019,PP02,10.0,10.0,0.0
2024-08-17,S1019,PP02,8.0,8.0,0.0
2024-08-24,S1019,PP02,11.0,11.0,0.0
2024-08-31,S1019,PP02,9.0,9.0,0.0
2024-09-07,S1019,PP02,10.0,10.0,0.0
2024-09-14,S1019,PP02,8.0,8.0,0.0
2024-09-21,S1019,PP02,8.0,8.0,0.0
2024-09-28,S1019,PP02,8.0,8.0,0.0
2024-10-05,S1019,PP02,9.0,9.0,0.0
2024-10-12,S1019,PP02,9.0,9.0,0.0
2024-10-19,S1019,PP02,9.0,9.0,0.0
2024-10-26,S1019,PP02,9.0,9.0,0.0
2024-11-02,S1019,PP02,9.0,9.0,0.0
2024-11-09,S1019,PP02,11.0,11.0,0.0
2024-11-16,S1019,PP02,11.0,11.0,0.0
2024-11-23,S1019,PP02,12.0,12.0,0.0
2024-11-30,S1019,PP02,15.0,14.0,1.0
2024-12-07,S1019,PP02,14.0,14.0,1.0
2024-12-14,S1019,PP02,16.0,14.0,3.0
2024-12-21,S1019,PP02,12.0,14.0,1.0
2024-12-28,S1019,PP02,11.0,12.0,0.0
2025-01-04,S1019,PP02,9.0,9.0,0.0
2025-01-11,S1019,PP02,6.0,6.0,0.0
2025-01-18,S1019,PP02,9.0,9.0,0.0
2025-01-25,S1019,PP02,8.0,8.0,0.0
2025-02-01,S1019,PP02,9.0,9.0,0.0
2025-02-08,S1019,PP02,8.0,8.0,0.0
2025-02-15,S1019,PP02,8.0,8.0,0.0
2025-02-22,S1019,PP02,8.0,8.0,0.0
2025-03-01,S1019,PP02,10.0,10.0,0.0
2025-03-08,S1019,PP02,9.0,9.0,0.0
2025-03-15,S1019,PP02,10.0,10.0,0.0
2025-03-22,S1019,PP02,11.0,11.0,0.0
2025-03-29,S1019,PP02,11.0,11.0,0.0
2025-04-05,S1019,PP02,10.0,10.0,0.0
2025-04-12,S1019,PP02,8.0,8.0,0.0
2025-04-19,S1019,PP02,9.0,9.0,0.0
2025-04-26,S1019,PP02,9.0,9.0,0.0
2025-05-03,S1019,PP02,11.0,11.0,0.0
2025-05-10,S1019,PP02,10.0,10.0,0.0
2025-05-17,S1019,PP02,9.0,9.0,0.0
2025-05-24,S1019,PP02,10.0,10.0,0.0
2025-05-31,S1019,PP02,8.0,8.0,0.0
2025-06-07,S1019,PP02,10.0,10.0,0.0
2025-06-14,S1019,PP02,8.0,8.0,0.0
2025-06-21,S1019,PP02,10.0,10.0,0.0
2025-06-28,S1019,PP02,10.0,10.0,0.0
2025-07-05,S1019,PP02,12.0,12.0,0.0
2025-07-12,S1019,PP02,11.0,11.0,0.0
2025-07-19,S1019,PP02,10.0,10.0,0.0
2025-07-26,S1019,PP02,11.0,11.0,0.0
2025-08-02,S1019,PP02,9.0,9.0,0.0
2025-08-09,S1019,PP02,9.0,9.0,0.0
2025-08-16,S1019,PP02,11.0,11.0,0.0
2025-08-23,S1019,PP02,8.0,8.0,0.0
2025-08-30,S1019,PP02,10.0,10.0,0.0
2025-09-06,S1019,PP02,8.0,8.0,0.0
2025-09-13,S1019,PP02,9.0,9.0,0.0
2025-09-20,S1019,PP02,8.0,8.0,0.0
2025-09-27,S1019,PP02,10.0,10.0,0.0
2025-10-04,S1019,PP02,10.0,10.0,0.0
2025-10-11,S1019,PP02,11.0,11.0,0.0
2025-10-18,S1019,PP02,10.0,10.0,0.0
2025-10-25,S1019,PP02,10.0,10.0,0.0
2025-11-01,S1019,PP02,11.0,11.0,0.0
2025-11-08,S1019,PP02,10.0,10.0,0.0
2025-11-15,S1019,PP02,13.0,13.0,0.0
2025-11-22,S1019,PP02,14.0,14.0,0.0
2025-11-29,S1019,PP02,18.0,14.0,4.0
2025-12-06,S1019,PP02,14.0,14.0,4.0
2025-12-13,S1019,PP02,15.0,14.0,5.0
2025-12-20,S1019,PP02,13.0,14.0,4.0
2025-12-27,S1019,PP02,12.0,14.0,2.0
2026-01-03,S1019,PP02,10.0,12.0,0.0
2026-01-10,S1019,PP02,8.0,8.0,0.0
2026-01-17,S1019,PP02,9.0,9.0,0.0
2026-01-24,S1019,PP02,8.0,8.0,0.0
2026-01-31,S1019,PP02,10.0,10.0,0.0
2026-02-07,S1019,PP02,9.0,9.0,0.0
2026-02-14,S1019,PP02,9.0,9.0,0.0
2026-02-21,S1019,PP02,9.0,9.0,0.0
2026-02-28,S1019,PP02,12.0,12.0,0.0
2026-03-07,S1019,PP02,9.0,9.0,0.0
2026-03-14,S1019,PP02,10.0,10.0,0.0
2026-03-21,S1019,PP02,9.0,9.0,0.0
2026-03-28,S1019,PP02,12.0,12.0,0.0
2026-04-04,S1019,PP02,11.0,11.0,0.0
2026-04-11,S1019,PP02,9.0,9.0,0.0
2026-04-18,S1019,PP02,11.0,11.0,0.0
2026-04-25,S1019,PP02,11.0,11.0,0.0
2026-05-02,S1019,PP02,10.0,10.0,0.0
2026-05-09,S1019,PP02,12.0,12.0,0.0
2026-05-16,S1019,PP02,11.0,11.0,0.0
2026-05-23,S1019,PP02,11.0,11.0,0.0
2026-05-30,S1019,PP02,10.0,10.0,0.0
2026-06-06,S1019,PP02,11.0,11.0,0.0
2026-06-13,S1019,PP02,10.0,10.0,0.0
2026-06-20,S1019,PP02,10.0,10.0,0.0
2026-06-27,S1019,PP02,10.0,10.0,0.0
2026-07-04,S1019,PP02,12.0,12.0,0.0
2026-07-11,S1019,PP02,9.0,9.0,0.0
2026-07-18,S1019,PP02,11.0,11.0,0.0
2026-07-25,S1019,PP02,10.0,10.0,0.0
2022-08-06,S1020,PP02,15.0,15.0,0.0
2022-08-13,S1020,PP02,11.0,11.0,0.0
2022-08-20,S1020,PP02,11.0,11.0,0.0
2022-08-27,S1020,PP02,11.0,11.0,0.0
2022-09-03,S1020,PP02,12.0,12.0,0.0
2022-09-10,S1020,PP02,10.0,10.0,0.0
2022-09-17,S1020,PP02,11.0,11.0,0.0
2022-09-24,S1020,PP02,9.0,9.0,0.0
2022-10-01,S1020,PP02,12.0,12.0,0.0
2022-10-08,S1020,PP02,11.0,11.0,0.0
2022-10-15,S1020,PP02,10.0,10.0,0.0
2022-10-22,S1020,PP02,14.0,14.0,0.0
2022-10-29,S1020,PP02,11.0,11.0,0.0
2022-11-05,S1020,PP02,15.0,15.0,0.0
2022-11-12,S1020,PP02,13.0,13.0,0.0
2022-11-19,S1020,PP02,18.0,18.0,0.0
2022-11-26,S1020,PP02,18.0,18.0,0.0
2022-12-03,S1020,PP02,16.0,16.0,0.0
2022-12-10,S1020,PP02,17.0,17.0,0.0
2022-12-17,S1020,PP02,19.0,18.0,1.0
2022-12-24,S1020,PP02,15.0,16.0,0.0
2022-12-31,S1020,PP02,13.0,13.0,0.0
2023-01-07,S1020,PP02,12.0,12.0,0.0
2023-01-14,S1020,PP02,9.0,9.0,0.0
2023-01-21,S1020,PP02,10.0,10.0,0.0
2023-01-28,S1020,PP02,11.0,11.0,0.0
2023-02-04,S1020,PP02,12.0,12.0,0.0
2023-02-11,S1020,PP02,11.0,11.0,0.0
2023-02-18,S1020,PP02,11.0,11.0,0.0
2023-02-25,S1020,PP02,10.0,10.0,0.0
2023-03-04,S1020,PP02,10.0,10.0,0.0
2023-03-11,S1020,PP02,12.0,12.0,0.0
2023-03-18,S1020,PP02,12.0,12.0,0.0
2023-03-25,S1020,PP02,12.0,12.0,0.0
2023-04-01,S1020,PP02,13.0,13.0,0.0
2023-04-08,S1020,PP02,11.0,11.0,0.0
2023-04-15,S1020,PP02,12.0,12.0,0.0
2023-04-22,S1020,PP02,13.0,13.0,0.0
2023-04-29,S1020,PP02,12.0,12.0,0.0
2023-05-06,S1020,PP02,14.0,14.0,0.0
2023-05-13,S1020,PP02,14.0,14.0,0.0
2023-05-20,S1020,PP02,13.0,13.0,0.0
2023-05-27,S1020,PP02,15.0,15.0,0.0
2023-06-03,S1020,PP02,11.0,11.0,0.0
2023-06-10,S1020,PP02,12.0,12.0,0.0
2023-06-17,S1020,PP02,13.0,13.0,0.0
2023-06-24,S1020,PP02,11.0,11.0,0.0
2023-07-01,S1020,PP02,12.0,12.0,0.0
2023-07-08,S1020,PP02,11.0,11.0,0.0
2023-07-15,S1020,PP02,13.0,13.0,0.0
2023-07-22,S1020,PP02,14.0,14.0,0.0
2023-07-29,S1020,PP02,13.0,13.0,0.0
2023-08-05,S1020,PP02,11.0,11.0,0.0
2023-08-12,S1020,PP02,12.0,12.0,0.0
2023-08-19,S1020,PP02,13.0,13.0,0.0
2023-08-26,S1020,PP02,12.0,12.0,0.0
2023-09-02,S1020,PP02,9.0,9.0,0.0
2023-09-09,S1020,PP02,13.0,13.0,0.0
2023-09-16,S1020,PP02,12.0,12.0,0.0
2023-09-23,S1020,PP02,11.0,11.0,0.0
2023-09-30,S1020,PP02,13.0,13.0,0.0
2023-10-07,S1020,PP02,11.0,11.0,0.0
2023-10-14,S1020,PP02,11.0,11.0,0.0
2023-10-21,S1020,PP02,13.0,13.0,0.0
2023-10-28,S1020,PP02,15.0,15.0,0.0
2023-11-04,S1020,PP02,16.0,16.0,0.0
2023-11-11,S1020,PP02,15.0,15.0,0.0
2023-11-18,S1020,PP02,16.0,16.0,0.0
2023-11-25,S1020,PP02,18.0,18.0,0.0
2023-12-02,S1020,PP02,16.0,16.0,0.0
2023-12-09,S1020,PP02,20.0,18.0,2.0
2023-12-16,S1020,PP02,17.0,18.0,1.0
2023-12-23,S1020,PP02,17.0,18.0,0.0
2023-12-30,S1020,PP02,13.0,13.0,0.0
2024-01-06,S1020,PP02,12.0,12.0,0.0
2024-01-13,S1020,PP02,9.0,9.0,0.0
2024-01-20,S1020,PP02,7.0,7.0,0.0
2024-01-27,S1020,PP02,10.0,10.0,0.0
2024-02-03,S1020,PP02,12.0,12.0,0.0
2024-02-10,S1020,PP02,12.0,12.0,0.0
2024-02-17,S1020,PP02,11.0,11.0,0.0
2024-02-24,S1020,PP02,14.0,14.0,0.0
2024-03-02,S1020,PP02,12.0,12.0,0.0
2024-03-09,S1020,PP02,13.0,13.0,0.0
2024-03-16,S1020,PP02,13.0,13.0,0.0
2024-03-23,S1020,PP02,12.0,12.0,0.0
2024-03-30,S1020,PP02,11.0,11.0,0.0
2024-04-06,S1020,PP02,9.0,9.0,0.0
2024-04-13,S1020,PP02,11.0,11.0,0.0
2024-04-20,S1020,PP02,13.0,13.0,0.0
2024-04-27,S1020,PP02,12.0,12.0,0.0
2024-05-04,S1020,PP02,14.0,14.0,0.0
2024-05-11,S1020,PP02,13.0,13.0,0.0
2024-05-18,S1020,PP02,15.0,15.0,0.0
2024-05-25,S1020,PP02,13.0,13.0,0.0
2024-06-01,S1020,PP02,13.0,13.0,0.0
2024-06-08,S1020,PP02,13.0,13.0,0.0
2024-06-15,S1020,PP02,15.0,15.0,0.0
2024-06-22,S1020,PP02,11.0,11.0,0.0
2024-06-29,S1020,PP02,12.0,12.0,0.0
2024-07-06,S1020,PP02,13.0,13.0,0.0
2024-07-13,S1020,PP02,14.0,14.0,0.0
2024-07-20,S1020,PP02,13.0,13.0,0.0
2024-07-27,S1020,PP02,12.0,12.0,0.0
2024-08-03,S1020,PP02,14.0,14.0,0.0
2024-08-10,S1020,PP02,14.0,14.0,0.0
2024-08-17,S1020,PP02,12.0,12.0,0.0
2024-08-24,S1020,PP02,13.0,13.0,0.0
2024-08-31,S1020,PP02,14.0,14.0,0.0
2024-09-07,S1020,PP02,14.0,14.0,0.0
2024-09-14,S1020,PP02,12.0,12.0,0.0
2024-09-21,S1020,PP02,12.0,12.0,0.0
2024-09-28,S1020,PP02,12.0,12.0,0.0
2024-10-05,S1020,PP02,13.0,13.0,0.0
2024-10-12,S1020,PP02,12.0,12.0,0.0
2024-10-19,S1020,PP02,13.0,13.0,0.0
2024-10-26,S1020,PP02,12.0,12.0,0.0
2024-11-02,S1020,PP02,16.0,16.0,0.0
2024-11-09,S1020,PP02,13.0,13.0,0.0
2024-11-16,S1020,PP02,15.0,15.0,0.0
2024-11-23,S1020,PP02,17.0,17.0,0.0
2024-11-30,S1020,PP02,22.0,18.0,4.0
2024-12-07,S1020,PP02,18.0,18.0,4.0
2024-12-14,S1020,PP02,18.0,18.0,4.0
2024-12-21,S1020,PP02,16.0,18.0,2.0
2024-12-28,S1020,PP02,17.0,18.0,1.0
2025-01-04,S1020,PP02,9.0,10.0,0.0
2025-01-11,S1020,PP02,9.0,9.0,0.0
2025-01-18,S1020,PP02,13.0,13.0,0.0
2025-01-25,S1020,PP02,11.0,11.0,0.0
2025-02-01,S1020,PP02,10.0,10.0,0.0
2025-02-08,S1020,PP02,11.0,11.0,0.0
2025-02-15,S1020,PP02,12.0,12.0,0.0
2025-02-22,S1020,PP02,13.0,13.0,0.0
2025-03-01,S1020,PP02,15.0,15.0,0.0
2025-03-08,S1020,PP02,13.0,13.0,0.0
2025-03-15,S1020,PP02,12.0,12.0,0.0
2025-03-22,S1020,PP02,14.0,14.0,0.0
2025-03-29,S1020,PP02,12.0,12.0,0.0
2025-04-05,S1020,PP02,11.0,11.0,0.0
2025-04-12,S1020,PP02,11.0,11.0,0.0
2025-04-19,S1020,PP02,11.0,11.0,0.0
2025-04-26,S1020,PP02,12.0,12.0,0.0
2025-05-03,S1020,PP02,12.0,12.0,0.0
2025-05-10,S1020,PP02,14.0,14.0,0.0
2025-05-17,S1020,PP02,12.0,12.0,0.0
2025-05-24,S1020,PP02,10.0,10.0,0.0
2025-05-31,S1020,PP02,12.0,12.0,0.0
2025-06-07,S1020,PP02,13.0,13.0,0.0
2025-06-14,S1020,PP02,12.0,12.0,0.0
2025-06-21,S1020,PP02,15.0,15.0,0.0
2025-06-28,S1020,PP02,12.0,12.0,0.0
2025-07-05,S1020,PP02,14.0,14.0,0.0
2025-07-12,S1020,PP02,13.0,13.0,0.0
2025-07-19,S1020,PP02,13.0,13.0,0.0
2025-07-26,S1020,PP02,13.0,13.0,0.0
2025-08-02,S1020,PP02,14.0,14.0,0.0
2025-08-09,S1020,PP02,13.0,13.0,0.0
2025-08-16,S1020,PP02,14.0,14.0,0.0
2025-08-23,S1020,PP02,13.0,13.0,0.0
2025-08-30,S1020,PP02,12.0,12.0,0.0
2025-09-06,S1020,PP02,14.0,14.0,0.0
2025-09-13,S1020,PP02,13.0,13.0,0.0
2025-09-20,S1020,PP02,12.0,12.0,0.0
2025-09-27,S1020,PP02,13.0,13.0,0.0
2025-10-04,S1020,PP02,13.0,13.0,0.0
2025-10-11,S1020,PP02,12.0,12.0,0.0
2025-10-18,S1020,PP02,14.0,14.0,0.0
2025-10-25,S1020,PP02,13.0,13.0,0.0
2025-11-01,S1020,PP02,14.0,14.0,0.0
2025-11-08,S1020,PP02,13.0,13.0,0.0
2025-11-15,S1020,PP02,16.0,16.0,0.0
2025-11-22,S1020,PP02,19.0,18.0,1.0
2025-11-29,S1020,PP02,18.0,18.0,1.0
2025-12-06,S1020,PP02,26.0,18.0,9.0
2025-12-13,S1020,PP02,23.0,18.0,14.0
2025-12-20,S1020,PP02,21.0,18.0,17.0
2025-12-27,S1020,PP02,17.0,18.0,16.0
2026-01-03,S1020,PP02,16.0,18.0,14.0
2026-01-10,S1020,PP02,10.0,18.0,6.0
2026-01-17,S1020,PP02,8.0,14.0,0.0
2026-01-24,S1020,PP02,11.0,11.0,0.0
2026-01-31,S1020,PP02,12.0,12.0,0.0
2026-02-07,S1020,PP02,12.0,12.0,0.0
2026-02-14,S1020,PP02,13.0,13.0,0.0
2026-02-21,S1020,PP02,15.0,15.0,0.0
2026-02-28,S1020,PP02,13.0,13.0,0.0
2026-03-07,S1020,PP02,14.0,14.0,0.0
2026-03-14,S1020,PP02,12.0,12.0,0.0
2026-03-21,S1020,PP02,12.0,12.0,0.0
2026-03-28,S1020,PP02,16.0,16.0,0.0
2026-04-04,S1020,PP02,14.0,14.0,0.0
2026-04-11,S1020,PP02,13.0,13.0,0.0
2026-04-18,S1020,PP02,13.0,13.0,0.0
2026-04-25,S1020,PP02,13.0,13.0,0.0
2026-05-02,S1020,PP02,13.0,13.0,0.0
2026-05-09,S1020,PP02,13.0,13.0,0.0
2026-05-16,S1020,PP02,13.0,13.0,0.0
2026-05-23,S1020,PP02,14.0,14.0,0.0
2026-05-30,S1020,PP02,13.0,13.0,0.0
2026-06-06,S1020,PP02,15.0,15.0,0.0
2026-06-13,S1020,PP02,14.0,14.0,0.0
2026-06-20,S1020,PP02,14.0,14.0,0.0
2026-06-27,S1020,PP02,13.0,13.0,0.0
2026-07-04,S1020,PP02,14.0,14.0,0.0
2026-07-11,S1020,PP02,15.0,15.0,0.0
2026-07-18,S1020,PP02,15.0,15.0,0.0
2026-07-25,S1020,PP02,14.0,14.0,0.0
2022-08-06,S1021,PP02,20.0,20.0,0.0
2022-08-13,S1021,PP02,18.0,18.0,0.0
2022-08-20,S1021,PP02,19.0,19.0,0.0
2022-08-27,S1021,PP02,17.0,17.0,0.0
2022-09-03,S1021,PP02,14.0,14.0,0.0
2022-09-10,S1021,PP02,17.0,17.0,0.0
2022-09-17,S1021,PP02,18.0,18.0,0.0
2022-09-24,S1021,PP02,18.0,18.0,0.0
2022-10-01,S1021,PP02,18.0,18.0,0.0
2022-10-08,S1021,PP02,16.0,16.0,0.0
2022-10-15,S1021,PP02,16.0,16.0,0.0
2022-10-22,S1021,PP02,19.0,19.0,0.0
2022-10-29,S1021,PP02,20.0,20.0,0.0
2022-11-05,S1021,PP02,18.0,18.0,0.0
2022-11-12,S1021,PP02,23.0,23.0,0.0
2022-11-19,S1021,PP02,20.0,20.0,0.0
2022-11-26,S1021,PP02,22.0,22.0,0.0
2022-12-03,S1021,PP02,30.0,27.0,3.0
2022-12-10,S1021,PP02,30.0,27.0,6.0
2022-12-17,S1021,PP02,24.0,27.0,3.0
2022-12-24,S1021,PP02,23.0,26.0,0.0
2022-12-31,S1021,PP02,19.0,19.0,0.0
2023-01-07,S1021,PP02,12.0,12.0,0.0
2023-01-14,S1021,PP02,12.0,12.0,0.0
2023-01-21,S1021,PP02,14.0,14.0,0.0
2023-01-28,S1021,PP02,14.0,14.0,0.0
2023-02-04,S1021,PP02,16.0,16.0,0.0
2023-02-11,S1021,PP02,18.0,18.0,0.0
2023-02-18,S1021,PP02,16.0,16.0,0.0
2023-02-25,S1021,PP02,15.0,15.0,0.0
2023-03-04,S1021,PP02,17.0,17.0,0.0
2023-03-11,S1021,PP02,17.0,17.0,0.0
2023-03-18,S1021,PP02,17.0,17.0,0.0
2023-03-25,S1021,PP02,17.0,17.0,0.0
2023-04-01,S1021,PP02,22.0,22.0,0.0
2023-04-08,S1021,PP02,14.0,14.0,0.0
2023-04-15,S1021,PP02,17.0,17.0,0.0
2023-04-22,S1021,PP02,18.0,18.0,0.0
2023-04-29,S1021,PP02,17.0,17.0,0.0
2023-05-06,S1021,PP02,20.0,20.0,0.0
2023-05-13,S1021,PP02,20.0,20.0,0.0
2023-05-20,S1021,PP02,18.0,18.0,0.0
2023-05-27,S1021,PP02,17.0,17.0,0.0
2023-06-03,S1021,PP02,18.0,18.0,0.0
2023-06-10,S1021,PP02,18.0,18.0,0.0
2023-06-17,S1021,PP02,17.0,17.0,0.0
2023-06-24,S1021,PP02,17.0,17.0,0.0
2023-07-01,S1021,PP02,18.0,18.0,0.0
2023-07-08,S1021,PP02,19.0,19.0,0.0
2023-07-15,S1021,PP02,16.0,16.0,0.0
2023-07-22,S1021,PP02,16.0,16.0,0.0
2023-07-29,S1021,PP02,15.0,15.0,0.0
2023-08-05,S1021,PP02,20.0,20.0,0.0
2023-08-12,S1021,PP02,19.0,19.0,0.0
2023-08-19,S1021,PP02,19.0,19.0,0.0
2023-08-26,S1021,PP02,16.0,16.0,0.0
2023-09-02,S1021,PP02,21.0,21.0,0.0
2023-09-09,S1021,PP02,16.0,16.0,0.0
2023-09-16,S1021,PP02,17.0,17.0,0.0
2023-09-23,S1021,PP02,18.0,18.0,0.0
2023-09-30,S1021,PP02,15.0,15.0,0.0
2023-10-07,S1021,PP02,16.0,16.0,0.0
2023-10-14,S1021,PP02,17.0,17.0,0.0
2023-10-21,S1021,PP02,24.0,24.0,0.0
2023-10-28,S1021,PP02,19.0,19.0,0.0
2023-11-04,S1021,PP02,23.0,23.0,0.0
2023-11-11,S1021,PP02,23.0,23.0,0.0
2023-11-18,S1021,PP02,23.0,23.0,0.0
2023-11-25,S1021,PP02,22.0,22.0,0.0
2023-12-02,S1021,PP02,29.0,27.0,2.0
2023-12-09,S1021,PP02,24.0,26.0,0.0
2023-12-16,S1021,PP02,31.0,27.0,4.0
2023-12-23,S1021,PP02,24.0,27.0,1.0
2023-12-30,S1021,PP02,15.0,16.0,0.0
2024-01-06,S1021,PP02,16.0,16.0,0.0
2024-01-13,S1021,PP02,14.0,14.0,0.0
2024-01-20,S1021,PP02,14.0,14.0,0.0
2024-01-27,S1021,PP02,16.0,16.0,0.0
2024-02-03,S1021,PP02,14.0,14.0,0.0
2024-02-10,S1021,PP02,14.0,14.0,0.0
2024-02-17,S1021,PP02,17.0,17.0,0.0
2024-02-24,S1021,PP02,17.0,17.0,0.0
2024-03-02,S1021,PP02,17.0,17.0,0.0
2024-03-09,S1021,PP02,20.0,20.0,0.0
2024-03-16,S1021,PP02,16.0,16.0,0.0
2024-03-23,S1021,PP02,18.0,18.0,0.0
2024-03-30,S1021,PP02,18.0,18.0,0.0
2024-04-06,S1021,PP02,15.0,15.0,0.0
2024-04-13,S1021,PP02,15.0,15.0,0.0
2024-04-20,S1021,PP02,18.0,18.0,0.0
2024-04-27,S1021,PP02,22.0,22.0,0.0
2024-05-04,S1021,PP02,20.0,20.0,0.0
2024-05-11,S1021,PP02,16.0,16.0,0.0
2024-05-18,S1021,PP02,14.0,14.0,0.0
2024-05-25,S1021,PP02,20.0,20.0,0.0
2024-06-01,S1021,PP02,18.0,18.0,0.0
2024-06-08,S1021,PP02,21.0,21.0,0.0
2024-06-15,S1021,PP02,17.0,17.0,0.0
2024-06-22,S1021,PP02,19.0,19.0,0.0
2024-06-29,S1021,PP02,20.0,20.0,0.0
2024-07-06,S1021,PP02,17.0,17.0,0.0
2024-07-13,S1021,PP02,17.0,17.0,0.0
2024-07-20,S1021,PP02,18.0,18.0,0.0
2024-07-27,S1021,PP02,19.0,19.0,0.0
2024-08-03,S1021,PP02,19.0,19.0,0.0
2024-08-10,S1021,PP02,21.0,21.0,0.0
2024-08-17,S1021,PP02,18.0,18.0,0.0
2024-08-24,S1021,PP02,16.0,16.0,0.0
2024-08-31,S1021,PP02,21.0,21.0,0.0
2024-09-07,S1021,PP02,16.0,16.0,0.0
2024-09-14,S1021,PP02,16.0,16.0,0.0
2024-09-21,S1021,PP02,17.0,17.0,0.0
2024-09-28,S1021,PP02,17.0,17.0,0.0
2024-10-05,S1021,PP02,17.0,17.0,0.0
2024-10-12,S1021,PP02,18.0,18.0,0.0
2024-10-19,S1021,PP02,18.0,18.0,0.0
2024-10-26,S1021,PP02,20.0,20.0,0.0
2024-11-02,S1021,PP02,16.0,16.0,0.0
2024-11-09,S1021,PP02,26.0,26.0,0.0
2024-11-16,S1021,PP02,22.0,22.0,0.0
2024-11-23,S1021,PP02,26.0,26.0,0.0
2024-11-30,S1021,PP02,23.0,23.0,0.0
2024-12-07,S1021,PP02,26.0,26.0,0.0
2024-12-14,S1021,PP02,26.0,26.0,0.0
2024-12-21,S1021,PP02,29.0,27.0,2.0
2024-12-28,S1021,PP02,20.0,22.0,0.0
2025-01-04,S1021,PP02,19.0,19.0,0.0
2025-01-11,S1021,PP02,14.0,14.0,0.0
2025-01-18,S1021,PP02,14.0,14.0,0.0
2025-01-25,S1021,PP02,15.0,15.0,0.0
2025-02-01,S1021,PP02,18.0,18.0,0.0
2025-02-08,S1021,PP02,14.0,14.0,0.0
2025-02-15,S1021,PP02,15.0,15.0,0.0
2025-02-22,S1021,PP02,14.0,14.0,0.0
2025-03-01,S1021,PP02,16.0,16.0,0.0
2025-03-08,S1021,PP02,17.0,17.0,0.0
2025-03-15,S1021,PP02,15.0,15.0,0.0
2025-03-22,S1021,PP02,17.0,17.0,0.0
2025-03-29,S1021,PP02,15.0,15.0,0.0
2025-04-05,S1021,PP02,17.0,17.0,0.0
2025-04-12,S1021,PP02,21.0,21.0,0.0
2025-04-19,S1021,PP02,20.0,20.0,0.0
2025-04-26,S1021,PP02,20.0,20.0,0.0
2025-05-03,S1021,PP02,18.0,18.0,0.0
2025-05-10,S1021,PP02,17.0,17.0,0.0
2025-05-17,S1021,PP02,18.0,18.0,0.0
2025-05-24,S1021,PP02,20.0,20.0,0.0
2025-05-31,S1021,PP02,21.0,21.0,0.0
2025-06-07,S1021,PP02,21.0,21.0,0.0
2025-06-14,S1021,PP02,20.0,20.0,0.0
2025-06-21,S1021,PP02,18.0,18.0,0.0
2025-06-28,S1021,PP02,19.0,19.0,0.0
2025-07-05,S1021,PP02,19.0,19.0,0.0
2025-07-12,S1021,PP02,19.0,19.0,0.0
2025-07-19,S1021,PP02,24.0,24.0,0.0
2025-07-26,S1021,PP02,17.0,17.0,0.0
2025-08-02,S1021,PP02,20.0,20.0,0.0
2025-08-09,S1021,PP02,23.0,23.0,0.0
2025-08-16,S1021,PP02,17.0,17.0,0.0
2025-08-23,S1021,PP02,18.0,18.0,0.0
2025-08-30,S1021,PP02,18.0,18.0,0.0
2025-09-06,S1021,PP02,18.0,18.0,0.0
2025-09-13,S1021,PP02,15.0,15.0,0.0
2025-09-20,S1021,PP02,19.0,19.0,0.0
2025-09-27,S1021,PP02,20.0,20.0,0.0
2025-10-04,S1021,PP02,20.0,20.0,0.0
2025-10-11,S1021,PP02,17.0,17.0,0.0
2025-10-18,S1021,PP02,20.0,20.0,0.0
2025-10-25,S1021,PP02,19.0,19.0,0.0
2025-11-01,S1021,PP02,21.0,21.0,0.0
2025-11-08,S1021,PP02,28.0,27.0,1.0
2025-11-15,S1021,PP02,24.0,25.0,0.0
2025-11-22,S1021,PP02,23.0,23.0,0.0
2025-11-29,S1021,PP02,28.0,27.0,1.0
2025-12-06,S1021,PP02,25.0,26.0,0.0
2025-12-13,S1021,PP02,27.0,27.0,0.0
2025-12-20,S1021,PP02,24.0,24.0,0.0
2025-12-27,S1021,PP02,22.0,22.0,0.0
2026-01-03,S1021,PP02,21.0,21.0,0.0
2026-01-10,S1021,PP02,17.0,17.0,0.0
2026-01-17,S1021,PP02,16.0,16.0,0.0
2026-01-24,S1021,PP02,14.0,14.0,0.0
2026-01-31,S1021,PP02,16.0,16.0,0.0
2026-02-07,S1021,PP02,18.0,18.0,0.0
2026-02-14,S1021,PP02,17.0,17.0,0.0
2026-02-21,S1021,PP02,18.0,18.0,0.0
2026-02-28,S1021,PP02,20.0,20.0,0.0
2026-03-07,S1021,PP02,18.0,18.0,0.0
2026-03-14,S1021,PP02,20.0,20.0,0.0
2026-03-21,S1021,PP02,23.0,23.0,0.0
2026-03-28,S1021,PP02,19.0,19.0,0.0
2026-04-04,S1021,PP02,22.0,22.0,0.0
2026-04-11,S1021,PP02,21.0,21.0,0.0
2026-04-18,S1021,PP02,17.0,17.0,0.0
2026-04-25,S1021,PP02,18.0,18.0,0.0
2026-05-02,S1021,PP02,19.0,19.0,0.0
2026-05-09,S1021,PP02,19.0,19.0,0.0
2026-05-16,S1021,PP02,21.0,21.0,0.0
2026-05-23,S1021,PP02,22.0,22.0,0.0
2026-05-30,S1021,PP02,23.0,23.0,0.0
2026-06-06,S1021,PP02,21.0,21.0,0.0
2026-06-13,S1021,PP02,19.0,19.0,0.0
2026-06-20,S1021,PP02,16.0,16.0,0.0
2026-06-27,S1021,PP02,20.0,20.0,0.0
2026-07-04,S1021,PP02,20.0,20.0,0.0
2026-07-11,S1021,PP02,21.0,21.0,0.0
2026-07-18,S1021,PP02,25.0,25.0,0.0
2026-07-25,S1021,PP02,23.0,23.0,0.0
2023-04-22,S1022,PP02,7.0,7.0,0.0
2023-04-29,S1022,PP02,8.0,8.0,0.0
2023-05-06,S1022,PP02,11.0,11.0,0.0
2023-05-13,S1022,PP02,12.0,12.0,0.0
2023-05-20,S1022,PP02,12.0,12.0,0.0
2023-05-27,S1022,PP02,12.0,12.0,0.0
2023-06-03,S1022,PP02,14.0,14.0,0.0
2023-06-10,S1022,PP02,15.0,15.0,0.0
2023-06-17,S1022,PP02,13.0,13.0,0.0
2023-06-24,S1022,PP02,14.0,14.0,0.0
2023-07-01,S1022,PP02,12.0,12.0,0.0
2023-07-08,S1022,PP02,16.0,16.0,0.0
2023-07-15,S1022,PP02,17.0,17.0,0.0
2023-07-22,S1022,PP02,14.0,14.0,0.0
2023-07-29,S1022,PP02,12.0,12.0,0.0
2023-08-05,S1022,PP02,16.0,16.0,0.0
2023-08-12,S1022,PP02,14.0,14.0,0.0
2023-08-19,S1022,PP02,14.0,14.0,0.0
2023-08-26,S1022,PP02,15.0,15.0,0.0
2023-09-02,S1022,PP02,14.0,14.0,0.0
2023-09-09,S1022,PP02,13.0,13.0,0.0
2023-09-16,S1022,PP02,13.0,13.0,0.0
2023-09-23,S1022,PP02,14.0,14.0,0.0
2023-09-30,S1022,PP02,13.0,13.0,0.0
2023-10-07,S1022,PP02,12.0,12.0,0.0
2023-10-14,S1022,PP02,13.0,13.0,0.0
2023-10-21,S1022,PP02,15.0,15.0,0.0
2023-10-28,S1022,PP02,15.0,15.0,0.0
2023-11-04,S1022,PP02,14.0,14.0,0.0
2023-11-11,S1022,PP02,18.0,18.0,0.0
2023-11-18,S1022,PP02,13.0,13.0,0.0
2023-11-25,S1022,PP02,18.0,18.0,0.0
2023-12-02,S1022,PP02,19.0,19.0,0.0
2023-12-09,S1022,PP02,22.0,21.0,1.0
2023-12-16,S1022,PP02,22.0,21.0,2.0
2023-12-23,S1022,PP02,21.0,21.0,2.0
2023-12-30,S1022,PP02,15.0,17.0,0.0
2024-01-06,S1022,PP02,14.0,14.0,0.0
2024-01-13,S1022,PP02,11.0,11.0,0.0
2024-01-20,S1022,PP02,9.0,9.0,0.0
2024-01-27,S1022,PP02,14.0,14.0,0.0
2024-02-03,S1022,PP02,11.0,11.0,0.0
2024-02-10,S1022,PP02,13.0,13.0,0.0
2024-02-17,S1022,PP02,14.0,14.0,0.0
2024-02-24,S1022,PP02,14.0,14.0,0.0
2024-03-02,S1022,PP02,13.0,13.0,0.0
2024-03-09,S1022,PP02,15.0,15.0,0.0
2024-03-16,S1022,PP02,12.0,12.0,0.0
2024-03-23,S1022,PP02,14.0,14.0,0.0
2024-03-30,S1022,PP02,13.0,13.0,0.0
2024-04-06,S1022,PP02,13.0,13.0,0.0
2024-04-13,S1022,PP02,14.0,14.0,0.0
2024-04-20,S1022,PP02,16.0,16.0,0.0
2024-04-27,S1022,PP02,14.0,14.0,0.0
2024-05-04,S1022,PP02,16.0,16.0,0.0
2024-05-11,S1022,PP02,15.0,15.0,0.0
2024-05-18,S1022,PP02,14.0,14.0,0.0
2024-05-25,S1022,PP02,15.0,15.0,0.0
2024-06-01,S1022,PP02,14.0,14.0,0.0
2024-06-08,S1022,PP02,14.0,14.0,0.0
2024-06-15,S1022,PP02,15.0,15.0,0.0
2024-06-22,S1022,PP02,15.0,15.0,0.0
2024-06-29,S1022,PP02,12.0,12.0,0.0
2024-07-06,S1022,PP02,12.0,12.0,0.0
2024-07-13,S1022,PP02,15.0,15.0,0.0
2024-07-20,S1022,PP02,13.0,13.0,0.0
2024-07-27,S1022,PP02,15.0,15.0,0.0
2024-08-03,S1022,PP02,16.0,16.0,0.0
2024-08-10,S1022,PP02,13.0,13.0,0.0
2024-08-17,S1022,PP02,13.0,13.0,0.0
2024-08-24,S1022,PP02,17.0,17.0,0.0
2024-08-31,S1022,PP02,14.0,14.0,0.0
2024-09-07,S1022,PP02,13.0,13.0,0.0
2024-09-14,S1022,PP02,12.0,12.0,0.0
2024-09-21,S1022,PP02,13.0,13.0,0.0
2024-09-28,S1022,PP02,12.0,12.0,0.0
2024-10-05,S1022,PP02,15.0,15.0,0.0
2024-10-12,S1022,PP02,13.0,13.0,0.0
2024-10-19,S1022,PP02,16.0,16.0,0.0
2024-10-26,S1022,PP02,15.0,15.0,0.0
2024-11-02,S1022,PP02,14.0,14.0,0.0
2024-11-09,S1022,PP02,16.0,16.0,0.0
2024-11-16,S1022,PP02,14.0,14.0,0.0
2024-11-23,S1022,PP02,19.0,19.0,0.0
2024-11-30,S1022,PP02,20.0,20.0,0.0
2024-12-07,S1022,PP02,24.0,21.0,3.0
2024-12-14,S1022,PP02,18.0,21.0,0.0
2024-12-21,S1022,PP02,22.0,21.0,1.0
2024-12-28,S1022,PP02,18.0,19.0,0.0
2025-01-04,S1022,PP02,16.0,16.0,0.0
2025-01-11,S1022,PP02,12.0,12.0,0.0
2025-01-18,S1022,PP02,13.0,13.0,0.0
2025-01-25,S1022,PP02,10.0,10.0,0.0
2025-02-01,S1022,PP02,13.0,13.0,0.0
2025-02-08,S1022,PP02,12.0,12.0,0.0
2025-02-15,S1022,PP02,11.0,11.0,0.0
2025-02-22,S1022,PP02,12.0,12.0,0.0
2025-03-01,S1022,PP02,14.0,14.0,0.0
2025-03-08,S1022,PP02,13.0,13.0,0.0
2025-03-15,S1022,PP02,15.0,15.0,0.0
2025-03-22,S1022,PP02,12.0,12.0,0.0
2025-03-29,S1022,PP02,12.0,12.0,0.0
2025-04-05,S1022,PP02,17.0,17.0,0.0
2025-04-12,S1022,PP02,16.0,16.0,0.0
2025-04-19,S1022,PP02,14.0,14.0,0.0
2025-04-26,S1022,PP02,15.0,15.0,0.0
2025-05-03,S1022,PP02,17.0,17.0,0.0
2025-05-10,S1022,PP02,17.0,17.0,0.0
2025-05-17,S1022,PP02,16.0,16.0,0.0
2025-05-24,S1022,PP02,17.0,17.0,0.0
2025-05-31,S1022,PP02,14.0,14.0,0.0
2025-06-07,S1022,PP02,15.0,15.0,0.0
2025-06-14,S1022,PP02,15.0,15.0,0.0
2025-06-21,S1022,PP02,15.0,15.0,0.0
2025-06-28,S1022,PP02,15.0,15.0,0.0
2025-07-05,S1022,PP02,15.0,15.0,0.0
2025-07-12,S1022,PP02,15.0,15.0,0.0
2025-07-19,S1022,PP02,14.0,14.0,0.0
2025-07-26,S1022,PP02,17.0,17.0,0.0
2025-08-02,S1022,PP02,14.0,14.0,0.0
2025-08-09,S1022,PP02,16.0,16.0,0.0
2025-08-16,S1022,PP02,15.0,15.0,0.0
2025-08-23,S1022,PP02,16.0,16.0,0.0
2025-08-30,S1022,PP02,12.0,12.0,0.0
2025-09-06,S1022,PP02,16.0,16.0,0.0
2025-09-13,S1022,PP02,13.0,13.0,0.0
2025-09-20,S1022,PP02,16.0,16.0,0.0
2025-09-27,S1022,PP02,14.0,14.0,0.0
2025-10-04,S1022,PP02,15.0,15.0,0.0
2025-10-11,S1022,PP02,18.0,18.0,0.0
2025-10-18,S1022,PP02,15.0,15.0,0.0
2025-10-25,S1022,PP02,19.0,19.0,0.0
2025-11-01,S1022,PP02,17.0,17.0,0.0
2025-11-08,S1022,PP02,19.0,19.0,0.0
2025-11-15,S1022,PP02,19.0,19.0,0.0
2025-11-22,S1022,PP02,22.0,21.0,1.0
2025-11-29,S1022,PP02,20.0,21.0,0.0
2025-12-06,S1022,PP02,21.0,21.0,0.0
2025-12-13,S1022,PP02,22.0,21.0,1.0
2025-12-20,S1022,PP02,21.0,21.0,1.0
2025-12-27,S1022,PP02,18.0,19.0,0.0
2026-01-03,S1022,PP02,17.0,17.0,0.0
2026-01-10,S1022,PP02,14.0,14.0,0.0
2026-01-17,S1022,PP02,11.0,11.0,0.0
2026-01-24,S1022,PP02,12.0,12.0,0.0
2026-01-31,S1022,PP02,12.0,12.0,0.0
2026-02-07,S1022,PP02,17.0,17.0,0.0
2026-02-14,S1022,PP02,15.0,15.0,0.0
2026-02-21,S1022,PP02,15.0,15.0,0.0
2026-02-28,S1022,PP02,13.0,13.0,0.0
2026-03-07,S1022,PP02,15.0,15.0,0.0
2026-03-14,S1022,PP02,16.0,16.0,0.0
2026-03-21,S1022,PP02,15.0,15.0,0.0
2026-03-28,S1022,PP02,17.0,17.0,0.0
2026-04-04,S1022,PP02,19.0,19.0,0.0
2026-04-11,S1022,PP02,14.0,14.0,0.0
2026-04-18,S1022,PP02,14.0,14.0,0.0
2026-04-25,S1022,PP02,15.0,15.0,0.0
2026-05-02,S1022,PP02,19.0,19.0,0.0
2026-05-09,S1022,PP02,19.0,19.0,0.0
2026-05-16,S1022,PP02,16.0,16.0,0.0
2026-05-23,S1022,PP02,16.0,16.0,0.0
2026-05-30,S1022,PP02,15.0,15.0,0.0
2026-06-06,S1022,PP02,17.0,17.0,0.0
2026-06-13,S1022,PP02,15.0,15.0,0.0
2026-06-20,S1022,PP02,15.0,15.0,0.0
2026-06-27,S1022,PP02,17.0,17.0,0.0
2026-07-04,S1022,PP02,16.0,16.0,0.0
2026-07-11,S1022,PP02,16.0,16.0,0.0
2026-07-18,S1022,PP02,16.0,16.0,0.0
2026-07-25,S1022,PP02,17.0,17.0,0.0
2022-08-06,S1023,PP02,11.0,11.0,0.0
2022-08-13,S1023,PP02,10.0,10.0,0.0
2022-08-20,S1023,PP02,10.0,10.0,0.0
2022-08-27,S1023,PP02,9.0,9.0,0.0
2022-09-03,S1023,PP02,8.0,8.0,0.0
2022-09-10,S1023,PP02,9.0,9.0,0.0
2022-09-17,S1023,PP02,9.0,9.0,0.0
2022-09-24,S1023,PP02,7.0,7.0,0.0
2022-10-01,S1023,PP02,8.0,8.0,0.0
2022-10-08,S1023,PP02,9.0,9.0,0.0
2022-10-15,S1023,PP02,8.0,8.0,0.0
2022-10-22,S1023,PP02,11.0,11.0,0.0
2022-10-29,S1023,PP02,10.0,10.0,0.0
2022-11-05,S1023,PP02,11.0,11.0,0.0
2022-11-12,S1023,PP02,11.0,11.0,0.0
2022-11-19,S1023,PP02,11.0,11.0,0.0
2022-11-26,S1023,PP02,11.0,11.0,0.0
2022-12-03,S1023,PP02,13.0,13.0,0.0
2022-12-10,S1023,PP02,14.0,14.0,0.0
2022-12-17,S1023,PP02,11.0,11.0,0.0
2022-12-24,S1023,PP02,11.0,11.0,0.0
2022-12-31,S1023,PP02,9.0,9.0,0.0
2023-01-07,S1023,PP02,8.0,8.0,0.0
2023-01-14,S1023,PP02,7.0,7.0,0.0
2023-01-21,S1023,PP02,7.0,7.0,0.0
2023-01-28,S1023,PP02,8.0,8.0,0.0
2023-02-04,S1023,PP02,8.0,8.0,0.0
2023-02-11,S1023,PP02,6.0,6.0,0.0
2023-02-18,S1023,PP02,8.0,8.0,0.0
2023-02-25,S1023,PP02,9.0,9.0,0.0
2023-03-04,S1023,PP02,7.0,7.0,0.0
2023-03-11,S1023,PP02,9.0,9.0,0.0
2023-03-18,S1023,PP02,10.0,10.0,0.0
2023-03-25,S1023,PP02,8.0,8.0,0.0
2023-04-01,S1023,PP02,9.0,9.0,0.0
2023-04-08,S1023,PP02,8.0,8.0,0.0
2023-04-15,S1023,PP02,11.0,11.0,0.0
2023-04-22,S1023,PP02,9.0,9.0,0.0
2023-04-29,S1023,PP02,9.0,9.0,0.0
2023-05-06,S1023,PP02,11.0,11.0,0.0
2023-05-13,S1023,PP02,10.0,10.0,0.0
2023-05-20,S1023,PP02,8.0,8.0,0.0
2023-05-27,S1023,PP02,9.0,9.0,0.0
2023-06-03,S1023,PP02,9.0,9.0,0.0
2023-06-10,S1023,PP02,8.0,8.0,0.0
2023-06-17,S1023,PP02,7.0,7.0,0.0
2023-06-24,S1023,PP02,9.0,9.0,0.0
2023-07-01,S1023,PP02,8.0,8.0,0.0
2023-07-08,S1023,PP02,10.0,10.0,0.0
2023-07-15,S1023,PP02,9.0,9.0,0.0
2023-07-22,S1023,PP02,8.0,8.0,0.0
2023-07-29,S1023,PP02,9.0,9.0,0.0
2023-08-05,S1023,PP02,8.0,8.0,0.0
2023-08-12,S1023,PP02,8.0,8.0,0.0
2023-08-19,S1023,PP02,10.0,10.0,0.0
2023-08-26,S1023,PP02,11.0,11.0,0.0
2023-09-02,S1023,PP02,10.0,10.0,0.0
2023-09-09,S1023,PP02,9.0,9.0,0.0
2023-09-16,S1023,PP02,8.0,8.0,0.0
2023-09-23,S1023,PP02,8.0,8.0,0.0
2023-09-30,S1023,PP02,10.0,10.0,0.0
2023-10-07,S1023,PP02,8.0,8.0,0.0
2023-10-14,S1023,PP02,11.0,11.0,0.0
2023-10-21,S1023,PP02,10.0,10.0,0.0
2023-10-28,S1023,PP02,8.0,8.0,0.0
2023-11-04,S1023,PP02,9.0,9.0,0.0
2023-11-11,S1023,PP02,10.0,10.0,0.0
2023-11-18,S1023,PP02,11.0,11.0,0.0
2023-11-25,S1023,PP02,12.0,12.0,0.0
2023-12-02,S1023,PP02,18.0,14.0,4.0
2023-12-09,S1023,PP02,13.0,14.0,3.0
2023-12-16,S1023,PP02,14.0,14.0,3.0
2023-12-23,S1023,PP02,12.0,14.0,1.0
2023-12-30,S1023,PP02,10.0,11.0,0.0
2024-01-06,S1023,PP02,8.0,8.0,0.0
2024-01-13,S1023,PP02,6.0,6.0,0.0
2024-01-20,S1023,PP02,7.0,7.0,0.0
2024-01-27,S1023,PP02,8.0,8.0,0.0
2024-02-03,S1023,PP02,8.0,8.0,0.0
2024-02-10,S1023,PP02,9.0,9.0,0.0
2024-02-17,S1023,PP02,10.0,10.0,0.0
2024-02-24,S1023,PP02,9.0,9.0,0.0
2024-03-02,S1023,PP02,9.0,9.0,0.0
2024-03-09,S1023,PP02,8.0,8.0,0.0
2024-03-16,S1023,PP02,8.0,8.0,0.0
2024-03-23,S1023,PP02,9.0,9.0,0.0
2024-03-30,S1023,PP02,9.0,9.0,0.0
2024-04-06,S1023,PP02,8.0,8.0,0.0
2024-04-13,S1023,PP02,8.0,8.0,0.0
2024-04-20,S1023,PP02,8.0,8.0,0.0
2024-04-27,S1023,PP02,8.0,8.0,0.0
2024-05-04,S1023,PP02,9.0,9.0,0.0
2024-05-11,S1023,PP02,8.0,8.0,0.0
2024-05-18,S1023,PP02,9.0,9.0,0.0
2024-05-25,S1023,PP02,9.0,9.0,0.0
2024-06-01,S1023,PP02,8.0,8.0,0.0
2024-06-08,S1023,PP02,10.0,10.0,0.0
2024-06-15,S1023,PP02,10.0,10.0,0.0
2024-06-22,S1023,PP02,9.0,9.0,0.0
2024-06-29,S1023,PP02,9.0,9.0,0.0
2024-07-06,S1023,PP02,10.0,10.0,0.0
2024-07-13,S1023,PP02,8.0,8.0,0.0
2024-07-20,S1023,PP02,8.0,8.0,0.0
2024-07-27,S1023,PP02,11.0,11.0,0.0
2024-08-03,S1023,PP02,10.0,10.0,0.0
2024-08-10,S1023,PP02,10.0,10.0,0.0
2024-08-17,S1023,PP02,10.0,10.0,0.0
2024-08-24,S1023,PP02,8.0,8.0,0.0
2024-08-31,S1023,PP02,10.0,10.0,0.0
2024-09-07,S1023,PP02,9.0,9.0,0.0
2024-09-14,S1023,PP02,9.0,9.0,0.0
2024-09-21,S1023,PP02,9.0,9.0,0.0
2024-09-28,S1023,PP02,9.0,9.0,0.0
2024-10-05,S1023,PP02,9.0,9.0,0.0
2024-10-12,S1023,PP02,9.0,9.0,0.0
2024-10-19,S1023,PP02,9.0,9.0,0.0
2024-10-26,S1023,PP02,11.0,11.0,0.0
2024-11-02,S1023,PP02,9.0,9.0,0.0
2024-11-09,S1023,PP02,10.0,10.0,0.0
2024-11-16,S1023,PP02,14.0,14.0,0.0
2024-11-23,S1023,PP02,12.0,12.0,0.0
2024-11-30,S1023,PP02,13.0,13.0,0.0
2024-12-07,S1023,PP02,13.0,13.0,0.0
2024-12-14,S1023,PP02,15.0,14.0,1.0
2024-12-21,S1023,PP02,12.0,13.0,0.0
2024-12-28,S1023,PP02,11.0,11.0,0.0
2025-01-04,S1023,PP02,10.0,10.0,0.0
2025-01-11,S1023,PP02,7.0,7.0,0.0
2025-01-18,S1023,PP02,8.0,8.0,0.0
2025-01-25,S1023,PP02,8.0,8.0,0.0
2025-02-01,S1023,PP02,9.0,9.0,0.0
2025-02-08,S1023,PP02,8.0,8.0,0.0
2025-02-15,S1023,PP02,12.0,12.0,0.0
2025-02-22,S1023,PP02,10.0,10.0,0.0
2025-03-01,S1023,PP02,9.0,9.0,0.0
2025-03-08,S1023,PP02,8.0,8.0,0.0
2025-03-15,S1023,PP02,9.0,9.0,0.0
2025-03-22,S1023,PP02,11.0,11.0,0.0
2025-03-29,S1023,PP02,11.0,11.0,0.0
2025-04-05,S1023,PP02,11.0,11.0,0.0
2025-04-12,S1023,PP02,10.0,10.0,0.0
2025-04-19,S1023,PP02,8.0,8.0,0.0
2025-04-26,S1023,PP02,10.0,10.0,0.0
2025-05-03,S1023,PP02,9.0,9.0,0.0
2025-05-10,S1023,PP02,9.0,9.0,0.0
2025-05-17,S1023,PP02,10.0,10.0,0.0
2025-05-24,S1023,PP02,10.0,10.0,0.0
2025-05-31,S1023,PP02,11.0,11.0,0.0
2025-06-07,S1023,PP02,10.0,10.0,0.0
2025-06-14,S1023,PP02,10.0,10.0,0.0
2025-06-21,S1023,PP02,9.0,9.0,0.0
2025-06-28,S1023,PP02,10.0,10.0,0.0
2025-07-05,S1023,PP02,8.0,8.0,0.0
2025-07-12,S1023,PP02,8.0,8.0,0.0
2025-07-19,S1023,PP02,11.0,11.0,0.0
2025-07-26,S1023,PP02,9.0,9.0,0.0
2025-08-02,S1023,PP02,11.0,11.0,0.0
2025-08-09,S1023,PP02,12.0,12.0,0.0
2025-08-16,S1023,PP02,10.0,10.0,0.0
2025-08-23,S1023,PP02,11.0,11.0,0.0
2025-08-30,S1023,PP02,9.0,9.0,0.0
2025-09-06,S1023,PP02,8.0,8.0,0.0
2025-09-13,S1023,PP02,9.0,9.0,0.0
2025-09-20,S1023,PP02,9.0,9.0,0.0
2025-09-27,S1023,PP02,9.0,9.0,0.0
2025-10-04,S1023,PP02,12.0,12.0,0.0
2025-10-11,S1023,PP02,8.0,8.0,0.0
2025-10-18,S1023,PP02,10.0,10.0,0.0
2025-10-25,S1023,PP02,9.0,9.0,0.0
2025-11-01,S1023,PP02,12.0,12.0,0.0
2025-11-08,S1023,PP02,12.0,12.0,0.0
2025-11-15,S1023,PP02,13.0,13.0,0.0
2025-11-22,S1023,PP02,12.0,12.0,0.0
2025-11-29,S1023,PP02,13.0,13.0,0.0
2025-12-06,S1023,PP02,16.0,14.0,2.0
2025-12-13,S1023,PP02,18.0,14.0,6.0
2025-12-20,S1023,PP02,14.0,14.0,6.0
2025-12-27,S1023,PP02,11.0,14.0,3.0
2026-01-03,S1023,PP02,10.0,13.0,0.0
2026-01-10,S1023,PP02,10.0,10.0,0.0
2026-01-17,S1023,PP02,8.0,8.0,0.0
2026-01-24,S1023,PP02,9.0,9.0,0.0
2026-01-31,S1023,PP02,8.0,8.0,0.0
2026-02-07,S1023,PP02,9.0,9.0,0.0
2026-02-14,S1023,PP02,10.0,10.0,0.0
2026-02-21,S1023,PP02,10.0,10.0,0.0
2026-02-28,S1023,PP02,9.0,9.0,0.0
2026-03-07,S1023,PP02,9.0,9.0,0.0
2026-03-14,S1023,PP02,11.0,11.0,0.0
2026-03-21,S1023,PP02,11.0,11.0,0.0
2026-03-28,S1023,PP02,11.0,11.0,0.0
2026-04-04,S1023,PP02,12.0,12.0,0.0
2026-04-11,S1023,PP02,10.0,10.0,0.0
2026-04-18,S1023,PP02,10.0,10.0,0.0
2026-04-25,S1023,PP02,12.0,12.0,0.0
2026-05-02,S1023,PP02,11.0,11.0,0.0
2026-05-09,S1023,PP02,10.0,10.0,0.0
2026-05-16,S1023,PP02,10.0,10.0,0.0
2026-05-23,S1023,PP02,11.0,11.0,0.0
2026-05-30,S1023,PP02,10.0,10.0,0.0
2026-06-06,S1023,PP02,10.0,10.0,0.0
2026-06-13,S1023,PP02,11.0,11.0,0.0
2026-06-20,S1023,PP02,11.0,11.0,0.0
2026-06-27,S1023,PP02,12.0,12.0,0.0
2026-07-04,S1023,PP02,8.0,8.0,0.0
2026-07-11,S1023,PP02,11.0,11.0,0.0
2026-07-18,S1023,PP02,11.0,11.0,0.0
2026-07-25,S1023,PP02,9.0,9.0,0.0
2022-08-06,S1024,PP02,12.0,12.0,0.0
2022-08-13,S1024,PP02,12.0,12.0,0.0
2022-08-20,S1024,PP02,13.0,13.0,0.0
2022-08-27,S1024,PP02,15.0,15.0,0.0
2022-09-03,S1024,PP02,15.0,15.0,0.0
2022-09-10,S1024,PP02,11.0,11.0,0.0
2022-09-17,S1024,PP02,13.0,13.0,0.0
2022-09-24,S1024,PP02,13.0,13.0,0.0
2022-10-01,S1024,PP02,13.0,13.0,0.0
2022-10-08,S1024,PP02,13.0,13.0,0.0
2022-10-15,S1024,PP02,13.0,13.0,0.0
2022-10-22,S1024,PP02,16.0,16.0,0.0
2022-10-29,S1024,PP02,15.0,15.0,0.0
2022-11-05,S1024,PP02,13.0,13.0,0.0
2022-11-12,S1024,PP02,16.0,16.0,0.0
2022-11-19,S1024,PP02,17.0,17.0,0.0
2022-11-26,S1024,PP02,18.0,18.0,0.0
2022-12-03,S1024,PP02,21.0,18.0,3.0
2022-12-10,S1024,PP02,20.0,18.0,5.0
2022-12-17,S1024,PP02,19.0,18.0,6.0
2022-12-24,S1024,PP02,16.0,18.0,4.0
2022-12-31,S1024,PP02,11.0,15.0,0.0
2023-01-07,S1024,PP02,11.0,11.0,0.0
2023-01-14,S1024,PP02,9.0,9.0,0.0
2023-01-21,S1024,PP02,9.0,9.0,0.0
2023-01-28,S1024,PP02,12.0,12.0,0.0
2023-02-04,S1024,PP02,12.0,12.0,0.0
2023-02-11,S1024,PP02,12.0,12.0,0.0
2023-02-18,S1024,PP02,11.0,11.0,0.0
2023-02-25,S1024,PP02,12.0,12.0,0.0
2023-03-04,S1024,PP02,14.0,14.0,0.0
2023-03-11,S1024,PP02,11.0,11.0,0.0
2023-03-18,S1024,PP02,13.0,13.0,0.0
2023-03-25,S1024,PP02,14.0,14.0,0.0
2023-04-01,S1024,PP02,10.0,10.0,0.0
2023-04-08,S1024,PP02,13.0,13.0,0.0
2023-04-15,S1024,PP02,12.0,12.0,0.0
2023-04-22,S1024,PP02,13.0,13.0,0.0
2023-04-29,S1024,PP02,12.0,12.0,0.0
2023-05-06,S1024,PP02,13.0,13.0,0.0
2023-05-13,S1024,PP02,16.0,16.0,0.0
2023-05-20,S1024,PP02,13.0,13.0,0.0
2023-05-27,S1024,PP02,13.0,13.0,0.0
2023-06-03,S1024,PP02,16.0,16.0,0.0
2023-06-10,S1024,PP02,12.0,12.0,0.0
2023-06-17,S1024,PP02,15.0,15.0,0.0
2023-06-24,S1024,PP02,13.0,13.0,0.0
2023-07-01,S1024,PP02,15.0,15.0,0.0
2023-07-08,S1024,PP02,14.0,14.0,0.0
2023-07-15,S1024,PP02,13.0,13.0,0.0
2023-07-22,S1024,PP02,13.0,13.0,0.0
2023-07-29,S1024,PP02,12.0,12.0,0.0
2023-08-05,S1024,PP02,14.0,14.0,0.0
2023-08-12,S1024,PP02,15.0,15.0,0.0
2023-08-19,S1024,PP02,13.0,13.0,0.0
2023-08-26,S1024,PP02,13.0,13.0,0.0
2023-09-02,S1024,PP02,12.0,12.0,0.0
2023-09-09,S1024,PP02,14.0,14.0,0.0
2023-09-16,S1024,PP02,14.0,14.0,0.0
2023-09-23,S1024,PP02,11.0,11.0,0.0
2023-09-30,S1024,PP02,11.0,11.0,0.0
2023-10-07,S1024,PP02,13.0,13.0,0.0
2023-10-14,S1024,PP02,14.0,14.0,0.0
2023-10-21,S1024,PP02,15.0,15.0,0.0
2023-10-28,S1024,PP02,12.0,12.0,0.0
2023-11-04,S1024,PP02,14.0,14.0,0.0
2023-11-11,S1024,PP02,14.0,14.0,0.0
2023-11-18,S1024,PP02,16.0,16.0,0.0
2023-11-25,S1024,PP02,21.0,18.0,3.0
2023-12-02,S1024,PP02,16.0,18.0,1.0
2023-12-09,S1024,PP02,17.0,18.0,0.0
2023-12-16,S1024,PP02,18.0,18.0,0.0
2023-12-23,S1024,PP02,17.0,17.0,0.0
2023-12-30,S1024,PP02,15.0,15.0,0.0
2024-01-06,S1024,PP02,12.0,12.0,0.0
2024-01-13,S1024,PP02,11.0,11.0,0.0
2024-01-20,S1024,PP02,9.0,9.0,0.0
2024-01-27,S1024,PP02,12.0,12.0,0.0
2024-02-03,S1024,PP02,11.0,11.0,0.0
2024-02-10,S1024,PP02,13.0,13.0,0.0
2024-02-17,S1024,PP02,11.0,11.0,0.0
2024-02-24,S1024,PP02,12.0,12.0,0.0
2024-03-02,S1024,PP02,13.0,13.0,0.0
2024-03-09,S1024,PP02,14.0,14.0,0.0
2024-03-16,S1024,PP02,11.0,11.0,0.0
2024-03-23,S1024,PP02,13.0,13.0,0.0
2024-03-30,S1024,PP02,11.0,11.0,0.0
2024-04-06,S1024,PP02,13.0,13.0,0.0
2024-04-13,S1024,PP02,14.0,14.0,0.0
2024-04-20,S1024,PP02,15.0,15.0,0.0
2024-04-27,S1024,PP02,13.0,13.0,0.0
2024-05-04,S1024,PP02,15.0,15.0,0.0
2024-05-11,S1024,PP02,16.0,16.0,0.0
2024-05-18,S1024,PP02,12.0,12.0,0.0
2024-05-25,S1024,PP02,15.0,15.0,0.0
2024-06-01,S1024,PP02,15.0,15.0,0.0
2024-06-08,S1024,PP02,13.0,13.0,0.0
2024-06-15,S1024,PP02,12.0,12.0,0.0
2024-06-22,S1024,PP02,14.0,14.0,0.0
2024-06-29,S1024,PP02,12.0,12.0,0.0
2024-07-06,S1024,PP02,13.0,13.0,0.0
2024-07-13,S1024,PP02,13.0,13.0,0.0
2024-07-20,S1024,PP02,14.0,14.0,0.0
2024-07-27,S1024,PP02,13.0,13.0,0.0
2024-08-03,S1024,PP02,13.0,13.0,0.0
2024-08-10,S1024,PP02,14.0,14.0,0.0
2024-08-17,S1024,PP02,15.0,15.0,0.0
2024-08-24,S1024,PP02,17.0,17.0,0.0
2024-08-31,S1024,PP02,11.0,11.0,0.0
2024-09-07,S1024,PP02,13.0,13.0,0.0
2024-09-14,S1024,PP02,11.0,11.0,0.0
2024-09-21,S1024,PP02,14.0,14.0,0.0
2024-09-28,S1024,PP02,11.0,11.0,0.0
2024-10-05,S1024,PP02,12.0,12.0,0.0
2024-10-12,S1024,PP02,12.0,12.0,0.0
2024-10-19,S1024,PP02,13.0,13.0,0.0
2024-10-26,S1024,PP02,15.0,15.0,0.0
2024-11-02,S1024,PP02,15.0,15.0,0.0
2024-11-09,S1024,PP02,15.0,15.0,0.0
2024-11-16,S1024,PP02,14.0,14.0,0.0
2024-11-23,S1024,PP02,19.0,18.0,1.0
2024-11-30,S1024,PP02,19.0,18.0,2.0
2024-12-07,S1024,PP02,23.0,18.0,7.0
2024-12-14,S1024,PP02,19.0,18.0,8.0
2024-12-21,S1024,PP02,15.0,18.0,5.0
2024-12-28,S1024,PP02,15.0,18.0,2.0
2025-01-04,S1024,PP02,15.0,17.0,0.0
2025-01-11,S1024,PP02,11.0,11.0,0.0
2025-01-18,S1024,PP02,10.0,10.0,0.0
2025-01-25,S1024,PP02,10.0,10.0,0.0
2025-02-01,S1024,PP02,14.0,14.0,0.0
2025-02-08,S1024,PP02,11.0,11.0,0.0
2025-02-15,S1024,PP02,11.0,11.0,0.0
2025-02-22,S1024,PP02,13.0,13.0,0.0
2025-03-01,S1024,PP02,11.0,11.0,0.0
2025-03-08,S1024,PP02,15.0,15.0,0.0
2025-03-15,S1024,PP02,14.0,14.0,0.0
2025-03-22,S1024,PP02,15.0,15.0,0.0
2025-03-29,S1024,PP02,14.0,14.0,0.0
2025-04-05,S1024,PP02,13.0,13.0,0.0
2025-04-12,S1024,PP02,12.0,12.0,0.0
2025-04-19,S1024,PP02,14.0,14.0,0.0
2025-04-26,S1024,PP02,13.0,13.0,0.0
2025-05-03,S1024,PP02,15.0,15.0,0.0
2025-05-10,S1024,PP02,16.0,16.0,0.0
2025-05-17,S1024,PP02,17.0,17.0,0.0
2025-05-24,S1024,PP02,15.0,15.0,0.0
2025-05-31,S1024,PP02,15.0,15.0,0.0
2025-06-07,S1024,PP02,13.0,13.0,0.0
2025-06-14,S1024,PP02,13.0,13.0,0.0
2025-06-21,S1024,PP02,14.0,14.0,0.0
2025-06-28,S1024,PP02,13.0,13.0,0.0
2025-07-05,S1024,PP02,14.0,14.0,0.0
2025-07-12,S1024,PP02,13.0,13.0,0.0
2025-07-19,S1024,PP02,13.0,13.0,0.0
2025-07-26,S1024,PP02,15.0,15.0,0.0
2025-08-02,S1024,PP02,16.0,16.0,0.0
2025-08-09,S1024,PP02,13.0,13.0,0.0
2025-08-16,S1024,PP02,16.0,16.0,0.0
2025-08-23,S1024,PP02,13.0,13.0,0.0
2025-08-30,S1024,PP02,14.0,14.0,0.0
2025-09-06,S1024,PP02,15.0,15.0,0.0
2025-09-13,S1024,PP02,14.0,14.0,0.0
2025-09-20,S1024,PP02,14.0,14.0,0.0
2025-09-27,S1024,PP02,16.0,16.0,0.0
2025-10-04,S1024,PP02,13.0,13.0,0.0
2025-10-11,S1024,PP02,12.0,12.0,0.0
2025-10-18,S1024,PP02,13.0,13.0,0.0
2025-10-25,S1024,PP02,15.0,15.0,0.0
2025-11-01,S1024,PP02,12.0,12.0,0.0
2025-11-08,S1024,PP02,16.0,16.0,0.0
2025-11-15,S1024,PP02,16.0,16.0,0.0
2025-11-22,S1024,PP02,20.0,18.0,2.0
2025-11-29,S1024,PP02,21.0,18.0,5.0
2025-12-06,S1024,PP02,20.0,18.0,7.0
2025-12-13,S1024,PP02,23.0,18.0,12.0
2025-12-20,S1024,PP02,21.0,18.0,15.0
2025-12-27,S1024,PP02,15.0,18.0,12.0
2026-01-03,S1024,PP02,13.0,18.0,7.0
2026-01-10,S1024,PP02,9.0,16.0,0.0
2026-01-17,S1024,PP02,10.0,10.0,0.0
2026-01-24,S1024,PP02,11.0,11.0,0.0
2026-01-31,S1024,PP02,12.0,12.0,0.0
2026-02-07,S1024,PP02,12.0,12.0,0.0
2026-02-14,S1024,PP02,13.0,13.0,0.0
2026-02-21,S1024,PP02,12.0,12.0,0.0
2026-02-28,S1024,PP02,14.0,14.0,0.0
2026-03-07,S1024,PP02,15.0,15.0,0.0
2026-03-14,S1024,PP02,15.0,15.0,0.0
2026-03-21,S1024,PP02,14.0,14.0,0.0
2026-03-28,S1024,PP02,12.0,12.0,0.0
2026-04-04,S1024,PP02,13.0,13.0,0.0
2026-04-11,S1024,PP02,14.0,14.0,0.0
2026-04-18,S1024,PP02,14.0,14.0,0.0
2026-04-25,S1024,PP02,15.0,15.0,0.0
2026-05-02,S1024,PP02,17.0,17.0,0.0
2026-05-09,S1024,PP02,17.0,17.0,0.0
2026-05-16,S1024,PP02,14.0,14.0,0.0
2026-05-23,S1024,PP02,16.0,16.0,0.0
2026-05-30,S1024,PP02,16.0,16.0,0.0
2026-06-06,S1024,PP02,13.0,13.0,0.0
2026-06-13,S1024,PP02,16.0,16.0,0.0
2026-06-20,S1024,PP02,14.0,14.0,0.0
2026-06-27,S1024,PP02,13.0,13.0,0.0
2026-07-04,S1024,PP02,15.0,15.0,0.0
2026-07-11,S1024,PP02,15.0,15.0,0.0
2026-07-18,S1024,PP02,14.0,14.0,0.0
2026-07-25,S1024,PP02,15.0,15.0,0.0
2022-08-06,S1025,PP02,7.0,7.0,0.0
2022-08-13,S1025,PP02,8.0,8.0,0.0
2022-08-20,S1025,PP02,7.0,7.0,0.0
2022-08-27,S1025,PP02,7.0,7.0,0.0
2022-09-03,S1025,PP02,7.0,7.0,0.0
2022-09-10,S1025,PP02,6.0,6.0,0.0
2022-09-17,S1025,PP02,6.0,6.0,0.0
2022-09-24,S1025,PP02,6.0,6.0,0.0
2022-10-01,S1025,PP02,7.0,7.0,0.0
2022-10-08,S1025,PP02,6.0,6.0,0.0
2022-10-15,S1025,PP02,7.0,7.0,0.0
2022-10-22,S1025,PP02,8.0,8.0,0.0
2022-10-29,S1025,PP02,8.0,8.0,0.0
2022-11-05,S1025,PP02,7.0,7.0,0.0
2022-11-12,S1025,PP02,8.0,8.0,0.0
2022-11-19,S1025,PP02,11.0,11.0,0.0
2022-11-26,S1025,PP02,11.0,11.0,0.0
2022-12-03,S1025,PP02,11.0,11.0,0.0
2022-12-10,S1025,PP02,11.0,11.0,0.0
2022-12-17,S1025,PP02,9.0,9.0,0.0
2022-12-24,S1025,PP02,10.0,10.0,0.0
2022-12-31,S1025,PP02,8.0,8.0,0.0
2023-01-07,S1025,PP02,7.0,7.0,0.0
2023-01-14,S1025,PP02,5.0,5.0,0.0
2023-01-21,S1025,PP02,6.0,6.0,0.0
2023-01-28,S1025,PP02,6.0,6.0,0.0
2023-02-04,S1025,PP02,6.0,6.0,0.0
2023-02-11,S1025,PP02,7.0,7.0,0.0
2023-02-18,S1025,PP02,6.0,6.0,0.0
2023-02-25,S1025,PP02,6.0,6.0,0.0
2023-03-04,S1025,PP02,8.0,8.0,0.0
2023-03-11,S1025,PP02,9.0,9.0,0.0
2023-03-18,S1025,PP02,7.0,7.0,0.0
2023-03-25,S1025,PP02,6.0,6.0,0.0
2023-04-01,S1025,PP02,7.0,7.0,0.0
2023-04-08,S1025,PP02,8.0,8.0,0.0
2023-04-15,S1025,PP02,8.0,8.0,0.0
2023-04-22,S1025,PP02,6.0,6.0,0.0
2023-04-29,S1025,PP02,7.0,7.0,0.0
2023-05-06,S1025,PP02,8.0,8.0,0.0
2023-05-13,S1025,PP02,8.0,8.0,0.0
2023-05-20,S1025,PP02,7.0,7.0,0.0
2023-05-27,S1025,PP02,6.0,6.0,0.0
2023-06-03,S1025,PP02,8.0,8.0,0.0
2023-06-10,S1025,PP02,8.0,8.0,0.0
2023-06-17,S1025,PP02,7.0,7.0,0.0
2023-06-24,S1025,PP02,7.0,7.0,0.0
2023-07-01,S1025,PP02,7.0,7.0,0.0
2023-07-08,S1025,PP02,7.0,7.0,0.0
2023-07-15,S1025,PP02,8.0,8.0,0.0
2023-07-22,S1025,PP02,8.0,8.0,0.0
2023-07-29,S1025,PP02,8.0,8.0,0.0
2023-08-05,S1025,PP02,9.0,9.0,0.0
2023-08-12,S1025,PP02,7.0,7.0,0.0
2023-08-19,S1025,PP02,7.0,7.0,0.0
2023-08-26,S1025,PP02,7.0,7.0,0.0
2023-09-02,S1025,PP02,7.0,7.0,0.0
2023-09-09,S1025,PP02,8.0,8.0,0.0
2023-09-16,S1025,PP02,7.0,7.0,0.0
2023-09-23,S1025,PP02,6.0,6.0,0.0
2023-09-30,S1025,PP02,7.0,7.0,0.0
2023-10-07,S1025,PP02,7.0,7.0,0.0
2023-10-14,S1025,PP02,8.0,8.0,0.0
2023-10-21,S1025,PP02,8.0,8.0,0.0
2023-10-28,S1025,PP02,8.0,8.0,0.0
2023-11-04,S1025,PP02,8.0,8.0,0.0
2023-11-11,S1025,PP02,8.0,8.0,0.0
2023-11-18,S1025,PP02,8.0,8.0,0.0
2023-11-25,S1025,PP02,10.0,10.0,0.0
2023-12-02,S1025,PP02,10.0,10.0,0.0
2023-12-09,S1025,PP02,13.0,12.0,1.0
2023-12-16,S1025,PP02,12.0,12.0,1.0
2023-12-23,S1025,PP02,10.0,11.0,0.0
2023-12-30,S1025,PP02,8.0,8.0,0.0
2024-01-06,S1025,PP02,7.0,7.0,0.0
2024-01-13,S1025,PP02,5.0,5.0,0.0
2024-01-20,S1025,PP02,6.0,6.0,0.0
2024-01-27,S1025,PP02,6.0,6.0,0.0
2024-02-03,S1025,PP02,7.0,7.0,0.0
2024-02-10,S1025,PP02,7.0,7.0,0.0
2024-02-17,S1025,PP02,7.0,7.0,0.0
2024-02-24,S1025,PP02,6.0,6.0,0.0
2024-03-02,S1025,PP02,7.0,7.0,0.0
2024-03-09,S1025,PP02,8.0,8.0,0.0
2024-03-16,S1025,PP02,8.0,8.0,0.0
2024-03-23,S1025,PP02,7.0,7.0,0.0
2024-03-30,S1025,PP02,7.0,7.0,0.0
2024-04-06,S1025,PP02,7.0,7.0,0.0
2024-04-13,S1025,PP02,7.0,7.0,0.0
2024-04-20,S1025,PP02,8.0,8.0,0.0
2024-04-27,S1025,PP02,10.0,10.0,0.0
2024-05-04,S1025,PP02,8.0,8.0,0.0
2024-05-11,S1025,PP02,8.0,8.0,0.0
2024-05-18,S1025,PP02,7.0,7.0,0.0
2024-05-25,S1025,PP02,7.0,7.0,0.0
2024-06-01,S1025,PP02,9.0,9.0,0.0
2024-06-08,S1025,PP02,8.0,8.0,0.0
2024-06-15,S1025,PP02,5.0,5.0,0.0
2024-06-22,S1025,PP02,8.0,8.0,0.0
2024-06-29,S1025,PP02,9.0,9.0,0.0
2024-07-06,S1025,PP02,6.0,6.0,0.0
2024-07-13,S1025,PP02,8.0,8.0,0.0
2024-07-20,S1025,PP02,6.0,6.0,0.0
2024-07-27,S1025,PP02,8.0,8.0,0.0
2024-08-03,S1025,PP02,8.0,8.0,0.0
2024-08-10,S1025,PP02,6.0,6.0,0.0
2024-08-17,S1025,PP02,8.0,8.0,0.0
2024-08-24,S1025,PP02,8.0,8.0,0.0
2024-08-31,S1025,PP02,7.0,7.0,0.0
2024-09-07,S1025,PP02,7.0,7.0,0.0
2024-09-14,S1025,PP02,7.0,7.0,0.0
2024-09-21,S1025,PP02,6.0,6.0,0.0
2024-09-28,S1025,PP02,8.0,8.0,0.0
2024-10-05,S1025,PP02,8.0,8.0,0.0
2024-10-12,S1025,PP02,8.0,8.0,0.0
2024-10-19,S1025,PP02,6.0,6.0,0.0
2024-10-26,S1025,PP02,7.0,7.0,0.0
2024-11-02,S1025,PP02,8.0,8.0,0.0
2024-11-09,S1025,PP02,7.0,7.0,0.0
2024-11-16,S1025,PP02,9.0,9.0,0.0
2024-11-23,S1025,PP02,10.0,10.0,0.0
2024-11-30,S1025,PP02,9.0,9.0,0.0
2024-12-07,S1025,PP02,12.0,12.0,0.0
2024-12-14,S1025,PP02,12.0,12.0,0.0
2024-12-21,S1025,PP02,10.0,10.0,0.0
2024-12-28,S1025,PP02,9.0,9.0,0.0
2025-01-04,S1025,PP02,6.0,6.0,0.0
2025-01-11,S1025,PP02,6.0,6.0,0.0
2025-01-18,S1025,PP02,6.0,6.0,0.0
2025-01-25,S1025,PP02,6.0,6.0,0.0
2025-02-01,S1025,PP02,7.0,7.0,0.0
2025-02-08,S1025,PP02,7.0,7.0,0.0
2025-02-15,S1025,PP02,7.0,7.0,0.0
2025-02-22,S1025,PP02,7.0,7.0,0.0
2025-03-01,S1025,PP02,8.0,8.0,0.0
2025-03-08,S1025,PP02,7.0,7.0,0.0
2025-03-15,S1025,PP02,8.0,8.0,0.0
2025-03-22,S1025,PP02,7.0,7.0,0.0
2025-03-29,S1025,PP02,7.0,7.0,0.0
2025-04-05,S1025,PP02,8.0,8.0,0.0
2025-04-12,S1025,PP02,7.0,7.0,0.0
2025-04-19,S1025,PP02,8.0,8.0,0.0
2025-04-26,S1025,PP02,8.0,8.0,0.0
2025-05-03,S1025,PP02,8.0,8.0,0.0
2025-05-10,S1025,PP02,8.0,8.0,0.0
2025-05-17,S1025,PP02,8.0,8.0,0.0
2025-05-24,S1025,PP02,7.0,7.0,0.0
2025-05-31,S1025,PP02,8.0,8.0,0.0
2025-06-07,S1025,PP02,8.0,8.0,0.0
2025-06-14,S1025,PP02,8.0,8.0,0.0
2025-06-21,S1025,PP02,7.0,7.0,0.0
2025-06-28,S1025,PP02,9.0,9.0,0.0
2025-07-05,S1025,PP02,8.0,8.0,0.0
2025-07-12,S1025,PP02,7.0,7.0,0.0
2025-07-19,S1025,PP02,7.0,7.0,0.0
2025-07-26,S1025,PP02,7.0,7.0,0.0
2025-08-02,S1025,PP02,10.0,10.0,0.0
2025-08-09,S1025,PP02,10.0,10.0,0.0
2025-08-16,S1025,PP02,9.0,9.0,0.0
2025-08-23,S1025,PP02,7.0,7.0,0.0
2025-08-30,S1025,PP02,9.0,9.0,0.0
2025-09-06,S1025,PP02,7.0,7.0,0.0
2025-09-13,S1025,PP02,7.0,7.0,0.0
2025-09-20,S1025,PP02,9.0,9.0,0.0
2025-09-27,S1025,PP02,8.0,8.0,0.0
2025-10-04,S1025,PP02,9.0,9.0,0.0
2025-10-11,S1025,PP02,8.0,8.0,0.0
2025-10-18,S1025,PP02,8.0,8.0,0.0
2025-10-25,S1025,PP02,8.0,8.0,0.0
2025-11-01,S1025,PP02,7.0,7.0,0.0
2025-11-08,S1025,PP02,9.0,9.0,0.0
2025-11-15,S1025,PP02,11.0,11.0,0.0
2025-11-22,S1025,PP02,11.0,11.0,0.0
2025-11-29,S1025,PP02,11.0,11.0,0.0
2025-12-06,S1025,PP02,11.0,11.0,0.0
2025-12-13,S1025,PP02,12.0,12.0,0.0
2025-12-20,S1025,PP02,12.0,12.0,0.0
2025-12-27,S1025,PP02,10.0,10.0,0.0
2026-01-03,S1025,PP02,8.0,8.0,0.0
2026-01-10,S1025,PP02,6.0,6.0,0.0
2026-01-17,S1025,PP02,7.0,7.0,0.0
2026-01-24,S1025,PP02,5.0,5.0,0.0
2026-01-31,S1025,PP02,7.0,7.0,0.0
2026-02-07,S1025,PP02,9.0,9.0,0.0
2026-02-14,S1025,PP02,6.0,6.0,0.0
2026-02-21,S1025,PP02,7.0,7.0,0.0
2026-02-28,S1025,PP02,8.0,8.0,0.0
2026-03-07,S1025,PP02,7.0,7.0,0.0
2026-03-14,S1025,PP02,9.0,9.0,0.0
2026-03-21,S1025,PP02,8.0,8.0,0.0
2026-03-28,S1025,PP02,8.0,8.0,0.0
2026-04-04,S1025,PP02,9.0,9.0,0.0
2026-04-11,S1025,PP02,8.0,8.0,0.0
2026-04-18,S1025,PP02,11.0,11.0,0.0
2026-04-25,S1025,PP02,8.0,8.0,0.0
2026-05-02,S1025,PP02,9.0,9.0,0.0
2026-05-09,S1025,PP02,7.0,7.0,0.0
2026-05-16,S1025,PP02,8.0,8.0,0.0
2026-05-23,S1025,PP02,9.0,9.0,0.0
2026-05-30,S1025,PP02,7.0,7.0,0.0
2026-06-06,S1025,PP02,7.0,7.0,0.0
2026-06-13,S1025,PP02,8.0,8.0,0.0
2026-06-20,S1025,PP02,9.0,9.0,0.0
2026-06-27,S1025,PP02,8.0,8.0,0.0
2026-07-04,S1025,PP02,8.0,8.0,0.0
2026-07-11,S1025,PP02,7.0,7.0,0.0
2026-07-18,S1025,PP02,9.0,9.0,0.0
2026-07-25,S1025,PP02,9.0,9.0,0.0
2022-08-06,S1026,PP02,9.0,9.0,0.0
2022-08-13,S1026,PP02,12.0,12.0,0.0
2022-08-20,S1026,PP02,11.0,11.0,0.0
2022-08-27,S1026,PP02,11.0,11.0,0.0
2022-09-03,S1026,PP02,10.0,10.0,0.0
2022-09-10,S1026,PP02,10.0,10.0,0.0
2022-09-17,S1026,PP02,10.0,10.0,0.0
2022-09-24,S1026,PP02,11.0,11.0,0.0
2022-10-01,S1026,PP02,8.0,8.0,0.0
2022-10-08,S1026,PP02,8.0,8.0,0.0
2022-10-15,S1026,PP02,9.0,9.0,0.0
2022-10-22,S1026,PP02,10.0,10.0,0.0
2022-10-29,S1026,PP02,11.0,11.0,0.0
2022-11-05,S1026,PP02,12.0,12.0,0.0
2022-11-12,S1026,PP02,13.0,13.0,0.0
2022-11-19,S1026,PP02,14.0,14.0,0.0
2022-11-26,S1026,PP02,12.0,12.0,0.0
2022-12-03,S1026,PP02,15.0,15.0,0.0
2022-12-10,S1026,PP02,14.0,14.0,0.0
2022-12-17,S1026,PP02,14.0,14.0,0.0
2022-12-24,S1026,PP02,13.0,13.0,0.0
2022-12-31,S1026,PP02,8.0,8.0,0.0
2023-01-07,S1026,PP02,11.0,11.0,0.0
2023-01-14,S1026,PP02,8.0,8.0,0.0
2023-01-21,S1026,PP02,8.0,8.0,0.0
2023-01-28,S1026,PP02,10.0,10.0,0.0
2023-02-04,S1026,PP02,9.0,9.0,0.0
2023-02-11,S1026,PP02,9.0,9.0,0.0
2023-02-18,S1026,PP02,9.0,9.0,0.0
2023-02-25,S1026,PP02,11.0,11.0,0.0
2023-03-04,S1026,PP02,10.0,10.0,0.0
2023-03-11,S1026,PP02,10.0,10.0,0.0
2023-03-18,S1026,PP02,11.0,11.0,0.0
2023-03-25,S1026,PP02,11.0,11.0,0.0
2023-04-01,S1026,PP02,10.0,10.0,0.0
2023-04-08,S1026,PP02,11.0,11.0,0.0
2023-04-15,S1026,PP02,13.0,13.0,0.0
2023-04-22,S1026,PP02,11.0,11.0,0.0
2023-04-29,S1026,PP02,10.0,10.0,0.0
2023-05-06,S1026,PP02,11.0,11.0,0.0
2023-05-13,S1026,PP02,12.0,12.0,0.0
2023-05-20,S1026,PP02,10.0,10.0,0.0
2023-05-27,S1026,PP02,10.0,10.0,0.0
2023-06-03,S1026,PP02,9.0,9.0,0.0
2023-06-10,S1026,PP02,9.0,9.0,0.0
2023-06-17,S1026,PP02,10.0,10.0,0.0
2023-06-24,S1026,PP02,10.0,10.0,0.0
2023-07-01,S1026,PP02,12.0,12.0,0.0
2023-07-08,S1026,PP02,11.0,11.0,0.0
2023-07-15,S1026,PP02,9.0,9.0,0.0
2023-07-22,S1026,PP02,10.0,10.0,0.0
2023-07-29,S1026,PP02,12.0,12.0,0.0
2023-08-05,S1026,PP02,12.0,12.0,0.0
2023-08-12,S1026,PP02,11.0,11.0,0.0
2023-08-19,S1026,PP02,10.0,10.0,0.0
2023-08-26,S1026,PP02,12.0,12.0,0.0
2023-09-02,S1026,PP02,9.0,9.0,0.0
2023-09-09,S1026,PP02,10.0,10.0,0.0
2023-09-16,S1026,PP02,12.0,12.0,0.0
2023-09-23,S1026,PP02,10.0,10.0,0.0
2023-09-30,S1026,PP02,9.0,9.0,0.0
2023-10-07,S1026,PP02,10.0,10.0,0.0
2023-10-14,S1026,PP02,9.0,9.0,0.0
2023-10-21,S1026,PP02,9.0,9.0,0.0
2023-10-28,S1026,PP02,12.0,12.0,0.0
2023-11-04,S1026,PP02,13.0,13.0,0.0
2023-11-11,S1026,PP02,11.0,11.0,0.0
2023-11-18,S1026,PP02,12.0,12.0,0.0
2023-11-25,S1026,PP02,13.0,13.0,0.0
2023-12-02,S1026,PP02,15.0,15.0,0.0
2023-12-09,S1026,PP02,15.0,15.0,0.0
2023-12-16,S1026,PP02,14.0,14.0,0.0
2023-12-23,S1026,PP02,16.0,16.0,0.0
2023-12-30,S1026,PP02,12.0,12.0,0.0
2024-01-06,S1026,PP02,10.0,10.0,0.0
2024-01-13,S1026,PP02,8.0,8.0,0.0
2024-01-20,S1026,PP02,9.0,9.0,0.0
2024-01-27,S1026,PP02,8.0,8.0,0.0
2024-02-03,S1026,PP02,9.0,9.0,0.0
2024-02-10,S1026,PP02,9.0,9.0,0.0
2024-02-17,S1026,PP02,10.0,10.0,0.0
2024-02-24,S1026,PP02,10.0,10.0,0.0
2024-03-02,S1026,PP02,9.0,9.0,0.0
2024-03-09,S1026,PP02,9.0,9.0,0.0
2024-03-16,S1026,PP02,10.0,10.0,0.0
2024-03-23,S1026,PP02,10.0,10.0,0.0
2024-03-30,S1026,PP02,8.0,8.0,0.0
2024-04-06,S1026,PP02,11.0,11.0,0.0
2024-04-13,S1026,PP02,11.0,11.0,0.0
2024-04-20,S1026,PP02,13.0,13.0,0.0
2024-04-27,S1026,PP02,10.0,10.0,0.0
2024-05-04,S1026,PP02,10.0,10.0,0.0
2024-05-11,S1026,PP02,10.0,10.0,0.0
2024-05-18,S1026,PP02,11.0,11.0,0.0
2024-05-25,S1026,PP02,11.0,11.0,0.0
2024-06-01,S1026,PP02,10.0,10.0,0.0
2024-06-08,S1026,PP02,10.0,10.0,0.0
2024-06-15,S1026,PP02,9.0,9.0,0.0
2024-06-22,S1026,PP02,11.0,11.0,0.0
2024-06-29,S1026,PP02,10.0,10.0,0.0
2024-07-06,S1026,PP02,10.0,10.0,0.0
2024-07-13,S1026,PP02,9.0,9.0,0.0
2024-07-20,S1026,PP02,10.0,10.0,0.0
2024-07-27,S1026,PP02,10.0,10.0,0.0
2024-08-03,S1026,PP02,11.0,11.0,0.0
2024-08-10,S1026,PP02,11.0,11.0,0.0
2024-08-17,S1026,PP02,12.0,12.0,0.0
2024-08-24,S1026,PP02,11.0,11.0,0.0
2024-08-31,S1026,PP02,11.0,11.0,0.0
2024-09-07,S1026,PP02,11.0,11.0,0.0
2024-09-14,S1026,PP02,10.0,10.0,0.0
2024-09-21,S1026,PP02,10.0,10.0,0.0
2024-09-28,S1026,PP02,11.0,11.0,0.0
2024-10-05,S1026,PP02,11.0,11.0,0.0
2024-10-12,S1026,PP02,11.0,11.0,0.0
2024-10-19,S1026,PP02,9.0,9.0,0.0
2024-10-26,S1026,PP02,10.0,10.0,0.0
2024-11-02,S1026,PP02,11.0,11.0,0.0
2024-11-09,S1026,PP02,13.0,13.0,0.0
2024-11-16,S1026,PP02,13.0,13.0,0.0
2024-11-23,S1026,PP02,16.0,16.0,0.0
2024-11-30,S1026,PP02,17.0,16.0,1.0
2024-12-07,S1026,PP02,18.0,16.0,3.0
2024-12-14,S1026,PP02,18.0,16.0,5.0
2024-12-21,S1026,PP02,13.0,16.0,2.0
2024-12-28,S1026,PP02,13.0,15.0,0.0
2025-01-04,S1026,PP02,10.0,10.0,0.0
2025-01-11,S1026,PP02,7.0,7.0,0.0
2025-01-18,S1026,PP02,8.0,8.0,0.0
2025-01-25,S1026,PP02,10.0,10.0,0.0
2025-02-01,S1026,PP02,10.0,10.0,0.0
2025-02-08,S1026,PP02,12.0,12.0,0.0
2025-02-15,S1026,PP02,10.0,10.0,0.0
2025-02-22,S1026,PP02,13.0,13.0,0.0
2025-03-01,S1026,PP02,10.0,10.0,0.0
2025-03-08,S1026,PP02,10.0,10.0,0.0
2025-03-15,S1026,PP02,9.0,9.0,0.0
2025-03-22,S1026,PP02,12.0,12.0,0.0
2025-03-29,S1026,PP02,10.0,10.0,0.0
2025-04-05,S1026,PP02,10.0,10.0,0.0
2025-04-12,S1026,PP02,12.0,12.0,0.0
2025-04-19,S1026,PP02,12.0,12.0,0.0
2025-04-26,S1026,PP02,12.0,12.0,0.0
2025-05-03,S1026,PP02,11.0,11.0,0.0
2025-05-10,S1026,PP02,12.0,12.0,0.0
2025-05-17,S1026,PP02,11.0,11.0,0.0
2025-05-24,S1026,PP02,12.0,12.0,0.0
2025-05-31,S1026,PP02,13.0,13.0,0.0
2025-06-07,S1026,PP02,11.0,11.0,0.0
2025-06-14,S1026,PP02,13.0,13.0,0.0
2025-06-21,S1026,PP02,12.0,12.0,0.0
2025-06-28,S1026,PP02,11.0,11.0,0.0
2025-07-05,S1026,PP02,12.0,12.0,0.0
2025-07-12,S1026,PP02,13.0,13.0,0.0
2025-07-19,S1026,PP02,14.0,14.0,0.0
2025-07-26,S1026,PP02,13.0,13.0,0.0
2025-08-02,S1026,PP02,12.0,12.0,0.0
2025-08-09,S1026,PP02,11.0,11.0,0.0
2025-08-16,S1026,PP02,12.0,12.0,0.0
2025-08-23,S1026,PP02,13.0,13.0,0.0
2025-08-30,S1026,PP02,11.0,11.0,0.0
2025-09-06,S1026,PP02,11.0,11.0,0.0
2025-09-13,S1026,PP02,10.0,10.0,0.0
2025-09-20,S1026,PP02,10.0,10.0,0.0
2025-09-27,S1026,PP02,10.0,10.0,0.0
2025-10-04,S1026,PP02,11.0,11.0,0.0
2025-10-11,S1026,PP02,13.0,13.0,0.0
2025-10-18,S1026,PP02,11.0,11.0,0.0
2025-10-25,S1026,PP02,12.0,12.0,0.0
2025-11-01,S1026,PP02,11.0,11.0,0.0
2025-11-08,S1026,PP02,14.0,14.0,0.0
2025-11-15,S1026,PP02,16.0,16.0,0.0
2025-11-22,S1026,PP02,17.0,16.0,1.0
2025-11-29,S1026,PP02,16.0,16.0,1.0
2025-12-06,S1026,PP02,18.0,16.0,3.0
2025-12-13,S1026,PP02,17.0,16.0,4.0
2025-12-20,S1026,PP02,16.0,16.0,4.0
2025-12-27,S1026,PP02,14.0,16.0,2.0
2026-01-03,S1026,PP02,11.0,13.0,0.0
2026-01-10,S1026,PP02,9.0,9.0,0.0
2026-01-17,S1026,PP02,9.0,9.0,0.0
2026-01-24,S1026,PP02,9.0,9.0,0.0
2026-01-31,S1026,PP02,9.0,9.0,0.0
2026-02-07,S1026,PP02,12.0,12.0,0.0
2026-02-14,S1026,PP02,14.0,14.0,0.0
2026-02-21,S1026,PP02,9.0,9.0,0.0
2026-02-28,S1026,PP02,10.0,10.0,0.0
2026-03-07,S1026,PP02,10.0,10.0,0.0
2026-03-14,S1026,PP02,11.0,11.0,0.0
2026-03-21,S1026,PP02,12.0,12.0,0.0
2026-03-28,S1026,PP02,12.0,12.0,0.0
2026-04-04,S1026,PP02,11.0,11.0,0.0
2026-04-11,S1026,PP02,12.0,12.0,0.0
2026-04-18,S1026,PP02,11.0,11.0,0.0
2026-04-25,S1026,PP02,11.0,11.0,0.0
2026-05-02,S1026,PP02,12.0,12.0,0.0
2026-05-09,S1026,PP02,10.0,10.0,0.0
2026-05-16,S1026,PP02,11.0,11.0,0.0
2026-05-23,S1026,PP02,11.0,11.0,0.0
2026-05-30,S1026,PP02,13.0,13.0,0.0
2026-06-06,S1026,PP02,12.0,12.0,0.0
2026-06-13,S1026,PP02,12.0,12.0,0.0
2026-06-20,S1026,PP02,10.0,10.0,0.0
2026-06-27,S1026,PP02,10.0,10.0,0.0
2026-07-04,S1026,PP02,12.0,12.0,0.0
2026-07-11,S1026,PP02,9.0,9.0,0.0
2026-07-18,S1026,PP02,13.0,13.0,0.0
2026-07-25,S1026,PP02,10.0,10.0,0.0
2022-08-06,S1027,PP02,12.0,12.0,0.0
2022-08-13,S1027,PP02,11.0,11.0,0.0
2022-08-20,S1027,PP02,13.0,13.0,0.0
2022-08-27,S1027,PP02,15.0,15.0,0.0
2022-09-03,S1027,PP02,9.0,9.0,0.0
2022-09-10,S1027,PP02,12.0,12.0,0.0
2022-09-17,S1027,PP02,9.0,9.0,0.0
2022-09-24,S1027,PP02,11.0,11.0,0.0
2022-10-01,S1027,PP02,11.0,11.0,0.0
2022-10-08,S1027,PP02,11.0,11.0,0.0
2022-10-15,S1027,PP02,10.0,10.0,0.0
2022-10-22,S1027,PP02,12.0,12.0,0.0
2022-10-29,S1027,PP02,10.0,10.0,0.0
2022-11-05,S1027,PP02,14.0,14.0,0.0
2022-11-12,S1027,PP02,12.0,12.0,0.0
2022-11-19,S1027,PP02,12.0,12.0,0.0
2022-11-26,S1027,PP02,18.0,18.0,0.0
2022-12-03,S1027,PP02,16.0,16.0,0.0
2022-12-10,S1027,PP02,21.0,18.0,3.0
2022-12-17,S1027,PP02,18.0,18.0,3.0
2022-12-24,S1027,PP02,13.0,16.0,0.0
2022-12-31,S1027,PP02,12.0,12.0,0.0
2023-01-07,S1027,PP02,10.0,10.0,0.0
2023-01-14,S1027,PP02,10.0,10.0,0.0
2023-01-21,S1027,PP02,9.0,9.0,0.0
2023-01-28,S1027,PP02,10.0,10.0,0.0
2023-02-04,S1027,PP02,10.0,10.0,0.0
2023-02-11,S1027,PP02,10.0,10.0,0.0
2023-02-18,S1027,PP02,12.0,12.0,0.0
2023-02-25,S1027,PP02,11.0,11.0,0.0
2023-03-04,S1027,PP02,10.0,10.0,0.0
2023-03-11,S1027,PP02,10.0,10.0,0.0
2023-03-18,S1027,PP02,10.0,10.0,0.0
2023-03-25,S1027,PP02,10.0,10.0,0.0
2023-04-01,S1027,PP02,10.0,10.0,0.0
2023-04-08,S1027,PP02,13.0,13.0,0.0
2023-04-15,S1027,PP02,11.0,11.0,0.0
2023-04-22,S1027,PP02,12.0,12.0,0.0
2023-04-29,S1027,PP02,9.0,9.0,0.0
2023-05-06,S1027,PP02,12.0,12.0,0.0
2023-05-13,S1027,PP02,11.0,11.0,0.0
2023-05-20,S1027,PP02,11.0,11.0,0.0
2023-05-27,S1027,PP02,12.0,12.0,0.0
2023-06-03,S1027,PP02,11.0,11.0,0.0
2023-06-10,S1027,PP02,9.0,9.0,0.0
2023-06-17,S1027,PP02,12.0,12.0,0.0
2023-06-24,S1027,PP02,12.0,12.0,0.0
2023-07-01,S1027,PP02,11.0,11.0,0.0
2023-07-08,S1027,PP02,10.0,10.0,0.0
2023-07-15,S1027,PP02,10.0,10.0,0.0
2023-07-22,S1027,PP02,12.0,12.0,0.0
2023-07-29,S1027,PP02,14.0,14.0,0.0
2023-08-05,S1027,PP02,12.0,12.0,0.0
2023-08-12,S1027,PP02,10.0,10.0,0.0
2023-08-19,S1027,PP02,12.0,12.0,0.0
2023-08-26,S1027,PP02,11.0,11.0,0.0
2023-09-02,S1027,PP02,12.0,12.0,0.0
2023-09-09,S1027,PP02,12.0,12.0,0.0
2023-09-16,S1027,PP02,8.0,8.0,0.0
2023-09-23,S1027,PP02,11.0,11.0,0.0
2023-09-30,S1027,PP02,10.0,10.0,0.0
2023-10-07,S1027,PP02,9.0,9.0,0.0
2023-10-14,S1027,PP02,11.0,11.0,0.0
2023-10-21,S1027,PP02,12.0,12.0,0.0
2023-10-28,S1027,PP02,10.0,10.0,0.0
2023-11-04,S1027,PP02,13.0,13.0,0.0
2023-11-11,S1027,PP02,14.0,14.0,0.0
2023-11-18,S1027,PP02,14.0,14.0,0.0
2023-11-25,S1027,PP02,14.0,14.0,0.0
2023-12-02,S1027,PP02,15.0,15.0,0.0
2023-12-09,S1027,PP02,20.0,18.0,2.0
2023-12-16,S1027,PP02,15.0,17.0,0.0
2023-12-23,S1027,PP02,16.0,16.0,0.0
2023-12-30,S1027,PP02,12.0,12.0,0.0
2024-01-06,S1027,PP02,10.0,10.0,0.0
2024-01-13,S1027,PP02,7.0,7.0,0.0
2024-01-20,S1027,PP02,9.0,9.0,0.0
2024-01-27,S1027,PP02,10.0,10.0,0.0
2024-02-03,S1027,PP02,9.0,9.0,0.0
2024-02-10,S1027,PP02,11.0,11.0,0.0
2024-02-17,S1027,PP02,11.0,11.0,0.0
2024-02-24,S1027,PP02,10.0,10.0,0.0
2024-03-02,S1027,PP02,12.0,12.0,0.0
2024-03-09,S1027,PP02,9.0,9.0,0.0
2024-03-16,S1027,PP02,12.0,12.0,0.0
2024-03-23,S1027,PP02,13.0,13.0,0.0
2024-03-30,S1027,PP02,13.0,13.0,0.0
2024-04-06,S1027,PP02,12.0,12.0,0.0
2024-04-13,S1027,PP02,11.0,11.0,0.0
2024-04-20,S1027,PP02,11.0,11.0,0.0
2024-04-27,S1027,PP02,11.0,11.0,0.0
2024-05-04,S1027,PP02,13.0,13.0,0.0
2024-05-11,S1027,PP02,11.0,11.0,0.0
2024-05-18,S1027,PP02,13.0,13.0,0.0
2024-05-25,S1027,PP02,15.0,15.0,0.0
2024-06-01,S1027,PP02,12.0,12.0,0.0
2024-06-08,S1027,PP02,10.0,10.0,0.0
2024-06-15,S1027,PP02,10.0,10.0,0.0
2024-06-22,S1027,PP02,13.0,13.0,0.0
2024-06-29,S1027,PP02,11.0,11.0,0.0
2024-07-06,S1027,PP02,13.0,13.0,0.0
2024-07-13,S1027,PP02,11.0,11.0,0.0
2024-07-20,S1027,PP02,13.0,13.0,0.0
2024-07-27,S1027,PP02,12.0,12.0,0.0
2024-08-03,S1027,PP02,11.0,11.0,0.0
2024-08-10,S1027,PP02,12.0,12.0,0.0
2024-08-17,S1027,PP02,11.0,11.0,0.0
2024-08-24,S1027,PP02,14.0,14.0,0.0
2024-08-31,S1027,PP02,11.0,11.0,0.0
2024-09-07,S1027,PP02,12.0,12.0,0.0
2024-09-14,S1027,PP02,10.0,10.0,0.0
2024-09-21,S1027,PP02,10.0,10.0,0.0
2024-09-28,S1027,PP02,11.0,11.0,0.0
2024-10-05,S1027,PP02,12.0,12.0,0.0
2024-10-12,S1027,PP02,11.0,11.0,0.0
2024-10-19,S1027,PP02,11.0,11.0,0.0
2024-10-26,S1027,PP02,13.0,13.0,0.0
2024-11-02,S1027,PP02,14.0,14.0,0.0
2024-11-09,S1027,PP02,16.0,16.0,0.0
2024-11-16,S1027,PP02,15.0,15.0,0.0
2024-11-23,S1027,PP02,17.0,17.0,0.0
2024-11-30,S1027,PP02,18.0,18.0,0.0
2024-12-07,S1027,PP02,16.0,16.0,0.0
2024-12-14,S1027,PP02,16.0,16.0,0.0
2024-12-21,S1027,PP02,14.0,14.0,0.0
2024-12-28,S1027,PP02,12.0,12.0,0.0
2025-01-04,S1027,PP02,12.0,12.0,0.0
2025-01-11,S1027,PP02,10.0,10.0,0.0
2025-01-18,S1027,PP02,9.0,9.0,0.0
2025-01-25,S1027,PP02,8.0,8.0,0.0
2025-02-01,S1027,PP02,12.0,12.0,0.0
2025-02-08,S1027,PP02,10.0,10.0,0.0
2025-02-15,S1027,PP02,13.0,13.0,0.0
2025-02-22,S1027,PP02,10.0,10.0,0.0
2025-03-01,S1027,PP02,10.0,10.0,0.0
2025-03-08,S1027,PP02,9.0,9.0,0.0
2025-03-15,S1027,PP02,12.0,12.0,0.0
2025-03-22,S1027,PP02,10.0,10.0,0.0
2025-03-29,S1027,PP02,11.0,11.0,0.0
2025-04-05,S1027,PP02,10.0,10.0,0.0
2025-04-12,S1027,PP02,13.0,13.0,0.0
2025-04-19,S1027,PP02,13.0,13.0,0.0
2025-04-26,S1027,PP02,15.0,15.0,0.0
2025-05-03,S1027,PP02,12.0,12.0,0.0
2025-05-10,S1027,PP02,13.0,13.0,0.0
2025-05-17,S1027,PP02,11.0,11.0,0.0
2025-05-24,S1027,PP02,12.0,12.0,0.0
2025-05-31,S1027,PP02,12.0,12.0,0.0
2025-06-07,S1027,PP02,13.0,13.0,0.0
2025-06-14,S1027,PP02,13.0,13.0,0.0
2025-06-21,S1027,PP02,13.0,13.0,0.0
2025-06-28,S1027,PP02,11.0,11.0,0.0
2025-07-05,S1027,PP02,14.0,14.0,0.0
2025-07-12,S1027,PP02,12.0,12.0,0.0
2025-07-19,S1027,PP02,12.0,12.0,0.0
2025-07-26,S1027,PP02,12.0,12.0,0.0
2025-08-02,S1027,PP02,12.0,12.0,0.0
2025-08-09,S1027,PP02,16.0,16.0,0.0
2025-08-16,S1027,PP02,13.0,13.0,0.0
2025-08-23,S1027,PP02,13.0,13.0,0.0
2025-08-30,S1027,PP02,12.0,12.0,0.0
2025-09-06,S1027,PP02,15.0,15.0,0.0
2025-09-13,S1027,PP02,13.0,13.0,0.0
2025-09-20,S1027,PP02,11.0,11.0,0.0
2025-09-27,S1027,PP02,11.0,11.0,0.0
2025-10-04,S1027,PP02,12.0,12.0,0.0
2025-10-11,S1027,PP02,12.0,12.0,0.0
2025-10-18,S1027,PP02,12.0,12.0,0.0
2025-10-25,S1027,PP02,14.0,14.0,0.0
2025-11-01,S1027,PP02,16.0,16.0,0.0
2025-11-08,S1027,PP02,13.0,13.0,0.0
2025-11-15,S1027,PP02,14.0,14.0,0.0
2025-11-22,S1027,PP02,16.0,16.0,0.0
2025-11-29,S1027,PP02,17.0,17.0,0.0
2025-12-06,S1027,PP02,23.0,18.0,5.0
2025-12-13,S1027,PP02,21.0,18.0,8.0
2025-12-20,S1027,PP02,19.0,18.0,9.0
2025-12-27,S1027,PP02,14.0,18.0,5.0
2026-01-03,S1027,PP02,12.0,17.0,0.0
2026-01-10,S1027,PP02,9.0,9.0,0.0
2026-01-17,S1027,PP02,11.0,11.0,0.0
2026-01-24,S1027,PP02,11.0,11.0,0.0
2026-01-31,S1027,PP02,12.0,12.0,0.0
2026-02-07,S1027,PP02,11.0,11.0,0.0
2026-02-14,S1027,PP02,11.0,11.0,0.0
2026-02-21,S1027,PP02,12.0,12.0,0.0
2026-02-28,S1027,PP02,13.0,13.0,0.0
2026-03-07,S1027,PP02,11.0,11.0,0.0
2026-03-14,S1027,PP02,13.0,13.0,0.0
2026-03-21,S1027,PP02,12.0,12.0,0.0
2026-03-28,S1027,PP02,11.0,11.0,0.0
2026-04-04,S1027,PP02,10.0,10.0,0.0
2026-04-11,S1027,PP02,12.0,12.0,0.0
2026-04-18,S1027,PP02,15.0,15.0,0.0
2026-04-25,S1027,PP02,15.0,15.0,0.0
2026-05-02,S1027,PP02,14.0,14.0,0.0
2026-05-09,S1027,PP02,16.0,16.0,0.0
2026-05-16,S1027,PP02,13.0,13.0,0.0
2026-05-23,S1027,PP02,15.0,15.0,0.0
2026-05-30,S1027,PP02,12.0,12.0,0.0
2026-06-06,S1027,PP02,12.0,12.0,0.0
2026-06-13,S1027,PP02,12.0,12.0,0.0
2026-06-20,S1027,PP02,10.0,10.0,0.0
2026-06-27,S1027,PP02,15.0,15.0,0.0
2026-07-04,S1027,PP02,12.0,12.0,0.0
2026-07-11,S1027,PP02,12.0,12.0,0.0
2026-07-18,S1027,PP02,12.0,12.0,0.0
2026-07-25,S1027,PP02,13.0,13.0,0.0
2022-08-06,S1028,PP02,12.0,12.0,0.0
2022-08-13,S1028,PP02,13.0,13.0,0.0
2022-08-20,S1028,PP02,9.0,9.0,0.0
2022-08-27,S1028,PP02,10.0,10.0,0.0
2022-09-03,S1028,PP02,9.0,9.0,0.0
2022-09-10,S1028,PP02,11.0,11.0,0.0
2022-09-17,S1028,PP02,10.0,10.0,0.0
2022-09-24,S1028,PP02,9.0,9.0,0.0
2022-10-01,S1028,PP02,10.0,10.0,0.0
2022-10-08,S1028,PP02,9.0,9.0,0.0
2022-10-15,S1028,PP02,12.0,12.0,0.0
2022-10-22,S1028,PP02,11.0,11.0,0.0
2022-10-29,S1028,PP02,11.0,11.0,0.0
2022-11-05,S1028,PP02,8.0,8.0,0.0
2022-11-12,S1028,PP02,11.0,11.0,0.0
2022-11-19,S1028,PP02,15.0,15.0,0.0
2022-11-26,S1028,PP02,15.0,15.0,0.0
2022-12-03,S1028,PP02,12.0,12.0,0.0
2022-12-10,S1028,PP02,15.0,15.0,0.0
2022-12-17,S1028,PP02,13.0,13.0,0.0
2022-12-24,S1028,PP02,15.0,15.0,0.0
2022-12-31,S1028,PP02,11.0,11.0,0.0
2023-01-07,S1028,PP02,8.0,8.0,0.0
2023-01-14,S1028,PP02,8.0,8.0,0.0
2023-01-21,S1028,PP02,6.0,6.0,0.0
2023-01-28,S1028,PP02,8.0,8.0,0.0
2023-02-04,S1028,PP02,9.0,9.0,0.0
2023-02-11,S1028,PP02,10.0,10.0,0.0
2023-02-18,S1028,PP02,8.0,8.0,0.0
2023-02-25,S1028,PP02,9.0,9.0,0.0
2023-03-04,S1028,PP02,11.0,11.0,0.0
2023-03-11,S1028,PP02,8.0,8.0,0.0
2023-03-18,S1028,PP02,10.0,10.0,0.0
2023-03-25,S1028,PP02,10.0,10.0,0.0
2023-04-01,S1028,PP02,12.0,12.0,0.0
2023-04-08,S1028,PP02,10.0,10.0,0.0
2023-04-15,S1028,PP02,10.0,10.0,0.0
2023-04-22,S1028,PP02,11.0,11.0,0.0
2023-04-29,S1028,PP02,9.0,9.0,0.0
2023-05-06,S1028,PP02,10.0,10.0,0.0
2023-05-13,S1028,PP02,10.0,10.0,0.0
2023-05-20,S1028,PP02,10.0,10.0,0.0
2023-05-27,S1028,PP02,11.0,11.0,0.0
2023-06-03,S1028,PP02,11.0,11.0,0.0
2023-06-10,S1028,PP02,9.0,9.0,0.0
2023-06-17,S1028,PP02,10.0,10.0,0.0
2023-06-24,S1028,PP02,12.0,12.0,0.0
2023-07-01,S1028,PP02,9.0,9.0,0.0
2023-07-08,S1028,PP02,10.0,10.0,0.0
2023-07-15,S1028,PP02,10.0,10.0,0.0
2023-07-22,S1028,PP02,10.0,10.0,0.0
2023-07-29,S1028,PP02,9.0,9.0,0.0
2023-08-05,S1028,PP02,12.0,12.0,0.0
2023-08-12,S1028,PP02,10.0,10.0,0.0
2023-08-19,S1028,PP02,12.0,12.0,0.0
2023-08-26,S1028,PP02,10.0,10.0,0.0
2023-09-02,S1028,PP02,9.0,9.0,0.0
2023-09-09,S1028,PP02,11.0,11.0,0.0
2023-09-16,S1028,PP02,11.0,11.0,0.0
2023-09-23,S1028,PP02,10.0,10.0,0.0
2023-09-30,S1028,PP02,10.0,10.0,0.0
2023-10-07,S1028,PP02,9.0,9.0,0.0
2023-10-14,S1028,PP02,10.0,10.0,0.0
2023-10-21,S1028,PP02,10.0,10.0,0.0
2023-10-28,S1028,PP02,12.0,12.0,0.0
2023-11-04,S1028,PP02,10.0,10.0,0.0
2023-11-11,S1028,PP02,14.0,14.0,0.0
2023-11-18,S1028,PP02,12.0,12.0,0.0
2023-11-25,S1028,PP02,14.0,14.0,0.0
2023-12-02,S1028,PP02,16.0,16.0,0.0
2023-12-09,S1028,PP02,16.0,16.0,0.0
2023-12-16,S1028,PP02,15.0,15.0,0.0
2023-12-23,S1028,PP02,13.0,13.0,0.0
2023-12-30,S1028,PP02,12.0,12.0,0.0
2024-01-06,S1028,PP02,9.0,9.0,0.0
2024-01-13,S1028,PP02,8.0,8.0,0.0
2024-01-20,S1028,PP02,8.0,8.0,0.0
2024-01-27,S1028,PP02,9.0,9.0,0.0
2024-02-03,S1028,PP02,9.0,9.0,0.0
2024-02-10,S1028,PP02,11.0,11.0,0.0
2024-02-17,S1028,PP02,9.0,9.0,0.0
2024-02-24,S1028,PP02,9.0,9.0,0.0
2024-03-02,S1028,PP02,10.0,10.0,0.0
2024-03-09,S1028,PP02,9.0,9.0,0.0
2024-03-16,S1028,PP02,9.0,9.0,0.0
2024-03-23,S1028,PP02,9.0,9.0,0.0
2024-03-30,S1028,PP02,11.0,11.0,0.0
2024-04-06,S1028,PP02,10.0,10.0,0.0
2024-04-13,S1028,PP02,9.0,9.0,0.0
2024-04-20,S1028,PP02,11.0,11.0,0.0
2024-04-27,S1028,PP02,12.0,12.0,0.0
2024-05-04,S1028,PP02,12.0,12.0,0.0
2024-05-11,S1028,PP02,10.0,10.0,0.0
2024-05-18,S1028,PP02,10.0,10.0,0.0
2024-05-25,S1028,PP02,13.0,13.0,0.0
2024-06-01,S1028,PP02,11.0,11.0,0.0
2024-06-08,S1028,PP02,10.0,10.0,0.0
2024-06-15,S1028,PP02,11.0,11.0,0.0
2024-06-22,S1028,PP02,11.0,11.0,0.0
2024-06-29,S1028,PP02,10.0,10.0,0.0
2024-07-06,S1028,PP02,10.0,10.0,0.0
2024-07-13,S1028,PP02,11.0,11.0,0.0
2024-07-20,S1028,PP02,9.0,9.0,0.0
2024-07-27,S1028,PP02,10.0,10.0,0.0
2024-08-03,S1028,PP02,10.0,10.0,0.0
2024-08-10,S1028,PP02,10.0,10.0,0.0
2024-08-17,S1028,PP02,10.0,10.0,0.0
2024-08-24,S1028,PP02,11.0,11.0,0.0
2024-08-31,S1028,PP02,10.0,10.0,0.0
2024-09-07,S1028,PP02,9.0,9.0,0.0
2024-09-14,S1028,PP02,10.0,10.0,0.0
2024-09-21,S1028,PP02,9.0,9.0,0.0
2024-09-28,S1028,PP02,10.0,10.0,0.0
2024-10-05,S1028,PP02,11.0,11.0,0.0
2024-10-12,S1028,PP02,10.0,10.0,0.0
2024-10-19,S1028,PP02,10.0,10.0,0.0
2024-10-26,S1028,PP02,11.0,11.0,0.0
2024-11-02,S1028,PP02,9.0,9.0,0.0
2024-11-09,S1028,PP02,13.0,13.0,0.0
2024-11-16,S1028,PP02,17.0,16.0,1.0
2024-11-23,S1028,PP02,14.0,15.0,0.0
2024-11-30,S1028,PP02,15.0,15.0,0.0
2024-12-07,S1028,PP02,17.0,16.0,1.0
2024-12-14,S1028,PP02,19.0,16.0,4.0
2024-12-21,S1028,PP02,15.0,16.0,3.0
2024-12-28,S1028,PP02,10.0,13.0,0.0
2025-01-04,S1028,PP02,11.0,11.0,0.0
2025-01-11,S1028,PP02,11.0,11.0,0.0
2025-01-18,S1028,PP02,9.0,9.0,0.0
2025-01-25,S1028,PP02,8.0,8.0,0.0
2025-02-01,S1028,PP02,9.0,9.0,0.0
2025-02-08,S1028,PP02,8.0,8.0,0.0
2025-02-15,S1028,PP02,11.0,11.0,0.0
2025-02-22,S1028,PP02,9.0,9.0,0.0
2025-03-01,S1028,PP02,10.0,10.0,0.0
2025-03-08,S1028,PP02,9.0,9.0,0.0
2025-03-15,S1028,PP02,10.0,10.0,0.0
2025-03-22,S1028,PP02,12.0,12.0,0.0
2025-03-29,S1028,PP02,11.0,11.0,0.0
2025-04-05,S1028,PP02,10.0,10.0,0.0
2025-04-12,S1028,PP02,9.0,9.0,0.0
2025-04-19,S1028,PP02,9.0,9.0,0.0
2025-04-26,S1028,PP02,10.0,10.0,0.0
2025-05-03,S1028,PP02,11.0,11.0,0.0
2025-05-10,S1028,PP02,13.0,13.0,0.0
2025-05-17,S1028,PP02,11.0,11.0,0.0
2025-05-24,S1028,PP02,13.0,13.0,0.0
2025-05-31,S1028,PP02,10.0,10.0,0.0
2025-06-07,S1028,PP02,11.0,11.0,0.0
2025-06-14,S1028,PP02,10.0,10.0,0.0
2025-06-21,S1028,PP02,12.0,12.0,0.0
2025-06-28,S1028,PP02,13.0,13.0,0.0
2025-07-05,S1028,PP02,9.0,9.0,0.0
2025-07-12,S1028,PP02,11.0,11.0,0.0
2025-07-19,S1028,PP02,13.0,13.0,0.0
2025-07-26,S1028,PP02,10.0,10.0,0.0
2025-08-02,S1028,PP02,12.0,12.0,0.0
2025-08-09,S1028,PP02,13.0,13.0,0.0
2025-08-16,S1028,PP02,12.0,12.0,0.0
2025-08-23,S1028,PP02,12.0,12.0,0.0
2025-08-30,S1028,PP02,13.0,13.0,0.0
2025-09-06,S1028,PP02,13.0,13.0,0.0
2025-09-13,S1028,PP02,10.0,10.0,0.0
2025-09-20,S1028,PP02,10.0,10.0,0.0
2025-09-27,S1028,PP02,10.0,10.0,0.0
2025-10-04,S1028,PP02,12.0,12.0,0.0
2025-10-11,S1028,PP02,9.0,9.0,0.0
2025-10-18,S1028,PP02,11.0,11.0,0.0
2025-10-25,S1028,PP02,12.0,12.0,0.0
2025-11-01,S1028,PP02,12.0,12.0,0.0
2025-11-08,S1028,PP02,13.0,13.0,0.0
2025-11-15,S1028,PP02,17.0,16.0,1.0
2025-11-22,S1028,PP02,14.0,15.0,0.0
2025-11-29,S1028,PP02,15.0,15.0,0.0
2025-12-06,S1028,PP02,18.0,16.0,2.0
2025-12-13,S1028,PP02,17.0,16.0,3.0
2025-12-20,S1028,PP02,17.0,16.0,4.0
2025-12-27,S1028,PP02,13.0,16.0,1.0
2026-01-03,S1028,PP02,11.0,12.0,0.0
2026-01-10,S1028,PP02,8.0,8.0,0.0
2026-01-17,S1028,PP02,7.0,7.0,0.0
2026-01-24,S1028,PP02,8.0,8.0,0.0
2026-01-31,S1028,PP02,10.0,10.0,0.0
2026-02-07,S1028,PP02,9.0,9.0,0.0
2026-02-14,S1028,PP02,12.0,12.0,0.0
2026-02-21,S1028,PP02,11.0,11.0,0.0
2026-02-28,S1028,PP02,10.0,10.0,0.0
2026-03-07,S1028,PP02,10.0,10.0,0.0
2026-03-14,S1028,PP02,12.0,12.0,0.0
2026-03-21,S1028,PP02,10.0,10.0,0.0
2026-03-28,S1028,PP02,10.0,10.0,0.0
2026-04-04,S1028,PP02,12.0,12.0,0.0
2026-04-11,S1028,PP02,11.0,11.0,0.0
2026-04-18,S1028,PP02,11.0,11.0,0.0
2026-04-25,S1028,PP02,12.0,12.0,0.0
2026-05-02,S1028,PP02,12.0,12.0,0.0
2026-05-09,S1028,PP02,12.0,12.0,0.0
2026-05-16,S1028,PP02,11.0,11.0,0.0
2026-05-23,S1028,PP02,14.0,14.0,0.0
2026-05-30,S1028,PP02,11.0,11.0,0.0
2026-06-06,S1028,PP02,13.0,13.0,0.0
2026-06-13,S1028,PP02,11.0,11.0,0.0
2026-06-20,S1028,PP02,12.0,12.0,0.0
2026-06-27,S1028,PP02,12.0,12.0,0.0
2026-07-04,S1028,PP02,13.0,13.0,0.0
2026-07-11,S1028,PP02,11.0,11.0,0.0
2026-07-18,S1028,PP02,13.0,13.0,0.0
2026-07-25,S1028,PP02,14.0,14.0,0.0
2022-08-06,S1029,PP02,7.0,7.0,0.0
2022-08-13,S1029,PP02,7.0,7.0,0.0
2022-08-20,S1029,PP02,6.0,6.0,0.0
2022-08-27,S1029,PP02,6.0,6.0,0.0
2022-09-03,S1029,PP02,8.0,8.0,0.0
2022-09-10,S1029,PP02,6.0,6.0,0.0
2022-09-17,S1029,PP02,6.0,6.0,0.0
2022-09-24,S1029,PP02,8.0,8.0,0.0
2022-10-01,S1029,PP02,7.0,7.0,0.0
2022-10-08,S1029,PP02,8.0,8.0,0.0
2022-10-15,S1029,PP02,6.0,6.0,0.0
2022-10-22,S1029,PP02,7.0,7.0,0.0
2022-10-29,S1029,PP02,7.0,7.0,0.0
2022-11-05,S1029,PP02,8.0,8.0,0.0
2022-11-12,S1029,PP02,6.0,6.0,0.0
2022-11-19,S1029,PP02,9.0,9.0,0.0
2022-11-26,S1029,PP02,9.0,9.0,0.0
2022-12-03,S1029,PP02,10.0,10.0,0.0
2022-12-10,S1029,PP02,10.0,10.0,0.0
2022-12-17,S1029,PP02,9.0,9.0,0.0
2022-12-24,S1029,PP02,9.0,9.0,0.0
2022-12-31,S1029,PP02,6.0,6.0,0.0
2023-01-07,S1029,PP02,6.0,6.0,0.0
2023-01-14,S1029,PP02,6.0,6.0,0.0
2023-01-21,S1029,PP02,6.0,6.0,0.0
2023-01-28,S1029,PP02,5.0,5.0,0.0
2023-02-04,S1029,PP02,6.0,6.0,0.0
2023-02-11,S1029,PP02,6.0,6.0,0.0
2023-02-18,S1029,PP02,6.0,6.0,0.0
2023-02-25,S1029,PP02,5.0,5.0,0.0
2023-03-04,S1029,PP02,7.0,7.0,0.0
2023-03-11,S1029,PP02,7.0,7.0,0.0
2023-03-18,S1029,PP02,8.0,8.0,0.0
2023-03-25,S1029,PP02,6.0,6.0,0.0
2023-04-01,S1029,PP02,7.0,7.0,0.0
2023-04-08,S1029,PP02,6.0,6.0,0.0
2023-04-15,S1029,PP02,6.0,6.0,0.0
2023-04-22,S1029,PP02,7.0,7.0,0.0
2023-04-29,S1029,PP02,8.0,8.0,0.0
2023-05-06,S1029,PP02,6.0,6.0,0.0
2023-05-13,S1029,PP02,7.0,7.0,0.0
2023-05-20,S1029,PP02,6.0,6.0,0.0
2023-05-27,S1029,PP02,7.0,7.0,0.0
2023-06-03,S1029,PP02,7.0,7.0,0.0
2023-06-10,S1029,PP02,6.0,6.0,0.0
2023-06-17,S1029,PP02,7.0,7.0,0.0
2023-06-24,S1029,PP02,6.0,6.0,0.0
2023-07-01,S1029,PP02,6.0,6.0,0.0
2023-07-08,S1029,PP02,8.0,8.0,0.0
2023-07-15,S1029,PP02,7.0,7.0,0.0
2023-07-22,S1029,PP02,6.0,6.0,0.0
2023-07-29,S1029,PP02,7.0,7.0,0.0
2023-08-05,S1029,PP02,6.0,6.0,0.0
2023-08-12,S1029,PP02,6.0,6.0,0.0
2023-08-19,S1029,PP02,8.0,8.0,0.0
2023-08-26,S1029,PP02,7.0,7.0,0.0
2023-09-02,S1029,PP02,8.0,8.0,0.0
2023-09-09,S1029,PP02,6.0,6.0,0.0
2023-09-16,S1029,PP02,6.0,6.0,0.0
2023-09-23,S1029,PP02,7.0,7.0,0.0
2023-09-30,S1029,PP02,5.0,5.0,0.0
2023-10-07,S1029,PP02,7.0,7.0,0.0
2023-10-14,S1029,PP02,6.0,6.0,0.0
2023-10-21,S1029,PP02,8.0,8.0,0.0
2023-10-28,S1029,PP02,8.0,8.0,0.0
2023-11-04,S1029,PP02,7.0,7.0,0.0
2023-11-11,S1029,PP02,9.0,9.0,0.0
2023-11-18,S1029,PP02,8.0,8.0,0.0
2023-11-25,S1029,PP02,8.0,8.0,0.0
2023-12-02,S1029,PP02,10.0,10.0,0.0
2023-12-09,S1029,PP02,10.0,10.0,0.0
2023-12-16,S1029,PP02,12.0,10.0,2.0
2023-12-23,S1029,PP02,9.0,10.0,1.0
2023-12-30,S1029,PP02,8.0,9.0,0.0
2024-01-06,S1029,PP02,7.0,7.0,0.0
2024-01-13,S1029,PP02,6.0,6.0,0.0
2024-01-20,S1029,PP02,6.0,6.0,0.0
2024-01-27,S1029,PP02,7.0,7.0,0.0
2024-02-03,S1029,PP02,6.0,6.0,0.0
2024-02-10,S1029,PP02,6.0,6.0,0.0
2024-02-17,S1029,PP02,7.0,7.0,0.0
2024-02-24,S1029,PP02,6.0,6.0,0.0
2024-03-02,S1029,PP02,7.0,7.0,0.0
2024-03-09,S1029,PP02,8.0,8.0,0.0
2024-03-16,S1029,PP02,8.0,8.0,0.0
2024-03-23,S1029,PP02,7.0,7.0,0.0
2024-03-30,S1029,PP02,6.0,6.0,0.0
2024-04-06,S1029,PP02,8.0,8.0,0.0
2024-04-13,S1029,PP02,7.0,7.0,0.0
2024-04-20,S1029,PP02,7.0,7.0,0.0
2024-04-27,S1029,PP02,7.0,7.0,0.0
2024-05-04,S1029,PP02,7.0,7.0,0.0
2024-05-11,S1029,PP02,7.0,7.0,0.0
2024-05-18,S1029,PP02,7.0,7.0,0.0
2024-05-25,S1029,PP02,7.0,7.0,0.0
2024-06-01,S1029,PP02,7.0,7.0,0.0
2024-06-08,S1029,PP02,7.0,7.0,0.0
2024-06-15,S1029,PP02,8.0,8.0,0.0
2024-06-22,S1029,PP02,8.0,8.0,0.0
2024-06-29,S1029,PP02,8.0,8.0,0.0
2024-07-06,S1029,PP02,7.0,7.0,0.0
2024-07-13,S1029,PP02,7.0,7.0,0.0
2024-07-20,S1029,PP02,7.0,7.0,0.0
2024-07-27,S1029,PP02,6.0,6.0,0.0
2024-08-03,S1029,PP02,8.0,8.0,0.0
2024-08-10,S1029,PP02,7.0,7.0,0.0
2024-08-17,S1029,PP02,9.0,9.0,0.0
2024-08-24,S1029,PP02,8.0,8.0,0.0
2024-08-31,S1029,PP02,7.0,7.0,0.0
2024-09-07,S1029,PP02,7.0,7.0,0.0
2024-09-14,S1029,PP02,6.0,6.0,0.0
2024-09-21,S1029,PP02,6.0,6.0,0.0
2024-09-28,S1029,PP02,6.0,6.0,0.0
2024-10-05,S1029,PP02,6.0,6.0,0.0
2024-10-12,S1029,PP02,7.0,7.0,0.0
2024-10-19,S1029,PP02,6.0,6.0,0.0
2024-10-26,S1029,PP02,7.0,7.0,0.0
2024-11-02,S1029,PP02,8.0,8.0,0.0
2024-11-09,S1029,PP02,8.0,8.0,0.0
2024-11-16,S1029,PP02,8.0,8.0,0.0
2024-11-23,S1029,PP02,9.0,9.0,0.0
2024-11-30,S1029,PP02,12.0,10.0,2.0
2024-12-07,S1029,PP02,11.0,10.0,3.0
2024-12-14,S1029,PP02,10.0,10.0,3.0
2024-12-21,S1029,PP02,9.0,10.0,2.0
2024-12-28,S1029,PP02,8.0,10.0,0.0
2025-01-04,S1029,PP02,6.0,6.0,0.0
2025-01-11,S1029,PP02,5.0,5.0,0.0
2025-01-18,S1029,PP02,6.0,6.0,0.0
2025-01-25,S1029,PP02,6.0,6.0,0.0
2025-02-01,S1029,PP02,5.0,5.0,0.0
2025-02-08,S1029,PP02,6.0,6.0,0.0
2025-02-15,S1029,PP02,6.0,6.0,0.0
2025-02-22,S1029,PP02,5.0,5.0,0.0
2025-03-01,S1029,PP02,7.0,7.0,0.0
2025-03-08,S1029,PP02,7.0,7.0,0.0
2025-03-15,S1029,PP02,7.0,7.0,0.0
2025-03-22,S1029,PP02,9.0,9.0,0.0
2025-03-29,S1029,PP02,8.0,8.0,0.0
2025-04-05,S1029,PP02,8.0,8.0,0.0
2025-04-12,S1029,PP02,9.0,9.0,0.0
2025-04-19,S1029,PP02,8.0,8.0,0.0
2025-04-26,S1029,PP02,8.0,8.0,0.0
2025-05-03,S1029,PP02,8.0,8.0,0.0
2025-05-10,S1029,PP02,7.0,7.0,0.0
2025-05-17,S1029,PP02,8.0,8.0,0.0
2025-05-24,S1029,PP02,7.0,7.0,0.0
2025-05-31,S1029,PP02,8.0,8.0,0.0
2025-06-07,S1029,PP02,7.0,7.0,0.0
2025-06-14,S1029,PP02,7.0,7.0,0.0
2025-06-21,S1029,PP02,8.0,8.0,0.0
2025-06-28,S1029,PP02,7.0,7.0,0.0
2025-07-05,S1029,PP02,6.0,6.0,0.0
2025-07-12,S1029,PP02,6.0,6.0,0.0
2025-07-19,S1029,PP02,7.0,7.0,0.0
2025-07-26,S1029,PP02,7.0,7.0,0.0
2025-08-02,S1029,PP02,8.0,8.0,0.0
2025-08-09,S1029,PP02,8.0,8.0,0.0
2025-08-16,S1029,PP02,9.0,9.0,0.0
2025-08-23,S1029,PP02,8.0,8.0,0.0
2025-08-30,S1029,PP02,8.0,8.0,0.0
2025-09-06,S1029,PP02,7.0,7.0,0.0
2025-09-13,S1029,PP02,7.0,7.0,0.0
2025-09-20,S1029,PP02,8.0,8.0,0.0
2025-09-27,S1029,PP02,8.0,8.0,0.0
2025-10-04,S1029,PP02,7.0,7.0,0.0
2025-10-11,S1029,PP02,8.0,8.0,0.0
2025-10-18,S1029,PP02,6.0,6.0,0.0
2025-10-25,S1029,PP02,8.0,8.0,0.0
2025-11-01,S1029,PP02,8.0,8.0,0.0
2025-11-08,S1029,PP02,10.0,10.0,0.0
2025-11-15,S1029,PP02,11.0,10.0,1.0
2025-11-22,S1029,PP02,8.0,9.0,0.0
2025-11-29,S1029,PP02,12.0,10.0,2.0
2025-12-06,S1029,PP02,10.0,10.0,2.0
2025-12-13,S1029,PP02,10.0,10.0,2.0
2025-12-20,S1029,PP02,10.0,10.0,2.0
2025-12-27,S1029,PP02,8.0,10.0,0.0
2026-01-03,S1029,PP02,6.0,6.0,0.0
2026-01-10,S1029,PP02,6.0,6.0,0.0
2026-01-17,S1029,PP02,6.0,6.0,0.0
2026-01-24,S1029,PP02,7.0,7.0,0.0
2026-01-31,S1029,PP02,6.0,6.0,0.0
2026-02-07,S1029,PP02,7.0,7.0,0.0
2026-02-14,S1029,PP02,7.0,7.0,0.0
2026-02-21,S1029,PP02,8.0,8.0,0.0
2026-02-28,S1029,PP02,5.0,5.0,0.0
2026-03-07,S1029,PP02,7.0,7.0,0.0
2026-03-14,S1029,PP02,7.0,7.0,0.0
2026-03-21,S1029,PP02,7.0,7.0,0.0
2026-03-28,S1029,PP02,7.0,7.0,0.0
2026-04-04,S1029,PP02,7.0,7.0,0.0
2026-04-11,S1029,PP02,7.0,7.0,0.0
2026-04-18,S1029,PP02,8.0,8.0,0.0
2026-04-25,S1029,PP02,8.0,8.0,0.0
2026-05-02,S1029,PP02,8.0,8.0,0.0
2026-05-09,S1029,PP02,8.0,8.0,0.0
2026-05-16,S1029,PP02,8.0,8.0,0.0
2026-05-23,S1029,PP02,8.0,8.0,0.0
2026-05-30,S1029,PP02,7.0,7.0,0.0
2026-06-06,S1029,PP02,8.0,8.0,0.0
2026-06-13,S1029,PP02,7.0,7.0,0.0
2026-06-20,S1029,PP02,9.0,9.0,0.0
2026-06-27,S1029,PP02,8.0,8.0,0.0
2026-07-04,S1029,PP02,9.0,9.0,0.0
2026-07-11,S1029,PP02,7.0,7.0,0.0
2026-07-18,S1029,PP02,7.0,7.0,0.0
2026-07-25,S1029,PP02,7.0,7.0,0.0
2022-08-06,S1030,PP02,12.0,12.0,0.0
2022-08-13,S1030,PP02,15.0,15.0,0.0
2022-08-20,S1030,PP02,15.0,15.0,0.0
2022-08-27,S1030,PP02,11.0,11.0,0.0
2022-09-03,S1030,PP02,12.0,12.0,0.0
2022-09-10,S1030,PP02,12.0,12.0,0.0
2022-09-17,S1030,PP02,13.0,13.0,0.0
2022-09-24,S1030,PP02,10.0,10.0,0.0
2022-10-01,S1030,PP02,11.0,11.0,0.0
2022-10-08,S1030,PP02,13.0,13.0,0.0
2022-10-15,S1030,PP02,11.0,11.0,0.0
2022-10-22,S1030,PP02,13.0,13.0,0.0
2022-10-29,S1030,PP02,14.0,14.0,0.0
2022-11-05,S1030,PP02,15.0,15.0,0.0
2022-11-12,S1030,PP02,15.0,15.0,0.0
2022-11-19,S1030,PP02,16.0,16.0,0.0
2022-11-26,S1030,PP02,19.0,19.0,0.0
2022-12-03,S1030,PP02,19.0,19.0,0.0
2022-12-10,S1030,PP02,19.0,19.0,0.0
2022-12-17,S1030,PP02,19.0,19.0,0.0
2022-12-24,S1030,PP02,17.0,17.0,0.0
2022-12-31,S1030,PP02,17.0,17.0,0.0
2023-01-07,S1030,PP02,13.0,13.0,0.0
2023-01-14,S1030,PP02,11.0,11.0,0.0
2023-01-21,S1030,PP02,10.0,10.0,0.0
2023-01-28,S1030,PP02,10.0,10.0,0.0
2023-02-04,S1030,PP02,11.0,11.0,0.0
2023-02-11,S1030,PP02,12.0,12.0,0.0
2023-02-18,S1030,PP02,11.0,11.0,0.0
2023-02-25,S1030,PP02,14.0,14.0,0.0
2023-03-04,S1030,PP02,14.0,14.0,0.0
2023-03-11,S1030,PP02,12.0,12.0,0.0
2023-03-18,S1030,PP02,14.0,14.0,0.0
2023-03-25,S1030,PP02,13.0,13.0,0.0
2023-04-01,S1030,PP02,14.0,14.0,0.0
2023-04-08,S1030,PP02,11.0,11.0,0.0
2023-04-15,S1030,PP02,13.0,13.0,0.0
2023-04-22,S1030,PP02,13.0,13.0,0.0
2023-04-29,S1030,PP02,14.0,14.0,0.0
2023-05-06,S1030,PP02,13.0,13.0,0.0
2023-05-13,S1030,PP02,11.0,11.0,0.0
2023-05-20,S1030,PP02,12.0,12.0,0.0
2023-05-27,S1030,PP02,13.0,13.0,0.0
2023-06-03,S1030,PP02,13.0,13.0,0.0
2023-06-10,S1030,PP02,15.0,15.0,0.0
2023-06-17,S1030,PP02,14.0,14.0,0.0
2023-06-24,S1030,PP02,13.0,13.0,0.0
2023-07-01,S1030,PP02,13.0,13.0,0.0
2023-07-08,S1030,PP02,14.0,14.0,0.0
2023-07-15,S1030,PP02,12.0,12.0,0.0
2023-07-22,S1030,PP02,13.0,13.0,0.0
2023-07-29,S1030,PP02,12.0,12.0,0.0
2023-08-05,S1030,PP02,16.0,16.0,0.0
2023-08-12,S1030,PP02,14.0,14.0,0.0
2023-08-19,S1030,PP02,13.0,13.0,0.0
2023-08-26,S1030,PP02,13.0,13.0,0.0
2023-09-02,S1030,PP02,14.0,14.0,0.0
2023-09-09,S1030,PP02,12.0,12.0,0.0
2023-09-16,S1030,PP02,12.0,12.0,0.0
2023-09-23,S1030,PP02,12.0,12.0,0.0
2023-09-30,S1030,PP02,13.0,13.0,0.0
2023-10-07,S1030,PP02,12.0,12.0,0.0
2023-10-14,S1030,PP02,12.0,12.0,0.0
2023-10-21,S1030,PP02,12.0,12.0,0.0
2023-10-28,S1030,PP02,14.0,14.0,0.0
2023-11-04,S1030,PP02,14.0,14.0,0.0
2023-11-11,S1030,PP02,15.0,15.0,0.0
2023-11-18,S1030,PP02,17.0,17.0,0.0
2023-11-25,S1030,PP02,19.0,19.0,0.0
2023-12-02,S1030,PP02,21.0,20.0,1.0
2023-12-09,S1030,PP02,22.0,20.0,3.0
2023-12-16,S1030,PP02,19.0,20.0,2.0
2023-12-23,S1030,PP02,16.0,18.0,0.0
2023-12-30,S1030,PP02,13.0,13.0,0.0
2024-01-06,S1030,PP02,11.0,11.0,0.0
2024-01-13,S1030,PP02,10.0,10.0,0.0
2024-01-20,S1030,PP02,10.0,10.0,0.0
2024-01-27,S1030,PP02,11.0,11.0,0.0
2024-02-03,S1030,PP02,10.0,10.0,0.0
2024-02-10,S1030,PP02,10.0,10.0,0.0
2024-02-17,S1030,PP02,13.0,13.0,0.0
2024-02-24,S1030,PP02,12.0,12.0,0.0
2024-03-02,S1030,PP02,12.0,12.0,0.0
2024-03-09,S1030,PP02,12.0,12.0,0.0
2024-03-16,S1030,PP02,13.0,13.0,0.0
2024-03-23,S1030,PP02,15.0,15.0,0.0
2024-03-30,S1030,PP02,12.0,12.0,0.0
2024-04-06,S1030,PP02,13.0,13.0,0.0
2024-04-13,S1030,PP02,14.0,14.0,0.0
2024-04-20,S1030,PP02,11.0,11.0,0.0
2024-04-27,S1030,PP02,16.0,16.0,0.0
2024-05-04,S1030,PP02,18.0,18.0,0.0
2024-05-11,S1030,PP02,11.0,11.0,0.0
2024-05-18,S1030,PP02,14.0,14.0,0.0
2024-05-25,S1030,PP02,13.0,13.0,0.0
2024-06-01,S1030,PP02,13.0,13.0,0.0
2024-06-08,S1030,PP02,13.0,13.0,0.0
2024-06-15,S1030,PP02,15.0,15.0,0.0
2024-06-22,S1030,PP02,13.0,13.0,0.0
2024-06-29,S1030,PP02,12.0,12.0,0.0
2024-07-06,S1030,PP02,13.0,13.0,0.0
2024-07-13,S1030,PP02,14.0,14.0,0.0
2024-07-20,S1030,PP02,12.0,12.0,0.0
2024-07-27,S1030,PP02,12.0,12.0,0.0
2024-08-03,S1030,PP02,17.0,17.0,0.0
2024-08-10,S1030,PP02,13.0,13.0,0.0
2024-08-17,S1030,PP02,14.0,14.0,0.0
2024-08-24,S1030,PP02,13.0,13.0,0.0
2024-08-31,S1030,PP02,14.0,14.0,0.0
2024-09-07,S1030,PP02,15.0,15.0,0.0
2024-09-14,S1030,PP02,13.0,13.0,0.0
2024-09-21,S1030,PP02,11.0,11.0,0.0
2024-09-28,S1030,PP02,11.0,11.0,0.0
2024-10-05,S1030,PP02,12.0,12.0,0.0
2024-10-12,S1030,PP02,13.0,13.0,0.0
2024-10-19,S1030,PP02,12.0,12.0,0.0
2024-10-26,S1030,PP02,16.0,16.0,0.0
2024-11-02,S1030,PP02,13.0,13.0,0.0
2024-11-09,S1030,PP02,18.0,18.0,0.0
2024-11-16,S1030,PP02,20.0,20.0,0.0
2024-11-23,S1030,PP02,17.0,17.0,0.0
2024-11-30,S1030,PP02,20.0,20.0,0.0
2024-12-07,S1030,PP02,18.0,18.0,0.0
2024-12-14,S1030,PP02,22.0,20.0,2.0
2024-12-21,S1030,PP02,17.0,19.0,0.0
2024-12-28,S1030,PP02,14.0,14.0,0.0
2025-01-04,S1030,PP02,13.0,13.0,0.0
2025-01-11,S1030,PP02,10.0,10.0,0.0
2025-01-18,S1030,PP02,10.0,10.0,0.0
2025-01-25,S1030,PP02,12.0,12.0,0.0
2025-02-01,S1030,PP02,11.0,11.0,0.0
2025-02-08,S1030,PP02,14.0,14.0,0.0
2025-02-15,S1030,PP02,11.0,11.0,0.0
2025-02-22,S1030,PP02,15.0,15.0,0.0
2025-03-01,S1030,PP02,12.0,12.0,0.0
2025-03-08,S1030,PP02,13.0,13.0,0.0
2025-03-15,S1030,PP02,13.0,13.0,0.0
2025-03-22,S1030,PP02,13.0,13.0,0.0
2025-03-29,S1030,PP02,15.0,15.0,0.0
2025-04-05,S1030,PP02,16.0,16.0,0.0
2025-04-12,S1030,PP02,15.0,15.0,0.0
2025-04-19,S1030,PP02,13.0,13.0,0.0
2025-04-26,S1030,PP02,15.0,15.0,0.0
2025-05-03,S1030,PP02,14.0,14.0,0.0
2025-05-10,S1030,PP02,13.0,13.0,0.0
2025-05-17,S1030,PP02,13.0,13.0,0.0
2025-05-24,S1030,PP02,14.0,14.0,0.0
2025-05-31,S1030,PP02,15.0,15.0,0.0
2025-06-07,S1030,PP02,12.0,12.0,0.0
2025-06-14,S1030,PP02,14.0,14.0,0.0
2025-06-21,S1030,PP02,16.0,16.0,0.0
2025-06-28,S1030,PP02,16.0,16.0,0.0
2025-07-05,S1030,PP02,13.0,13.0,0.0
2025-07-12,S1030,PP02,12.0,12.0,0.0
2025-07-19,S1030,PP02,15.0,15.0,0.0
2025-07-26,S1030,PP02,12.0,12.0,0.0
2025-08-02,S1030,PP02,17.0,17.0,0.0
2025-08-09,S1030,PP02,15.0,15.0,0.0
2025-08-16,S1030,PP02,18.0,18.0,0.0
2025-08-23,S1030,PP02,12.0,12.0,0.0
2025-08-30,S1030,PP02,15.0,15.0,0.0
2025-09-06,S1030,PP02,13.0,13.0,0.0
2025-09-13,S1030,PP02,13.0,13.0,0.0
2025-09-20,S1030,PP02,12.0,12.0,0.0
2025-09-27,S1030,PP02,14.0,14.0,0.0
2025-10-04,S1030,PP02,15.0,15.0,0.0
2025-10-11,S1030,PP02,17.0,17.0,0.0
2025-10-18,S1030,PP02,16.0,16.0,0.0
2025-10-25,S1030,PP02,14.0,14.0,0.0
2025-11-01,S1030,PP02,14.0,14.0,0.0
2025-11-08,S1030,PP02,15.0,15.0,0.0
2025-11-15,S1030,PP02,20.0,20.0,0.0
2025-11-22,S1030,PP02,17.0,17.0,0.0
2025-11-29,S1030,PP02,23.0,20.0,3.0
2025-12-06,S1030,PP02,23.0,20.0,6.0
2025-12-13,S1030,PP02,23.0,20.0,9.0
2025-12-20,S1030,PP02,19.0,20.0,8.0
2025-12-27,S1030,PP02,18.0,20.0,6.0
2026-01-03,S1030,PP02,14.0,20.0,0.0
2026-01-10,S1030,PP02,11.0,11.0,0.0
2026-01-17,S1030,PP02,12.0,12.0,0.0
2026-01-24,S1030,PP02,12.0,12.0,0.0
2026-01-31,S1030,PP02,12.0,12.0,0.0
2026-02-07,S1030,PP02,14.0,14.0,0.0
2026-02-14,S1030,PP02,13.0,13.0,0.0
2026-02-21,S1030,PP02,14.0,14.0,0.0
2026-02-28,S1030,PP02,13.0,13.0,0.0
2026-03-07,S1030,PP02,13.0,13.0,0.0
2026-03-14,S1030,PP02,17.0,17.0,0.0
2026-03-21,S1030,PP02,17.0,17.0,0.0
2026-03-28,S1030,PP02,16.0,16.0,0.0
2026-04-04,S1030,PP02,14.0,14.0,0.0
2026-04-11,S1030,PP02,14.0,14.0,0.0
2026-04-18,S1030,PP02,17.0,17.0,0.0
2026-04-25,S1030,PP02,14.0,14.0,0.0
2026-05-02,S1030,PP02,14.0,14.0,0.0
2026-05-09,S1030,PP02,19.0,19.0,0.0
2026-05-16,S1030,PP02,15.0,15.0,0.0
2026-05-23,S1030,PP02,18.0,18.0,0.0
2026-05-30,S1030,PP02,13.0,13.0,0.0
2026-06-06,S1030,PP02,16.0,16.0,0.0
2026-06-13,S1030,PP02,18.0,18.0,0.0
2026-06-20,S1030,PP02,15.0,15.0,0.0
2026-06-27,S1030,PP02,14.0,14.0,0.0
2026-07-04,S1030,PP02,13.0,13.0,0.0
2026-07-11,S1030,PP02,17.0,17.0,0.0
2026-07-18,S1030,PP02,14.0,14.0,0.0
2026-07-25,S1030,PP02,15.0,15.0,0.0
2022-08-06,S1031,PP02,8.0,8.0,0.0
2022-08-13,S1031,PP02,10.0,10.0,0.0
2022-08-20,S1031,PP02,10.0,10.0,0.0
2022-08-27,S1031,PP02,8.0,8.0,0.0
2022-09-03,S1031,PP02,7.0,7.0,0.0
2022-09-10,S1031,PP02,10.0,10.0,0.0
2022-09-17,S1031,PP02,8.0,8.0,0.0
2022-09-24,S1031,PP02,7.0,7.0,0.0
2022-10-01,S1031,PP02,7.0,7.0,0.0
2022-10-08,S1031,PP02,8.0,8.0,0.0
2022-10-15,S1031,PP02,7.0,7.0,0.0
2022-10-22,S1031,PP02,8.0,8.0,0.0
2022-10-29,S1031,PP02,10.0,10.0,0.0
2022-11-05,S1031,PP02,9.0,9.0,0.0
2022-11-12,S1031,PP02,10.0,10.0,0.0
2022-11-19,S1031,PP02,10.0,10.0,0.0
2022-11-26,S1031,PP02,12.0,12.0,0.0
2022-12-03,S1031,PP02,15.0,14.0,1.0
2022-12-10,S1031,PP02,13.0,14.0,0.0
2022-12-17,S1031,PP02,13.0,13.0,0.0
2022-12-24,S1031,PP02,9.0,9.0,0.0
2022-12-31,S1031,PP02,11.0,11.0,0.0
2023-01-07,S1031,PP02,7.0,7.0,0.0
2023-01-14,S1031,PP02,7.0,7.0,0.0
2023-01-21,S1031,PP02,7.0,7.0,0.0
2023-01-28,S1031,PP02,8.0,8.0,0.0
2023-02-04,S1031,PP02,8.0,8.0,0.0
2023-02-11,S1031,PP02,7.0,7.0,0.0
2023-02-18,S1031,PP02,9.0,9.0,0.0
2023-02-25,S1031,PP02,7.0,7.0,0.0
2023-03-04,S1031,PP02,9.0,9.0,0.0
2023-03-11,S1031,PP02,8.0,8.0,0.0
2023-03-18,S1031,PP02,9.0,9.0,0.0
2023-03-25,S1031,PP02,8.0,8.0,0.0
2023-04-01,S1031,PP02,9.0,9.0,0.0
2023-04-08,S1031,PP02,8.0,8.0,0.0
2023-04-15,S1031,PP02,9.0,9.0,0.0
2023-04-22,S1031,PP02,9.0,9.0,0.0
2023-04-29,S1031,PP02,8.0,8.0,0.0
2023-05-06,S1031,PP02,9.0,9.0,0.0
2023-05-13,S1031,PP02,9.0,9.0,0.0
2023-05-20,S1031,PP02,8.0,8.0,0.0
2023-05-27,S1031,PP02,9.0,9.0,0.0
2023-06-03,S1031,PP02,8.0,8.0,0.0
2023-06-10,S1031,PP02,11.0,11.0,0.0
2023-06-17,S1031,PP02,10.0,10.0,0.0
2023-06-24,S1031,PP02,9.0,9.0,0.0
2023-07-01,S1031,PP02,10.0,10.0,0.0
2023-07-08,S1031,PP02,7.0,7.0,0.0
2023-07-15,S1031,PP02,7.0,7.0,0.0
2023-07-22,S1031,PP02,8.0,8.0,0.0
2023-07-29,S1031,PP02,8.0,8.0,0.0
2023-08-05,S1031,PP02,9.0,9.0,0.0
2023-08-12,S1031,PP02,9.0,9.0,0.0
2023-08-19,S1031,PP02,10.0,10.0,0.0
2023-08-26,S1031,PP02,8.0,8.0,0.0
2023-09-02,S1031,PP02,9.0,9.0,0.0
2023-09-09,S1031,PP02,8.0,8.0,0.0
2023-09-16,S1031,PP02,9.0,9.0,0.0
2023-09-23,S1031,PP02,8.0,8.0,0.0
2023-09-30,S1031,PP02,9.0,9.0,0.0
2023-10-07,S1031,PP02,8.0,8.0,0.0
2023-10-14,S1031,PP02,10.0,10.0,0.0
2023-10-21,S1031,PP02,8.0,8.0,0.0
2023-10-28,S1031,PP02,10.0,10.0,0.0
2023-11-04,S1031,PP02,9.0,9.0,0.0
2023-11-11,S1031,PP02,10.0,10.0,0.0
2023-11-18,S1031,PP02,12.0,12.0,0.0
2023-11-25,S1031,PP02,11.0,11.0,0.0
2023-12-02,S1031,PP02,10.0,10.0,0.0
2023-12-09,S1031,PP02,10.0,10.0,0.0
2023-12-16,S1031,PP02,15.0,14.0,1.0
2023-12-23,S1031,PP02,13.0,14.0,0.0
2023-12-30,S1031,PP02,12.0,12.0,0.0
2024-01-06,S1031,PP02,8.0,8.0,0.0
2024-01-13,S1031,PP02,6.0,6.0,0.0
2024-01-20,S1031,PP02,7.0,7.0,0.0
2024-01-27,S1031,PP02,7.0,7.0,0.0
2024-02-03,S1031,PP02,7.0,7.0,0.0
2024-02-10,S1031,PP02,9.0,9.0,0.0
2024-02-17,S1031,PP02,10.0,10.0,0.0
2024-02-24,S1031,PP02,9.0,9.0,0.0
2024-03-02,S1031,PP02,8.0,8.0,0.0
2024-03-09,S1031,PP02,7.0,7.0,0.0
2024-03-16,S1031,PP02,10.0,10.0,0.0
2024-03-23,S1031,PP02,9.0,9.0,0.0
2024-03-30,S1031,PP02,8.0,8.0,0.0
2024-04-06,S1031,PP02,9.0,9.0,0.0
2024-04-13,S1031,PP02,8.0,8.0,0.0
2024-04-20,S1031,PP02,9.0,9.0,0.0
2024-04-27,S1031,PP02,8.0,8.0,0.0
2024-05-04,S1031,PP02,10.0,10.0,0.0
2024-05-11,S1031,PP02,9.0,9.0,0.0
2024-05-18,S1031,PP02,10.0,10.0,0.0
2024-05-25,S1031,PP02,9.0,9.0,0.0
2024-06-01,S1031,PP02,9.0,9.0,0.0
2024-06-08,S1031,PP02,8.0,8.0,0.0
2024-06-15,S1031,PP02,10.0,10.0,0.0
2024-06-22,S1031,PP02,8.0,8.0,0.0
2024-06-29,S1031,PP02,8.0,8.0,0.0
2024-07-06,S1031,PP02,9.0,9.0,0.0
2024-07-13,S1031,PP02,9.0,9.0,0.0
2024-07-20,S1031,PP02,7.0,7.0,0.0
2024-07-27,S1031,PP02,9.0,9.0,0.0
2024-08-03,S1031,PP02,10.0,10.0,0.0
2024-08-10,S1031,PP02,9.0,9.0,0.0
2024-08-17,S1031,PP02,9.0,9.0,0.0
2024-08-24,S1031,PP02,9.0,9.0,0.0
2024-08-31,S1031,PP02,8.0,8.0,0.0
2024-09-07,S1031,PP02,7.0,7.0,0.0
2024-09-14,S1031,PP02,8.0,8.0,0.0
2024-09-21,S1031,PP02,9.0,9.0,0.0
2024-09-28,S1031,PP02,8.0,8.0,0.0
2024-10-05,S1031,PP02,8.0,8.0,0.0
2024-10-12,S1031,PP02,7.0,7.0,0.0
2024-10-19,S1031,PP02,10.0,10.0,0.0
2024-10-26,S1031,PP02,9.0,9.0,0.0
2024-11-02,S1031,PP02,9.0,9.0,0.0
2024-11-09,S1031,PP02,10.0,10.0,0.0
2024-11-16,S1031,PP02,10.0,10.0,0.0
2024-11-23,S1031,PP02,11.0,11.0,0.0
2024-11-30,S1031,PP02,11.0,11.0,0.0
2024-12-07,S1031,PP02,12.0,12.0,0.0
2024-12-14,S1031,PP02,16.0,14.0,2.0
2024-12-21,S1031,PP02,11.0,13.0,0.0
2024-12-28,S1031,PP02,11.0,11.0,0.0
2025-01-04,S1031,PP02,8.0,8.0,0.0
2025-01-11,S1031,PP02,8.0,8.0,0.0
2025-01-18,S1031,PP02,6.0,6.0,0.0
2025-01-25,S1031,PP02,7.0,7.0,0.0
2025-02-01,S1031,PP02,8.0,8.0,0.0
2025-02-08,S1031,PP02,10.0,10.0,0.0
2025-02-15,S1031,PP02,9.0,9.0,0.0
2025-02-22,S1031,PP02,8.0,8.0,0.0
2025-03-01,S1031,PP02,9.0,9.0,0.0
2025-03-08,S1031,PP02,11.0,11.0,0.0
2025-03-15,S1031,PP02,8.0,8.0,0.0
2025-03-22,S1031,PP02,8.0,8.0,0.0
2025-03-29,S1031,PP02,9.0,9.0,0.0
2025-04-05,S1031,PP02,9.0,9.0,0.0
2025-04-12,S1031,PP02,9.0,9.0,0.0
2025-04-19,S1031,PP02,8.0,8.0,0.0
2025-04-26,S1031,PP02,11.0,11.0,0.0
2025-05-03,S1031,PP02,8.0,8.0,0.0
2025-05-10,S1031,PP02,10.0,10.0,0.0
2025-05-17,S1031,PP02,11.0,11.0,0.0
2025-05-24,S1031,PP02,10.0,10.0,0.0
2025-05-31,S1031,PP02,9.0,9.0,0.0
2025-06-07,S1031,PP02,8.0,8.0,0.0
2025-06-14,S1031,PP02,9.0,9.0,0.0
2025-06-21,S1031,PP02,9.0,9.0,0.0
2025-06-28,S1031,PP02,9.0,9.0,0.0
2025-07-05,S1031,PP02,8.0,8.0,0.0
2025-07-12,S1031,PP02,10.0,10.0,0.0
2025-07-19,S1031,PP02,10.0,10.0,0.0
2025-07-26,S1031,PP02,10.0,10.0,0.0
2025-08-02,S1031,PP02,11.0,11.0,0.0
2025-08-09,S1031,PP02,9.0,9.0,0.0
2025-08-16,S1031,PP02,9.0,9.0,0.0
2025-08-23,S1031,PP02,9.0,9.0,0.0
2025-08-30,S1031,PP02,9.0,9.0,0.0
2025-09-06,S1031,PP02,9.0,9.0,0.0
2025-09-13,S1031,PP02,8.0,8.0,0.0
2025-09-20,S1031,PP02,7.0,7.0,0.0
2025-09-27,S1031,PP02,8.0,8.0,0.0
2025-10-04,S1031,PP02,9.0,9.0,0.0
2025-10-11,S1031,PP02,9.0,9.0,0.0
2025-10-18,S1031,PP02,11.0,11.0,0.0
2025-10-25,S1031,PP02,12.0,12.0,0.0
2025-11-01,S1031,PP02,11.0,11.0,0.0
2025-11-08,S1031,PP02,13.0,13.0,0.0
2025-11-15,S1031,PP02,13.0,13.0,0.0
2025-11-22,S1031,PP02,15.0,14.0,1.0
2025-11-29,S1031,PP02,16.0,14.0,3.0
2025-12-06,S1031,PP02,15.0,14.0,4.0
2025-12-13,S1031,PP02,16.0,14.0,6.0
2025-12-20,S1031,PP02,13.0,14.0,5.0
2025-12-27,S1031,PP02,11.0,14.0,2.0
2026-01-03,S1031,PP02,9.0,11.0,0.0
2026-01-10,S1031,PP02,8.0,8.0,0.0
2026-01-17,S1031,PP02,7.0,7.0,0.0
2026-01-24,S1031,PP02,8.0,8.0,0.0
2026-01-31,S1031,PP02,6.0,6.0,0.0
2026-02-07,S1031,PP02,10.0,10.0,0.0
2026-02-14,S1031,PP02,9.0,9.0,0.0
2026-02-21,S1031,PP02,9.0,9.0,0.0
2026-02-28,S1031,PP02,11.0,11.0,0.0
2026-03-07,S1031,PP02,10.0,10.0,0.0
2026-03-14,S1031,PP02,11.0,11.0,0.0
2026-03-21,S1031,PP02,8.0,8.0,0.0
2026-03-28,S1031,PP02,12.0,12.0,0.0
2026-04-04,S1031,PP02,11.0,11.0,0.0
2026-04-11,S1031,PP02,10.0,10.0,0.0
2026-04-18,S1031,PP02,11.0,11.0,0.0
2026-04-25,S1031,PP02,9.0,9.0,0.0
2026-05-02,S1031,PP02,10.0,10.0,0.0
2026-05-09,S1031,PP02,12.0,12.0,0.0
2026-05-16,S1031,PP02,9.0,9.0,0.0
2026-05-23,S1031,PP02,11.0,11.0,0.0
2026-05-30,S1031,PP02,10.0,10.0,0.0
2026-06-06,S1031,PP02,12.0,12.0,0.0
2026-06-13,S1031,PP02,8.0,8.0,0.0
2026-06-20,S1031,PP02,11.0,11.0,0.0
2026-06-27,S1031,PP02,9.0,9.0,0.0
2026-07-04,S1031,PP02,9.0,9.0,0.0
2026-07-11,S1031,PP02,9.0,9.0,0.0
2026-07-18,S1031,PP02,9.0,9.0,0.0
2026-07-25,S1031,PP02,10.0,10.0,0.0
2022-08-06,S1032,PP02,12.0,12.0,0.0
2022-08-13,S1032,PP02,15.0,15.0,0.0
2022-08-20,S1032,PP02,13.0,13.0,0.0
2022-08-27,S1032,PP02,12.0,12.0,0.0
2022-09-03,S1032,PP02,13.0,13.0,0.0
2022-09-10,S1032,PP02,14.0,14.0,0.0
2022-09-17,S1032,PP02,13.0,13.0,0.0
2022-09-24,S1032,PP02,13.0,13.0,0.0
2022-10-01,S1032,PP02,14.0,14.0,0.0
2022-10-08,S1032,PP02,15.0,15.0,0.0
2022-10-15,S1032,PP02,13.0,13.0,0.0
2022-10-22,S1032,PP02,13.0,13.0,0.0
2022-10-29,S1032,PP02,15.0,15.0,0.0
2022-11-05,S1032,PP02,16.0,16.0,0.0
2022-11-12,S1032,PP02,14.0,14.0,0.0
2022-11-19,S1032,PP02,16.0,16.0,0.0
2022-11-26,S1032,PP02,17.0,17.0,0.0
2022-12-03,S1032,PP02,19.0,19.0,0.0
2022-12-10,S1032,PP02,19.0,19.0,0.0
2022-12-17,S1032,PP02,21.0,21.0,0.0
2022-12-24,S1032,PP02,15.0,15.0,0.0
2022-12-31,S1032,PP02,13.0,13.0,0.0
2023-01-07,S1032,PP02,12.0,12.0,0.0
2023-01-14,S1032,PP02,10.0,10.0,0.0
2023-01-21,S1032,PP02,10.0,10.0,0.0
2023-01-28,S1032,PP02,11.0,11.0,0.0
2023-02-04,S1032,PP02,11.0,11.0,0.0
2023-02-11,S1032,PP02,12.0,12.0,0.0
2023-02-18,S1032,PP02,13.0,13.0,0.0
2023-02-25,S1032,PP02,12.0,12.0,0.0
2023-03-04,S1032,PP02,15.0,15.0,0.0
2023-03-11,S1032,PP02,14.0,14.0,0.0
2023-03-18,S1032,PP02,12.0,12.0,0.0
2023-03-25,S1032,PP02,14.0,14.0,0.0
2023-04-01,S1032,PP02,14.0,14.0,0.0
2023-04-08,S1032,PP02,15.0,15.0,0.0
2023-04-15,S1032,PP02,13.0,13.0,0.0
2023-04-22,S1032,PP02,15.0,15.0,0.0
2023-04-29,S1032,PP02,14.0,14.0,0.0
2023-05-06,S1032,PP02,16.0,16.0,0.0
2023-05-13,S1032,PP02,16.0,16.0,0.0
2023-05-20,S1032,PP02,14.0,14.0,0.0
2023-05-27,S1032,PP02,14.0,14.0,0.0
2023-06-03,S1032,PP02,15.0,15.0,0.0
2023-06-10,S1032,PP02,13.0,13.0,0.0
2023-06-17,S1032,PP02,16.0,16.0,0.0
2023-06-24,S1032,PP02,14.0,14.0,0.0
2023-07-01,S1032,PP02,13.0,13.0,0.0
2023-07-08,S1032,PP02,13.0,13.0,0.0
2023-07-15,S1032,PP02,12.0,12.0,0.0
2023-07-22,S1032,PP02,15.0,15.0,0.0
2023-07-29,S1032,PP02,13.0,13.0,0.0
2023-08-05,S1032,PP02,16.0,16.0,0.0
2023-08-12,S1032,PP02,13.0,13.0,0.0
2023-08-19,S1032,PP02,14.0,14.0,0.0
2023-08-26,S1032,PP02,16.0,16.0,0.0
2023-09-02,S1032,PP02,11.0,11.0,0.0
2023-09-09,S1032,PP02,16.0,16.0,0.0
2023-09-16,S1032,PP02,13.0,13.0,0.0
2023-09-23,S1032,PP02,13.0,13.0,0.0
2023-09-30,S1032,PP02,14.0,14.0,0.0
2023-10-07,S1032,PP02,14.0,14.0,0.0
2023-10-14,S1032,PP02,14.0,14.0,0.0
2023-10-21,S1032,PP02,15.0,15.0,0.0
2023-10-28,S1032,PP02,15.0,15.0,0.0
2023-11-04,S1032,PP02,18.0,18.0,0.0
2023-11-11,S1032,PP02,17.0,17.0,0.0
2023-11-18,S1032,PP02,21.0,21.0,0.0
2023-11-25,S1032,PP02,20.0,20.0,0.0
2023-12-02,S1032,PP02,17.0,17.0,0.0
2023-12-09,S1032,PP02,28.0,21.0,7.0
2023-12-16,S1032,PP02,20.0,21.0,6.0
2023-12-23,S1032,PP02,21.0,21.0,6.0
2023-12-30,S1032,PP02,15.0,21.0,0.0
2024-01-06,S1032,PP02,14.0,14.0,0.0
2024-01-13,S1032,PP02,10.0,10.0,0.0
2024-01-20,S1032,PP02,12.0,12.0,0.0
2024-01-27,S1032,PP02,11.0,11.0,0.0
2024-02-03,S1032,PP02,14.0,14.0,0.0
2024-02-10,S1032,PP02,13.0,13.0,0.0
2024-02-17,S1032,PP02,14.0,14.0,0.0
2024-02-24,S1032,PP02,11.0,11.0,0.0
2024-03-02,S1032,PP02,13.0,13.0,0.0
2024-03-09,S1032,PP02,14.0,14.0,0.0
2024-03-16,S1032,PP02,14.0,14.0,0.0
2024-03-23,S1032,PP02,15.0,15.0,0.0
2024-03-30,S1032,PP02,13.0,13.0,0.0
2024-04-06,S1032,PP02,14.0,14.0,0.0
2024-04-13,S1032,PP02,15.0,15.0,0.0
2024-04-20,S1032,PP02,11.0,11.0,0.0
2024-04-27,S1032,PP02,15.0,15.0,0.0
2024-05-04,S1032,PP02,14.0,14.0,0.0
2024-05-11,S1032,PP02,14.0,14.0,0.0
2024-05-18,S1032,PP02,15.0,15.0,0.0
2024-05-25,S1032,PP02,17.0,17.0,0.0
2024-06-01,S1032,PP02,16.0,16.0,0.0
2024-06-08,S1032,PP02,14.0,14.0,0.0
2024-06-15,S1032,PP02,15.0,15.0,0.0
2024-06-22,S1032,PP02,15.0,15.0,0.0
2024-06-29,S1032,PP02,14.0,14.0,0.0
2024-07-06,S1032,PP02,13.0,13.0,0.0
2024-07-13,S1032,PP02,13.0,13.0,0.0
2024-07-20,S1032,PP02,15.0,15.0,0.0
2024-07-27,S1032,PP02,14.0,14.0,0.0
2024-08-03,S1032,PP02,13.0,13.0,0.0
2024-08-10,S1032,PP02,12.0,12.0,0.0
2024-08-17,S1032,PP02,16.0,16.0,0.0
2024-08-24,S1032,PP02,13.0,13.0,0.0
2024-08-31,S1032,PP02,14.0,14.0,0.0
2024-09-07,S1032,PP02,15.0,15.0,0.0
2024-09-14,S1032,PP02,11.0,11.0,0.0
2024-09-21,S1032,PP02,13.0,13.0,0.0
2024-09-28,S1032,PP02,13.0,13.0,0.0
2024-10-05,S1032,PP02,14.0,14.0,0.0
2024-10-12,S1032,PP02,16.0,16.0,0.0
2024-10-19,S1032,PP02,13.0,13.0,0.0
2024-10-26,S1032,PP02,16.0,16.0,0.0
2024-11-02,S1032,PP02,17.0,17.0,0.0
2024-11-09,S1032,PP02,16.0,16.0,0.0
2024-11-16,S1032,PP02,17.0,17.0,0.0
2024-11-23,S1032,PP02,20.0,20.0,0.0
2024-11-30,S1032,PP02,21.0,21.0,0.0
2024-12-07,S1032,PP02,23.0,21.0,2.0
2024-12-14,S1032,PP02,23.0,21.0,4.0
2024-12-21,S1032,PP02,17.0,21.0,0.0
2024-12-28,S1032,PP02,18.0,18.0,0.0
2025-01-04,S1032,PP02,16.0,16.0,0.0
2025-01-11,S1032,PP02,12.0,12.0,0.0
2025-01-18,S1032,PP02,10.0,10.0,0.0
2025-01-25,S1032,PP02,12.0,12.0,0.0
2025-02-01,S1032,PP02,12.0,12.0,0.0
2025-02-08,S1032,PP02,11.0,11.0,0.0
2025-02-15,S1032,PP02,13.0,13.0,0.0
2025-02-22,S1032,PP02,12.0,12.0,0.0
2025-03-01,S1032,PP02,14.0,14.0,0.0
2025-03-08,S1032,PP02,14.0,14.0,0.0
2025-03-15,S1032,PP02,12.0,12.0,0.0
2025-03-22,S1032,PP02,15.0,15.0,0.0
2025-03-29,S1032,PP02,14.0,14.0,0.0
2025-04-05,S1032,PP02,15.0,15.0,0.0
2025-04-12,S1032,PP02,14.0,14.0,0.0
2025-04-19,S1032,PP02,14.0,14.0,0.0
2025-04-26,S1032,PP02,14.0,14.0,0.0
2025-05-03,S1032,PP02,15.0,15.0,0.0
2025-05-10,S1032,PP02,16.0,16.0,0.0
2025-05-17,S1032,PP02,16.0,16.0,0.0
2025-05-24,S1032,PP02,15.0,15.0,0.0
2025-05-31,S1032,PP02,14.0,14.0,0.0
2025-06-07,S1032,PP02,14.0,14.0,0.0
2025-06-14,S1032,PP02,19.0,19.0,0.0
2025-06-21,S1032,PP02,14.0,14.0,0.0
2025-06-28,S1032,PP02,14.0,14.0,0.0
2025-07-05,S1032,PP02,21.0,21.0,0.0
2025-07-12,S1032,PP02,16.0,16.0,0.0
2025-07-19,S1032,PP02,13.0,13.0,0.0
2025-07-26,S1032,PP02,17.0,17.0,0.0
2025-08-02,S1032,PP02,14.0,14.0,0.0
2025-08-09,S1032,PP02,17.0,17.0,0.0
2025-08-16,S1032,PP02,15.0,15.0,0.0
2025-08-23,S1032,PP02,15.0,15.0,0.0
2025-08-30,S1032,PP02,17.0,17.0,0.0
2025-09-06,S1032,PP02,15.0,15.0,0.0
2025-09-13,S1032,PP02,15.0,15.0,0.0
2025-09-20,S1032,PP02,15.0,15.0,0.0
2025-09-27,S1032,PP02,14.0,14.0,0.0
2025-10-04,S1032,PP02,15.0,15.0,0.0
2025-10-11,S1032,PP02,17.0,17.0,0.0
2025-10-18,S1032,PP02,16.0,16.0,0.0
2025-10-25,S1032,PP02,19.0,19.0,0.0
2025-11-01,S1032,PP02,18.0,18.0,0.0
2025-11-08,S1032,PP02,18.0,18.0,0.0
2025-11-15,S1032,PP02,19.0,19.0,0.0
2025-11-22,S1032,PP02,20.0,20.0,0.0
2025-11-29,S1032,PP02,19.0,19.0,0.0
2025-12-06,S1032,PP02,22.0,21.0,1.0
2025-12-13,S1032,PP02,24.0,21.0,4.0
2025-12-20,S1032,PP02,20.0,21.0,3.0
2025-12-27,S1032,PP02,18.0,21.0,0.0
2026-01-03,S1032,PP02,15.0,15.0,0.0
2026-01-10,S1032,PP02,13.0,13.0,0.0
2026-01-17,S1032,PP02,13.0,13.0,0.0
2026-01-24,S1032,PP02,13.0,13.0,0.0
2026-01-31,S1032,PP02,11.0,11.0,0.0
2026-02-07,S1032,PP02,16.0,16.0,0.0
2026-02-14,S1032,PP02,14.0,14.0,0.0
2026-02-21,S1032,PP02,14.0,14.0,0.0
2026-02-28,S1032,PP02,14.0,14.0,0.0
2026-03-07,S1032,PP02,14.0,14.0,0.0
2026-03-14,S1032,PP02,18.0,18.0,0.0
2026-03-21,S1032,PP02,17.0,17.0,0.0
2026-03-28,S1032,PP02,16.0,16.0,0.0
2026-04-04,S1032,PP02,15.0,15.0,0.0
2026-04-11,S1032,PP02,16.0,16.0,0.0
2026-04-18,S1032,PP02,15.0,15.0,0.0
2026-04-25,S1032,PP02,15.0,15.0,0.0
2026-05-02,S1032,PP02,17.0,17.0,0.0
2026-05-09,S1032,PP02,16.0,16.0,0.0
2026-05-16,S1032,PP02,17.0,17.0,0.0
2026-05-23,S1032,PP02,16.0,16.0,0.0
2026-05-30,S1032,PP02,17.0,17.0,0.0
2026-06-06,S1032,PP02,15.0,15.0,0.0
2026-06-13,S1032,PP02,16.0,16.0,0.0
2026-06-20,S1032,PP02,14.0,14.0,0.0
2026-06-27,S1032,PP02,15.0,15.0,0.0
2026-07-04,S1032,PP02,15.0,15.0,0.0
2026-07-11,S1032,PP02,14.0,14.0,0.0
2026-07-18,S1032,PP02,17.0,17.0,0.0
2026-07-25,S1032,PP02,14.0,14.0,0.0
2022-08-06,S1033,PP02,7.0,7.0,0.0
2022-08-13,S1033,PP02,8.0,8.0,0.0
2022-08-20,S1033,PP02,7.0,7.0,0.0
2022-08-27,S1033,PP02,7.0,7.0,0.0
2022-09-03,S1033,PP02,6.0,6.0,0.0
2022-09-10,S1033,PP02,8.0,8.0,0.0
2022-09-17,S1033,PP02,8.0,8.0,0.0
2022-09-24,S1033,PP02,7.0,7.0,0.0
2022-10-01,S1033,PP02,7.0,7.0,0.0
2022-10-08,S1033,PP02,7.0,7.0,0.0
2022-10-15,S1033,PP02,7.0,7.0,0.0
2022-10-22,S1033,PP02,7.0,7.0,0.0
2022-10-29,S1033,PP02,9.0,9.0,0.0
2022-11-05,S1033,PP02,9.0,9.0,0.0
2022-11-12,S1033,PP02,8.0,8.0,0.0
2022-11-19,S1033,PP02,9.0,9.0,0.0
2022-11-26,S1033,PP02,9.0,9.0,0.0
2022-12-03,S1033,PP02,9.0,9.0,0.0
2022-12-10,S1033,PP02,11.0,11.0,0.0
2022-12-17,S1033,PP02,10.0,10.0,0.0
2022-12-24,S1033,PP02,8.0,8.0,0.0
2022-12-31,S1033,PP02,7.0,7.0,0.0
2023-01-07,S1033,PP02,6.0,6.0,0.0
2023-01-14,S1033,PP02,5.0,5.0,0.0
2023-01-21,S1033,PP02,6.0,6.0,0.0
2023-01-28,S1033,PP02,6.0,6.0,0.0
2023-02-04,S1033,PP02,7.0,7.0,0.0
2023-02-11,S1033,PP02,7.0,7.0,0.0
2023-02-18,S1033,PP02,7.0,7.0,0.0
2023-02-25,S1033,PP02,7.0,7.0,0.0
2023-03-04,S1033,PP02,6.0,6.0,0.0
2023-03-11,S1033,PP02,7.0,7.0,0.0
2023-03-18,S1033,PP02,6.0,6.0,0.0
2023-03-25,S1033,PP02,8.0,8.0,0.0
2023-04-01,S1033,PP02,7.0,7.0,0.0
2023-04-08,S1033,PP02,8.0,8.0,0.0
2023-04-15,S1033,PP02,7.0,7.0,0.0
2023-04-22,S1033,PP02,8.0,8.0,0.0
2023-04-29,S1033,PP02,7.0,7.0,0.0
2023-05-06,S1033,PP02,7.0,7.0,0.0
2023-05-13,S1033,PP02,8.0,8.0,0.0
2023-05-20,S1033,PP02,8.0,8.0,0.0
2023-05-27,S1033,PP02,9.0,9.0,0.0
2023-06-03,S1033,PP02,7.0,7.0,0.0
2023-06-10,S1033,PP02,9.0,9.0,0.0
2023-06-17,S1033,PP02,7.0,7.0,0.0
2023-06-24,S1033,PP02,8.0,8.0,0.0
2023-07-01,S1033,PP02,7.0,7.0,0.0
2023-07-08,S1033,PP02,8.0,8.0,0.0
2023-07-15,S1033,PP02,6.0,6.0,0.0
2023-07-22,S1033,PP02,7.0,7.0,0.0
2023-07-29,S1033,PP02,8.0,8.0,0.0
2023-08-05,S1033,PP02,7.0,7.0,0.0
2023-08-12,S1033,PP02,8.0,8.0,0.0
2023-08-19,S1033,PP02,8.0,8.0,0.0
2023-08-26,S1033,PP02,7.0,7.0,0.0
2023-09-02,S1033,PP02,7.0,7.0,0.0
2023-09-09,S1033,PP02,7.0,7.0,0.0
2023-09-16,S1033,PP02,6.0,6.0,0.0
2023-09-23,S1033,PP02,7.0,7.0,0.0
2023-09-30,S1033,PP02,7.0,7.0,0.0
2023-10-07,S1033,PP02,7.0,7.0,0.0
2023-10-14,S1033,PP02,8.0,8.0,0.0
2023-10-21,S1033,PP02,7.0,7.0,0.0
2023-10-28,S1033,PP02,9.0,9.0,0.0
2023-11-04,S1033,PP02,7.0,7.0,0.0
2023-11-11,S1033,PP02,9.0,9.0,0.0
2023-11-18,S1033,PP02,10.0,10.0,0.0
2023-11-25,S1033,PP02,11.0,11.0,0.0
2023-12-02,S1033,PP02,10.0,10.0,0.0
2023-12-09,S1033,PP02,12.0,12.0,0.0
2023-12-16,S1033,PP02,11.0,11.0,0.0
2023-12-23,S1033,PP02,9.0,9.0,0.0
2023-12-30,S1033,PP02,9.0,9.0,0.0
2024-01-06,S1033,PP02,8.0,8.0,0.0
2024-01-13,S1033,PP02,6.0,6.0,0.0
2024-01-20,S1033,PP02,6.0,6.0,0.0
2024-01-27,S1033,PP02,7.0,7.0,0.0
2024-02-03,S1033,PP02,6.0,6.0,0.0
2024-02-10,S1033,PP02,7.0,7.0,0.0
2024-02-17,S1033,PP02,6.0,6.0,0.0
2024-02-24,S1033,PP02,7.0,7.0,0.0
2024-03-02,S1033,PP02,9.0,9.0,0.0
2024-03-09,S1033,PP02,7.0,7.0,0.0
2024-03-16,S1033,PP02,7.0,7.0,0.0
2024-03-23,S1033,PP02,8.0,8.0,0.0
2024-03-30,S1033,PP02,7.0,7.0,0.0
2024-04-06,S1033,PP02,7.0,7.0,0.0
2024-04-13,S1033,PP02,8.0,8.0,0.0
2024-04-20,S1033,PP02,7.0,7.0,0.0
2024-04-27,S1033,PP02,6.0,6.0,0.0
2024-05-04,S1033,PP02,8.0,8.0,0.0
2024-05-11,S1033,PP02,8.0,8.0,0.0
2024-05-18,S1033,PP02,9.0,9.0,0.0
2024-05-25,S1033,PP02,7.0,7.0,0.0
2024-06-01,S1033,PP02,9.0,9.0,0.0
2024-06-08,S1033,PP02,9.0,9.0,0.0
2024-06-15,S1033,PP02,7.0,7.0,0.0
2024-06-22,S1033,PP02,7.0,7.0,0.0
2024-06-29,S1033,PP02,8.0,8.0,0.0
2024-07-06,S1033,PP02,7.0,7.0,0.0
2024-07-13,S1033,PP02,8.0,8.0,0.0
2024-07-20,S1033,PP02,7.0,7.0,0.0
2024-07-27,S1033,PP02,7.0,7.0,0.0
2024-08-03,S1033,PP02,8.0,8.0,0.0
2024-08-10,S1033,PP02,8.0,8.0,0.0
2024-08-17,S1033,PP02,8.0,8.0,0.0
2024-08-24,S1033,PP02,7.0,7.0,0.0
2024-08-31,S1033,PP02,7.0,7.0,0.0
2024-09-07,S1033,PP02,7.0,7.0,0.0
2024-09-14,S1033,PP02,7.0,7.0,0.0
2024-09-21,S1033,PP02,7.0,7.0,0.0
2024-09-28,S1033,PP02,7.0,7.0,0.0
2024-10-05,S1033,PP02,6.0,6.0,0.0
2024-10-12,S1033,PP02,7.0,7.0,0.0
2024-10-19,S1033,PP02,7.0,7.0,0.0
2024-10-26,S1033,PP02,7.0,7.0,0.0
2024-11-02,S1033,PP02,10.0,10.0,0.0
2024-11-09,S1033,PP02,9.0,9.0,0.0
2024-11-16,S1033,PP02,9.0,9.0,0.0
2024-11-23,S1033,PP02,10.0,10.0,0.0
2024-11-30,S1033,PP02,11.0,11.0,0.0
2024-12-07,S1033,PP02,10.0,10.0,0.0
2024-12-14,S1033,PP02,11.0,11.0,0.0
2024-12-21,S1033,PP02,9.0,9.0,0.0
2024-12-28,S1033,PP02,9.0,9.0,0.0
2025-01-04,S1033,PP02,6.0,6.0,0.0
2025-01-11,S1033,PP02,5.0,5.0,0.0
2025-01-18,S1033,PP02,7.0,7.0,0.0
2025-01-25,S1033,PP02,7.0,7.0,0.0
2025-02-01,S1033,PP02,7.0,7.0,0.0
2025-02-08,S1033,PP02,8.0,8.0,0.0
2025-02-15,S1033,PP02,7.0,7.0,0.0
2025-02-22,S1033,PP02,7.0,7.0,0.0
2025-03-01,S1033,PP02,7.0,7.0,0.0
2025-03-08,S1033,PP02,8.0,8.0,0.0
2025-03-15,S1033,PP02,8.0,8.0,0.0
2025-03-22,S1033,PP02,10.0,10.0,0.0
2025-03-29,S1033,PP02,7.0,7.0,0.0
2025-04-05,S1033,PP02,9.0,9.0,0.0
2025-04-12,S1033,PP02,8.0,8.0,0.0
2025-04-19,S1033,PP02,9.0,9.0,0.0
2025-04-26,S1033,PP02,9.0,9.0,0.0
2025-05-03,S1033,PP02,7.0,7.0,0.0
2025-05-10,S1033,PP02,8.0,8.0,0.0
2025-05-17,S1033,PP02,7.0,7.0,0.0
2025-05-24,S1033,PP02,7.0,7.0,0.0
2025-05-31,S1033,PP02,9.0,9.0,0.0
2025-06-07,S1033,PP02,8.0,8.0,0.0
2025-06-14,S1033,PP02,8.0,8.0,0.0
2025-06-21,S1033,PP02,8.0,8.0,0.0
2025-06-28,S1033,PP02,7.0,7.0,0.0
2025-07-05,S1033,PP02,9.0,9.0,0.0
2025-07-12,S1033,PP02,8.0,8.0,0.0
2025-07-19,S1033,PP02,9.0,9.0,0.0
2025-07-26,S1033,PP02,9.0,9.0,0.0
2025-08-02,S1033,PP02,10.0,10.0,0.0
2025-08-09,S1033,PP02,8.0,8.0,0.0
2025-08-16,S1033,PP02,7.0,7.0,0.0
2025-08-23,S1033,PP02,8.0,8.0,0.0
2025-08-30,S1033,PP02,8.0,8.0,0.0
2025-09-06,S1033,PP02,7.0,7.0,0.0
2025-09-13,S1033,PP02,7.0,7.0,0.0
2025-09-20,S1033,PP02,7.0,7.0,0.0
2025-09-27,S1033,PP02,7.0,7.0,0.0
2025-10-04,S1033,PP02,8.0,8.0,0.0
2025-10-11,S1033,PP02,7.0,7.0,0.0
2025-10-18,S1033,PP02,8.0,8.0,0.0
2025-10-25,S1033,PP02,8.0,8.0,0.0
2025-11-01,S1033,PP02,10.0,10.0,0.0
2025-11-08,S1033,PP02,9.0,9.0,0.0
2025-11-15,S1033,PP02,10.0,10.0,0.0
2025-11-22,S1033,PP02,10.0,10.0,0.0
2025-11-29,S1033,PP02,12.0,12.0,0.0
2025-12-06,S1033,PP02,14.0,12.0,2.0
2025-12-13,S1033,PP02,13.0,12.0,3.0
2025-12-20,S1033,PP02,12.0,12.0,3.0
2025-12-27,S1033,PP02,10.0,12.0,1.0
2026-01-03,S1033,PP02,7.0,8.0,0.0
2026-01-10,S1033,PP02,6.0,6.0,0.0
2026-01-17,S1033,PP02,6.0,6.0,0.0
2026-01-24,S1033,PP02,6.0,6.0,0.0
2026-01-31,S1033,PP02,6.0,6.0,0.0
2026-02-07,S1033,PP02,6.0,6.0,0.0
2026-02-14,S1033,PP02,7.0,7.0,0.0
2026-02-21,S1033,PP02,7.0,7.0,0.0
2026-02-28,S1033,PP02,8.0,8.0,0.0
2026-03-07,S1033,PP02,7.0,7.0,0.0
2026-03-14,S1033,PP02,8.0,8.0,0.0
2026-03-21,S1033,PP02,8.0,8.0,0.0
2026-03-28,S1033,PP02,9.0,9.0,0.0
2026-04-04,S1033,PP02,8.0,8.0,0.0
2026-04-11,S1033,PP02,9.0,9.0,0.0
2026-04-18,S1033,PP02,8.0,8.0,0.0
2026-04-25,S1033,PP02,7.0,7.0,0.0
2026-05-02,S1033,PP02,8.0,8.0,0.0
2026-05-09,S1033,PP02,8.0,8.0,0.0
2026-05-16,S1033,PP02,9.0,9.0,0.0
2026-05-23,S1033,PP02,8.0,8.0,0.0
2026-05-30,S1033,PP02,9.0,9.0,0.0
2026-06-06,S1033,PP02,7.0,7.0,0.0
2026-06-13,S1033,PP02,8.0,8.0,0.0
2026-06-20,S1033,PP02,9.0,9.0,0.0
2026-06-27,S1033,PP02,9.0,9.0,0.0
2026-07-04,S1033,PP02,8.0,8.0,0.0
2026-07-11,S1033,PP02,8.0,8.0,0.0
2026-07-18,S1033,PP02,9.0,9.0,0.0
2026-07-25,S1033,PP02,10.0,10.0,0.0
2022-08-06,S1034,PP03,11.0,11.0,0.0
2022-08-13,S1034,PP03,12.0,12.0,0.0
2022-08-20,S1034,PP03,17.0,17.0,0.0
2022-08-27,S1034,PP03,12.0,12.0,0.0
2022-09-03,S1034,PP03,10.0,10.0,0.0
2022-09-10,S1034,PP03,11.0,11.0,0.0
2022-09-17,S1034,PP03,9.0,9.0,0.0
2022-09-24,S1034,PP03,12.0,12.0,0.0
2022-10-01,S1034,PP03,13.0,13.0,0.0
2022-10-08,S1034,PP03,11.0,11.0,0.0
2022-10-15,S1034,PP03,12.0,12.0,0.0
2022-10-22,S1034,PP03,14.0,14.0,0.0
2022-10-29,S1034,PP03,11.0,11.0,0.0
2022-11-05,S1034,PP03,12.0,12.0,0.0
2022-11-12,S1034,PP03,14.0,14.0,0.0
2022-11-19,S1034,PP03,15.0,15.0,0.0
2022-11-26,S1034,PP03,16.0,16.0,0.0
2022-12-03,S1034,PP03,16.0,16.0,0.0
2022-12-10,S1034,PP03,20.0,18.0,2.0
2022-12-17,S1034,PP03,18.0,18.0,2.0
2022-12-24,S1034,PP03,17.0,18.0,1.0
2022-12-31,S1034,PP03,14.0,15.0,0.0
2023-01-07,S1034,PP03,11.0,11.0,0.0
2023-01-14,S1034,PP03,8.0,8.0,0.0
2023-01-21,S1034,PP03,11.0,11.0,0.0
2023-01-28,S1034,PP03,10.0,10.0,0.0
2023-02-04,S1034,PP03,11.0,11.0,0.0
2023-02-11,S1034,PP03,13.0,13.0,0.0
2023-02-18,S1034,PP03,11.0,11.0,0.0
2023-02-25,S1034,PP03,13.0,13.0,0.0
2023-03-04,S1034,PP03,14.0,14.0,0.0
2023-03-11,S1034,PP03,13.0,13.0,0.0
2023-03-18,S1034,PP03,11.0,11.0,0.0
2023-03-25,S1034,PP03,10.0,10.0,0.0
2023-04-01,S1034,PP03,14.0,14.0,0.0
2023-04-08,S1034,PP03,13.0,13.0,0.0
2023-04-15,S1034,PP03,12.0,12.0,0.0
2023-04-22,S1034,PP03,14.0,14.0,0.0
2023-04-29,S1034,PP03,12.0,12.0,0.0
2023-05-06,S1034,PP03,12.0,12.0,0.0
2023-05-13,S1034,PP03,14.0,14.0,0.0
2023-05-20,S1034,PP03,12.0,12.0,0.0
2023-05-27,S1034,PP03,13.0,13.0,0.0
2023-06-03,S1034,PP03,14.0,14.0,0.0
2023-06-10,S1034,PP03,13.0,13.0,0.0
2023-06-17,S1034,PP03,14.0,14.0,0.0
2023-06-24,S1034,PP03,14.0,14.0,0.0
2023-07-01,S1034,PP03,13.0,13.0,0.0
2023-07-08,S1034,PP03,10.0,10.0,0.0
2023-07-15,S1034,PP03,11.0,11.0,0.0
2023-07-22,S1034,PP03,14.0,14.0,0.0
2023-07-29,S1034,PP03,11.0,11.0,0.0
2023-08-05,S1034,PP03,13.0,13.0,0.0
2023-08-12,S1034,PP03,14.0,14.0,0.0
2023-08-19,S1034,PP03,15.0,15.0,0.0
2023-08-26,S1034,PP03,12.0,12.0,0.0
2023-09-02,S1034,PP03,12.0,12.0,0.0
2023-09-09,S1034,PP03,12.0,12.0,0.0
2023-09-16,S1034,PP03,12.0,12.0,0.0
2023-09-23,S1034,PP03,12.0,12.0,0.0
2023-09-30,S1034,PP03,13.0,13.0,0.0
2023-10-07,S1034,PP03,11.0,11.0,0.0
2023-10-14,S1034,PP03,12.0,12.0,0.0
2023-10-21,S1034,PP03,13.0,13.0,0.0
2023-10-28,S1034,PP03,13.0,13.0,0.0
2023-11-04,S1034,PP03,15.0,15.0,0.0
2023-11-11,S1034,PP03,15.0,15.0,0.0
2023-11-18,S1034,PP03,17.0,17.0,0.0
2023-11-25,S1034,PP03,17.0,17.0,0.0
2023-12-02,S1034,PP03,19.0,18.0,1.0
2023-12-09,S1034,PP03,19.0,18.0,2.0
2023-12-16,S1034,PP03,18.0,18.0,2.0
2023-12-23,S1034,PP03,19.0,18.0,3.0
2023-12-30,S1034,PP03,15.0,18.0,0.0
2024-01-06,S1034,PP03,11.0,11.0,0.0
2024-01-13,S1034,PP03,10.0,10.0,0.0
2024-01-20,S1034,PP03,8.0,8.0,0.0
2024-01-27,S1034,PP03,10.0,10.0,0.0
2024-02-03,S1034,PP03,12.0,12.0,0.0
2024-02-10,S1034,PP03,11.0,11.0,0.0
2024-02-17,S1034,PP03,12.0,12.0,0.0
2024-02-24,S1034,PP03,9.0,9.0,0.0
2024-03-02,S1034,PP03,12.0,12.0,0.0
2024-03-09,S1034,PP03,13.0,13.0,0.0
2024-03-16,S1034,PP03,13.0,13.0,0.0
2024-03-23,S1034,PP03,14.0,14.0,0.0
2024-03-30,S1034,PP03,12.0,12.0,0.0
2024-04-06,S1034,PP03,12.0,12.0,0.0
2024-04-13,S1034,PP03,11.0,11.0,0.0
2024-04-20,S1034,PP03,12.0,12.0,0.0
2024-04-27,S1034,PP03,11.0,11.0,0.0
2024-05-04,S1034,PP03,11.0,11.0,0.0
2024-05-11,S1034,PP03,12.0,12.0,0.0
2024-05-18,S1034,PP03,16.0,16.0,0.0
2024-05-25,S1034,PP03,13.0,13.0,0.0
2024-06-01,S1034,PP03,14.0,14.0,0.0
2024-06-08,S1034,PP03,12.0,12.0,0.0
2024-06-15,S1034,PP03,11.0,11.0,0.0
2024-06-22,S1034,PP03,14.0,14.0,0.0
2024-06-29,S1034,PP03,10.0,10.0,0.0
2024-07-06,S1034,PP03,12.0,12.0,0.0
2024-07-13,S1034,PP03,13.0,13.0,0.0
2024-07-20,S1034,PP03,13.0,13.0,0.0
2024-07-27,S1034,PP03,12.0,12.0,0.0
2024-08-03,S1034,PP03,11.0,11.0,0.0
2024-08-10,S1034,PP03,12.0,12.0,0.0
2024-08-17,S1034,PP03,12.0,12.0,0.0
2024-08-24,S1034,PP03,12.0,12.0,0.0
2024-08-31,S1034,PP03,14.0,14.0,0.0
2024-09-07,S1034,PP03,11.0,11.0,0.0
2024-09-14,S1034,PP03,12.0,12.0,0.0
2024-09-21,S1034,PP03,12.0,12.0,0.0
2024-09-28,S1034,PP03,14.0,14.0,0.0
2024-10-05,S1034,PP03,12.0,12.0,0.0
2024-10-12,S1034,PP03,14.0,14.0,0.0
2024-10-19,S1034,PP03,13.0,13.0,0.0
2024-10-26,S1034,PP03,14.0,14.0,0.0
2024-11-02,S1034,PP03,12.0,12.0,0.0
2024-11-09,S1034,PP03,12.0,12.0,0.0
2024-11-16,S1034,PP03,17.0,17.0,0.0
2024-11-23,S1034,PP03,18.0,18.0,0.0
2024-11-30,S1034,PP03,19.0,18.0,1.0
2024-12-07,S1034,PP03,19.0,18.0,2.0
2024-12-14,S1034,PP03,23.0,18.0,7.0
2024-12-21,S1034,PP03,17.0,18.0,6.0
2024-12-28,S1034,PP03,16.0,18.0,4.0
2025-01-04,S1034,PP03,14.0,18.0,0.0
2025-01-11,S1034,PP03,12.0,12.0,0.0
2025-01-18,S1034,PP03,10.0,10.0,0.0
2025-01-25,S1034,PP03,10.0,10.0,0.0
2025-02-01,S1034,PP03,10.0,10.0,0.0
2025-02-08,S1034,PP03,14.0,14.0,0.0
2025-02-15,S1034,PP03,12.0,12.0,0.0
2025-02-22,S1034,PP03,13.0,13.0,0.0
2025-03-01,S1034,PP03,17.0,17.0,0.0
2025-03-08,S1034,PP03,13.0,13.0,0.0
2025-03-15,S1034,PP03,11.0,11.0,0.0
2025-03-22,S1034,PP03,13.0,13.0,0.0
2025-03-29,S1034,PP03,12.0,12.0,0.0
2025-04-05,S1034,PP03,13.0,13.0,0.0
2025-04-12,S1034,PP03,13.0,13.0,0.0
2025-04-19,S1034,PP03,13.0,13.0,0.0
2025-04-26,S1034,PP03,12.0,12.0,0.0
2025-05-03,S1034,PP03,16.0,16.0,0.0
2025-05-10,S1034,PP03,15.0,15.0,0.0
2025-05-17,S1034,PP03,14.0,14.0,0.0
2025-05-24,S1034,PP03,15.0,15.0,0.0
2025-05-31,S1034,PP03,14.0,14.0,0.0
2025-06-07,S1034,PP03,14.0,14.0,0.0
2025-06-14,S1034,PP03,14.0,14.0,0.0
2025-06-21,S1034,PP03,14.0,14.0,0.0
2025-06-28,S1034,PP03,15.0,15.0,0.0
2025-07-05,S1034,PP03,15.0,15.0,0.0
2025-07-12,S1034,PP03,14.0,14.0,0.0
2025-07-19,S1034,PP03,14.0,14.0,0.0
2025-07-26,S1034,PP03,16.0,16.0,0.0
2025-08-02,S1034,PP03,14.0,14.0,0.0
2025-08-09,S1034,PP03,15.0,15.0,0.0
2025-08-16,S1034,PP03,15.0,15.0,0.0
2025-08-23,S1034,PP03,13.0,13.0,0.0
2025-08-30,S1034,PP03,12.0,12.0,0.0
2025-09-06,S1034,PP03,13.0,13.0,0.0
2025-09-13,S1034,PP03,12.0,12.0,0.0
2025-09-20,S1034,PP03,11.0,11.0,0.0
2025-09-27,S1034,PP03,12.0,12.0,0.0
2025-10-04,S1034,PP03,14.0,14.0,0.0
2025-10-11,S1034,PP03,15.0,15.0,0.0
2025-10-18,S1034,PP03,15.0,15.0,0.0
2025-10-25,S1034,PP03,11.0,11.0,0.0
2025-11-01,S1034,PP03,16.0,16.0,0.0
2025-11-08,S1034,PP03,15.0,15.0,0.0
2025-11-15,S1034,PP03,18.0,18.0,0.0
2025-11-22,S1034,PP03,18.0,18.0,0.0
2025-11-29,S1034,PP03,19.0,18.0,1.0
2025-12-06,S1034,PP03,20.0,18.0,3.0
2025-12-13,S1034,PP03,21.0,18.0,6.0
2025-12-20,S1034,PP03,22.0,18.0,10.0
2025-12-27,S1034,PP03,16.0,18.0,8.0
2026-01-03,S1034,PP03,15.0,18.0,5.0
2026-01-10,S1034,PP03,12.0,17.0,0.0
2026-01-17,S1034,PP03,12.0,12.0,0.0
2026-01-24,S1034,PP03,10.0,10.0,0.0
2026-01-31,S1034,PP03,13.0,13.0,0.0
2026-02-07,S1034,PP03,12.0,12.0,0.0
2026-02-14,S1034,PP03,14.0,14.0,0.0
2026-02-21,S1034,PP03,12.0,12.0,0.0
2026-02-28,S1034,PP03,12.0,12.0,0.0
2026-03-07,S1034,PP03,17.0,17.0,0.0
2026-03-14,S1034,PP03,13.0,13.0,0.0
2026-03-21,S1034,PP03,15.0,15.0,0.0
2026-03-28,S1034,PP03,14.0,14.0,0.0
2026-04-04,S1034,PP03,13.0,13.0,0.0
2026-04-11,S1034,PP03,14.0,14.0,0.0
2026-04-18,S1034,PP03,12.0,12.0,0.0
2026-04-25,S1034,PP03,14.0,14.0,0.0
2026-05-02,S1034,PP03,13.0,13.0,0.0
2026-05-09,S1034,PP03,14.0,14.0,0.0
2026-05-16,S1034,PP03,16.0,16.0,0.0
2026-05-23,S1034,PP03,15.0,15.0,0.0
2026-05-30,S1034,PP03,13.0,13.0,0.0
2026-06-06,S1034,PP03,16.0,16.0,0.0
2026-06-13,S1034,PP03,14.0,14.0,0.0
2026-06-20,S1034,PP03,13.0,13.0,0.0
2026-06-27,S1034,PP03,15.0,15.0,0.0
2026-07-04,S1034,PP03,14.0,14.0,0.0
2026-07-11,S1034,PP03,13.0,13.0,0.0
2026-07-18,S1034,PP03,17.0,17.0,0.0
2026-07-25,S1034,PP03,14.0,14.0,0.0
2022-08-06,S1035,PP03,11.0,11.0,0.0
2022-08-13,S1035,PP03,11.0,11.0,0.0
2022-08-20,S1035,PP03,13.0,13.0,0.0
2022-08-27,S1035,PP03,11.0,11.0,0.0
2022-09-03,S1035,PP03,9.0,9.0,0.0
2022-09-10,S1035,PP03,10.0,10.0,0.0
2022-09-17,S1035,PP03,12.0,12.0,0.0
2022-09-24,S1035,PP03,12.0,12.0,0.0
2022-10-01,S1035,PP03,11.0,11.0,0.0
2022-10-08,S1035,PP03,12.0,12.0,0.0
2022-10-15,S1035,PP03,12.0,12.0,0.0
2022-10-22,S1035,PP03,11.0,11.0,0.0
2022-10-29,S1035,PP03,12.0,12.0,0.0
2022-11-05,S1035,PP03,13.0,13.0,0.0
2022-11-12,S1035,PP03,12.0,12.0,0.0
2022-11-19,S1035,PP03,14.0,14.0,0.0
2022-11-26,S1035,PP03,16.0,16.0,0.0
2022-12-03,S1035,PP03,14.0,14.0,0.0
2022-12-10,S1035,PP03,17.0,16.0,1.0
2022-12-17,S1035,PP03,16.0,16.0,1.0
2022-12-24,S1035,PP03,16.0,16.0,1.0
2022-12-31,S1035,PP03,10.0,11.0,0.0
2023-01-07,S1035,PP03,10.0,10.0,0.0
2023-01-14,S1035,PP03,8.0,8.0,0.0
2023-01-21,S1035,PP03,10.0,10.0,0.0
2023-01-28,S1035,PP03,9.0,9.0,0.0
2023-02-04,S1035,PP03,12.0,12.0,0.0
2023-02-11,S1035,PP03,11.0,11.0,0.0
2023-02-18,S1035,PP03,10.0,10.0,0.0
2023-02-25,S1035,PP03,11.0,11.0,0.0
2023-03-04,S1035,PP03,10.0,10.0,0.0
2023-03-11,S1035,PP03,12.0,12.0,0.0
2023-03-18,S1035,PP03,10.0,10.0,0.0
2023-03-25,S1035,PP03,10.0,10.0,0.0
2023-04-01,S1035,PP03,12.0,12.0,0.0
2023-04-08,S1035,PP03,13.0,13.0,0.0
2023-04-15,S1035,PP03,9.0,9.0,0.0
2023-04-22,S1035,PP03,13.0,13.0,0.0
2023-04-29,S1035,PP03,11.0,11.0,0.0
2023-05-06,S1035,PP03,10.0,10.0,0.0
2023-05-13,S1035,PP03,9.0,9.0,0.0
2023-05-20,S1035,PP03,10.0,10.0,0.0
2023-05-27,S1035,PP03,11.0,11.0,0.0
2023-06-03,S1035,PP03,11.0,11.0,0.0
2023-06-10,S1035,PP03,12.0,12.0,0.0
2023-06-17,S1035,PP03,11.0,11.0,0.0
2023-06-24,S1035,PP03,10.0,10.0,0.0
2023-07-01,S1035,PP03,11.0,11.0,0.0
2023-07-08,S1035,PP03,11.0,11.0,0.0
2023-07-15,S1035,PP03,11.0,11.0,0.0
2023-07-22,S1035,PP03,11.0,11.0,0.0
2023-07-29,S1035,PP03,13.0,13.0,0.0
2023-08-05,S1035,PP03,11.0,11.0,0.0
2023-08-12,S1035,PP03,11.0,11.0,0.0
2023-08-19,S1035,PP03,11.0,11.0,0.0
2023-08-26,S1035,PP03,13.0,13.0,0.0
2023-09-02,S1035,PP03,11.0,11.0,0.0
2023-09-09,S1035,PP03,10.0,10.0,0.0
2023-09-16,S1035,PP03,12.0,12.0,0.0
2023-09-23,S1035,PP03,13.0,13.0,0.0
2023-09-30,S1035,PP03,11.0,11.0,0.0
2023-10-07,S1035,PP03,12.0,12.0,0.0
2023-10-14,S1035,PP03,12.0,12.0,0.0
2023-10-21,S1035,PP03,11.0,11.0,0.0
2023-10-28,S1035,PP03,12.0,12.0,0.0
2023-11-04,S1035,PP03,11.0,11.0,0.0
2023-11-11,S1035,PP03,13.0,13.0,0.0
2023-11-18,S1035,PP03,13.0,13.0,0.0
2023-11-25,S1035,PP03,15.0,15.0,0.0
2023-12-02,S1035,PP03,15.0,15.0,0.0
2023-12-09,S1035,PP03,17.0,16.0,1.0
2023-12-16,S1035,PP03,18.0,16.0,3.0
2023-12-23,S1035,PP03,15.0,16.0,2.0
2023-12-30,S1035,PP03,10.0,12.0,0.0
2024-01-06,S1035,PP03,10.0,10.0,0.0
2024-01-13,S1035,PP03,7.0,7.0,0.0
2024-01-20,S1035,PP03,9.0,9.0,0.0
2024-01-27,S1035,PP03,10.0,10.0,0.0
2024-02-03,S1035,PP03,10.0,10.0,0.0
2024-02-10,S1035,PP03,10.0,10.0,0.0
2024-02-17,S1035,PP03,11.0,11.0,0.0
2024-02-24,S1035,PP03,10.0,10.0,0.0
2024-03-02,S1035,PP03,10.0,10.0,0.0
2024-03-09,S1035,PP03,12.0,12.0,0.0
2024-03-16,S1035,PP03,12.0,12.0,0.0
2024-03-23,S1035,PP03,12.0,12.0,0.0
2024-03-30,S1035,PP03,10.0,10.0,0.0
2024-04-06,S1035,PP03,12.0,12.0,0.0
2024-04-13,S1035,PP03,11.0,11.0,0.0
2024-04-20,S1035,PP03,12.0,12.0,0.0
2024-04-27,S1035,PP03,11.0,11.0,0.0
2024-05-04,S1035,PP03,12.0,12.0,0.0
2024-05-11,S1035,PP03,10.0,10.0,0.0
2024-05-18,S1035,PP03,12.0,12.0,0.0
2024-05-25,S1035,PP03,12.0,12.0,0.0
2024-06-01,S1035,PP03,11.0,11.0,0.0
2024-06-08,S1035,PP03,14.0,14.0,0.0
2024-06-15,S1035,PP03,10.0,10.0,0.0
2024-06-22,S1035,PP03,11.0,11.0,0.0
2024-06-29,S1035,PP03,11.0,11.0,0.0
2024-07-06,S1035,PP03,11.0,11.0,0.0
2024-07-13,S1035,PP03,13.0,13.0,0.0
2024-07-20,S1035,PP03,13.0,13.0,0.0
2024-07-27,S1035,PP03,11.0,11.0,0.0
2024-08-03,S1035,PP03,11.0,11.0,0.0
2024-08-10,S1035,PP03,11.0,11.0,0.0
2024-08-17,S1035,PP03,14.0,14.0,0.0
2024-08-24,S1035,PP03,13.0,13.0,0.0
2024-08-31,S1035,PP03,11.0,11.0,0.0
2024-09-07,S1035,PP03,9.0,9.0,0.0
2024-09-14,S1035,PP03,9.0,9.0,0.0
2024-09-21,S1035,PP03,11.0,11.0,0.0
2024-09-28,S1035,PP03,12.0,12.0,0.0
2024-10-05,S1035,PP03,9.0,9.0,0.0
2024-10-12,S1035,PP03,11.0,11.0,0.0
2024-10-19,S1035,PP03,14.0,14.0,0.0
2024-10-26,S1035,PP03,12.0,12.0,0.0
2024-11-02,S1035,PP03,15.0,15.0,0.0
2024-11-09,S1035,PP03,14.0,14.0,0.0
2024-11-16,S1035,PP03,13.0,13.0,0.0
2024-11-23,S1035,PP03,15.0,15.0,0.0
2024-11-30,S1035,PP03,16.0,16.0,0.0
2024-12-07,S1035,PP03,16.0,16.0,0.0
2024-12-14,S1035,PP03,16.0,16.0,0.0
2024-12-21,S1035,PP03,18.0,16.0,2.0
2024-12-28,S1035,PP03,12.0,14.0,0.0
2025-01-04,S1035,PP03,13.0,13.0,0.0
2025-01-11,S1035,PP03,9.0,9.0,0.0
2025-01-18,S1035,PP03,9.0,9.0,0.0
2025-01-25,S1035,PP03,10.0,10.0,0.0
2025-02-01,S1035,PP03,9.0,9.0,0.0
2025-02-08,S1035,PP03,11.0,11.0,0.0
2025-02-15,S1035,PP03,9.0,9.0,0.0
2025-02-22,S1035,PP03,11.0,11.0,0.0
2025-03-01,S1035,PP03,9.0,9.0,0.0
2025-03-08,S1035,PP03,11.0,11.0,0.0
2025-03-15,S1035,PP03,13.0,13.0,0.0
2025-03-22,S1035,PP03,12.0,12.0,0.0
2025-03-29,S1035,PP03,10.0,10.0,0.0
2025-04-05,S1035,PP03,10.0,10.0,0.0
2025-04-12,S1035,PP03,11.0,11.0,0.0
2025-04-19,S1035,PP03,12.0,12.0,0.0
2025-04-26,S1035,PP03,10.0,10.0,0.0
2025-05-03,S1035,PP03,13.0,13.0,0.0
2025-05-10,S1035,PP03,13.0,13.0,0.0
2025-05-17,S1035,PP03,12.0,12.0,0.0
2025-05-24,S1035,PP03,13.0,13.0,0.0
2025-05-31,S1035,PP03,13.0,13.0,0.0
2025-06-07,S1035,PP03,11.0,11.0,0.0
2025-06-14,S1035,PP03,10.0,10.0,0.0
2025-06-21,S1035,PP03,12.0,12.0,0.0
2025-06-28,S1035,PP03,11.0,11.0,0.0
2025-07-05,S1035,PP03,12.0,12.0,0.0
2025-07-12,S1035,PP03,13.0,13.0,0.0
2025-07-19,S1035,PP03,14.0,14.0,0.0
2025-07-26,S1035,PP03,13.0,13.0,0.0
2025-08-02,S1035,PP03,14.0,14.0,0.0
2025-08-09,S1035,PP03,11.0,11.0,0.0
2025-08-16,S1035,PP03,13.0,13.0,0.0
2025-08-23,S1035,PP03,12.0,12.0,0.0
2025-08-30,S1035,PP03,14.0,14.0,0.0
2025-09-06,S1035,PP03,11.0,11.0,0.0
2025-09-13,S1035,PP03,11.0,11.0,0.0
2025-09-20,S1035,PP03,13.0,13.0,0.0
2025-09-27,S1035,PP03,12.0,12.0,0.0
2025-10-04,S1035,PP03,11.0,11.0,0.0
2025-10-11,S1035,PP03,16.0,16.0,0.0
2025-10-18,S1035,PP03,11.0,11.0,0.0
2025-10-25,S1035,PP03,13.0,13.0,0.0
2025-11-01,S1035,PP03,14.0,14.0,0.0
2025-11-08,S1035,PP03,15.0,15.0,0.0
2025-11-15,S1035,PP03,15.0,15.0,0.0
2025-11-22,S1035,PP03,16.0,16.0,0.0
2025-11-29,S1035,PP03,17.0,16.0,1.0
2025-12-06,S1035,PP03,17.0,16.0,2.0
2025-12-13,S1035,PP03,24.0,16.0,10.0
2025-12-20,S1035,PP03,17.0,16.0,11.0
2025-12-27,S1035,PP03,16.0,16.0,11.0
2026-01-03,S1035,PP03,12.0,16.0,7.0
2026-01-10,S1035,PP03,10.0,16.0,1.0
2026-01-17,S1035,PP03,9.0,10.0,0.0
2026-01-24,S1035,PP03,9.0,9.0,0.0
2026-01-31,S1035,PP03,11.0,11.0,0.0
2026-02-07,S1035,PP03,11.0,11.0,0.0
2026-02-14,S1035,PP03,13.0,13.0,0.0
2026-02-21,S1035,PP03,10.0,10.0,0.0
2026-02-28,S1035,PP03,11.0,11.0,0.0
2026-03-07,S1035,PP03,11.0,11.0,0.0
2026-03-14,S1035,PP03,14.0,14.0,0.0
2026-03-21,S1035,PP03,11.0,11.0,0.0
2026-03-28,S1035,PP03,13.0,13.0,0.0
2026-04-04,S1035,PP03,14.0,14.0,0.0
2026-04-11,S1035,PP03,12.0,12.0,0.0
2026-04-18,S1035,PP03,11.0,11.0,0.0
2026-04-25,S1035,PP03,11.0,11.0,0.0
2026-05-02,S1035,PP03,14.0,14.0,0.0
2026-05-09,S1035,PP03,12.0,12.0,0.0
2026-05-16,S1035,PP03,14.0,14.0,0.0
2026-05-23,S1035,PP03,13.0,13.0,0.0
2026-05-30,S1035,PP03,14.0,14.0,0.0
2026-06-06,S1035,PP03,13.0,13.0,0.0
2026-06-13,S1035,PP03,11.0,11.0,0.0
2026-06-20,S1035,PP03,12.0,12.0,0.0
2026-06-27,S1035,PP03,14.0,14.0,0.0
2026-07-04,S1035,PP03,12.0,12.0,0.0
2026-07-11,S1035,PP03,10.0,10.0,0.0
2026-07-18,S1035,PP03,14.0,14.0,0.0
2026-07-25,S1035,PP03,12.0,12.0,0.0
2022-08-06,S1036,PP03,18.0,18.0,0.0
2022-08-13,S1036,PP03,20.0,20.0,0.0
2022-08-20,S1036,PP03,17.0,17.0,0.0
2022-08-27,S1036,PP03,18.0,18.0,0.0
2022-09-03,S1036,PP03,17.0,17.0,0.0
2022-09-10,S1036,PP03,19.0,19.0,0.0
2022-09-17,S1036,PP03,14.0,14.0,0.0
2022-09-24,S1036,PP03,16.0,16.0,0.0
2022-10-01,S1036,PP03,17.0,17.0,0.0
2022-10-08,S1036,PP03,16.0,16.0,0.0
2022-10-15,S1036,PP03,18.0,18.0,0.0
2022-10-22,S1036,PP03,16.0,16.0,0.0
2022-10-29,S1036,PP03,22.0,22.0,0.0
2022-11-05,S1036,PP03,23.0,23.0,0.0
2022-11-12,S1036,PP03,20.0,20.0,0.0
2022-11-19,S1036,PP03,22.0,22.0,0.0
2022-11-26,S1036,PP03,25.0,24.0,1.0
2022-12-03,S1036,PP03,21.0,22.0,0.0
2022-12-10,S1036,PP03,23.0,23.0,0.0
2022-12-17,S1036,PP03,27.0,24.0,3.0
2022-12-24,S1036,PP03,22.0,24.0,1.0
2022-12-31,S1036,PP03,18.0,19.0,0.0
2023-01-07,S1036,PP03,15.0,15.0,0.0
2023-01-14,S1036,PP03,10.0,10.0,0.0
2023-01-21,S1036,PP03,13.0,13.0,0.0
2023-01-28,S1036,PP03,13.0,13.0,0.0
2023-02-04,S1036,PP03,16.0,16.0,0.0
2023-02-11,S1036,PP03,17.0,17.0,0.0
2023-02-18,S1036,PP03,16.0,16.0,0.0
2023-02-25,S1036,PP03,16.0,16.0,0.0
2023-03-04,S1036,PP03,14.0,14.0,0.0
2023-03-11,S1036,PP03,17.0,17.0,0.0
2023-03-18,S1036,PP03,17.0,17.0,0.0
2023-03-25,S1036,PP03,19.0,19.0,0.0
2023-04-01,S1036,PP03,21.0,21.0,0.0
2023-04-08,S1036,PP03,14.0,14.0,0.0
2023-04-15,S1036,PP03,16.0,16.0,0.0
2023-04-22,S1036,PP03,16.0,16.0,0.0
2023-04-29,S1036,PP03,17.0,17.0,0.0
2023-05-06,S1036,PP03,17.0,17.0,0.0
2023-05-13,S1036,PP03,17.0,17.0,0.0
2023-05-20,S1036,PP03,19.0,19.0,0.0
2023-05-27,S1036,PP03,15.0,15.0,0.0
2023-06-03,S1036,PP03,15.0,15.0,0.0
2023-06-10,S1036,PP03,15.0,15.0,0.0
2023-06-17,S1036,PP03,16.0,16.0,0.0
2023-06-24,S1036,PP03,15.0,15.0,0.0
2023-07-01,S1036,PP03,17.0,17.0,0.0
2023-07-08,S1036,PP03,16.0,16.0,0.0
2023-07-15,S1036,PP03,15.0,15.0,0.0
2023-07-22,S1036,PP03,19.0,19.0,0.0
2023-07-29,S1036,PP03,17.0,17.0,0.0
2023-08-05,S1036,PP03,20.0,20.0,0.0
2023-08-12,S1036,PP03,17.0,17.0,0.0
2023-08-19,S1036,PP03,17.0,17.0,0.0
2023-08-26,S1036,PP03,16.0,16.0,0.0
2023-09-02,S1036,PP03,17.0,17.0,0.0
2023-09-09,S1036,PP03,17.0,17.0,0.0
2023-09-16,S1036,PP03,15.0,15.0,0.0
2023-09-23,S1036,PP03,17.0,17.0,0.0
2023-09-30,S1036,PP03,15.0,15.0,0.0
2023-10-07,S1036,PP03,17.0,17.0,0.0
2023-10-14,S1036,PP03,15.0,15.0,0.0
2023-10-21,S1036,PP03,19.0,19.0,0.0
2023-10-28,S1036,PP03,18.0,18.0,0.0
2023-11-04,S1036,PP03,22.0,22.0,0.0
2023-11-11,S1036,PP03,17.0,17.0,0.0
2023-11-18,S1036,PP03,18.0,18.0,0.0
2023-11-25,S1036,PP03,22.0,22.0,0.0
2023-12-02,S1036,PP03,21.0,21.0,0.0
2023-12-09,S1036,PP03,23.0,23.0,0.0
2023-12-16,S1036,PP03,27.0,24.0,3.0
2023-12-23,S1036,PP03,22.0,24.0,1.0
2023-12-30,S1036,PP03,18.0,19.0,0.0
2024-01-06,S1036,PP03,15.0,15.0,0.0
2024-01-13,S1036,PP03,12.0,12.0,0.0
2024-01-20,S1036,PP03,16.0,16.0,0.0
2024-01-27,S1036,PP03,13.0,13.0,0.0
2024-02-03,S1036,PP03,13.0,13.0,0.0
2024-02-10,S1036,PP03,17.0,17.0,0.0
2024-02-17,S1036,PP03,16.0,16.0,0.0
2024-02-24,S1036,PP03,20.0,20.0,0.0
2024-03-02,S1036,PP03,15.0,15.0,0.0
2024-03-09,S1036,PP03,18.0,18.0,0.0
2024-03-16,S1036,PP03,19.0,19.0,0.0
2024-03-23,S1036,PP03,16.0,16.0,0.0
2024-03-30,S1036,PP03,15.0,15.0,0.0
2024-04-06,S1036,PP03,18.0,18.0,0.0
2024-04-13,S1036,PP03,18.0,18.0,0.0
2024-04-20,S1036,PP03,15.0,15.0,0.0
2024-04-27,S1036,PP03,16.0,16.0,0.0
2024-05-04,S1036,PP03,14.0,14.0,0.0
2024-05-11,S1036,PP03,19.0,19.0,0.0
2024-05-18,S1036,PP03,18.0,18.0,0.0
2024-05-25,S1036,PP03,18.0,18.0,0.0
2024-06-01,S1036,PP03,15.0,15.0,0.0
2024-06-08,S1036,PP03,16.0,16.0,0.0
2024-06-15,S1036,PP03,16.0,16.0,0.0
2024-06-22,S1036,PP03,16.0,16.0,0.0
2024-06-29,S1036,PP03,17.0,17.0,0.0
2024-07-06,S1036,PP03,18.0,18.0,0.0
2024-07-13,S1036,PP03,21.0,21.0,0.0
2024-07-20,S1036,PP03,17.0,17.0,0.0
2024-07-27,S1036,PP03,20.0,20.0,0.0
2024-08-03,S1036,PP03,16.0,16.0,0.0
2024-08-10,S1036,PP03,15.0,15.0,0.0
2024-08-17,S1036,PP03,17.0,17.0,0.0
2024-08-24,S1036,PP03,15.0,15.0,0.0
2024-08-31,S1036,PP03,17.0,17.0,0.0
2024-09-07,S1036,PP03,15.0,15.0,0.0
2024-09-14,S1036,PP03,13.0,13.0,0.0
2024-09-21,S1036,PP03,19.0,19.0,0.0
2024-09-28,S1036,PP03,16.0,16.0,0.0
2024-10-05,S1036,PP03,14.0,14.0,0.0
2024-10-12,S1036,PP03,18.0,18.0,0.0
2024-10-19,S1036,PP03,16.0,16.0,0.0
2024-10-26,S1036,PP03,21.0,21.0,0.0
2024-11-02,S1036,PP03,18.0,18.0,0.0
2024-11-09,S1036,PP03,19.0,19.0,0.0
2024-11-16,S1036,PP03,22.0,22.0,0.0
2024-11-23,S1036,PP03,25.0,24.0,1.0
2024-11-30,S1036,PP03,27.0,24.0,4.0
2024-12-07,S1036,PP03,26.0,24.0,6.0
2024-12-14,S1036,PP03,28.0,24.0,10.0
2024-12-21,S1036,PP03,25.0,24.0,11.0
2024-12-28,S1036,PP03,21.0,24.0,8.0
2025-01-04,S1036,PP03,17.0,24.0,1.0
2025-01-11,S1036,PP03,12.0,13.0,0.0
2025-01-18,S1036,PP03,15.0,15.0,0.0
2025-01-25,S1036,PP03,15.0,15.0,0.0
2025-02-01,S1036,PP03,14.0,14.0,0.0
2025-02-08,S1036,PP03,18.0,18.0,0.0
2025-02-15,S1036,PP03,14.0,14.0,0.0
2025-02-22,S1036,PP03,19.0,19.0,0.0
2025-03-01,S1036,PP03,17.0,17.0,0.0
2025-03-08,S1036,PP03,18.0,18.0,0.0
2025-03-15,S1036,PP03,17.0,17.0,0.0
2025-03-22,S1036,PP03,15.0,15.0,0.0
2025-03-29,S1036,PP03,17.0,17.0,0.0
2025-04-05,S1036,PP03,18.0,18.0,0.0
2025-04-12,S1036,PP03,19.0,19.0,0.0
2025-04-19,S1036,PP03,18.0,18.0,0.0
2025-04-26,S1036,PP03,15.0,15.0,0.0
2025-05-03,S1036,PP03,16.0,16.0,0.0
2025-05-10,S1036,PP03,24.0,24.0,0.0
2025-05-17,S1036,PP03,17.0,17.0,0.0
2025-05-24,S1036,PP03,22.0,22.0,0.0
2025-05-31,S1036,PP03,17.0,17.0,0.0
2025-06-07,S1036,PP03,18.0,18.0,0.0
2025-06-14,S1036,PP03,19.0,19.0,0.0
2025-06-21,S1036,PP03,17.0,17.0,0.0
2025-06-28,S1036,PP03,21.0,21.0,0.0
2025-07-05,S1036,PP03,18.0,18.0,0.0
2025-07-12,S1036,PP03,19.0,19.0,0.0
2025-07-19,S1036,PP03,18.0,18.0,0.0
2025-07-26,S1036,PP03,20.0,20.0,0.0
2025-08-02,S1036,PP03,22.0,22.0,0.0
2025-08-09,S1036,PP03,19.0,19.0,0.0
2025-08-16,S1036,PP03,23.0,23.0,0.0
2025-08-23,S1036,PP03,18.0,18.0,0.0
2025-08-30,S1036,PP03,20.0,20.0,0.0
2025-09-06,S1036,PP03,18.0,18.0,0.0
2025-09-13,S1036,PP03,15.0,15.0,0.0
2025-09-20,S1036,PP03,18.0,18.0,0.0
2025-09-27,S1036,PP03,18.0,18.0,0.0
2025-10-04,S1036,PP03,16.0,16.0,0.0
2025-10-11,S1036,PP03,19.0,19.0,0.0
2025-10-18,S1036,PP03,19.0,19.0,0.0
2025-10-25,S1036,PP03,20.0,20.0,0.0
2025-11-01,S1036,PP03,20.0,20.0,0.0
2025-11-08,S1036,PP03,21.0,21.0,0.0
2025-11-15,S1036,PP03,22.0,22.0,0.0
2025-11-22,S1036,PP03,25.0,24.0,1.0
2025-11-29,S1036,PP03,24.0,24.0,1.0
2025-12-06,S1036,PP03,36.0,24.0,13.0
2025-12-13,S1036,PP03,25.0,24.0,14.0
2025-12-20,S1036,PP03,24.0,24.0,14.0
2025-12-27,S1036,PP03,21.0,24.0,11.0
2026-01-03,S1036,PP03,23.0,24.0,10.0
2026-01-10,S1036,PP03,13.0,23.0,0.0
2026-01-17,S1036,PP03,15.0,15.0,0.0
2026-01-24,S1036,PP03,16.0,16.0,0.0
2026-01-31,S1036,PP03,17.0,17.0,0.0
2026-02-07,S1036,PP03,19.0,19.0,0.0
2026-02-14,S1036,PP03,20.0,20.0,0.0
2026-02-21,S1036,PP03,17.0,17.0,0.0
2026-02-28,S1036,PP03,18.0,18.0,0.0
2026-03-07,S1036,PP03,15.0,15.0,0.0
2026-03-14,S1036,PP03,19.0,19.0,0.0
2026-03-21,S1036,PP03,17.0,17.0,0.0
2026-03-28,S1036,PP03,18.0,18.0,0.0
2026-04-04,S1036,PP03,16.0,16.0,0.0
2026-04-11,S1036,PP03,19.0,19.0,0.0
2026-04-18,S1036,PP03,16.0,16.0,0.0
2026-04-25,S1036,PP03,20.0,20.0,0.0
2026-05-02,S1036,PP03,17.0,17.0,0.0
2026-05-09,S1036,PP03,18.0,18.0,0.0
2026-05-16,S1036,PP03,23.0,23.0,0.0
2026-05-23,S1036,PP03,21.0,21.0,0.0
2026-05-30,S1036,PP03,22.0,22.0,0.0
2026-06-06,S1036,PP03,22.0,22.0,0.0
2026-06-13,S1036,PP03,17.0,17.0,0.0
2026-06-20,S1036,PP03,22.0,22.0,0.0
2026-06-27,S1036,PP03,16.0,16.0,0.0
2026-07-04,S1036,PP03,21.0,21.0,0.0
2026-07-11,S1036,PP03,18.0,18.0,0.0
2026-07-18,S1036,PP03,18.0,18.0,0.0
2026-07-25,S1036,PP03,21.0,21.0,0.0
2022-08-06,S1037,PP03,14.0,14.0,0.0
2022-08-13,S1037,PP03,14.0,14.0,0.0
2022-08-20,S1037,PP03,12.0,12.0,0.0
2022-08-27,S1037,PP03,12.0,12.0,0.0
2022-09-03,S1037,PP03,12.0,12.0,0.0
2022-09-10,S1037,PP03,12.0,12.0,0.0
2022-09-17,S1037,PP03,12.0,12.0,0.0
2022-09-24,S1037,PP03,12.0,12.0,0.0
2022-10-01,S1037,PP03,13.0,13.0,0.0
2022-10-08,S1037,PP03,10.0,10.0,0.0
2022-10-15,S1037,PP03,12.0,12.0,0.0
2022-10-22,S1037,PP03,11.0,11.0,0.0
2022-10-29,S1037,PP03,13.0,13.0,0.0
2022-11-05,S1037,PP03,16.0,16.0,0.0
2022-11-12,S1037,PP03,13.0,13.0,0.0
2022-11-19,S1037,PP03,15.0,15.0,0.0
2022-11-26,S1037,PP03,18.0,18.0,0.0
2022-12-03,S1037,PP03,14.0,14.0,0.0
2022-12-10,S1037,PP03,18.0,18.0,0.0
2022-12-17,S1037,PP03,18.0,18.0,0.0
2022-12-24,S1037,PP03,11.0,11.0,0.0
2022-12-31,S1037,PP03,12.0,12.0,0.0
2023-01-07,S1037,PP03,12.0,12.0,0.0
2023-01-14,S1037,PP03,10.0,10.0,0.0
2023-01-21,S1037,PP03,10.0,10.0,0.0
2023-01-28,S1037,PP03,11.0,11.0,0.0
2023-02-04,S1037,PP03,11.0,11.0,0.0
2023-02-11,S1037,PP03,12.0,12.0,0.0
2023-02-18,S1037,PP03,11.0,11.0,0.0
2023-02-25,S1037,PP03,12.0,12.0,0.0
2023-03-04,S1037,PP03,11.0,11.0,0.0
2023-03-11,S1037,PP03,13.0,13.0,0.0
2023-03-18,S1037,PP03,14.0,14.0,0.0
2023-03-25,S1037,PP03,14.0,14.0,0.0
2023-04-01,S1037,PP03,12.0,12.0,0.0
2023-04-08,S1037,PP03,11.0,11.0,0.0
2023-04-15,S1037,PP03,14.0,14.0,0.0
2023-04-22,S1037,PP03,13.0,13.0,0.0
2023-04-29,S1037,PP03,13.0,13.0,0.0
2023-05-06,S1037,PP03,12.0,12.0,0.0
2023-05-13,S1037,PP03,13.0,13.0,0.0
2023-05-20,S1037,PP03,11.0,11.0,0.0
2023-05-27,S1037,PP03,13.0,13.0,0.0
2023-06-03,S1037,PP03,14.0,14.0,0.0
2023-06-10,S1037,PP03,14.0,14.0,0.0
2023-06-17,S1037,PP03,13.0,13.0,0.0
2023-06-24,S1037,PP03,11.0,11.0,0.0
2023-07-01,S1037,PP03,12.0,12.0,0.0
2023-07-08,S1037,PP03,15.0,15.0,0.0
2023-07-15,S1037,PP03,11.0,11.0,0.0
2023-07-22,S1037,PP03,12.0,12.0,0.0
2023-07-29,S1037,PP03,14.0,14.0,0.0
2023-08-05,S1037,PP03,14.0,14.0,0.0
2023-08-12,S1037,PP03,17.0,17.0,0.0
2023-08-19,S1037,PP03,12.0,12.0,0.0
2023-08-26,S1037,PP03,11.0,11.0,0.0
2023-09-02,S1037,PP03,14.0,14.0,0.0
2023-09-09,S1037,PP03,10.0,10.0,0.0
2023-09-16,S1037,PP03,11.0,11.0,0.0
2023-09-23,S1037,PP03,12.0,12.0,0.0
2023-09-30,S1037,PP03,13.0,13.0,0.0
2023-10-07,S1037,PP03,12.0,12.0,0.0
2023-10-14,S1037,PP03,12.0,12.0,0.0
2023-10-21,S1037,PP03,12.0,12.0,0.0
2023-10-28,S1037,PP03,15.0,15.0,0.0
2023-11-04,S1037,PP03,20.0,18.0,2.0
2023-11-11,S1037,PP03,15.0,17.0,0.0
2023-11-18,S1037,PP03,16.0,16.0,0.0
2023-11-25,S1037,PP03,15.0,15.0,0.0
2023-12-02,S1037,PP03,17.0,17.0,0.0
2023-12-09,S1037,PP03,19.0,18.0,1.0
2023-12-16,S1037,PP03,17.0,18.0,0.0
2023-12-23,S1037,PP03,16.0,16.0,0.0
2023-12-30,S1037,PP03,16.0,16.0,0.0
2024-01-06,S1037,PP03,13.0,13.0,0.0
2024-01-13,S1037,PP03,9.0,9.0,0.0
2024-01-20,S1037,PP03,9.0,9.0,0.0
2024-01-27,S1037,PP03,12.0,12.0,0.0
2024-02-03,S1037,PP03,11.0,11.0,0.0
2024-02-10,S1037,PP03,10.0,10.0,0.0
2024-02-17,S1037,PP03,12.0,12.0,0.0
2024-02-24,S1037,PP03,13.0,13.0,0.0
2024-03-02,S1037,PP03,9.0,9.0,0.0
2024-03-09,S1037,PP03,11.0,11.0,0.0
2024-03-16,S1037,PP03,12.0,12.0,0.0
2024-03-23,S1037,PP03,13.0,13.0,0.0
2024-03-30,S1037,PP03,11.0,11.0,0.0
2024-04-06,S1037,PP03,11.0,11.0,0.0
2024-04-13,S1037,PP03,13.0,13.0,0.0
2024-04-20,S1037,PP03,12.0,12.0,0.0
2024-04-27,S1037,PP03,13.0,13.0,0.0
2024-05-04,S1037,PP03,12.0,12.0,0.0
2024-05-11,S1037,PP03,12.0,12.0,0.0
2024-05-18,S1037,PP03,14.0,14.0,0.0
2024-05-25,S1037,PP03,13.0,13.0,0.0
2024-06-01,S1037,PP03,14.0,14.0,0.0
2024-06-08,S1037,PP03,12.0,12.0,0.0
2024-06-15,S1037,PP03,12.0,12.0,0.0
2024-06-22,S1037,PP03,14.0,14.0,0.0
2024-06-29,S1037,PP03,11.0,11.0,0.0
2024-07-06,S1037,PP03,14.0,14.0,0.0
2024-07-13,S1037,PP03,14.0,14.0,0.0
2024-07-20,S1037,PP03,14.0,14.0,0.0
2024-07-27,S1037,PP03,12.0,12.0,0.0
2024-08-03,S1037,PP03,12.0,12.0,0.0
2024-08-10,S1037,PP03,13.0,13.0,0.0
2024-08-17,S1037,PP03,11.0,11.0,0.0
2024-08-24,S1037,PP03,11.0,11.0,0.0
2024-08-31,S1037,PP03,13.0,13.0,0.0
2024-09-07,S1037,PP03,13.0,13.0,0.0
2024-09-14,S1037,PP03,10.0,10.0,0.0
2024-09-21,S1037,PP03,13.0,13.0,0.0
2024-09-28,S1037,PP03,12.0,12.0,0.0
2024-10-05,S1037,PP03,14.0,14.0,0.0
2024-10-12,S1037,PP03,13.0,13.0,0.0
2024-10-19,S1037,PP03,14.0,14.0,0.0
2024-10-26,S1037,PP03,14.0,14.0,0.0
2024-11-02,S1037,PP03,15.0,15.0,0.0
2024-11-09,S1037,PP03,13.0,13.0,0.0
2024-11-16,S1037,PP03,15.0,15.0,0.0
2024-11-23,S1037,PP03,17.0,17.0,0.0
2024-11-30,S1037,PP03,18.0,18.0,0.0
2024-12-07,S1037,PP03,20.0,18.0,2.0
2024-12-14,S1037,PP03,21.0,18.0,5.0
2024-12-21,S1037,PP03,18.0,18.0,5.0
2024-12-28,S1037,PP03,14.0,18.0,1.0
2025-01-04,S1037,PP03,12.0,13.0,0.0
2025-01-11,S1037,PP03,11.0,11.0,0.0
2025-01-18,S1037,PP03,10.0,10.0,0.0
2025-01-25,S1037,PP03,9.0,9.0,0.0
2025-02-01,S1037,PP03,11.0,11.0,0.0
2025-02-08,S1037,PP03,10.0,10.0,0.0
2025-02-15,S1037,PP03,12.0,12.0,0.0
2025-02-22,S1037,PP03,12.0,12.0,0.0
2025-03-01,S1037,PP03,11.0,11.0,0.0
2025-03-08,S1037,PP03,15.0,15.0,0.0
2025-03-15,S1037,PP03,11.0,11.0,0.0
2025-03-22,S1037,PP03,14.0,14.0,0.0
2025-03-29,S1037,PP03,16.0,16.0,0.0
2025-04-05,S1037,PP03,14.0,14.0,0.0
2025-04-12,S1037,PP03,13.0,13.0,0.0
2025-04-19,S1037,PP03,12.0,12.0,0.0
2025-04-26,S1037,PP03,12.0,12.0,0.0
2025-05-03,S1037,PP03,13.0,13.0,0.0
2025-05-10,S1037,PP03,13.0,13.0,0.0
2025-05-17,S1037,PP03,13.0,13.0,0.0
2025-05-24,S1037,PP03,13.0,13.0,0.0
2025-05-31,S1037,PP03,13.0,13.0,0.0
2025-06-07,S1037,PP03,14.0,14.0,0.0
2025-06-14,S1037,PP03,11.0,11.0,0.0
2025-06-21,S1037,PP03,12.0,12.0,0.0
2025-06-28,S1037,PP03,13.0,13.0,0.0
2025-07-05,S1037,PP03,13.0,13.0,0.0
2025-07-12,S1037,PP03,16.0,16.0,0.0
2025-07-19,S1037,PP03,14.0,14.0,0.0
2025-07-26,S1037,PP03,12.0,12.0,0.0
2025-08-02,S1037,PP03,15.0,15.0,0.0
2025-08-09,S1037,PP03,15.0,15.0,0.0
2025-08-16,S1037,PP03,14.0,14.0,0.0
2025-08-23,S1037,PP03,12.0,12.0,0.0
2025-08-30,S1037,PP03,16.0,16.0,0.0
2025-09-06,S1037,PP03,11.0,11.0,0.0
2025-09-13,S1037,PP03,13.0,13.0,0.0
2025-09-20,S1037,PP03,13.0,13.0,0.0
2025-09-27,S1037,PP03,14.0,14.0,0.0
2025-10-04,S1037,PP03,15.0,15.0,0.0
2025-10-11,S1037,PP03,14.0,14.0,0.0
2025-10-18,S1037,PP03,13.0,13.0,0.0
2025-10-25,S1037,PP03,16.0,16.0,0.0
2025-11-01,S1037,PP03,14.0,14.0,0.0
2025-11-08,S1037,PP03,16.0,16.0,0.0
2025-11-15,S1037,PP03,14.0,14.0,0.0
2025-11-22,S1037,PP03,16.0,16.0,0.0
2025-11-29,S1037,PP03,19.0,18.0,1.0
2025-12-06,S1037,PP03,21.0,18.0,4.0
2025-12-13,S1037,PP03,17.0,18.0,3.0
2025-12-20,S1037,PP03,19.0,18.0,4.0
2025-12-27,S1037,PP03,15.0,18.0,1.0
2026-01-03,S1037,PP03,15.0,16.0,0.0
2026-01-10,S1037,PP03,11.0,11.0,0.0
2026-01-17,S1037,PP03,10.0,10.0,0.0
2026-01-24,S1037,PP03,11.0,11.0,0.0
2026-01-31,S1037,PP03,11.0,11.0,0.0
2026-02-07,S1037,PP03,14.0,14.0,0.0
2026-02-14,S1037,PP03,13.0,13.0,0.0
2026-02-21,S1037,PP03,13.0,13.0,0.0
2026-02-28,S1037,PP03,14.0,14.0,0.0
2026-03-07,S1037,PP03,12.0,12.0,0.0
2026-03-14,S1037,PP03,12.0,12.0,0.0
2026-03-21,S1037,PP03,14.0,14.0,0.0
2026-03-28,S1037,PP03,12.0,12.0,0.0
2026-04-04,S1037,PP03,12.0,12.0,0.0
2026-04-11,S1037,PP03,15.0,15.0,0.0
2026-04-18,S1037,PP03,14.0,14.0,0.0
2026-04-25,S1037,PP03,12.0,12.0,0.0
2026-05-02,S1037,PP03,13.0,13.0,0.0
2026-05-09,S1037,PP03,13.0,13.0,0.0
2026-05-16,S1037,PP03,17.0,17.0,0.0
2026-05-23,S1037,PP03,16.0,16.0,0.0
2026-05-30,S1037,PP03,14.0,14.0,0.0
2026-06-06,S1037,PP03,15.0,15.0,0.0
2026-06-13,S1037,PP03,12.0,12.0,0.0
2026-06-20,S1037,PP03,13.0,13.0,0.0
2026-06-27,S1037,PP03,14.0,14.0,0.0
2026-07-04,S1037,PP03,15.0,15.0,0.0
2026-07-11,S1037,PP03,14.0,14.0,0.0
2026-07-18,S1037,PP03,14.0,14.0,0.0
2026-07-25,S1037,PP03,14.0,14.0,0.0
2024-02-24,S1038,PP03,10.0,10.0,0.0
2024-03-02,S1038,PP03,12.0,12.0,0.0
2024-03-09,S1038,PP03,10.0,10.0,0.0
2024-03-16,S1038,PP03,17.0,17.0,0.0
2024-03-23,S1038,PP03,15.0,15.0,0.0
2024-03-30,S1038,PP03,17.0,17.0,0.0
2024-04-06,S1038,PP03,16.0,16.0,0.0
2024-04-13,S1038,PP03,15.0,15.0,0.0
2024-04-20,S1038,PP03,21.0,21.0,0.0
2024-04-27,S1038,PP03,19.0,19.0,0.0
2024-05-04,S1038,PP03,21.0,21.0,0.0
2024-05-11,S1038,PP03,20.0,20.0,0.0
2024-05-18,S1038,PP03,21.0,21.0,0.0
2024-05-25,S1038,PP03,19.0,19.0,0.0
2024-06-01,S1038,PP03,22.0,22.0,0.0
2024-06-08,S1038,PP03,18.0,18.0,0.0
2024-06-15,S1038,PP03,25.0,25.0,0.0
2024-06-22,S1038,PP03,24.0,24.0,0.0
2024-06-29,S1038,PP03,23.0,23.0,0.0
2024-07-06,S1038,PP03,22.0,22.0,0.0
2024-07-13,S1038,PP03,19.0,19.0,0.0
2024-07-20,S1038,PP03,22.0,22.0,0.0
2024-07-27,S1038,PP03,20.0,20.0,0.0
2024-08-03,S1038,PP03,17.0,17.0,0.0
2024-08-10,S1038,PP03,24.0,24.0,0.0
2024-08-17,S1038,PP03,23.0,23.0,0.0
2024-08-24,S1038,PP03,20.0,20.0,0.0
2024-08-31,S1038,PP03,17.0,17.0,0.0
2024-09-07,S1038,PP03,17.0,17.0,0.0
2024-09-14,S1038,PP03,15.0,15.0,0.0
2024-09-21,S1038,PP03,20.0,20.0,0.0
2024-09-28,S1038,PP03,16.0,16.0,0.0
2024-10-05,S1038,PP03,19.0,19.0,0.0
2024-10-12,S1038,PP03,18.0,18.0,0.0
2024-10-19,S1038,PP03,17.0,17.0,0.0
2024-10-26,S1038,PP03,21.0,21.0,0.0
2024-11-02,S1038,PP03,21.0,21.0,0.0
2024-11-09,S1038,PP03,25.0,25.0,0.0
2024-11-16,S1038,PP03,21.0,21.0,0.0
2024-11-23,S1038,PP03,24.0,24.0,0.0
2024-11-30,S1038,PP03,22.0,22.0,0.0
2024-12-07,S1038,PP03,24.0,24.0,0.0
2024-12-14,S1038,PP03,36.0,27.0,9.0
2024-12-21,S1038,PP03,33.0,27.0,15.0
2024-12-28,S1038,PP03,23.0,27.0,11.0
2025-01-04,S1038,PP03,18.0,27.0,2.0
2025-01-11,S1038,PP03,15.0,17.0,0.0
2025-01-18,S1038,PP03,17.0,17.0,0.0
2025-01-25,S1038,PP03,16.0,16.0,0.0
2025-02-01,S1038,PP03,17.0,17.0,0.0
2025-02-08,S1038,PP03,18.0,18.0,0.0
2025-02-15,S1038,PP03,17.0,17.0,0.0
2025-02-22,S1038,PP03,18.0,18.0,0.0
2025-03-01,S1038,PP03,19.0,19.0,0.0
2025-03-08,S1038,PP03,18.0,18.0,0.0
2025-03-15,S1038,PP03,20.0,20.0,0.0
2025-03-22,S1038,PP03,19.0,19.0,0.0
2025-03-29,S1038,PP03,20.0,20.0,0.0
2025-04-05,S1038,PP03,23.0,23.0,0.0
2025-04-12,S1038,PP03,20.0,20.0,0.0
2025-04-19,S1038,PP03,22.0,22.0,0.0
2025-04-26,S1038,PP03,17.0,17.0,0.0
2025-05-03,S1038,PP03,20.0,20.0,0.0
2025-05-10,S1038,PP03,22.0,22.0,0.0
2025-05-17,S1038,PP03,26.0,26.0,0.0
2025-05-24,S1038,PP03,17.0,17.0,0.0
2025-05-31,S1038,PP03,21.0,21.0,0.0
2025-06-07,S1038,PP03,24.0,24.0,0.0
2025-06-14,S1038,PP03,19.0,19.0,0.0
2025-06-21,S1038,PP03,20.0,20.0,0.0
2025-06-28,S1038,PP03,21.0,21.0,0.0
2025-07-05,S1038,PP03,21.0,21.0,0.0
2025-07-12,S1038,PP03,24.0,24.0,0.0
2025-07-19,S1038,PP03,22.0,22.0,0.0
2025-07-26,S1038,PP03,24.0,24.0,0.0
2025-08-02,S1038,PP03,21.0,21.0,0.0
2025-08-09,S1038,PP03,20.0,20.0,0.0
2025-08-16,S1038,PP03,21.0,21.0,0.0
2025-08-23,S1038,PP03,19.0,19.0,0.0
2025-08-30,S1038,PP03,21.0,21.0,0.0
2025-09-06,S1038,PP03,19.0,19.0,0.0
2025-09-13,S1038,PP03,18.0,18.0,0.0
2025-09-20,S1038,PP03,21.0,21.0,0.0
2025-09-27,S1038,PP03,18.0,18.0,0.0
2025-10-04,S1038,PP03,22.0,22.0,0.0
2025-10-11,S1038,PP03,19.0,19.0,0.0
2025-10-18,S1038,PP03,24.0,24.0,0.0
2025-10-25,S1038,PP03,21.0,21.0,0.0
2025-11-01,S1038,PP03,25.0,25.0,0.0
2025-11-08,S1038,PP03,25.0,25.0,0.0
2025-11-15,S1038,PP03,28.0,27.0,1.0
2025-11-22,S1038,PP03,28.0,27.0,2.0
2025-11-29,S1038,PP03,25.0,27.0,0.0
2025-12-06,S1038,PP03,35.0,27.0,8.0
2025-12-13,S1038,PP03,32.0,27.0,13.0
2025-12-20,S1038,PP03,31.0,27.0,17.0
2025-12-27,S1038,PP03,26.0,27.0,16.0
2026-01-03,S1038,PP03,19.0,27.0,8.0
2026-01-10,S1038,PP03,16.0,24.0,0.0
2026-01-17,S1038,PP03,18.0,18.0,0.0
2026-01-24,S1038,PP03,17.0,17.0,0.0
2026-01-31,S1038,PP03,20.0,20.0,0.0
2026-02-07,S1038,PP03,19.0,19.0,0.0
2026-02-14,S1038,PP03,22.0,22.0,0.0
2026-02-21,S1038,PP03,21.0,21.0,0.0
2026-02-28,S1038,PP03,21.0,21.0,0.0
2026-03-07,S1038,PP03,20.0,20.0,0.0
2026-03-14,S1038,PP03,21.0,21.0,0.0
2026-03-21,S1038,PP03,24.0,24.0,0.0
2026-03-28,S1038,PP03,21.0,21.0,0.0
2026-04-04,S1038,PP03,22.0,22.0,0.0
2026-04-11,S1038,PP03,21.0,21.0,0.0
2026-04-18,S1038,PP03,22.0,22.0,0.0
2026-04-25,S1038,PP03,26.0,26.0,0.0
2026-05-02,S1038,PP03,25.0,25.0,0.0
2026-05-09,S1038,PP03,23.0,23.0,0.0
2026-05-16,S1038,PP03,23.0,23.0,0.0
2026-05-23,S1038,PP03,21.0,21.0,0.0
2026-05-30,S1038,PP03,22.0,22.0,0.0
2026-06-06,S1038,PP03,22.0,22.0,0.0
2026-06-13,S1038,PP03,23.0,23.0,0.0
2026-06-20,S1038,PP03,23.0,23.0,0.0
2026-06-27,S1038,PP03,19.0,19.0,0.0
2026-07-04,S1038,PP03,24.0,24.0,0.0
2026-07-11,S1038,PP03,22.0,22.0,0.0
2026-07-18,S1038,PP03,20.0,20.0,0.0
2026-07-25,S1038,PP03,25.0,25.0,0.0
2022-08-06,S1039,PP03,9.0,9.0,0.0
2022-08-13,S1039,PP03,8.0,8.0,0.0
2022-08-20,S1039,PP03,8.0,8.0,0.0
2022-08-27,S1039,PP03,8.0,8.0,0.0
2022-09-03,S1039,PP03,9.0,9.0,0.0
2022-09-10,S1039,PP03,8.0,8.0,0.0
2022-09-17,S1039,PP03,6.0,6.0,0.0
2022-09-24,S1039,PP03,9.0,9.0,0.0
2022-10-01,S1039,PP03,8.0,8.0,0.0
2022-10-08,S1039,PP03,7.0,7.0,0.0
2022-10-15,S1039,PP03,7.0,7.0,0.0
2022-10-22,S1039,PP03,8.0,8.0,0.0
2022-10-29,S1039,PP03,8.0,8.0,0.0
2022-11-05,S1039,PP03,9.0,9.0,0.0
2022-11-12,S1039,PP03,10.0,10.0,0.0
2022-11-19,S1039,PP03,9.0,9.0,0.0
2022-11-26,S1039,PP03,9.0,9.0,0.0
2022-12-03,S1039,PP03,12.0,12.0,0.0
2022-12-10,S1039,PP03,11.0,11.0,0.0
2022-12-17,S1039,PP03,11.0,11.0,0.0
2022-12-24,S1039,PP03,8.0,8.0,0.0
2022-12-31,S1039,PP03,8.0,8.0,0.0
2023-01-07,S1039,PP03,7.0,7.0,0.0
2023-01-14,S1039,PP03,6.0,6.0,0.0
2023-01-21,S1039,PP03,6.0,6.0,0.0
2023-01-28,S1039,PP03,6.0,6.0,0.0
2023-02-04,S1039,PP03,7.0,7.0,0.0
2023-02-11,S1039,PP03,7.0,7.0,0.0
2023-02-18,S1039,PP03,7.0,7.0,0.0
2023-02-25,S1039,PP03,7.0,7.0,0.0
2023-03-04,S1039,PP03,8.0,8.0,0.0
2023-03-11,S1039,PP03,9.0,9.0,0.0
2023-03-18,S1039,PP03,8.0,8.0,0.0
2023-03-25,S1039,PP03,6.0,6.0,0.0
2023-04-01,S1039,PP03,8.0,8.0,0.0
2023-04-08,S1039,PP03,9.0,9.0,0.0
2023-04-15,S1039,PP03,7.0,7.0,0.0
2023-04-22,S1039,PP03,8.0,8.0,0.0
2023-04-29,S1039,PP03,8.0,8.0,0.0
2023-05-06,S1039,PP03,8.0,8.0,0.0
2023-05-13,S1039,PP03,8.0,8.0,0.0
2023-05-20,S1039,PP03,9.0,9.0,0.0
2023-05-27,S1039,PP03,8.0,8.0,0.0
2023-06-03,S1039,PP03,9.0,9.0,0.0
2023-06-10,S1039,PP03,8.0,8.0,0.0
2023-06-17,S1039,PP03,7.0,7.0,0.0
2023-06-24,S1039,PP03,7.0,7.0,0.0
2023-07-01,S1039,PP03,6.0,6.0,0.0
2023-07-08,S1039,PP03,8.0,8.0,0.0
2023-07-15,S1039,PP03,10.0,10.0,0.0
2023-07-22,S1039,PP03,8.0,8.0,0.0
2023-07-29,S1039,PP03,9.0,9.0,0.0
2023-08-05,S1039,PP03,8.0,8.0,0.0
2023-08-12,S1039,PP03,8.0,8.0,0.0
2023-08-19,S1039,PP03,9.0,9.0,0.0
2023-08-26,S1039,PP03,10.0,10.0,0.0
2023-09-02,S1039,PP03,9.0,9.0,0.0
2023-09-09,S1039,PP03,8.0,8.0,0.0
2023-09-16,S1039,PP03,7.0,7.0,0.0
2023-09-23,S1039,PP03,8.0,8.0,0.0
2023-09-30,S1039,PP03,7.0,7.0,0.0
2023-10-07,S1039,PP03,6.0,6.0,0.0
2023-10-14,S1039,PP03,7.0,7.0,0.0
2023-10-21,S1039,PP03,8.0,8.0,0.0
2023-10-28,S1039,PP03,8.0,8.0,0.0
2023-11-04,S1039,PP03,7.0,7.0,0.0
2023-11-11,S1039,PP03,9.0,9.0,0.0
2023-11-18,S1039,PP03,9.0,9.0,0.0
2023-11-25,S1039,PP03,9.0,9.0,0.0
2023-12-02,S1039,PP03,11.0,11.0,0.0
2023-12-09,S1039,PP03,12.0,12.0,0.0
2023-12-16,S1039,PP03,11.0,11.0,0.0
2023-12-23,S1039,PP03,11.0,11.0,0.0
2023-12-30,S1039,PP03,7.0,7.0,0.0
2024-01-06,S1039,PP03,6.0,6.0,0.0
2024-01-13,S1039,PP03,6.0,6.0,0.0
2024-01-20,S1039,PP03,6.0,6.0,0.0
2024-01-27,S1039,PP03,7.0,7.0,0.0
2024-02-03,S1039,PP03,7.0,7.0,0.0
2024-02-10,S1039,PP03,7.0,7.0,0.0
2024-02-17,S1039,PP03,7.0,7.0,0.0
2024-02-24,S1039,PP03,7.0,7.0,0.0
2024-03-02,S1039,PP03,9.0,9.0,0.0
2024-03-09,S1039,PP03,7.0,7.0,0.0
2024-03-16,S1039,PP03,8.0,8.0,0.0
2024-03-23,S1039,PP03,10.0,10.0,0.0
2024-03-30,S1039,PP03,8.0,8.0,0.0
2024-04-06,S1039,PP03,8.0,8.0,0.0
2024-04-13,S1039,PP03,8.0,8.0,0.0
2024-04-20,S1039,PP03,8.0,8.0,0.0
2024-04-27,S1039,PP03,8.0,8.0,0.0
2024-05-04,S1039,PP03,8.0,8.0,0.0
2024-05-11,S1039,PP03,9.0,9.0,0.0
2024-05-18,S1039,PP03,8.0,8.0,0.0
2024-05-25,S1039,PP03,9.0,9.0,0.0
2024-06-01,S1039,PP03,10.0,10.0,0.0
2024-06-08,S1039,PP03,9.0,9.0,0.0
2024-06-15,S1039,PP03,8.0,8.0,0.0
2024-06-22,S1039,PP03,9.0,9.0,0.0
2024-06-29,S1039,PP03,7.0,7.0,0.0
2024-07-06,S1039,PP03,8.0,8.0,0.0
2024-07-13,S1039,PP03,9.0,9.0,0.0
2024-07-20,S1039,PP03,9.0,9.0,0.0
2024-07-27,S1039,PP03,8.0,8.0,0.0
2024-08-03,S1039,PP03,8.0,8.0,0.0
2024-08-10,S1039,PP03,10.0,10.0,0.0
2024-08-17,S1039,PP03,8.0,8.0,0.0
2024-08-24,S1039,PP03,10.0,10.0,0.0
2024-08-31,S1039,PP03,8.0,8.0,0.0
2024-09-07,S1039,PP03,8.0,8.0,0.0
2024-09-14,S1039,PP03,7.0,7.0,0.0
2024-09-21,S1039,PP03,8.0,8.0,0.0
2024-09-28,S1039,PP03,9.0,9.0,0.0
2024-10-05,S1039,PP03,7.0,7.0,0.0
2024-10-12,S1039,PP03,8.0,8.0,0.0
2024-10-19,S1039,PP03,9.0,9.0,0.0
2024-10-26,S1039,PP03,8.0,8.0,0.0
2024-11-02,S1039,PP03,9.0,9.0,0.0
2024-11-09,S1039,PP03,10.0,10.0,0.0
2024-11-16,S1039,PP03,11.0,11.0,0.0
2024-11-23,S1039,PP03,10.0,10.0,0.0
2024-11-30,S1039,PP03,12.0,12.0,0.0
2024-12-07,S1039,PP03,11.0,11.0,0.0
2024-12-14,S1039,PP03,11.0,11.0,0.0
2024-12-21,S1039,PP03,11.0,11.0,0.0
2024-12-28,S1039,PP03,9.0,9.0,0.0
2025-01-04,S1039,PP03,7.0,7.0,0.0
2025-01-11,S1039,PP03,6.0,6.0,0.0
2025-01-18,S1039,PP03,6.0,6.0,0.0
2025-01-25,S1039,PP03,7.0,7.0,0.0
2025-02-01,S1039,PP03,6.0,6.0,0.0
2025-02-08,S1039,PP03,7.0,7.0,0.0
2025-02-15,S1039,PP03,6.0,6.0,0.0
2025-02-22,S1039,PP03,8.0,8.0,0.0
2025-03-01,S1039,PP03,6.0,6.0,0.0
2025-03-08,S1039,PP03,8.0,8.0,0.0
2025-03-15,S1039,PP03,9.0,9.0,0.0
2025-03-22,S1039,PP03,9.0,9.0,0.0
2025-03-29,S1039,PP03,7.0,7.0,0.0
2025-04-05,S1039,PP03,8.0,8.0,0.0
2025-04-12,S1039,PP03,7.0,7.0,0.0
2025-04-19,S1039,PP03,7.0,7.0,0.0
2025-04-26,S1039,PP03,8.0,8.0,0.0
2025-05-03,S1039,PP03,10.0,10.0,0.0
2025-05-10,S1039,PP03,9.0,9.0,0.0
2025-05-17,S1039,PP03,8.0,8.0,0.0
2025-05-24,S1039,PP03,9.0,9.0,0.0
2025-05-31,S1039,PP03,7.0,7.0,0.0
2025-06-07,S1039,PP03,8.0,8.0,0.0
2025-06-14,S1039,PP03,8.0,8.0,0.0
2025-06-21,S1039,PP03,8.0,8.0,0.0
2025-06-28,S1039,PP03,8.0,8.0,0.0
2025-07-05,S1039,PP03,8.0,8.0,0.0
2025-07-12,S1039,PP03,8.0,8.0,0.0
2025-07-19,S1039,PP03,9.0,9.0,0.0
2025-07-26,S1039,PP03,9.0,9.0,0.0
2025-08-02,S1039,PP03,9.0,9.0,0.0
2025-08-09,S1039,PP03,9.0,9.0,0.0
2025-08-16,S1039,PP03,9.0,9.0,0.0
2025-08-23,S1039,PP03,9.0,9.0,0.0
2025-08-30,S1039,PP03,8.0,8.0,0.0
2025-09-06,S1039,PP03,8.0,8.0,0.0
2025-09-13,S1039,PP03,9.0,9.0,0.0
2025-09-20,S1039,PP03,7.0,7.0,0.0
2025-09-27,S1039,PP03,10.0,10.0,0.0
2025-10-04,S1039,PP03,7.0,7.0,0.0
2025-10-11,S1039,PP03,8.0,8.0,0.0
2025-10-18,S1039,PP03,8.0,8.0,0.0
2025-10-25,S1039,PP03,11.0,11.0,0.0
2025-11-01,S1039,PP03,9.0,9.0,0.0
2025-11-08,S1039,PP03,9.0,9.0,0.0
2025-11-15,S1039,PP03,10.0,10.0,0.0
2025-11-22,S1039,PP03,11.0,11.0,0.0
2025-11-29,S1039,PP03,12.0,12.0,0.0
2025-12-06,S1039,PP03,13.0,12.0,1.0
2025-12-13,S1039,PP03,9.0,10.0,0.0
2025-12-20,S1039,PP03,12.0,12.0,0.0
2025-12-27,S1039,PP03,10.0,10.0,0.0
2026-01-03,S1039,PP03,9.0,9.0,0.0
2026-01-10,S1039,PP03,8.0,8.0,0.0
2026-01-17,S1039,PP03,7.0,7.0,0.0
2026-01-24,S1039,PP03,8.0,8.0,0.0
2026-01-31,S1039,PP03,7.0,7.0,0.0
2026-02-07,S1039,PP03,8.0,8.0,0.0
2026-02-14,S1039,PP03,8.0,8.0,0.0
2026-02-21,S1039,PP03,7.0,7.0,0.0
2026-02-28,S1039,PP03,8.0,8.0,0.0
2026-03-07,S1039,PP03,10.0,10.0,0.0
2026-03-14,S1039,PP03,9.0,9.0,0.0
2026-03-21,S1039,PP03,10.0,10.0,0.0
2026-03-28,S1039,PP03,8.0,8.0,0.0
2026-04-04,S1039,PP03,9.0,9.0,0.0
2026-04-11,S1039,PP03,8.0,8.0,0.0
2026-04-18,S1039,PP03,9.0,9.0,0.0
2026-04-25,S1039,PP03,9.0,9.0,0.0
2026-05-02,S1039,PP03,10.0,10.0,0.0
2026-05-09,S1039,PP03,10.0,10.0,0.0
2026-05-16,S1039,PP03,9.0,9.0,0.0
2026-05-23,S1039,PP03,10.0,10.0,0.0
2026-05-30,S1039,PP03,11.0,11.0,0.0
2026-06-06,S1039,PP03,8.0,8.0,0.0
2026-06-13,S1039,PP03,7.0,7.0,0.0
2026-06-20,S1039,PP03,9.0,9.0,0.0
2026-06-27,S1039,PP03,9.0,9.0,0.0
2026-07-04,S1039,PP03,9.0,9.0,0.0
2026-07-11,S1039,PP03,9.0,9.0,0.0
2026-07-18,S1039,PP03,9.0,9.0,0.0
2026-07-25,S1039,PP03,9.0,9.0,0.0
2022-08-06,S1040,PP03,13.0,13.0,0.0
2022-08-13,S1040,PP03,16.0,16.0,0.0
2022-08-20,S1040,PP03,13.0,13.0,0.0
2022-08-27,S1040,PP03,12.0,12.0,0.0
2022-09-03,S1040,PP03,11.0,11.0,0.0
2022-09-10,S1040,PP03,13.0,13.0,0.0
2022-09-17,S1040,PP03,11.0,11.0,0.0
2022-09-24,S1040,PP03,11.0,11.0,0.0
2022-10-01,S1040,PP03,14.0,14.0,0.0
2022-10-08,S1040,PP03,14.0,14.0,0.0
2022-10-15,S1040,PP03,13.0,13.0,0.0
2022-10-22,S1040,PP03,14.0,14.0,0.0
2022-10-29,S1040,PP03,14.0,14.0,0.0
2022-11-05,S1040,PP03,16.0,16.0,0.0
2022-11-12,S1040,PP03,16.0,16.0,0.0
2022-11-19,S1040,PP03,13.0,13.0,0.0
2022-11-26,S1040,PP03,17.0,17.0,0.0
2022-12-03,S1040,PP03,20.0,20.0,0.0
2022-12-10,S1040,PP03,20.0,20.0,0.0
2022-12-17,S1040,PP03,19.0,19.0,0.0
2022-12-24,S1040,PP03,18.0,18.0,0.0
2022-12-31,S1040,PP03,14.0,14.0,0.0
2023-01-07,S1040,PP03,14.0,14.0,0.0
2023-01-14,S1040,PP03,11.0,11.0,0.0
2023-01-21,S1040,PP03,11.0,11.0,0.0
2023-01-28,S1040,PP03,11.0,11.0,0.0
2023-02-04,S1040,PP03,9.0,9.0,0.0
2023-02-11,S1040,PP03,12.0,12.0,0.0
2023-02-18,S1040,PP03,11.0,11.0,0.0
2023-02-25,S1040,PP03,13.0,13.0,0.0
2023-03-04,S1040,PP03,13.0,13.0,0.0
2023-03-11,S1040,PP03,14.0,14.0,0.0
2023-03-18,S1040,PP03,15.0,15.0,0.0
2023-03-25,S1040,PP03,13.0,13.0,0.0
2023-04-01,S1040,PP03,16.0,16.0,0.0
2023-04-08,S1040,PP03,13.0,13.0,0.0
2023-04-15,S1040,PP03,12.0,12.0,0.0
2023-04-22,S1040,PP03,13.0,13.0,0.0
2023-04-29,S1040,PP03,13.0,13.0,0.0
2023-05-06,S1040,PP03,14.0,14.0,0.0
2023-05-13,S1040,PP03,12.0,12.0,0.0
2023-05-20,S1040,PP03,13.0,13.0,0.0
2023-05-27,S1040,PP03,13.0,13.0,0.0
2023-06-03,S1040,PP03,13.0,13.0,0.0
2023-06-10,S1040,PP03,14.0,14.0,0.0
2023-06-17,S1040,PP03,14.0,14.0,0.0
2023-06-24,S1040,PP03,15.0,15.0,0.0
2023-07-01,S1040,PP03,13.0,13.0,0.0
2023-07-08,S1040,PP03,15.0,15.0,0.0
2023-07-15,S1040,PP03,12.0,12.0,0.0
2023-07-22,S1040,PP03,12.0,12.0,0.0
2023-07-29,S1040,PP03,12.0,12.0,0.0
2023-08-05,S1040,PP03,14.0,14.0,0.0
2023-08-12,S1040,PP03,16.0,16.0,0.0
2023-08-19,S1040,PP03,13.0,13.0,0.0
2023-08-26,S1040,PP03,13.0,13.0,0.0
2023-09-02,S1040,PP03,13.0,13.0,0.0
2023-09-09,S1040,PP03,14.0,14.0,0.0
2023-09-16,S1040,PP03,12.0,12.0,0.0
2023-09-23,S1040,PP03,12.0,12.0,0.0
2023-09-30,S1040,PP03,11.0,11.0,0.0
2023-10-07,S1040,PP03,12.0,12.0,0.0
2023-10-14,S1040,PP03,14.0,14.0,0.0
2023-10-21,S1040,PP03,14.0,14.0,0.0
2023-10-28,S1040,PP03,13.0,13.0,0.0
2023-11-04,S1040,PP03,17.0,17.0,0.0
2023-11-11,S1040,PP03,15.0,15.0,0.0
2023-11-18,S1040,PP03,19.0,19.0,0.0
2023-11-25,S1040,PP03,21.0,21.0,0.0
2023-12-02,S1040,PP03,20.0,20.0,0.0
2023-12-09,S1040,PP03,18.0,18.0,0.0
2023-12-16,S1040,PP03,25.0,21.0,4.0
2023-12-23,S1040,PP03,18.0,21.0,1.0
2023-12-30,S1040,PP03,14.0,15.0,0.0
2024-01-06,S1040,PP03,14.0,14.0,0.0
2024-01-13,S1040,PP03,11.0,11.0,0.0
2024-01-20,S1040,PP03,12.0,12.0,0.0
2024-01-27,S1040,PP03,10.0,10.0,0.0
2024-02-03,S1040,PP03,12.0,12.0,0.0
2024-02-10,S1040,PP03,11.0,11.0,0.0
2024-02-17,S1040,PP03,13.0,13.0,0.0
2024-02-24,S1040,PP03,13.0,13.0,0.0
2024-03-02,S1040,PP03,13.0,13.0,0.0
2024-03-09,S1040,PP03,13.0,13.0,0.0
2024-03-16,S1040,PP03,13.0,13.0,0.0
2024-03-23,S1040,PP03,12.0,12.0,0.0
2024-03-30,S1040,PP03,14.0,14.0,0.0
2024-04-06,S1040,PP03,15.0,15.0,0.0
2024-04-13,S1040,PP03,12.0,12.0,0.0
2024-04-20,S1040,PP03,14.0,14.0,0.0
2024-04-27,S1040,PP03,14.0,14.0,0.0
2024-05-04,S1040,PP03,14.0,14.0,0.0
2024-05-11,S1040,PP03,12.0,12.0,0.0
2024-05-18,S1040,PP03,13.0,13.0,0.0
2024-05-25,S1040,PP03,13.0,13.0,0.0
2024-06-01,S1040,PP03,11.0,11.0,0.0
2024-06-08,S1040,PP03,16.0,16.0,0.0
2024-06-15,S1040,PP03,14.0,14.0,0.0
2024-06-22,S1040,PP03,14.0,14.0,0.0
2024-06-29,S1040,PP03,11.0,11.0,0.0
2024-07-06,S1040,PP03,11.0,11.0,0.0
2024-07-13,S1040,PP03,13.0,13.0,0.0
2024-07-20,S1040,PP03,17.0,17.0,0.0
2024-07-27,S1040,PP03,13.0,13.0,0.0
2024-08-03,S1040,PP03,15.0,15.0,0.0
2024-08-10,S1040,PP03,14.0,14.0,0.0
2024-08-17,S1040,PP03,14.0,14.0,0.0
2024-08-24,S1040,PP03,15.0,15.0,0.0
2024-08-31,S1040,PP03,13.0,13.0,0.0
2024-09-07,S1040,PP03,12.0,12.0,0.0
2024-09-14,S1040,PP03,15.0,15.0,0.0
2024-09-21,S1040,PP03,13.0,13.0,0.0
2024-09-28,S1040,PP03,14.0,14.0,0.0
2024-10-05,S1040,PP03,12.0,12.0,0.0
2024-10-12,S1040,PP03,15.0,15.0,0.0
2024-10-19,S1040,PP03,14.0,14.0,0.0
2024-10-26,S1040,PP03,15.0,15.0,0.0
2024-11-02,S1040,PP03,15.0,15.0,0.0
2024-11-09,S1040,PP03,15.0,15.0,0.0
2024-11-16,S1040,PP03,17.0,17.0,0.0
2024-11-23,S1040,PP03,17.0,17.0,0.0
2024-11-30,S1040,PP03,21.0,21.0,0.0
2024-12-07,S1040,PP03,20.0,20.0,0.0
2024-12-14,S1040,PP03,18.0,18.0,0.0
2024-12-21,S1040,PP03,16.0,16.0,0.0
2024-12-28,S1040,PP03,13.0,13.0,0.0
2025-01-04,S1040,PP03,14.0,14.0,0.0
2025-01-11,S1040,PP03,10.0,10.0,0.0
2025-01-18,S1040,PP03,11.0,11.0,0.0
2025-01-25,S1040,PP03,12.0,12.0,0.0
2025-02-01,S1040,PP03,12.0,12.0,0.0
2025-02-08,S1040,PP03,13.0,13.0,0.0
2025-02-15,S1040,PP03,13.0,13.0,0.0
2025-02-22,S1040,PP03,10.0,10.0,0.0
2025-03-01,S1040,PP03,13.0,13.0,0.0
2025-03-08,S1040,PP03,14.0,14.0,0.0
2025-03-15,S1040,PP03,16.0,16.0,0.0
2025-03-22,S1040,PP03,16.0,16.0,0.0
2025-03-29,S1040,PP03,12.0,12.0,0.0
2025-04-05,S1040,PP03,13.0,13.0,0.0
2025-04-12,S1040,PP03,12.0,12.0,0.0
2025-04-19,S1040,PP03,17.0,17.0,0.0
2025-04-26,S1040,PP03,16.0,16.0,0.0
2025-05-03,S1040,PP03,15.0,15.0,0.0
2025-05-10,S1040,PP03,15.0,15.0,0.0
2025-05-17,S1040,PP03,17.0,17.0,0.0
2025-05-24,S1040,PP03,17.0,17.0,0.0
2025-05-31,S1040,PP03,16.0,16.0,0.0
2025-06-07,S1040,PP03,15.0,15.0,0.0
2025-06-14,S1040,PP03,14.0,14.0,0.0
2025-06-21,S1040,PP03,15.0,15.0,0.0
2025-06-28,S1040,PP03,16.0,16.0,0.0
2025-07-05,S1040,PP03,14.0,14.0,0.0
2025-07-12,S1040,PP03,14.0,14.0,0.0
2025-07-19,S1040,PP03,17.0,17.0,0.0
2025-07-26,S1040,PP03,18.0,18.0,0.0
2025-08-02,S1040,PP03,14.0,14.0,0.0
2025-08-09,S1040,PP03,15.0,15.0,0.0
2025-08-16,S1040,PP03,16.0,16.0,0.0
2025-08-23,S1040,PP03,15.0,15.0,0.0
2025-08-30,S1040,PP03,14.0,14.0,0.0
2025-09-06,S1040,PP03,17.0,17.0,0.0
2025-09-13,S1040,PP03,14.0,14.0,0.0
2025-09-20,S1040,PP03,14.0,14.0,0.0
2025-09-27,S1040,PP03,17.0,17.0,0.0
2025-10-04,S1040,PP03,13.0,13.0,0.0
2025-10-11,S1040,PP03,14.0,14.0,0.0
2025-10-18,S1040,PP03,13.0,13.0,0.0
2025-10-25,S1040,PP03,15.0,15.0,0.0
2025-11-01,S1040,PP03,14.0,14.0,0.0
2025-11-08,S1040,PP03,18.0,18.0,0.0
2025-11-15,S1040,PP03,19.0,19.0,0.0
2025-11-22,S1040,PP03,19.0,19.0,0.0
2025-11-29,S1040,PP03,20.0,20.0,0.0
2025-12-06,S1040,PP03,23.0,21.0,2.0
2025-12-13,S1040,PP03,20.0,21.0,1.0
2025-12-20,S1040,PP03,20.0,21.0,0.0
2025-12-27,S1040,PP03,18.0,18.0,0.0
2026-01-03,S1040,PP03,12.0,12.0,0.0
2026-01-10,S1040,PP03,13.0,13.0,0.0
2026-01-17,S1040,PP03,10.0,10.0,0.0
2026-01-24,S1040,PP03,12.0,12.0,0.0
2026-01-31,S1040,PP03,11.0,11.0,0.0
2026-02-07,S1040,PP03,15.0,15.0,0.0
2026-02-14,S1040,PP03,12.0,12.0,0.0
2026-02-21,S1040,PP03,12.0,12.0,0.0
2026-02-28,S1040,PP03,14.0,14.0,0.0
2026-03-07,S1040,PP03,14.0,14.0,0.0
2026-03-14,S1040,PP03,13.0,13.0,0.0
2026-03-21,S1040,PP03,15.0,15.0,0.0
2026-03-28,S1040,PP03,12.0,12.0,0.0
2026-04-04,S1040,PP03,13.0,13.0,0.0
2026-04-11,S1040,PP03,14.0,14.0,0.0
2026-04-18,S1040,PP03,16.0,16.0,0.0
2026-04-25,S1040,PP03,17.0,17.0,0.0
2026-05-02,S1040,PP03,17.0,17.0,0.0
2026-05-09,S1040,PP03,16.0,16.0,0.0
2026-05-16,S1040,PP03,12.0,12.0,0.0
2026-05-23,S1040,PP03,16.0,16.0,0.0
2026-05-30,S1040,PP03,18.0,18.0,0.0
2026-06-06,S1040,PP03,17.0,17.0,0.0
2026-06-13,S1040,PP03,16.0,16.0,0.0
2026-06-20,S1040,PP03,13.0,13.0,0.0
2026-06-27,S1040,PP03,14.0,14.0,0.0
2026-07-04,S1040,PP03,18.0,18.0,0.0
2026-07-11,S1040,PP03,13.0,13.0,0.0
2026-07-18,S1040,PP03,14.0,14.0,0.0
2026-07-25,S1040,PP03,17.0,17.0,0.0
2022-08-06,S1041,PP03,7.0,7.0,0.0
2022-08-13,S1041,PP03,7.0,7.0,0.0
2022-08-20,S1041,PP03,8.0,8.0,0.0
2022-08-27,S1041,PP03,7.0,7.0,0.0
2022-09-03,S1041,PP03,7.0,7.0,0.0
2022-09-10,S1041,PP03,6.0,6.0,0.0
2022-09-17,S1041,PP03,8.0,8.0,0.0
2022-09-24,S1041,PP03,7.0,7.0,0.0
2022-10-01,S1041,PP03,8.0,8.0,0.0
2022-10-08,S1041,PP03,8.0,8.0,0.0
2022-10-15,S1041,PP03,7.0,7.0,0.0
2022-10-22,S1041,PP03,7.0,7.0,0.0
2022-10-29,S1041,PP03,9.0,9.0,0.0
2022-11-05,S1041,PP03,9.0,9.0,0.0
2022-11-12,S1041,PP03,7.0,7.0,0.0
2022-11-19,S1041,PP03,10.0,10.0,0.0
2022-11-26,S1041,PP03,10.0,10.0,0.0
2022-12-03,S1041,PP03,9.0,9.0,0.0
2022-12-10,S1041,PP03,11.0,11.0,0.0
2022-12-17,S1041,PP03,9.0,9.0,0.0
2022-12-24,S1041,PP03,9.0,9.0,0.0
2022-12-31,S1041,PP03,7.0,7.0,0.0
2023-01-07,S1041,PP03,6.0,6.0,0.0
2023-01-14,S1041,PP03,6.0,6.0,0.0
2023-01-21,S1041,PP03,5.0,5.0,0.0
2023-01-28,S1041,PP03,7.0,7.0,0.0
2023-02-04,S1041,PP03,7.0,7.0,0.0
2023-02-11,S1041,PP03,8.0,8.0,0.0
2023-02-18,S1041,PP03,7.0,7.0,0.0
2023-02-25,S1041,PP03,6.0,6.0,0.0
2023-03-04,S1041,PP03,8.0,8.0,0.0
2023-03-11,S1041,PP03,7.0,7.0,0.0
2023-03-18,S1041,PP03,7.0,7.0,0.0
2023-03-25,S1041,PP03,8.0,8.0,0.0
2023-04-01,S1041,PP03,6.0,6.0,0.0
2023-04-08,S1041,PP03,8.0,8.0,0.0
2023-04-15,S1041,PP03,8.0,8.0,0.0
2023-04-22,S1041,PP03,8.0,8.0,0.0
2023-04-29,S1041,PP03,8.0,8.0,0.0
2023-05-06,S1041,PP03,8.0,8.0,0.0
2023-05-13,S1041,PP03,7.0,7.0,0.0
2023-05-20,S1041,PP03,7.0,7.0,0.0
2023-05-27,S1041,PP03,9.0,9.0,0.0
2023-06-03,S1041,PP03,6.0,6.0,0.0
2023-06-10,S1041,PP03,6.0,6.0,0.0
2023-06-17,S1041,PP03,8.0,8.0,0.0
2023-06-24,S1041,PP03,8.0,8.0,0.0
2023-07-01,S1041,PP03,7.0,7.0,0.0
2023-07-08,S1041,PP03,8.0,8.0,0.0
2023-07-15,S1041,PP03,6.0,6.0,0.0
2023-07-22,S1041,PP03,7.0,7.0,0.0
2023-07-29,S1041,PP03,6.0,6.0,0.0
2023-08-05,S1041,PP03,8.0,8.0,0.0
2023-08-12,S1041,PP03,7.0,7.0,0.0
2023-08-19,S1041,PP03,7.0,7.0,0.0
2023-08-26,S1041,PP03,8.0,8.0,0.0
2023-09-02,S1041,PP03,8.0,8.0,0.0
2023-09-09,S1041,PP03,7.0,7.0,0.0
2023-09-16,S1041,PP03,7.0,7.0,0.0
2023-09-23,S1041,PP03,7.0,7.0,0.0
2023-09-30,S1041,PP03,7.0,7.0,0.0
2023-10-07,S1041,PP03,6.0,6.0,0.0
2023-10-14,S1041,PP03,7.0,7.0,0.0
2023-10-21,S1041,PP03,8.0,8.0,0.0
2023-10-28,S1041,PP03,8.0,8.0,0.0
2023-11-04,S1041,PP03,8.0,8.0,0.0
2023-11-11,S1041,PP03,7.0,7.0,0.0
2023-11-18,S1041,PP03,10.0,10.0,0.0
2023-11-25,S1041,PP03,10.0,10.0,0.0
2023-12-02,S1041,PP03,10.0,10.0,0.0
2023-12-09,S1041,PP03,11.0,11.0,0.0
2023-12-16,S1041,PP03,10.0,10.0,0.0
2023-12-23,S1041,PP03,10.0,10.0,0.0
2023-12-30,S1041,PP03,7.0,7.0,0.0
2024-01-06,S1041,PP03,6.0,6.0,0.0
2024-01-13,S1041,PP03,5.0,5.0,0.0
2024-01-20,S1041,PP03,7.0,7.0,0.0
2024-01-27,S1041,PP03,7.0,7.0,0.0
2024-02-03,S1041,PP03,5.0,5.0,0.0
2024-02-10,S1041,PP03,8.0,8.0,0.0
2024-02-17,S1041,PP03,8.0,8.0,0.0
2024-02-24,S1041,PP03,6.0,6.0,0.0
2024-03-02,S1041,PP03,5.0,5.0,0.0
2024-03-09,S1041,PP03,7.0,7.0,0.0
2024-03-16,S1041,PP03,8.0,8.0,0.0
2024-03-23,S1041,PP03,8.0,8.0,0.0
2024-03-30,S1041,PP03,7.0,7.0,0.0
2024-04-06,S1041,PP03,8.0,8.0,0.0
2024-04-13,S1041,PP03,6.0,6.0,0.0
2024-04-20,S1041,PP03,7.0,7.0,0.0
2024-04-27,S1041,PP03,7.0,7.0,0.0
2024-05-04,S1041,PP03,9.0,9.0,0.0
2024-05-11,S1041,PP03,9.0,9.0,0.0
2024-05-18,S1041,PP03,9.0,9.0,0.0
2024-05-25,S1041,PP03,7.0,7.0,0.0
2024-06-01,S1041,PP03,8.0,8.0,0.0
2024-06-08,S1041,PP03,8.0,8.0,0.0
2024-06-15,S1041,PP03,6.0,6.0,0.0
2024-06-22,S1041,PP03,6.0,6.0,0.0
2024-06-29,S1041,PP03,8.0,8.0,0.0
2024-07-06,S1041,PP03,7.0,7.0,0.0
2024-07-13,S1041,PP03,6.0,6.0,0.0
2024-07-20,S1041,PP03,7.0,7.0,0.0
2024-07-27,S1041,PP03,8.0,8.0,0.0
2024-08-03,S1041,PP03,8.0,8.0,0.0
2024-08-10,S1041,PP03,7.0,7.0,0.0
2024-08-17,S1041,PP03,9.0,9.0,0.0
2024-08-24,S1041,PP03,8.0,8.0,0.0
2024-08-31,S1041,PP03,7.0,7.0,0.0
2024-09-07,S1041,PP03,7.0,7.0,0.0
2024-09-14,S1041,PP03,7.0,7.0,0.0
2024-09-21,S1041,PP03,6.0,6.0,0.0
2024-09-28,S1041,PP03,7.0,7.0,0.0
2024-10-05,S1041,PP03,6.0,6.0,0.0
2024-10-12,S1041,PP03,7.0,7.0,0.0
2024-10-19,S1041,PP03,7.0,7.0,0.0
2024-10-26,S1041,PP03,7.0,7.0,0.0
2024-11-02,S1041,PP03,10.0,10.0,0.0
2024-11-09,S1041,PP03,9.0,9.0,0.0
2024-11-16,S1041,PP03,9.0,9.0,0.0
2024-11-23,S1041,PP03,8.0,8.0,0.0
2024-11-30,S1041,PP03,10.0,10.0,0.0
2024-12-07,S1041,PP03,12.0,12.0,0.0
2024-12-14,S1041,PP03,12.0,12.0,0.0
2024-12-21,S1041,PP03,8.0,8.0,0.0
2024-12-28,S1041,PP03,9.0,9.0,0.0
2025-01-04,S1041,PP03,8.0,8.0,0.0
2025-01-11,S1041,PP03,7.0,7.0,0.0
2025-01-18,S1041,PP03,6.0,6.0,0.0
2025-01-25,S1041,PP03,5.0,5.0,0.0
2025-02-01,S1041,PP03,6.0,6.0,0.0
2025-02-08,S1041,PP03,6.0,6.0,0.0
2025-02-15,S1041,PP03,7.0,7.0,0.0
2025-02-22,S1041,PP03,5.0,5.0,0.0
2025-03-01,S1041,PP03,7.0,7.0,0.0
2025-03-08,S1041,PP03,8.0,8.0,0.0
2025-03-15,S1041,PP03,7.0,7.0,0.0
2025-03-22,S1041,PP03,8.0,8.0,0.0
2025-03-29,S1041,PP03,6.0,6.0,0.0
2025-04-05,S1041,PP03,6.0,6.0,0.0
2025-04-12,S1041,PP03,9.0,9.0,0.0
2025-04-19,S1041,PP03,8.0,8.0,0.0
2025-04-26,S1041,PP03,8.0,8.0,0.0
2025-05-03,S1041,PP03,7.0,7.0,0.0
2025-05-10,S1041,PP03,8.0,8.0,0.0
2025-05-17,S1041,PP03,7.0,7.0,0.0
2025-05-24,S1041,PP03,9.0,9.0,0.0
2025-05-31,S1041,PP03,10.0,10.0,0.0
2025-06-07,S1041,PP03,8.0,8.0,0.0
2025-06-14,S1041,PP03,7.0,7.0,0.0
2025-06-21,S1041,PP03,6.0,6.0,0.0
2025-06-28,S1041,PP03,7.0,7.0,0.0
2025-07-05,S1041,PP03,9.0,9.0,0.0
2025-07-12,S1041,PP03,7.0,7.0,0.0
2025-07-19,S1041,PP03,8.0,8.0,0.0
2025-07-26,S1041,PP03,9.0,9.0,0.0
2025-08-02,S1041,PP03,10.0,10.0,0.0
2025-08-09,S1041,PP03,8.0,8.0,0.0
2025-08-16,S1041,PP03,8.0,8.0,0.0
2025-08-23,S1041,PP03,8.0,8.0,0.0
2025-08-30,S1041,PP03,7.0,7.0,0.0
2025-09-06,S1041,PP03,7.0,7.0,0.0
2025-09-13,S1041,PP03,8.0,8.0,0.0
2025-09-20,S1041,PP03,8.0,8.0,0.0
2025-09-27,S1041,PP03,9.0,9.0,0.0
2025-10-04,S1041,PP03,8.0,8.0,0.0
2025-10-11,S1041,PP03,9.0,9.0,0.0
2025-10-18,S1041,PP03,7.0,7.0,0.0
2025-10-25,S1041,PP03,9.0,9.0,0.0
2025-11-01,S1041,PP03,8.0,8.0,0.0
2025-11-08,S1041,PP03,10.0,10.0,0.0
2025-11-15,S1041,PP03,10.0,10.0,0.0
2025-11-22,S1041,PP03,11.0,11.0,0.0
2025-11-29,S1041,PP03,14.0,12.0,2.0
2025-12-06,S1041,PP03,14.0,12.0,4.0
2025-12-13,S1041,PP03,14.0,12.0,6.0
2025-12-20,S1041,PP03,12.0,12.0,6.0
2025-12-27,S1041,PP03,11.0,12.0,5.0
2026-01-03,S1041,PP03,7.0,12.0,0.0
2026-01-10,S1041,PP03,7.0,7.0,0.0
2026-01-17,S1041,PP03,6.0,6.0,0.0
2026-01-24,S1041,PP03,6.0,6.0,0.0
2026-01-31,S1041,PP03,7.0,7.0,0.0
2026-02-07,S1041,PP03,8.0,8.0,0.0
2026-02-14,S1041,PP03,7.0,7.0,0.0
2026-02-21,S1041,PP03,7.0,7.0,0.0
2026-02-28,S1041,PP03,8.0,8.0,0.0
2026-03-07,S1041,PP03,8.0,8.0,0.0
2026-03-14,S1041,PP03,9.0,9.0,0.0
2026-03-21,S1041,PP03,11.0,11.0,0.0
2026-03-28,S1041,PP03,8.0,8.0,0.0
2026-04-04,S1041,PP03,7.0,7.0,0.0
2026-04-11,S1041,PP03,7.0,7.0,0.0
2026-04-18,S1041,PP03,8.0,8.0,0.0
2026-04-25,S1041,PP03,8.0,8.0,0.0
2026-05-02,S1041,PP03,9.0,9.0,0.0
2026-05-09,S1041,PP03,9.0,9.0,0.0
2026-05-16,S1041,PP03,8.0,8.0,0.0
2026-05-23,S1041,PP03,10.0,10.0,0.0
2026-05-30,S1041,PP03,8.0,8.0,0.0
2026-06-06,S1041,PP03,8.0,8.0,0.0
2026-06-13,S1041,PP03,9.0,9.0,0.0
2026-06-20,S1041,PP03,9.0,9.0,0.0
2026-06-27,S1041,PP03,9.0,9.0,0.0
2026-07-04,S1041,PP03,9.0,9.0,0.0
2026-07-11,S1041,PP03,9.0,9.0,0.0
2026-07-18,S1041,PP03,8.0,8.0,0.0
2026-07-25,S1041,PP03,9.0,9.0,0.0
2022-08-06,S1042,PP03,24.0,24.0,0.0
2022-08-13,S1042,PP03,26.0,26.0,0.0
2022-08-20,S1042,PP03,19.0,19.0,0.0
2022-08-27,S1042,PP03,20.0,20.0,0.0
2022-09-03,S1042,PP03,23.0,23.0,0.0
2022-09-10,S1042,PP03,16.0,16.0,0.0
2022-09-17,S1042,PP03,22.0,22.0,0.0
2022-09-24,S1042,PP03,23.0,23.0,0.0
2022-10-01,S1042,PP03,20.0,20.0,0.0
2022-10-08,S1042,PP03,20.0,20.0,0.0
2022-10-15,S1042,PP03,19.0,19.0,0.0
2022-10-22,S1042,PP03,21.0,21.0,0.0
2022-10-29,S1042,PP03,22.0,22.0,0.0
2022-11-05,S1042,PP03,23.0,23.0,0.0
2022-11-12,S1042,PP03,24.0,24.0,0.0
2022-11-19,S1042,PP03,27.0,27.0,0.0
2022-11-26,S1042,PP03,29.0,29.0,0.0
2022-12-03,S1042,PP03,38.0,33.0,5.0
2022-12-10,S1042,PP03,33.0,33.0,5.0
2022-12-17,S1042,PP03,33.0,33.0,5.0
2022-12-24,S1042,PP03,26.0,31.0,0.0
2022-12-31,S1042,PP03,22.0,22.0,0.0
2023-01-07,S1042,PP03,17.0,17.0,0.0
2023-01-14,S1042,PP03,15.0,15.0,0.0
2023-01-21,S1042,PP03,16.0,16.0,0.0
2023-01-28,S1042,PP03,19.0,19.0,0.0
2023-02-04,S1042,PP03,21.0,21.0,0.0
2023-02-11,S1042,PP03,17.0,17.0,0.0
2023-02-18,S1042,PP03,19.0,19.0,0.0
2023-02-25,S1042,PP03,18.0,18.0,0.0
2023-03-04,S1042,PP03,21.0,21.0,0.0
2023-03-11,S1042,PP03,24.0,24.0,0.0
2023-03-18,S1042,PP03,21.0,21.0,0.0
2023-03-25,S1042,PP03,22.0,22.0,0.0
2023-04-01,S1042,PP03,25.0,25.0,0.0
2023-04-08,S1042,PP03,23.0,23.0,0.0
2023-04-15,S1042,PP03,20.0,20.0,0.0
2023-04-22,S1042,PP03,23.0,23.0,0.0
2023-04-29,S1042,PP03,21.0,21.0,0.0
2023-05-06,S1042,PP03,24.0,24.0,0.0
2023-05-13,S1042,PP03,24.0,24.0,0.0
2023-05-20,S1042,PP03,20.0,20.0,0.0
2023-05-27,S1042,PP03,23.0,23.0,0.0
2023-06-03,S1042,PP03,22.0,22.0,0.0
2023-06-10,S1042,PP03,23.0,23.0,0.0
2023-06-17,S1042,PP03,24.0,24.0,0.0
2023-06-24,S1042,PP03,23.0,23.0,0.0
2023-07-01,S1042,PP03,21.0,21.0,0.0
2023-07-08,S1042,PP03,24.0,24.0,0.0
2023-07-15,S1042,PP03,20.0,20.0,0.0
2023-07-22,S1042,PP03,20.0,20.0,0.0
2023-07-29,S1042,PP03,17.0,17.0,0.0
2023-08-05,S1042,PP03,23.0,23.0,0.0
2023-08-12,S1042,PP03,22.0,22.0,0.0
2023-08-19,S1042,PP03,24.0,24.0,0.0
2023-08-26,S1042,PP03,18.0,18.0,0.0
2023-09-02,S1042,PP03,21.0,21.0,0.0
2023-09-09,S1042,PP03,22.0,22.0,0.0
2023-09-16,S1042,PP03,19.0,19.0,0.0
2023-09-23,S1042,PP03,22.0,22.0,0.0
2023-09-30,S1042,PP03,20.0,20.0,0.0
2023-10-07,S1042,PP03,21.0,21.0,0.0
2023-10-14,S1042,PP03,23.0,23.0,0.0
2023-10-21,S1042,PP03,25.0,25.0,0.0
2023-10-28,S1042,PP03,24.0,24.0,0.0
2023-11-04,S1042,PP03,23.0,23.0,0.0
2023-11-11,S1042,PP03,25.0,25.0,0.0
2023-11-18,S1042,PP03,30.0,30.0,0.0
2023-11-25,S1042,PP03,27.0,27.0,0.0
2023-12-02,S1042,PP03,32.0,32.0,0.0
2023-12-09,S1042,PP03,33.0,33.0,0.0
2023-12-16,S1042,PP03,33.0,33.0,0.0
2023-12-23,S1042,PP03,26.0,26.0,0.0
2023-12-30,S1042,PP03,21.0,21.0,0.0
2024-01-06,S1042,PP03,22.0,22.0,0.0
2024-01-13,S1042,PP03,19.0,19.0,0.0
2024-01-20,S1042,PP03,15.0,15.0,0.0
2024-01-27,S1042,PP03,19.0,19.0,0.0
2024-02-03,S1042,PP03,22.0,22.0,0.0
2024-02-10,S1042,PP03,22.0,22.0,0.0
2024-02-17,S1042,PP03,20.0,20.0,0.0
2024-02-24,S1042,PP03,19.0,19.0,0.0
2024-03-02,S1042,PP03,22.0,22.0,0.0
2024-03-09,S1042,PP03,22.0,22.0,0.0
2024-03-16,S1042,PP03,22.0,22.0,0.0
2024-03-23,S1042,PP03,21.0,21.0,0.0
2024-03-30,S1042,PP03,20.0,20.0,0.0
2024-04-06,S1042,PP03,23.0,23.0,0.0
2024-04-13,S1042,PP03,23.0,23.0,0.0
2024-04-20,S1042,PP03,23.0,23.0,0.0
2024-04-27,S1042,PP03,23.0,23.0,0.0
2024-05-04,S1042,PP03,28.0,28.0,0.0
2024-05-11,S1042,PP03,23.0,23.0,0.0
2024-05-18,S1042,PP03,27.0,27.0,0.0
2024-05-25,S1042,PP03,22.0,22.0,0.0
2024-06-01,S1042,PP03,26.0,26.0,0.0
2024-06-08,S1042,PP03,26.0,26.0,0.0
2024-06-15,S1042,PP03,22.0,22.0,0.0
2024-06-22,S1042,PP03,27.0,27.0,0.0
2024-06-29,S1042,PP03,24.0,24.0,0.0
2024-07-06,S1042,PP03,21.0,21.0,0.0
2024-07-13,S1042,PP03,22.0,22.0,0.0
2024-07-20,S1042,PP03,25.0,25.0,0.0
2024-07-27,S1042,PP03,25.0,25.0,0.0
2024-08-03,S1042,PP03,21.0,21.0,0.0
2024-08-10,S1042,PP03,23.0,23.0,0.0
2024-08-17,S1042,PP03,24.0,24.0,0.0
2024-08-24,S1042,PP03,22.0,22.0,0.0
2024-08-31,S1042,PP03,28.0,28.0,0.0
2024-09-07,S1042,PP03,22.0,22.0,0.0
2024-09-14,S1042,PP03,21.0,21.0,0.0
2024-09-21,S1042,PP03,24.0,24.0,0.0
2024-09-28,S1042,PP03,21.0,21.0,0.0
2024-10-05,S1042,PP03,24.0,24.0,0.0
2024-10-12,S1042,PP03,19.0,19.0,0.0
2024-10-19,S1042,PP03,22.0,22.0,0.0
2024-10-26,S1042,PP03,27.0,27.0,0.0
2024-11-02,S1042,PP03,30.0,30.0,0.0
2024-11-09,S1042,PP03,25.0,25.0,0.0
2024-11-16,S1042,PP03,26.0,26.0,0.0
2024-11-23,S1042,PP03,32.0,32.0,0.0
2024-11-30,S1042,PP03,31.0,31.0,0.0
2024-12-07,S1042,PP03,34.0,33.0,1.0
2024-12-14,S1042,PP03,38.0,33.0,6.0
2024-12-21,S1042,PP03,29.0,33.0,2.0
2024-12-28,S1042,PP03,22.0,24.0,0.0
2025-01-04,S1042,PP03,20.0,20.0,0.0
2025-01-11,S1042,PP03,18.0,18.0,0.0
2025-01-18,S1042,PP03,15.0,15.0,0.0
2025-01-25,S1042,PP03,18.0,18.0,0.0
2025-02-01,S1042,PP03,17.0,17.0,0.0
2025-02-08,S1042,PP03,24.0,24.0,0.0
2025-02-15,S1042,PP03,26.0,26.0,0.0
2025-02-22,S1042,PP03,19.0,19.0,0.0
2025-03-01,S1042,PP03,23.0,23.0,0.0
2025-03-08,S1042,PP03,20.0,20.0,0.0
2025-03-15,S1042,PP03,22.0,22.0,0.0
2025-03-22,S1042,PP03,27.0,27.0,0.0
2025-03-29,S1042,PP03,22.0,22.0,0.0
2025-04-05,S1042,PP03,22.0,22.0,0.0
2025-04-12,S1042,PP03,21.0,21.0,0.0
2025-04-19,S1042,PP03,27.0,27.0,0.0
2025-04-26,S1042,PP03,17.0,17.0,0.0
2025-05-03,S1042,PP03,24.0,24.0,0.0
2025-05-10,S1042,PP03,25.0,25.0,0.0
2025-05-17,S1042,PP03,23.0,23.0,0.0
2025-05-24,S1042,PP03,27.0,27.0,0.0
2025-05-31,S1042,PP03,27.0,27.0,0.0
2025-06-07,S1042,PP03,21.0,21.0,0.0
2025-06-14,S1042,PP03,29.0,29.0,0.0
2025-06-21,S1042,PP03,21.0,21.0,0.0
2025-06-28,S1042,PP03,27.0,27.0,0.0
2025-07-05,S1042,PP03,24.0,24.0,0.0
2025-07-12,S1042,PP03,23.0,23.0,0.0
2025-07-19,S1042,PP03,24.0,24.0,0.0
2025-07-26,S1042,PP03,25.0,25.0,0.0
2025-08-02,S1042,PP03,26.0,26.0,0.0
2025-08-09,S1042,PP03,23.0,23.0,0.0
2025-08-16,S1042,PP03,25.0,25.0,0.0
2025-08-23,S1042,PP03,23.0,23.0,0.0
2025-08-30,S1042,PP03,21.0,21.0,0.0
2025-09-06,S1042,PP03,21.0,21.0,0.0
2025-09-13,S1042,PP03,20.0,20.0,0.0
2025-09-20,S1042,PP03,22.0,22.0,0.0
2025-09-27,S1042,PP03,24.0,24.0,0.0
2025-10-04,S1042,PP03,24.0,24.0,0.0
2025-10-11,S1042,PP03,29.0,29.0,0.0
2025-10-18,S1042,PP03,20.0,20.0,0.0
2025-10-25,S1042,PP03,27.0,27.0,0.0
2025-11-01,S1042,PP03,27.0,27.0,0.0
2025-11-08,S1042,PP03,31.0,31.0,0.0
2025-11-15,S1042,PP03,32.0,32.0,0.0
2025-11-22,S1042,PP03,31.0,31.0,0.0
2025-11-29,S1042,PP03,35.0,33.0,2.0
2025-12-06,S1042,PP03,34.0,33.0,3.0
2025-12-13,S1042,PP03,40.0,33.0,10.0
2025-12-20,S1042,PP03,27.0,33.0,4.0
2025-12-27,S1042,PP03,31.0,33.0,2.0
2026-01-03,S1042,PP03,24.0,26.0,0.0
2026-01-10,S1042,PP03,19.0,19.0,0.0
2026-01-17,S1042,PP03,19.0,19.0,0.0
2026-01-24,S1042,PP03,20.0,20.0,0.0
2026-01-31,S1042,PP03,24.0,24.0,0.0
2026-02-07,S1042,PP03,30.0,30.0,0.0
2026-02-14,S1042,PP03,26.0,26.0,0.0
2026-02-21,S1042,PP03,22.0,22.0,0.0
2026-02-28,S1042,PP03,25.0,25.0,0.0
2026-03-07,S1042,PP03,26.0,26.0,0.0
2026-03-14,S1042,PP03,22.0,22.0,0.0
2026-03-21,S1042,PP03,21.0,21.0,0.0
2026-03-28,S1042,PP03,24.0,24.0,0.0
2026-04-04,S1042,PP03,26.0,26.0,0.0
2026-04-11,S1042,PP03,21.0,21.0,0.0
2026-04-18,S1042,PP03,23.0,23.0,0.0
2026-04-25,S1042,PP03,27.0,27.0,0.0
2026-05-02,S1042,PP03,26.0,26.0,0.0
2026-05-09,S1042,PP03,30.0,30.0,0.0
2026-05-16,S1042,PP03,23.0,23.0,0.0
2026-05-23,S1042,PP03,33.0,33.0,0.0
2026-05-30,S1042,PP03,22.0,22.0,0.0
2026-06-06,S1042,PP03,20.0,20.0,0.0
2026-06-13,S1042,PP03,25.0,25.0,0.0
2026-06-20,S1042,PP03,22.0,22.0,0.0
2026-06-27,S1042,PP03,25.0,25.0,0.0
2026-07-04,S1042,PP03,25.0,25.0,0.0
2026-07-11,S1042,PP03,25.0,25.0,0.0
2026-07-18,S1042,PP03,23.0,23.0,0.0
2026-07-25,S1042,PP03,27.0,27.0,0.0
2022-08-06,S1043,PP03,20.0,20.0,0.0
2022-08-13,S1043,PP03,23.0,23.0,0.0
2022-08-20,S1043,PP03,20.0,20.0,0.0
2022-08-27,S1043,PP03,18.0,18.0,0.0
2022-09-03,S1043,PP03,17.0,17.0,0.0
2022-09-10,S1043,PP03,19.0,19.0,0.0
2022-09-17,S1043,PP03,17.0,17.0,0.0
2022-09-24,S1043,PP03,17.0,17.0,0.0
2022-10-01,S1043,PP03,21.0,21.0,0.0
2022-10-08,S1043,PP03,17.0,17.0,0.0
2022-10-15,S1043,PP03,23.0,23.0,0.0
2022-10-22,S1043,PP03,21.0,21.0,0.0
2022-10-29,S1043,PP03,22.0,22.0,0.0
2022-11-05,S1043,PP03,21.0,21.0,0.0
2022-11-12,S1043,PP03,26.0,26.0,0.0
2022-11-19,S1043,PP03,26.0,26.0,0.0
2022-11-26,S1043,PP03,26.0,26.0,0.0
2022-12-03,S1043,PP03,30.0,30.0,0.0
2022-12-10,S1043,PP03,27.0,27.0,0.0
2022-12-17,S1043,PP03,25.0,25.0,0.0
2022-12-24,S1043,PP03,23.0,23.0,0.0
2022-12-31,S1043,PP03,23.0,23.0,0.0
2023-01-07,S1043,PP03,18.0,18.0,0.0
2023-01-14,S1043,PP03,18.0,18.0,0.0
2023-01-21,S1043,PP03,15.0,15.0,0.0
2023-01-28,S1043,PP03,18.0,18.0,0.0
2023-02-04,S1043,PP03,18.0,18.0,0.0
2023-02-11,S1043,PP03,17.0,17.0,0.0
2023-02-18,S1043,PP03,20.0,20.0,0.0
2023-02-25,S1043,PP03,19.0,19.0,0.0
2023-03-04,S1043,PP03,19.0,19.0,0.0
2023-03-11,S1043,PP03,20.0,20.0,0.0
2023-03-18,S1043,PP03,20.0,20.0,0.0
2023-03-25,S1043,PP03,20.0,20.0,0.0
2023-04-01,S1043,PP03,20.0,20.0,0.0
2023-04-08,S1043,PP03,18.0,18.0,0.0
2023-04-15,S1043,PP03,21.0,21.0,0.0
2023-04-22,S1043,PP03,19.0,19.0,0.0
2023-04-29,S1043,PP03,19.0,19.0,0.0
2023-05-06,S1043,PP03,21.0,21.0,0.0
2023-05-13,S1043,PP03,23.0,23.0,0.0
2023-05-20,S1043,PP03,22.0,22.0,0.0
2023-05-27,S1043,PP03,20.0,20.0,0.0
2023-06-03,S1043,PP03,20.0,20.0,0.0
2023-06-10,S1043,PP03,22.0,22.0,0.0
2023-06-17,S1043,PP03,16.0,16.0,0.0
2023-06-24,S1043,PP03,22.0,22.0,0.0
2023-07-01,S1043,PP03,17.0,17.0,0.0
2023-07-08,S1043,PP03,18.0,18.0,0.0
2023-07-15,S1043,PP03,20.0,20.0,0.0
2023-07-22,S1043,PP03,26.0,26.0,0.0
2023-07-29,S1043,PP03,25.0,25.0,0.0
2023-08-05,S1043,PP03,23.0,23.0,0.0
2023-08-12,S1043,PP03,23.0,23.0,0.0
2023-08-19,S1043,PP03,18.0,18.0,0.0
2023-08-26,S1043,PP03,21.0,21.0,0.0
2023-09-02,S1043,PP03,19.0,19.0,0.0
2023-09-09,S1043,PP03,18.0,18.0,0.0
2023-09-16,S1043,PP03,20.0,20.0,0.0
2023-09-23,S1043,PP03,19.0,19.0,0.0
2023-09-30,S1043,PP03,22.0,22.0,0.0
2023-10-07,S1043,PP03,16.0,16.0,0.0
2023-10-14,S1043,PP03,20.0,20.0,0.0
2023-10-21,S1043,PP03,19.0,19.0,0.0
2023-10-28,S1043,PP03,21.0,21.0,0.0
2023-11-04,S1043,PP03,24.0,24.0,0.0
2023-11-11,S1043,PP03,21.0,21.0,0.0
2023-11-18,S1043,PP03,26.0,26.0,0.0
2023-11-25,S1043,PP03,28.0,28.0,0.0
2023-12-02,S1043,PP03,28.0,28.0,0.0
2023-12-09,S1043,PP03,31.0,30.0,1.0
2023-12-16,S1043,PP03,31.0,30.0,2.0
2023-12-23,S1043,PP03,25.0,27.0,0.0
2023-12-30,S1043,PP03,23.0,23.0,0.0
2024-01-06,S1043,PP03,19.0,19.0,0.0
2024-01-13,S1043,PP03,15.0,15.0,0.0
2024-01-20,S1043,PP03,20.0,20.0,0.0
2024-01-27,S1043,PP03,18.0,18.0,0.0
2024-02-03,S1043,PP03,18.0,18.0,0.0
2024-02-10,S1043,PP03,19.0,19.0,0.0
2024-02-17,S1043,PP03,18.0,18.0,0.0
2024-02-24,S1043,PP03,19.0,19.0,0.0
2024-03-02,S1043,PP03,19.0,19.0,0.0
2024-03-09,S1043,PP03,18.0,18.0,0.0
2024-03-16,S1043,PP03,21.0,21.0,0.0
2024-03-23,S1043,PP03,19.0,19.0,0.0
2024-03-30,S1043,PP03,20.0,20.0,0.0
2024-04-06,S1043,PP03,19.0,19.0,0.0
2024-04-13,S1043,PP03,27.0,27.0,0.0
2024-04-20,S1043,PP03,20.0,20.0,0.0
2024-04-27,S1043,PP03,17.0,17.0,0.0
2024-05-04,S1043,PP03,19.0,19.0,0.0
2024-05-11,S1043,PP03,24.0,24.0,0.0
2024-05-18,S1043,PP03,25.0,25.0,0.0
2024-05-25,S1043,PP03,21.0,21.0,0.0
2024-06-01,S1043,PP03,25.0,25.0,0.0
2024-06-08,S1043,PP03,23.0,23.0,0.0
2024-06-15,S1043,PP03,21.0,21.0,0.0
2024-06-22,S1043,PP03,21.0,21.0,0.0
2024-06-29,S1043,PP03,21.0,21.0,0.0
2024-07-06,S1043,PP03,23.0,23.0,0.0
2024-07-13,S1043,PP03,22.0,22.0,0.0
2024-07-20,S1043,PP03,20.0,20.0,0.0
2024-07-27,S1043,PP03,21.0,21.0,0.0
2024-08-03,S1043,PP03,27.0,27.0,0.0
2024-08-10,S1043,PP03,23.0,23.0,0.0
2024-08-17,S1043,PP03,24.0,24.0,0.0
2024-08-24,S1043,PP03,22.0,22.0,0.0
2024-08-31,S1043,PP03,21.0,21.0,0.0
2024-09-07,S1043,PP03,20.0,20.0,0.0
2024-09-14,S1043,PP03,21.0,21.0,0.0
2024-09-21,S1043,PP03,21.0,21.0,0.0
2024-09-28,S1043,PP03,21.0,21.0,0.0
2024-10-05,S1043,PP03,19.0,19.0,0.0
2024-10-12,S1043,PP03,22.0,22.0,0.0
2024-10-19,S1043,PP03,22.0,22.0,0.0
2024-10-26,S1043,PP03,22.0,22.0,0.0
2024-11-02,S1043,PP03,31.0,30.0,1.0
2024-11-09,S1043,PP03,21.0,22.0,0.0
2024-11-16,S1043,PP03,29.0,29.0,0.0
2024-11-23,S1043,PP03,26.0,26.0,0.0
2024-11-30,S1043,PP03,31.0,30.0,1.0
2024-12-07,S1043,PP03,42.0,30.0,13.0
2024-12-14,S1043,PP03,30.0,30.0,13.0
2024-12-21,S1043,PP03,27.0,30.0,10.0
2024-12-28,S1043,PP03,25.0,30.0,5.0
2025-01-04,S1043,PP03,19.0,24.0,0.0
2025-01-11,S1043,PP03,19.0,19.0,0.0
2025-01-18,S1043,PP03,16.0,16.0,0.0
2025-01-25,S1043,PP03,19.0,19.0,0.0
2025-02-01,S1043,PP03,16.0,16.0,0.0
2025-02-08,S1043,PP03,16.0,16.0,0.0
2025-02-15,S1043,PP03,19.0,19.0,0.0
2025-02-22,S1043,PP03,17.0,17.0,0.0
2025-03-01,S1043,PP03,24.0,24.0,0.0
2025-03-08,S1043,PP03,18.0,18.0,0.0
2025-03-15,S1043,PP03,19.0,19.0,0.0
2025-03-22,S1043,PP03,22.0,22.0,0.0
2025-03-29,S1043,PP03,20.0,20.0,0.0
2025-04-05,S1043,PP03,19.0,19.0,0.0
2025-04-12,S1043,PP03,27.0,27.0,0.0
2025-04-19,S1043,PP03,20.0,20.0,0.0
2025-04-26,S1043,PP03,22.0,22.0,0.0
2025-05-03,S1043,PP03,23.0,23.0,0.0
2025-05-10,S1043,PP03,25.0,25.0,0.0
2025-05-17,S1043,PP03,25.0,25.0,0.0
2025-05-24,S1043,PP03,21.0,21.0,0.0
2025-05-31,S1043,PP03,22.0,22.0,0.0
2025-06-07,S1043,PP03,22.0,22.0,0.0
2025-06-14,S1043,PP03,24.0,24.0,0.0
2025-06-21,S1043,PP03,20.0,20.0,0.0
2025-06-28,S1043,PP03,27.0,27.0,0.0
2025-07-05,S1043,PP03,21.0,21.0,0.0
2025-07-12,S1043,PP03,23.0,23.0,0.0
2025-07-19,S1043,PP03,20.0,20.0,0.0
2025-07-26,S1043,PP03,20.0,20.0,0.0
2025-08-02,S1043,PP03,22.0,22.0,0.0
2025-08-09,S1043,PP03,22.0,22.0,0.0
2025-08-16,S1043,PP03,23.0,23.0,0.0
2025-08-23,S1043,PP03,21.0,21.0,0.0
2025-08-30,S1043,PP03,24.0,24.0,0.0
2025-09-06,S1043,PP03,20.0,20.0,0.0
2025-09-13,S1043,PP03,19.0,19.0,0.0
2025-09-20,S1043,PP03,20.0,20.0,0.0
2025-09-27,S1043,PP03,24.0,24.0,0.0
2025-10-04,S1043,PP03,22.0,22.0,0.0
2025-10-11,S1043,PP03,22.0,22.0,0.0
2025-10-18,S1043,PP03,20.0,20.0,0.0
2025-10-25,S1043,PP03,22.0,22.0,0.0
2025-11-01,S1043,PP03,22.0,22.0,0.0
2025-11-08,S1043,PP03,30.0,30.0,0.0
2025-11-15,S1043,PP03,29.0,29.0,0.0
2025-11-22,S1043,PP03,27.0,27.0,0.0
2025-11-29,S1043,PP03,30.0,30.0,0.0
2025-12-06,S1043,PP03,31.0,30.0,1.0
2025-12-13,S1043,PP03,32.0,30.0,3.0
2025-12-20,S1043,PP03,32.0,30.0,5.0
2025-12-27,S1043,PP03,26.0,30.0,1.0
2026-01-03,S1043,PP03,28.0,29.0,0.0
2026-01-10,S1043,PP03,21.0,21.0,0.0
2026-01-17,S1043,PP03,21.0,21.0,0.0
2026-01-24,S1043,PP03,20.0,20.0,0.0
2026-01-31,S1043,PP03,19.0,19.0,0.0
2026-02-07,S1043,PP03,22.0,22.0,0.0
2026-02-14,S1043,PP03,21.0,21.0,0.0
2026-02-21,S1043,PP03,25.0,25.0,0.0
2026-02-28,S1043,PP03,23.0,23.0,0.0
2026-03-07,S1043,PP03,23.0,23.0,0.0
2026-03-14,S1043,PP03,23.0,23.0,0.0
2026-03-21,S1043,PP03,27.0,27.0,0.0
2026-03-28,S1043,PP03,20.0,20.0,0.0
2026-04-04,S1043,PP03,27.0,27.0,0.0
2026-04-11,S1043,PP03,22.0,22.0,0.0
2026-04-18,S1043,PP03,20.0,20.0,0.0
2026-04-25,S1043,PP03,22.0,22.0,0.0
2026-05-02,S1043,PP03,20.0,20.0,0.0
2026-05-09,S1043,PP03,26.0,26.0,0.0
2026-05-16,S1043,PP03,22.0,22.0,0.0
2026-05-23,S1043,PP03,25.0,25.0,0.0
2026-05-30,S1043,PP03,27.0,27.0,0.0
2026-06-06,S1043,PP03,22.0,22.0,0.0
2026-06-13,S1043,PP03,22.0,22.0,0.0
2026-06-20,S1043,PP03,20.0,20.0,0.0
2026-06-27,S1043,PP03,23.0,23.0,0.0
2026-07-04,S1043,PP03,30.0,30.0,0.0
2026-07-11,S1043,PP03,26.0,26.0,0.0
2026-07-18,S1043,PP03,23.0,23.0,0.0
2026-07-25,S1043,PP03,22.0,22.0,0.0
2022-08-06,S1044,PP03,21.0,21.0,0.0
2022-08-13,S1044,PP03,21.0,21.0,0.0
2022-08-20,S1044,PP03,20.0,20.0,0.0
2022-08-27,S1044,PP03,22.0,22.0,0.0
2022-09-03,S1044,PP03,18.0,18.0,0.0
2022-09-10,S1044,PP03,18.0,18.0,0.0
2022-09-17,S1044,PP03,21.0,21.0,0.0
2022-09-24,S1044,PP03,18.0,18.0,0.0
2022-10-01,S1044,PP03,21.0,21.0,0.0
2022-10-08,S1044,PP03,20.0,20.0,0.0
2022-10-15,S1044,PP03,17.0,17.0,0.0
2022-10-22,S1044,PP03,22.0,22.0,0.0
2022-10-29,S1044,PP03,19.0,19.0,0.0
2022-11-05,S1044,PP03,25.0,25.0,0.0
2022-11-12,S1044,PP03,23.0,23.0,0.0
2022-11-19,S1044,PP03,31.0,30.0,1.0
2022-11-26,S1044,PP03,31.0,30.0,2.0
2022-12-03,S1044,PP03,27.0,29.0,0.0
2022-12-10,S1044,PP03,26.0,26.0,0.0
2022-12-17,S1044,PP03,28.0,28.0,0.0
2022-12-24,S1044,PP03,23.0,23.0,0.0
2022-12-31,S1044,PP03,27.0,27.0,0.0
2023-01-07,S1044,PP03,18.0,18.0,0.0
2023-01-14,S1044,PP03,18.0,18.0,0.0
2023-01-21,S1044,PP03,16.0,16.0,0.0
2023-01-28,S1044,PP03,17.0,17.0,0.0
2023-02-04,S1044,PP03,18.0,18.0,0.0
2023-02-11,S1044,PP03,21.0,21.0,0.0
2023-02-18,S1044,PP03,20.0,20.0,0.0
2023-02-25,S1044,PP03,18.0,18.0,0.0
2023-03-04,S1044,PP03,23.0,23.0,0.0
2023-03-11,S1044,PP03,20.0,20.0,0.0
2023-03-18,S1044,PP03,19.0,19.0,0.0
2023-03-25,S1044,PP03,15.0,15.0,0.0
2023-04-01,S1044,PP03,22.0,22.0,0.0
2023-04-08,S1044,PP03,21.0,21.0,0.0
2023-04-15,S1044,PP03,21.0,21.0,0.0
2023-04-22,S1044,PP03,20.0,20.0,0.0
2023-04-29,S1044,PP03,20.0,20.0,0.0
2023-05-06,S1044,PP03,21.0,21.0,0.0
2023-05-13,S1044,PP03,23.0,23.0,0.0
2023-05-20,S1044,PP03,23.0,23.0,0.0
2023-05-27,S1044,PP03,21.0,21.0,0.0
2023-06-03,S1044,PP03,23.0,23.0,0.0
2023-06-10,S1044,PP03,21.0,21.0,0.0
2023-06-17,S1044,PP03,20.0,20.0,0.0
2023-06-24,S1044,PP03,21.0,21.0,0.0
2023-07-01,S1044,PP03,18.0,18.0,0.0
2023-07-08,S1044,PP03,21.0,21.0,0.0
2023-07-15,S1044,PP03,18.0,18.0,0.0
2023-07-22,S1044,PP03,19.0,19.0,0.0
2023-07-29,S1044,PP03,18.0,18.0,0.0
2023-08-05,S1044,PP03,21.0,21.0,0.0
2023-08-12,S1044,PP03,26.0,26.0,0.0
2023-08-19,S1044,PP03,21.0,21.0,0.0
2023-08-26,S1044,PP03,23.0,23.0,0.0
2023-09-02,S1044,PP03,26.0,26.0,0.0
2023-09-09,S1044,PP03,21.0,21.0,0.0
2023-09-16,S1044,PP03,19.0,19.0,0.0
2023-09-23,S1044,PP03,19.0,19.0,0.0
2023-09-30,S1044,PP03,20.0,20.0,0.0
2023-10-07,S1044,PP03,19.0,19.0,0.0
2023-10-14,S1044,PP03,19.0,19.0,0.0
2023-10-21,S1044,PP03,23.0,23.0,0.0
2023-10-28,S1044,PP03,25.0,25.0,0.0
2023-11-04,S1044,PP03,20.0,20.0,0.0
2023-11-11,S1044,PP03,22.0,22.0,0.0
2023-11-18,S1044,PP03,25.0,25.0,0.0
2023-11-25,S1044,PP03,30.0,30.0,0.0
2023-12-02,S1044,PP03,34.0,30.0,4.0
2023-12-09,S1044,PP03,43.0,30.0,17.0
2023-12-16,S1044,PP03,30.0,30.0,17.0
2023-12-23,S1044,PP03,26.0,30.0,13.0
2023-12-30,S1044,PP03,25.0,30.0,8.0
2024-01-06,S1044,PP03,18.0,26.0,0.0
2024-01-13,S1044,PP03,16.0,16.0,0.0
2024-01-20,S1044,PP03,16.0,16.0,0.0
2024-01-27,S1044,PP03,14.0,14.0,0.0
2024-02-03,S1044,PP03,19.0,19.0,0.0
2024-02-10,S1044,PP03,19.0,19.0,0.0
2024-02-17,S1044,PP03,22.0,22.0,0.0
2024-02-24,S1044,PP03,20.0,20.0,0.0
2024-03-02,S1044,PP03,18.0,18.0,0.0
2024-03-09,S1044,PP03,20.0,20.0,0.0
2024-03-16,S1044,PP03,17.0,17.0,0.0
2024-03-23,S1044,PP03,18.0,18.0,0.0
2024-03-30,S1044,PP03,22.0,22.0,0.0
2024-04-06,S1044,PP03,20.0,20.0,0.0
2024-04-13,S1044,PP03,23.0,23.0,0.0
2024-04-20,S1044,PP03,17.0,17.0,0.0
2024-04-27,S1044,PP03,21.0,21.0,0.0
2024-05-04,S1044,PP03,21.0,21.0,0.0
2024-05-11,S1044,PP03,25.0,25.0,0.0
2024-05-18,S1044,PP03,24.0,24.0,0.0
2024-05-25,S1044,PP03,24.0,24.0,0.0
2024-06-01,S1044,PP03,26.0,26.0,0.0
2024-06-08,S1044,PP03,21.0,21.0,0.0
2024-06-15,S1044,PP03,25.0,25.0,0.0
2024-06-22,S1044,PP03,19.0,19.0,0.0
2024-06-29,S1044,PP03,19.0,19.0,0.0
2024-07-06,S1044,PP03,23.0,23.0,0.0
2024-07-13,S1044,PP03,18.0,18.0,0.0
2024-07-20,S1044,PP03,23.0,23.0,0.0
2024-07-27,S1044,PP03,22.0,22.0,0.0
2024-08-03,S1044,PP03,25.0,25.0,0.0
2024-08-10,S1044,PP03,22.0,22.0,0.0
2024-08-17,S1044,PP03,22.0,22.0,0.0
2024-08-24,S1044,PP03,23.0,23.0,0.0
2024-08-31,S1044,PP03,19.0,19.0,0.0
2024-09-07,S1044,PP03,19.0,19.0,0.0
2024-09-14,S1044,PP03,21.0,21.0,0.0
2024-09-21,S1044,PP03,20.0,20.0,0.0
2024-09-28,S1044,PP03,20.0,20.0,0.0
2024-10-05,S1044,PP03,20.0,20.0,0.0
2024-10-12,S1044,PP03,24.0,24.0,0.0
2024-10-19,S1044,PP03,21.0,21.0,0.0
2024-10-26,S1044,PP03,22.0,22.0,0.0
2024-11-02,S1044,PP03,20.0,20.0,0.0
2024-11-09,S1044,PP03,25.0,25.0,0.0
2024-11-16,S1044,PP03,28.0,28.0,0.0
2024-11-23,S1044,PP03,31.0,30.0,1.0
2024-11-30,S1044,PP03,31.0,30.0,2.0
2024-12-07,S1044,PP03,36.0,30.0,8.0
2024-12-14,S1044,PP03,36.0,30.0,14.0
2024-12-21,S1044,PP03,33.0,30.0,17.0
2024-12-28,S1044,PP03,28.0,30.0,15.0
2025-01-04,S1044,PP03,25.0,30.0,10.0
2025-01-11,S1044,PP03,17.0,27.0,0.0
2025-01-18,S1044,PP03,15.0,15.0,0.0
2025-01-25,S1044,PP03,19.0,19.0,0.0
2025-02-01,S1044,PP03,20.0,20.0,0.0
2025-02-08,S1044,PP03,23.0,23.0,0.0
2025-02-15,S1044,PP03,23.0,23.0,0.0
2025-02-22,S1044,PP03,25.0,25.0,0.0
2025-03-01,S1044,PP03,22.0,22.0,0.0
2025-03-08,S1044,PP03,22.0,22.0,0.0
2025-03-15,S1044,PP03,19.0,19.0,0.0
2025-03-22,S1044,PP03,22.0,22.0,0.0
2025-03-29,S1044,PP03,21.0,21.0,0.0
2025-04-05,S1044,PP03,22.0,22.0,0.0
2025-04-12,S1044,PP03,22.0,22.0,0.0
2025-04-19,S1044,PP03,23.0,23.0,0.0
2025-04-26,S1044,PP03,23.0,23.0,0.0
2025-05-03,S1044,PP03,26.0,26.0,0.0
2025-05-10,S1044,PP03,18.0,18.0,0.0
2025-05-17,S1044,PP03,24.0,24.0,0.0
2025-05-24,S1044,PP03,26.0,26.0,0.0
2025-05-31,S1044,PP03,28.0,28.0,0.0
2025-06-07,S1044,PP03,24.0,24.0,0.0
2025-06-14,S1044,PP03,26.0,26.0,0.0
2025-06-21,S1044,PP03,23.0,23.0,0.0
2025-06-28,S1044,PP03,23.0,23.0,0.0
2025-07-05,S1044,PP03,24.0,24.0,0.0
2025-07-12,S1044,PP03,23.0,23.0,0.0
2025-07-19,S1044,PP03,21.0,21.0,0.0
2025-07-26,S1044,PP03,22.0,22.0,0.0
2025-08-02,S1044,PP03,21.0,21.0,0.0
2025-08-09,S1044,PP03,25.0,25.0,0.0
2025-08-16,S1044,PP03,24.0,24.0,0.0
2025-08-23,S1044,PP03,22.0,22.0,0.0
2025-08-30,S1044,PP03,21.0,21.0,0.0
2025-09-06,S1044,PP03,23.0,23.0,0.0
2025-09-13,S1044,PP03,23.0,23.0,0.0
2025-09-20,S1044,PP03,19.0,19.0,0.0
2025-09-27,S1044,PP03,19.0,19.0,0.0
2025-10-04,S1044,PP03,24.0,24.0,0.0
2025-10-11,S1044,PP03,19.0,19.0,0.0
2025-10-18,S1044,PP03,25.0,25.0,0.0
2025-10-25,S1044,PP03,29.0,29.0,0.0
2025-11-01,S1044,PP03,30.0,30.0,0.0
2025-11-08,S1044,PP03,29.0,29.0,0.0
2025-11-15,S1044,PP03,30.0,30.0,0.0
2025-11-22,S1044,PP03,38.0,30.0,8.0
2025-11-29,S1044,PP03,25.0,30.0,3.0
2025-12-06,S1044,PP03,33.0,30.0,6.0
2025-12-13,S1044,PP03,38.0,30.0,14.0
2025-12-20,S1044,PP03,30.0,30.0,14.0
2025-12-27,S1044,PP03,31.0,30.0,15.0
2026-01-03,S1044,PP03,23.0,30.0,8.0
2026-01-10,S1044,PP03,19.0,27.0,0.0
2026-01-17,S1044,PP03,18.0,18.0,0.0
2026-01-24,S1044,PP03,18.0,18.0,0.0
2026-01-31,S1044,PP03,19.0,19.0,0.0
2026-02-07,S1044,PP03,21.0,21.0,0.0
2026-02-14,S1044,PP03,20.0,20.0,0.0
2026-02-21,S1044,PP03,24.0,24.0,0.0
2026-02-28,S1044,PP03,24.0,24.0,0.0
2026-03-07,S1044,PP03,25.0,25.0,0.0
2026-03-14,S1044,PP03,20.0,20.0,0.0
2026-03-21,S1044,PP03,19.0,19.0,0.0
2026-03-28,S1044,PP03,23.0,23.0,0.0
2026-04-04,S1044,PP03,31.0,30.0,1.0
2026-04-11,S1044,PP03,26.0,27.0,0.0
2026-04-18,S1044,PP03,22.0,22.0,0.0
2026-04-25,S1044,PP03,25.0,25.0,0.0
2026-05-02,S1044,PP03,26.0,26.0,0.0
2026-05-09,S1044,PP03,22.0,22.0,0.0
2026-05-16,S1044,PP03,29.0,29.0,0.0
2026-05-23,S1044,PP03,24.0,24.0,0.0
2026-05-30,S1044,PP03,24.0,24.0,0.0
2026-06-06,S1044,PP03,24.0,24.0,0.0
2026-06-13,S1044,PP03,26.0,26.0,0.0
2026-06-20,S1044,PP03,22.0,22.0,0.0
2026-06-27,S1044,PP03,20.0,20.0,0.0
2026-07-04,S1044,PP03,25.0,25.0,0.0
2026-07-11,S1044,PP03,20.0,20.0,0.0
2026-07-18,S1044,PP03,23.0,23.0,0.0
2026-07-25,S1044,PP03,27.0,27.0,0.0
2023-12-09,S1045,PP03,19.0,19.0,0.0
2023-12-16,S1045,PP03,13.0,13.0,0.0
2023-12-23,S1045,PP03,17.0,17.0,0.0
2023-12-30,S1045,PP03,18.0,18.0,0.0
2024-01-06,S1045,PP03,16.0,16.0,0.0
2024-01-13,S1045,PP03,11.0,11.0,0.0
2024-01-20,S1045,PP03,14.0,14.0,0.0
2024-01-27,S1045,PP03,12.0,12.0,0.0
2024-02-03,S1045,PP03,18.0,18.0,0.0
2024-02-10,S1045,PP03,15.0,15.0,0.0
2024-02-17,S1045,PP03,21.0,21.0,0.0
2024-02-24,S1045,PP03,22.0,22.0,0.0
2024-03-02,S1045,PP03,19.0,19.0,0.0
2024-03-09,S1045,PP03,21.0,21.0,0.0
2024-03-16,S1045,PP03,19.0,19.0,0.0
2024-03-23,S1045,PP03,20.0,20.0,0.0
2024-03-30,S1045,PP03,18.0,18.0,0.0
2024-04-06,S1045,PP03,21.0,21.0,0.0
2024-04-13,S1045,PP03,17.0,17.0,0.0
2024-04-20,S1045,PP03,17.0,17.0,0.0
2024-04-27,S1045,PP03,20.0,20.0,0.0
2024-05-04,S1045,PP03,21.0,21.0,0.0
2024-05-11,S1045,PP03,22.0,22.0,0.0
2024-05-18,S1045,PP03,20.0,20.0,0.0
2024-05-25,S1045,PP03,26.0,26.0,0.0
2024-06-01,S1045,PP03,21.0,21.0,0.0
2024-06-08,S1045,PP03,21.0,21.0,0.0
2024-06-15,S1045,PP03,21.0,21.0,0.0
2024-06-22,S1045,PP03,23.0,23.0,0.0
2024-06-29,S1045,PP03,22.0,22.0,0.0
2024-07-06,S1045,PP03,21.0,21.0,0.0
2024-07-13,S1045,PP03,22.0,22.0,0.0
2024-07-20,S1045,PP03,17.0,17.0,0.0
2024-07-27,S1045,PP03,17.0,17.0,0.0
2024-08-03,S1045,PP03,21.0,21.0,0.0
2024-08-10,S1045,PP03,21.0,21.0,0.0
2024-08-17,S1045,PP03,22.0,22.0,0.0
2024-08-24,S1045,PP03,21.0,21.0,0.0
2024-08-31,S1045,PP03,21.0,21.0,0.0
2024-09-07,S1045,PP03,17.0,17.0,0.0
2024-09-14,S1045,PP03,19.0,19.0,0.0
2024-09-21,S1045,PP03,17.0,17.0,0.0
2024-09-28,S1045,PP03,20.0,20.0,0.0
2024-10-05,S1045,PP03,16.0,16.0,0.0
2024-10-12,S1045,PP03,21.0,21.0,0.0
2024-10-19,S1045,PP03,18.0,18.0,0.0
2024-10-26,S1045,PP03,21.0,21.0,0.0
2024-11-02,S1045,PP03,25.0,25.0,0.0
2024-11-09,S1045,PP03,25.0,25.0,0.0
2024-11-16,S1045,PP03,22.0,22.0,0.0
2024-11-23,S1045,PP03,26.0,26.0,0.0
2024-11-30,S1045,PP03,25.0,25.0,0.0
2024-12-07,S1045,PP03,27.0,27.0,0.0
2024-12-14,S1045,PP03,32.0,30.0,2.0
2024-12-21,S1045,PP03,30.0,30.0,2.0
2024-12-28,S1045,PP03,25.0,27.0,0.0
2025-01-04,S1045,PP03,22.0,22.0,0.0
2025-01-11,S1045,PP03,17.0,17.0,0.0
2025-01-18,S1045,PP03,16.0,16.0,0.0
2025-01-25,S1045,PP03,15.0,15.0,0.0
2025-02-01,S1045,PP03,17.0,17.0,0.0
2025-02-08,S1045,PP03,16.0,16.0,0.0
2025-02-15,S1045,PP03,18.0,18.0,0.0
2025-02-22,S1045,PP03,20.0,20.0,0.0
2025-03-01,S1045,PP03,20.0,20.0,0.0
2025-03-08,S1045,PP03,28.0,28.0,0.0
2025-03-15,S1045,PP03,18.0,18.0,0.0
2025-03-22,S1045,PP03,20.0,20.0,0.0
2025-03-29,S1045,PP03,18.0,18.0,0.0
2025-04-05,S1045,PP03,20.0,20.0,0.0
2025-04-12,S1045,PP03,20.0,20.0,0.0
2025-04-19,S1045,PP03,23.0,23.0,0.0
2025-04-26,S1045,PP03,21.0,21.0,0.0
2025-05-03,S1045,PP03,22.0,22.0,0.0
2025-05-10,S1045,PP03,22.0,22.0,0.0
2025-05-17,S1045,PP03,20.0,20.0,0.0
2025-05-24,S1045,PP03,21.0,21.0,0.0
2025-05-31,S1045,PP03,21.0,21.0,0.0
2025-06-07,S1045,PP03,22.0,22.0,0.0
2025-06-14,S1045,PP03,23.0,23.0,0.0
2025-06-21,S1045,PP03,21.0,21.0,0.0
2025-06-28,S1045,PP03,21.0,21.0,0.0
2025-07-05,S1045,PP03,18.0,18.0,0.0
2025-07-12,S1045,PP03,23.0,23.0,0.0
2025-07-19,S1045,PP03,21.0,21.0,0.0
2025-07-26,S1045,PP03,24.0,24.0,0.0
2025-08-02,S1045,PP03,26.0,26.0,0.0
2025-08-09,S1045,PP03,23.0,23.0,0.0
2025-08-16,S1045,PP03,21.0,21.0,0.0
2025-08-23,S1045,PP03,22.0,22.0,0.0
2025-08-30,S1045,PP03,22.0,22.0,0.0
2025-09-06,S1045,PP03,20.0,20.0,0.0
2025-09-13,S1045,PP03,19.0,19.0,0.0
2025-09-20,S1045,PP03,22.0,22.0,0.0
2025-09-27,S1045,PP03,22.0,22.0,0.0
2025-10-04,S1045,PP03,20.0,20.0,0.0
2025-10-11,S1045,PP03,18.0,18.0,0.0
2025-10-18,S1045,PP03,23.0,23.0,0.0
2025-10-25,S1045,PP03,22.0,22.0,0.0
2025-11-01,S1045,PP03,25.0,25.0,0.0
2025-11-08,S1045,PP03,26.0,26.0,0.0
2025-11-15,S1045,PP03,22.0,22.0,0.0
2025-11-22,S1045,PP03,29.0,29.0,0.0
2025-11-29,S1045,PP03,33.0,30.0,3.0
2025-12-06,S1045,PP03,35.0,30.0,8.0
2025-12-13,S1045,PP03,34.0,30.0,12.0
2025-12-20,S1045,PP03,25.0,30.0,7.0
2025-12-27,S1045,PP03,30.0,30.0,7.0
2026-01-03,S1045,PP03,23.0,30.0,0.0
2026-01-10,S1045,PP03,16.0,16.0,0.0
2026-01-17,S1045,PP03,16.0,16.0,0.0
2026-01-24,S1045,PP03,19.0,19.0,0.0
2026-01-31,S1045,PP03,20.0,20.0,0.0
2026-02-07,S1045,PP03,19.0,19.0,0.0
2026-02-14,S1045,PP03,22.0,22.0,0.0
2026-02-21,S1045,PP03,18.0,18.0,0.0
2026-02-28,S1045,PP03,19.0,19.0,0.0
2026-03-07,S1045,PP03,18.0,18.0,0.0
2026-03-14,S1045,PP03,20.0,20.0,0.0
2026-03-21,S1045,PP03,26.0,26.0,0.0
2026-03-28,S1045,PP03,27.0,27.0,0.0
2026-04-04,S1045,PP03,23.0,23.0,0.0
2026-04-11,S1045,PP03,21.0,21.0,0.0
2026-04-18,S1045,PP03,22.0,22.0,0.0
2026-04-25,S1045,PP03,24.0,24.0,0.0
2026-05-02,S1045,PP03,20.0,20.0,0.0
2026-05-09,S1045,PP03,23.0,23.0,0.0
2026-05-16,S1045,PP03,28.0,28.0,0.0
2026-05-23,S1045,PP03,21.0,21.0,0.0
2026-05-30,S1045,PP03,21.0,21.0,0.0
2026-06-06,S1045,PP03,23.0,23.0,0.0
2026-06-13,S1045,PP03,23.0,23.0,0.0
2026-06-20,S1045,PP03,21.0,21.0,0.0
2026-06-27,S1045,PP03,23.0,23.0,0.0
2026-07-04,S1045,PP03,24.0,24.0,0.0
2026-07-11,S1045,PP03,28.0,28.0,0.0
2026-07-18,S1045,PP03,23.0,23.0,0.0
2026-07-25,S1045,PP03,23.0,23.0,0.0
2022-08-06,S1046,PP03,23.0,23.0,0.0
2022-08-13,S1046,PP03,18.0,18.0,0.0
2022-08-20,S1046,PP03,17.0,17.0,0.0
2022-08-27,S1046,PP03,19.0,19.0,0.0
2022-09-03,S1046,PP03,21.0,21.0,0.0
2022-09-10,S1046,PP03,19.0,19.0,0.0
2022-09-17,S1046,PP03,18.0,18.0,0.0
2022-09-24,S1046,PP03,16.0,16.0,0.0
2022-10-01,S1046,PP03,18.0,18.0,0.0
2022-10-08,S1046,PP03,21.0,21.0,0.0
2022-10-15,S1046,PP03,17.0,17.0,0.0
2022-10-22,S1046,PP03,19.0,19.0,0.0
2022-10-29,S1046,PP03,20.0,20.0,0.0
2022-11-05,S1046,PP03,20.0,20.0,0.0
2022-11-12,S1046,PP03,23.0,23.0,0.0
2022-11-19,S1046,PP03,25.0,25.0,0.0
2022-11-26,S1046,PP03,27.0,27.0,0.0
2022-12-03,S1046,PP03,25.0,25.0,0.0
2022-12-10,S1046,PP03,25.0,25.0,0.0
2022-12-17,S1046,PP03,28.0,27.0,1.0
2022-12-24,S1046,PP03,23.0,24.0,0.0
2022-12-31,S1046,PP03,25.0,25.0,0.0
2023-01-07,S1046,PP03,21.0,21.0,0.0
2023-01-14,S1046,PP03,18.0,18.0,0.0
2023-01-21,S1046,PP03,14.0,14.0,0.0
2023-01-28,S1046,PP03,17.0,17.0,0.0
2023-02-04,S1046,PP03,18.0,18.0,0.0
2023-02-11,S1046,PP03,19.0,19.0,0.0
2023-02-18,S1046,PP03,17.0,17.0,0.0
2023-02-25,S1046,PP03,20.0,20.0,0.0
2023-03-04,S1046,PP03,18.0,18.0,0.0
2023-03-11,S1046,PP03,19.0,19.0,0.0
2023-03-18,S1046,PP03,16.0,16.0,0.0
2023-03-25,S1046,PP03,20.0,20.0,0.0
2023-04-01,S1046,PP03,18.0,18.0,0.0
2023-04-08,S1046,PP03,20.0,20.0,0.0
2023-04-15,S1046,PP03,20.0,20.0,0.0
2023-04-22,S1046,PP03,20.0,20.0,0.0
2023-04-29,S1046,PP03,19.0,19.0,0.0
2023-05-06,S1046,PP03,21.0,21.0,0.0
2023-05-13,S1046,PP03,19.0,19.0,0.0
2023-05-20,S1046,PP03,17.0,17.0,0.0
2023-05-27,S1046,PP03,21.0,21.0,0.0
2023-06-03,S1046,PP03,18.0,18.0,0.0
2023-06-10,S1046,PP03,17.0,17.0,0.0
2023-06-17,S1046,PP03,17.0,17.0,0.0
2023-06-24,S1046,PP03,20.0,20.0,0.0
2023-07-01,S1046,PP03,19.0,19.0,0.0
2023-07-08,S1046,PP03,15.0,15.0,0.0
2023-07-15,S1046,PP03,18.0,18.0,0.0
2023-07-22,S1046,PP03,22.0,22.0,0.0
2023-07-29,S1046,PP03,19.0,19.0,0.0
2023-08-05,S1046,PP03,20.0,20.0,0.0
2023-08-12,S1046,PP03,23.0,23.0,0.0
2023-08-19,S1046,PP03,22.0,22.0,0.0
2023-08-26,S1046,PP03,22.0,22.0,0.0
2023-09-02,S1046,PP03,14.0,14.0,0.0
2023-09-09,S1046,PP03,22.0,22.0,0.0
2023-09-16,S1046,PP03,20.0,20.0,0.0
2023-09-23,S1046,PP03,23.0,23.0,0.0
2023-09-30,S1046,PP03,17.0,17.0,0.0
2023-10-07,S1046,PP03,15.0,15.0,0.0
2023-10-14,S1046,PP03,19.0,19.0,0.0
2023-10-21,S1046,PP03,19.0,19.0,0.0
2023-10-28,S1046,PP03,22.0,22.0,0.0
2023-11-04,S1046,PP03,24.0,24.0,0.0
2023-11-11,S1046,PP03,22.0,22.0,0.0
2023-11-18,S1046,PP03,24.0,24.0,0.0
2023-11-25,S1046,PP03,28.0,27.0,1.0
2023-12-02,S1046,PP03,27.0,27.0,1.0
2023-12-09,S1046,PP03,29.0,27.0,3.0
2023-12-16,S1046,PP03,32.0,27.0,8.0
2023-12-23,S1046,PP03,29.0,27.0,10.0
2023-12-30,S1046,PP03,24.0,27.0,7.0
2024-01-06,S1046,PP03,17.0,24.0,0.0
2024-01-13,S1046,PP03,12.0,12.0,0.0
2024-01-20,S1046,PP03,15.0,15.0,0.0
2024-01-27,S1046,PP03,15.0,15.0,0.0
2024-02-03,S1046,PP03,17.0,17.0,0.0
2024-02-10,S1046,PP03,17.0,17.0,0.0
2024-02-17,S1046,PP03,18.0,18.0,0.0
2024-02-24,S1046,PP03,17.0,17.0,0.0
2024-03-02,S1046,PP03,16.0,16.0,0.0
2024-03-09,S1046,PP03,21.0,21.0,0.0
2024-03-16,S1046,PP03,17.0,17.0,0.0
2024-03-23,S1046,PP03,19.0,19.0,0.0
2024-03-30,S1046,PP03,21.0,21.0,0.0
2024-04-06,S1046,PP03,21.0,21.0,0.0
2024-04-13,S1046,PP03,20.0,20.0,0.0
2024-04-20,S1046,PP03,20.0,20.0,0.0
2024-04-27,S1046,PP03,21.0,21.0,0.0
2024-05-04,S1046,PP03,23.0,23.0,0.0
2024-05-11,S1046,PP03,22.0,22.0,0.0
2024-05-18,S1046,PP03,17.0,17.0,0.0
2024-05-25,S1046,PP03,19.0,19.0,0.0
2024-06-01,S1046,PP03,22.0,22.0,0.0
2024-06-08,S1046,PP03,19.0,19.0,0.0
2024-06-15,S1046,PP03,23.0,23.0,0.0
2024-06-22,S1046,PP03,20.0,20.0,0.0
2024-06-29,S1046,PP03,20.0,20.0,0.0
2024-07-06,S1046,PP03,22.0,22.0,0.0
2024-07-13,S1046,PP03,19.0,19.0,0.0
2024-07-20,S1046,PP03,20.0,20.0,0.0
2024-07-27,S1046,PP03,22.0,22.0,0.0
2024-08-03,S1046,PP03,18.0,18.0,0.0
2024-08-10,S1046,PP03,20.0,20.0,0.0
2024-08-17,S1046,PP03,22.0,22.0,0.0
2024-08-24,S1046,PP03,20.0,20.0,0.0
2024-08-31,S1046,PP03,22.0,22.0,0.0
2024-09-07,S1046,PP03,16.0,16.0,0.0
2024-09-14,S1046,PP03,15.0,15.0,0.0
2024-09-21,S1046,PP03,20.0,20.0,0.0
2024-09-28,S1046,PP03,20.0,20.0,0.0
2024-10-05,S1046,PP03,19.0,19.0,0.0
2024-10-12,S1046,PP03,20.0,20.0,0.0
2024-10-19,S1046,PP03,22.0,22.0,0.0
2024-10-26,S1046,PP03,19.0,19.0,0.0
2024-11-02,S1046,PP03,21.0,21.0,0.0
2024-11-09,S1046,PP03,23.0,23.0,0.0
2024-11-16,S1046,PP03,27.0,27.0,0.0
2024-11-23,S1046,PP03,23.0,23.0,0.0
2024-11-30,S1046,PP03,28.0,27.0,1.0
2024-12-07,S1046,PP03,29.0,27.0,3.0
2024-12-14,S1046,PP03,32.0,27.0,8.0
2024-12-21,S1046,PP03,27.0,27.0,8.0
2024-12-28,S1046,PP03,22.0,27.0,3.0
2025-01-04,S1046,PP03,22.0,25.0,0.0
2025-01-11,S1046,PP03,15.0,15.0,0.0
2025-01-18,S1046,PP03,15.0,15.0,0.0
2025-01-25,S1046,PP03,14.0,14.0,0.0
2025-02-01,S1046,PP03,16.0,16.0,0.0
2025-02-08,S1046,PP03,19.0,19.0,0.0
2025-02-15,S1046,PP03,19.0,19.0,0.0
2025-02-22,S1046,PP03,20.0,20.0,0.0
2025-03-01,S1046,PP03,20.0,20.0,0.0
2025-03-08,S1046,PP03,24.0,24.0,0.0
2025-03-15,S1046,PP03,18.0,18.0,0.0
2025-03-22,S1046,PP03,17.0,17.0,0.0
2025-03-29,S1046,PP03,18.0,18.0,0.0
2025-04-05,S1046,PP03,19.0,19.0,0.0
2025-04-12,S1046,PP03,18.0,18.0,0.0
2025-04-19,S1046,PP03,21.0,21.0,0.0
2025-04-26,S1046,PP03,24.0,24.0,0.0
2025-05-03,S1046,PP03,25.0,25.0,0.0
2025-05-10,S1046,PP03,23.0,23.0,0.0
2025-05-17,S1046,PP03,27.0,27.0,0.0
2025-05-24,S1046,PP03,21.0,21.0,0.0
2025-05-31,S1046,PP03,18.0,18.0,0.0
2025-06-07,S1046,PP03,23.0,23.0,0.0
2025-06-14,S1046,PP03,17.0,17.0,0.0
2025-06-21,S1046,PP03,19.0,19.0,0.0
2025-06-28,S1046,PP03,22.0,22.0,0.0
2025-07-05,S1046,PP03,21.0,21.0,0.0
2025-07-12,S1046,PP03,21.0,21.0,0.0
2025-07-19,S1046,PP03,19.0,19.0,0.0
2025-07-26,S1046,PP03,22.0,22.0,0.0
2025-08-02,S1046,PP03,24.0,24.0,0.0
2025-08-09,S1046,PP03,22.0,22.0,0.0
2025-08-16,S1046,PP03,20.0,20.0,0.0
2025-08-23,S1046,PP03,19.0,19.0,0.0
2025-08-30,S1046,PP03,19.0,19.0,0.0
2025-09-06,S1046,PP03,21.0,21.0,0.0
2025-09-13,S1046,PP03,20.0,20.0,0.0
2025-09-20,S1046,PP03,18.0,18.0,0.0
2025-09-27,S1046,PP03,16.0,16.0,0.0
2025-10-04,S1046,PP03,21.0,21.0,0.0
2025-10-11,S1046,PP03,19.0,19.0,0.0
2025-10-18,S1046,PP03,23.0,23.0,0.0
2025-10-25,S1046,PP03,21.0,21.0,0.0
2025-11-01,S1046,PP03,21.0,21.0,0.0
2025-11-08,S1046,PP03,25.0,25.0,0.0
2025-11-15,S1046,PP03,33.0,27.0,6.0
2025-11-22,S1046,PP03,30.0,27.0,9.0
2025-11-29,S1046,PP03,30.0,27.0,12.0
2025-12-06,S1046,PP03,33.0,27.0,18.0
2025-12-13,S1046,PP03,27.0,27.0,18.0
2025-12-20,S1046,PP03,26.0,27.0,17.0
2025-12-27,S1046,PP03,19.0,27.0,9.0
2026-01-03,S1046,PP03,25.0,27.0,7.0
2026-01-10,S1046,PP03,20.0,27.0,0.0
2026-01-17,S1046,PP03,17.0,17.0,0.0
2026-01-24,S1046,PP03,18.0,18.0,0.0
2026-01-31,S1046,PP03,16.0,16.0,0.0
2026-02-07,S1046,PP03,19.0,19.0,0.0
2026-02-14,S1046,PP03,24.0,24.0,0.0
2026-02-21,S1046,PP03,20.0,20.0,0.0
2026-02-28,S1046,PP03,19.0,19.0,0.0
2026-03-07,S1046,PP03,17.0,17.0,0.0
2026-03-14,S1046,PP03,24.0,24.0,0.0
2026-03-21,S1046,PP03,21.0,21.0,0.0
2026-03-28,S1046,PP03,18.0,18.0,0.0
2026-04-04,S1046,PP03,19.0,19.0,0.0
2026-04-11,S1046,PP03,19.0,19.0,0.0
2026-04-18,S1046,PP03,21.0,21.0,0.0
2026-04-25,S1046,PP03,22.0,22.0,0.0
2026-05-02,S1046,PP03,21.0,21.0,0.0
2026-05-09,S1046,PP03,25.0,25.0,0.0
2026-05-16,S1046,PP03,23.0,23.0,0.0
2026-05-23,S1046,PP03,25.0,25.0,0.0
2026-05-30,S1046,PP03,21.0,21.0,0.0
2026-06-06,S1046,PP03,29.0,27.0,2.0
2026-06-13,S1046,PP03,20.0,22.0,0.0
2026-06-20,S1046,PP03,20.0,20.0,0.0
2026-06-27,S1046,PP03,20.0,20.0,0.0
2026-07-04,S1046,PP03,21.0,21.0,0.0
2026-07-11,S1046,PP03,19.0,19.0,0.0
2026-07-18,S1046,PP03,23.0,23.0,0.0
2026-07-25,S1046,PP03,18.0,18.0,0.0
2022-08-06,S1047,PP03,13.0,13.0,0.0
2022-08-13,S1047,PP03,11.0,11.0,0.0
2022-08-20,S1047,PP03,12.0,12.0,0.0
2022-08-27,S1047,PP03,13.0,13.0,0.0
2022-09-03,S1047,PP03,15.0,15.0,0.0
2022-09-10,S1047,PP03,10.0,10.0,0.0
2022-09-17,S1047,PP03,11.0,11.0,0.0
2022-09-24,S1047,PP03,11.0,11.0,0.0
2022-10-01,S1047,PP03,11.0,11.0,0.0
2022-10-08,S1047,PP03,11.0,11.0,0.0
2022-10-15,S1047,PP03,13.0,13.0,0.0
2022-10-22,S1047,PP03,12.0,12.0,0.0
2022-10-29,S1047,PP03,16.0,16.0,0.0
2022-11-05,S1047,PP03,14.0,14.0,0.0
2022-11-12,S1047,PP03,13.0,13.0,0.0
2022-11-19,S1047,PP03,15.0,15.0,0.0
2022-11-26,S1047,PP03,15.0,15.0,0.0
2022-12-03,S1047,PP03,19.0,18.0,1.0
2022-12-10,S1047,PP03,16.0,17.0,0.0
2022-12-17,S1047,PP03,15.0,15.0,0.0
2022-12-24,S1047,PP03,14.0,14.0,0.0
2022-12-31,S1047,PP03,14.0,14.0,0.0
2023-01-07,S1047,PP03,12.0,12.0,0.0
2023-01-14,S1047,PP03,11.0,11.0,0.0
2023-01-21,S1047,PP03,10.0,10.0,0.0
2023-01-28,S1047,PP03,10.0,10.0,0.0
2023-02-04,S1047,PP03,12.0,12.0,0.0
2023-02-11,S1047,PP03,10.0,10.0,0.0
2023-02-18,S1047,PP03,9.0,9.0,0.0
2023-02-25,S1047,PP03,12.0,12.0,0.0
2023-03-04,S1047,PP03,11.0,11.0,0.0
2023-03-11,S1047,PP03,12.0,12.0,0.0
2023-03-18,S1047,PP03,12.0,12.0,0.0
2023-03-25,S1047,PP03,12.0,12.0,0.0
2023-04-01,S1047,PP03,13.0,13.0,0.0
2023-04-08,S1047,PP03,13.0,13.0,0.0
2023-04-15,S1047,PP03,12.0,12.0,0.0
2023-04-22,S1047,PP03,12.0,12.0,0.0
2023-04-29,S1047,PP03,13.0,13.0,0.0
2023-05-06,S1047,PP03,12.0,12.0,0.0
2023-05-13,S1047,PP03,12.0,12.0,0.0
2023-05-20,S1047,PP03,16.0,16.0,0.0
2023-05-27,S1047,PP03,13.0,13.0,0.0
2023-06-03,S1047,PP03,13.0,13.0,0.0
2023-06-10,S1047,PP03,11.0,11.0,0.0
2023-06-17,S1047,PP03,14.0,14.0,0.0
2023-06-24,S1047,PP03,13.0,13.0,0.0
2023-07-01,S1047,PP03,13.0,13.0,0.0
2023-07-08,S1047,PP03,12.0,12.0,0.0
2023-07-15,S1047,PP03,14.0,14.0,0.0
2023-07-22,S1047,PP03,14.0,14.0,0.0
2023-07-29,S1047,PP03,13.0,13.0,0.0
2023-08-05,S1047,PP03,13.0,13.0,0.0
2023-08-12,S1047,PP03,14.0,14.0,0.0
2023-08-19,S1047,PP03,12.0,12.0,0.0
2023-08-26,S1047,PP03,12.0,12.0,0.0
2023-09-02,S1047,PP03,12.0,12.0,0.0
2023-09-09,S1047,PP03,10.0,10.0,0.0
2023-09-16,S1047,PP03,13.0,13.0,0.0
2023-09-23,S1047,PP03,11.0,11.0,0.0
2023-09-30,S1047,PP03,11.0,11.0,0.0
2023-10-07,S1047,PP03,11.0,11.0,0.0
2023-10-14,S1047,PP03,12.0,12.0,0.0
2023-10-21,S1047,PP03,12.0,12.0,0.0
2023-10-28,S1047,PP03,13.0,13.0,0.0
2023-11-04,S1047,PP03,14.0,14.0,0.0
2023-11-11,S1047,PP03,14.0,14.0,0.0
2023-11-18,S1047,PP03,14.0,14.0,0.0
2023-11-25,S1047,PP03,19.0,18.0,1.0
2023-12-02,S1047,PP03,15.0,16.0,0.0
2023-12-09,S1047,PP03,19.0,18.0,1.0
2023-12-16,S1047,PP03,18.0,18.0,1.0
2023-12-23,S1047,PP03,17.0,18.0,0.0
2023-12-30,S1047,PP03,12.0,12.0,0.0
2024-01-06,S1047,PP03,11.0,11.0,0.0
2024-01-13,S1047,PP03,9.0,9.0,0.0
2024-01-20,S1047,PP03,11.0,11.0,0.0
2024-01-27,S1047,PP03,11.0,11.0,0.0
2024-02-03,S1047,PP03,10.0,10.0,0.0
2024-02-10,S1047,PP03,11.0,11.0,0.0
2024-02-17,S1047,PP03,13.0,13.0,0.0
2024-02-24,S1047,PP03,10.0,10.0,0.0
2024-03-02,S1047,PP03,12.0,12.0,0.0
2024-03-09,S1047,PP03,12.0,12.0,0.0
2024-03-16,S1047,PP03,12.0,12.0,0.0
2024-03-23,S1047,PP03,16.0,16.0,0.0
2024-03-30,S1047,PP03,12.0,12.0,0.0
2024-04-06,S1047,PP03,13.0,13.0,0.0
2024-04-13,S1047,PP03,11.0,11.0,0.0
2024-04-20,S1047,PP03,13.0,13.0,0.0
2024-04-27,S1047,PP03,14.0,14.0,0.0
2024-05-04,S1047,PP03,12.0,12.0,0.0
2024-05-11,S1047,PP03,13.0,13.0,0.0
2024-05-18,S1047,PP03,12.0,12.0,0.0
2024-05-25,S1047,PP03,12.0,12.0,0.0
2024-06-01,S1047,PP03,14.0,14.0,0.0
2024-06-08,S1047,PP03,12.0,12.0,0.0
2024-06-15,S1047,PP03,10.0,10.0,0.0
2024-06-22,S1047,PP03,15.0,15.0,0.0
2024-06-29,S1047,PP03,12.0,12.0,0.0
2024-07-06,S1047,PP03,12.0,12.0,0.0
2024-07-13,S1047,PP03,15.0,15.0,0.0
2024-07-20,S1047,PP03,12.0,12.0,0.0
2024-07-27,S1047,PP03,13.0,13.0,0.0
2024-08-03,S1047,PP03,11.0,11.0,0.0
2024-08-10,S1047,PP03,11.0,11.0,0.0
2024-08-17,S1047,PP03,13.0,13.0,0.0
2024-08-24,S1047,PP03,13.0,13.0,0.0
2024-08-31,S1047,PP03,13.0,13.0,0.0
2024-09-07,S1047,PP03,11.0,11.0,0.0
2024-09-14,S1047,PP03,12.0,12.0,0.0
2024-09-21,S1047,PP03,10.0,10.0,0.0
2024-09-28,S1047,PP03,12.0,12.0,0.0
2024-10-05,S1047,PP03,12.0,12.0,0.0
2024-10-12,S1047,PP03,15.0,15.0,0.0
2024-10-19,S1047,PP03,13.0,13.0,0.0
2024-10-26,S1047,PP03,12.0,12.0,0.0
2024-11-02,S1047,PP03,14.0,14.0,0.0
2024-11-09,S1047,PP03,14.0,14.0,0.0
2024-11-16,S1047,PP03,16.0,16.0,0.0
2024-11-23,S1047,PP03,17.0,17.0,0.0
2024-11-30,S1047,PP03,16.0,16.0,0.0
2024-12-07,S1047,PP03,16.0,16.0,0.0
2024-12-14,S1047,PP03,20.0,18.0,2.0
2024-12-21,S1047,PP03,20.0,18.0,4.0
2024-12-28,S1047,PP03,15.0,18.0,1.0
2025-01-04,S1047,PP03,13.0,14.0,0.0
2025-01-11,S1047,PP03,11.0,11.0,0.0
2025-01-18,S1047,PP03,10.0,10.0,0.0
2025-01-25,S1047,PP03,10.0,10.0,0.0
2025-02-01,S1047,PP03,11.0,11.0,0.0
2025-02-08,S1047,PP03,13.0,13.0,0.0
2025-02-15,S1047,PP03,12.0,12.0,0.0
2025-02-22,S1047,PP03,13.0,13.0,0.0
2025-03-01,S1047,PP03,12.0,12.0,0.0
2025-03-08,S1047,PP03,12.0,12.0,0.0
2025-03-15,S1047,PP03,12.0,12.0,0.0
2025-03-22,S1047,PP03,13.0,13.0,0.0
2025-03-29,S1047,PP03,14.0,14.0,0.0
2025-04-05,S1047,PP03,10.0,10.0,0.0
2025-04-12,S1047,PP03,13.0,13.0,0.0
2025-04-19,S1047,PP03,13.0,13.0,0.0
2025-04-26,S1047,PP03,12.0,12.0,0.0
2025-05-03,S1047,PP03,15.0,15.0,0.0
2025-05-10,S1047,PP03,13.0,13.0,0.0
2025-05-17,S1047,PP03,13.0,13.0,0.0
2025-05-24,S1047,PP03,16.0,16.0,0.0
2025-05-31,S1047,PP03,15.0,15.0,0.0
2025-06-07,S1047,PP03,14.0,14.0,0.0
2025-06-14,S1047,PP03,14.0,14.0,0.0
2025-06-21,S1047,PP03,13.0,13.0,0.0
2025-06-28,S1047,PP03,16.0,16.0,0.0
2025-07-05,S1047,PP03,14.0,14.0,0.0
2025-07-12,S1047,PP03,12.0,12.0,0.0
2025-07-19,S1047,PP03,12.0,12.0,0.0
2025-07-26,S1047,PP03,15.0,15.0,0.0
2025-08-02,S1047,PP03,14.0,14.0,0.0
2025-08-09,S1047,PP03,12.0,12.0,0.0
2025-08-16,S1047,PP03,15.0,15.0,0.0
2025-08-23,S1047,PP03,13.0,13.0,0.0
2025-08-30,S1047,PP03,14.0,14.0,0.0
2025-09-06,S1047,PP03,13.0,13.0,0.0
2025-09-13,S1047,PP03,12.0,12.0,0.0
2025-09-20,S1047,PP03,13.0,13.0,0.0
2025-09-27,S1047,PP03,12.0,12.0,0.0
2025-10-04,S1047,PP03,12.0,12.0,0.0
2025-10-11,S1047,PP03,12.0,12.0,0.0
2025-10-18,S1047,PP03,15.0,15.0,0.0
2025-10-25,S1047,PP03,14.0,14.0,0.0
2025-11-01,S1047,PP03,17.0,17.0,0.0
2025-11-08,S1047,PP03,19.0,18.0,1.0
2025-11-15,S1047,PP03,15.0,16.0,0.0
2025-11-22,S1047,PP03,13.0,13.0,0.0
2025-11-29,S1047,PP03,21.0,18.0,3.0
2025-12-06,S1047,PP03,19.0,18.0,4.0
2025-12-13,S1047,PP03,19.0,18.0,5.0
2025-12-20,S1047,PP03,17.0,18.0,4.0
2025-12-27,S1047,PP03,15.0,18.0,1.0
2026-01-03,S1047,PP03,15.0,16.0,0.0
2026-01-10,S1047,PP03,11.0,11.0,0.0
2026-01-17,S1047,PP03,12.0,12.0,0.0
2026-01-24,S1047,PP03,12.0,12.0,0.0
2026-01-31,S1047,PP03,11.0,11.0,0.0
2026-02-07,S1047,PP03,12.0,12.0,0.0
2026-02-14,S1047,PP03,13.0,13.0,0.0
2026-02-21,S1047,PP03,14.0,14.0,0.0
2026-02-28,S1047,PP03,14.0,14.0,0.0
2026-03-07,S1047,PP03,13.0,13.0,0.0
2026-03-14,S1047,PP03,14.0,14.0,0.0
2026-03-21,S1047,PP03,14.0,14.0,0.0
2026-03-28,S1047,PP03,13.0,13.0,0.0
2026-04-04,S1047,PP03,12.0,12.0,0.0
2026-04-11,S1047,PP03,12.0,12.0,0.0
2026-04-18,S1047,PP03,13.0,13.0,0.0
2026-04-25,S1047,PP03,15.0,15.0,0.0
2026-05-02,S1047,PP03,16.0,16.0,0.0
2026-05-09,S1047,PP03,13.0,13.0,0.0
2026-05-16,S1047,PP03,14.0,14.0,0.0
2026-05-23,S1047,PP03,14.0,14.0,0.0
2026-05-30,S1047,PP03,15.0,15.0,0.0
2026-06-06,S1047,PP03,13.0,13.0,0.0
2026-06-13,S1047,PP03,13.0,13.0,0.0
2026-06-20,S1047,PP03,12.0,12.0,0.0
2026-06-27,S1047,PP03,15.0,15.0,0.0
2026-07-04,S1047,PP03,14.0,14.0,0.0
2026-07-11,S1047,PP03,13.0,13.0,0.0
2026-07-18,S1047,PP03,14.0,14.0,0.0
2026-07-25,S1047,PP03,16.0,16.0,0.0
2022-08-06,S1048,PP03,12.0,12.0,0.0
2022-08-13,S1048,PP03,12.0,12.0,0.0
2022-08-20,S1048,PP03,15.0,15.0,0.0
2022-08-27,S1048,PP03,13.0,13.0,0.0
2022-09-03,S1048,PP03,14.0,14.0,0.0
2022-09-10,S1048,PP03,13.0,13.0,0.0
2022-09-17,S1048,PP03,13.0,13.0,0.0
2022-09-24,S1048,PP03,12.0,12.0,0.0
2022-10-01,S1048,PP03,14.0,14.0,0.0
2022-10-08,S1048,PP03,14.0,14.0,0.0
2022-10-15,S1048,PP03,15.0,15.0,0.0
2022-10-22,S1048,PP03,12.0,12.0,0.0
2022-10-29,S1048,PP03,16.0,16.0,0.0
2022-11-05,S1048,PP03,14.0,14.0,0.0
2022-11-12,S1048,PP03,14.0,14.0,0.0
2022-11-19,S1048,PP03,16.0,16.0,0.0
2022-11-26,S1048,PP03,19.0,19.0,0.0
2022-12-03,S1048,PP03,20.0,20.0,0.0
2022-12-10,S1048,PP03,20.0,20.0,0.0
2022-12-17,S1048,PP03,21.0,20.0,1.0
2022-12-24,S1048,PP03,17.0,18.0,0.0
2022-12-31,S1048,PP03,13.0,13.0,0.0
2023-01-07,S1048,PP03,11.0,11.0,0.0
2023-01-14,S1048,PP03,11.0,11.0,0.0
2023-01-21,S1048,PP03,11.0,11.0,0.0
2023-01-28,S1048,PP03,10.0,10.0,0.0
2023-02-04,S1048,PP03,13.0,13.0,0.0
2023-02-11,S1048,PP03,12.0,12.0,0.0
2023-02-18,S1048,PP03,14.0,14.0,0.0
2023-02-25,S1048,PP03,11.0,11.0,0.0
2023-03-04,S1048,PP03,13.0,13.0,0.0
2023-03-11,S1048,PP03,12.0,12.0,0.0
2023-03-18,S1048,PP03,12.0,12.0,0.0
2023-03-25,S1048,PP03,12.0,12.0,0.0
2023-04-01,S1048,PP03,16.0,16.0,0.0
2023-04-08,S1048,PP03,13.0,13.0,0.0
2023-04-15,S1048,PP03,12.0,12.0,0.0
2023-04-22,S1048,PP03,11.0,11.0,0.0
2023-04-29,S1048,PP03,11.0,11.0,0.0
2023-05-06,S1048,PP03,13.0,13.0,0.0
2023-05-13,S1048,PP03,13.0,13.0,0.0
2023-05-20,S1048,PP03,13.0,13.0,0.0
2023-05-27,S1048,PP03,11.0,11.0,0.0
2023-06-03,S1048,PP03,13.0,13.0,0.0
2023-06-10,S1048,PP03,15.0,15.0,0.0
2023-06-17,S1048,PP03,16.0,16.0,0.0
2023-06-24,S1048,PP03,11.0,11.0,0.0
2023-07-01,S1048,PP03,12.0,12.0,0.0
2023-07-08,S1048,PP03,12.0,12.0,0.0
2023-07-15,S1048,PP03,14.0,14.0,0.0
2023-07-22,S1048,PP03,12.0,12.0,0.0
2023-07-29,S1048,PP03,16.0,16.0,0.0
2023-08-05,S1048,PP03,14.0,14.0,0.0
2023-08-12,S1048,PP03,14.0,14.0,0.0
2023-08-19,S1048,PP03,16.0,16.0,0.0
2023-08-26,S1048,PP03,14.0,14.0,0.0
2023-09-02,S1048,PP03,14.0,14.0,0.0
2023-09-09,S1048,PP03,12.0,12.0,0.0
2023-09-16,S1048,PP03,11.0,11.0,0.0
2023-09-23,S1048,PP03,12.0,12.0,0.0
2023-09-30,S1048,PP03,16.0,16.0,0.0
2023-10-07,S1048,PP03,14.0,14.0,0.0
2023-10-14,S1048,PP03,13.0,13.0,0.0
2023-10-21,S1048,PP03,12.0,12.0,0.0
2023-10-28,S1048,PP03,16.0,16.0,0.0
2023-11-04,S1048,PP03,13.0,13.0,0.0
2023-11-11,S1048,PP03,13.0,13.0,0.0
2023-11-18,S1048,PP03,16.0,16.0,0.0
2023-11-25,S1048,PP03,22.0,20.0,2.0
2023-12-02,S1048,PP03,24.0,20.0,6.0
2023-12-09,S1048,PP03,20.0,20.0,6.0
2023-12-16,S1048,PP03,19.0,20.0,5.0
2023-12-23,S1048,PP03,15.0,20.0,0.0
2023-12-30,S1048,PP03,15.0,15.0,0.0
2024-01-06,S1048,PP03,13.0,13.0,0.0
2024-01-13,S1048,PP03,11.0,11.0,0.0
2024-01-20,S1048,PP03,12.0,12.0,0.0
2024-01-27,S1048,PP03,11.0,11.0,0.0
2024-02-03,S1048,PP03,13.0,13.0,0.0
2024-02-10,S1048,PP03,12.0,12.0,0.0
2024-02-17,S1048,PP03,13.0,13.0,0.0
2024-02-24,S1048,PP03,12.0,12.0,0.0
2024-03-02,S1048,PP03,14.0,14.0,0.0
2024-03-09,S1048,PP03,14.0,14.0,0.0
2024-03-16,S1048,PP03,13.0,13.0,0.0
2024-03-23,S1048,PP03,14.0,14.0,0.0
2024-03-30,S1048,PP03,11.0,11.0,0.0
2024-04-06,S1048,PP03,12.0,12.0,0.0
2024-04-13,S1048,PP03,13.0,13.0,0.0
2024-04-20,S1048,PP03,12.0,12.0,0.0
2024-04-27,S1048,PP03,13.0,13.0,0.0
2024-05-04,S1048,PP03,14.0,14.0,0.0
2024-05-11,S1048,PP03,17.0,17.0,0.0
2024-05-18,S1048,PP03,15.0,15.0,0.0
2024-05-25,S1048,PP03,16.0,16.0,0.0
2024-06-01,S1048,PP03,14.0,14.0,0.0
2024-06-08,S1048,PP03,13.0,13.0,0.0
2024-06-15,S1048,PP03,14.0,14.0,0.0
2024-06-22,S1048,PP03,15.0,15.0,0.0
2024-06-29,S1048,PP03,15.0,15.0,0.0
2024-07-06,S1048,PP03,13.0,13.0,0.0
2024-07-13,S1048,PP03,11.0,11.0,0.0
2024-07-20,S1048,PP03,12.0,12.0,0.0
2024-07-27,S1048,PP03,14.0,14.0,0.0
2024-08-03,S1048,PP03,11.0,11.0,0.0
2024-08-10,S1048,PP03,17.0,17.0,0.0
2024-08-17,S1048,PP03,15.0,15.0,0.0
2024-08-24,S1048,PP03,13.0,13.0,0.0
2024-08-31,S1048,PP03,12.0,12.0,0.0
2024-09-07,S1048,PP03,14.0,14.0,0.0
2024-09-14,S1048,PP03,11.0,11.0,0.0
2024-09-21,S1048,PP03,12.0,12.0,0.0
2024-09-28,S1048,PP03,12.0,12.0,0.0
2024-10-05,S1048,PP03,13.0,13.0,0.0
2024-10-12,S1048,PP03,14.0,14.0,0.0
2024-10-19,S1048,PP03,16.0,16.0,0.0
2024-10-26,S1048,PP03,16.0,16.0,0.0
2024-11-02,S1048,PP03,15.0,15.0,0.0
2024-11-09,S1048,PP03,18.0,18.0,0.0
2024-11-16,S1048,PP03,16.0,16.0,0.0
2024-11-23,S1048,PP03,15.0,15.0,0.0
2024-11-30,S1048,PP03,18.0,18.0,0.0
2024-12-07,S1048,PP03,19.0,19.0,0.0
2024-12-14,S1048,PP03,20.0,20.0,0.0
2024-12-21,S1048,PP03,17.0,17.0,0.0
2024-12-28,S1048,PP03,15.0,15.0,0.0
2025-01-04,S1048,PP03,14.0,14.0,0.0
2025-01-11,S1048,PP03,13.0,13.0,0.0
2025-01-18,S1048,PP03,9.0,9.0,0.0
2025-01-25,S1048,PP03,10.0,10.0,0.0
2025-02-01,S1048,PP03,11.0,11.0,0.0
2025-02-08,S1048,PP03,13.0,13.0,0.0
2025-02-15,S1048,PP03,12.0,12.0,0.0
2025-02-22,S1048,PP03,12.0,12.0,0.0
2025-03-01,S1048,PP03,14.0,14.0,0.0
2025-03-08,S1048,PP03,15.0,15.0,0.0
2025-03-15,S1048,PP03,14.0,14.0,0.0
2025-03-22,S1048,PP03,13.0,13.0,0.0
2025-03-29,S1048,PP03,14.0,14.0,0.0
2025-04-05,S1048,PP03,14.0,14.0,0.0
2025-04-12,S1048,PP03,14.0,14.0,0.0
2025-04-19,S1048,PP03,14.0,14.0,0.0
2025-04-26,S1048,PP03,16.0,16.0,0.0
2025-05-03,S1048,PP03,15.0,15.0,0.0
2025-05-10,S1048,PP03,17.0,17.0,0.0
2025-05-17,S1048,PP03,17.0,17.0,0.0
2025-05-24,S1048,PP03,16.0,16.0,0.0
2025-05-31,S1048,PP03,14.0,14.0,0.0
2025-06-07,S1048,PP03,16.0,16.0,0.0
2025-06-14,S1048,PP03,15.0,15.0,0.0
2025-06-21,S1048,PP03,19.0,19.0,0.0
2025-06-28,S1048,PP03,15.0,15.0,0.0
2025-07-05,S1048,PP03,16.0,16.0,0.0
2025-07-12,S1048,PP03,15.0,15.0,0.0
2025-07-19,S1048,PP03,15.0,15.0,0.0
2025-07-26,S1048,PP03,15.0,15.0,0.0
2025-08-02,S1048,PP03,16.0,16.0,0.0
2025-08-09,S1048,PP03,16.0,16.0,0.0
2025-08-16,S1048,PP03,17.0,17.0,0.0
2025-08-23,S1048,PP03,15.0,15.0,0.0
2025-08-30,S1048,PP03,14.0,14.0,0.0
2025-09-06,S1048,PP03,13.0,13.0,0.0
2025-09-13,S1048,PP03,12.0,12.0,0.0
2025-09-20,S1048,PP03,16.0,16.0,0.0
2025-09-27,S1048,PP03,13.0,13.0,0.0
2025-10-04,S1048,PP03,16.0,16.0,0.0
2025-10-11,S1048,PP03,15.0,15.0,0.0
2025-10-18,S1048,PP03,15.0,15.0,0.0
2025-10-25,S1048,PP03,15.0,15.0,0.0
2025-11-01,S1048,PP03,15.0,15.0,0.0
2025-11-08,S1048,PP03,15.0,15.0,0.0
2025-11-15,S1048,PP03,21.0,20.0,1.0
2025-11-22,S1048,PP03,20.0,20.0,1.0
2025-11-29,S1048,PP03,23.0,20.0,4.0
2025-12-06,S1048,PP03,25.0,20.0,9.0
2025-12-13,S1048,PP03,22.0,20.0,11.0
2025-12-20,S1048,PP03,21.0,20.0,12.0
2025-12-27,S1048,PP03,17.0,20.0,9.0
2026-01-03,S1048,PP03,13.0,20.0,2.0
2026-01-10,S1048,PP03,12.0,14.0,0.0
2026-01-17,S1048,PP03,12.0,12.0,0.0
2026-01-24,S1048,PP03,12.0,12.0,0.0
2026-01-31,S1048,PP03,12.0,12.0,0.0
2026-02-07,S1048,PP03,13.0,13.0,0.0
2026-02-14,S1048,PP03,17.0,17.0,0.0
2026-02-21,S1048,PP03,12.0,12.0,0.0
2026-02-28,S1048,PP03,15.0,15.0,0.0
2026-03-07,S1048,PP03,14.0,14.0,0.0
2026-03-14,S1048,PP03,14.0,14.0,0.0
2026-03-21,S1048,PP03,14.0,14.0,0.0
2026-03-28,S1048,PP03,16.0,16.0,0.0
2026-04-04,S1048,PP03,16.0,16.0,0.0
2026-04-11,S1048,PP03,15.0,15.0,0.0
2026-04-18,S1048,PP03,17.0,17.0,0.0
2026-04-25,S1048,PP03,17.0,17.0,0.0
2026-05-02,S1048,PP03,17.0,17.0,0.0
2026-05-09,S1048,PP03,15.0,15.0,0.0
2026-05-16,S1048,PP03,17.0,17.0,0.0
2026-05-23,S1048,PP03,16.0,16.0,0.0
2026-05-30,S1048,PP03,14.0,14.0,0.0
2026-06-06,S1048,PP03,13.0,13.0,0.0
2026-06-13,S1048,PP03,12.0,12.0,0.0
2026-06-20,S1048,PP03,15.0,15.0,0.0
2026-06-27,S1048,PP03,16.0,16.0,0.0
2026-07-04,S1048,PP03,14.0,14.0,0.0
2026-07-11,S1048,PP03,17.0,17.0,0.0
2026-07-18,S1048,PP03,16.0,16.0,0.0
2026-07-25,S1048,PP03,18.0,18.0,0.0
2022-08-06,S1049,PP03,20.0,20.0,0.0
2022-08-13,S1049,PP03,17.0,17.0,0.0
2022-08-20,S1049,PP03,20.0,20.0,0.0
2022-08-27,S1049,PP03,20.0,20.0,0.0
2022-09-03,S1049,PP03,17.0,17.0,0.0
2022-09-10,S1049,PP03,16.0,16.0,0.0
2022-09-17,S1049,PP03,18.0,18.0,0.0
2022-09-24,S1049,PP03,16.0,16.0,0.0
2022-10-01,S1049,PP03,20.0,20.0,0.0
2022-10-08,S1049,PP03,18.0,18.0,0.0
2022-10-15,S1049,PP03,22.0,22.0,0.0
2022-10-22,S1049,PP03,16.0,16.0,0.0
2022-10-29,S1049,PP03,20.0,20.0,0.0
2022-11-05,S1049,PP03,24.0,24.0,0.0
2022-11-12,S1049,PP03,20.0,20.0,0.0
2022-11-19,S1049,PP03,23.0,23.0,0.0
2022-11-26,S1049,PP03,24.0,24.0,0.0
2022-12-03,S1049,PP03,25.0,25.0,0.0
2022-12-10,S1049,PP03,30.0,27.0,3.0
2022-12-17,S1049,PP03,24.0,27.0,0.0
2022-12-24,S1049,PP03,23.0,23.0,0.0
2022-12-31,S1049,PP03,21.0,21.0,0.0
2023-01-07,S1049,PP03,16.0,16.0,0.0
2023-01-14,S1049,PP03,13.0,13.0,0.0
2023-01-21,S1049,PP03,17.0,17.0,0.0
2023-01-28,S1049,PP03,17.0,17.0,0.0
2023-02-04,S1049,PP03,15.0,15.0,0.0
2023-02-11,S1049,PP03,15.0,15.0,0.0
2023-02-18,S1049,PP03,16.0,16.0,0.0
2023-02-25,S1049,PP03,19.0,19.0,0.0
2023-03-04,S1049,PP03,19.0,19.0,0.0
2023-03-11,S1049,PP03,20.0,20.0,0.0
2023-03-18,S1049,PP03,18.0,18.0,0.0
2023-03-25,S1049,PP03,17.0,17.0,0.0
2023-04-01,S1049,PP03,21.0,21.0,0.0
2023-04-08,S1049,PP03,18.0,18.0,0.0
2023-04-15,S1049,PP03,19.0,19.0,0.0
2023-04-22,S1049,PP03,16.0,16.0,0.0
2023-04-29,S1049,PP03,18.0,18.0,0.0
2023-05-06,S1049,PP03,22.0,22.0,0.0
2023-05-13,S1049,PP03,18.0,18.0,0.0
2023-05-20,S1049,PP03,21.0,21.0,0.0
2023-05-27,S1049,PP03,15.0,15.0,0.0
2023-06-03,S1049,PP03,18.0,18.0,0.0
2023-06-10,S1049,PP03,19.0,19.0,0.0
2023-06-17,S1049,PP03,23.0,23.0,0.0
2023-06-24,S1049,PP03,17.0,17.0,0.0
2023-07-01,S1049,PP03,20.0,20.0,0.0
2023-07-08,S1049,PP03,21.0,21.0,0.0
2023-07-15,S1049,PP03,18.0,18.0,0.0
2023-07-22,S1049,PP03,19.0,19.0,0.0
2023-07-29,S1049,PP03,20.0,20.0,0.0
2023-08-05,S1049,PP03,17.0,17.0,0.0
2023-08-12,S1049,PP03,19.0,19.0,0.0
2023-08-19,S1049,PP03,22.0,22.0,0.0
2023-08-26,S1049,PP03,20.0,20.0,0.0
2023-09-02,S1049,PP03,19.0,19.0,0.0
2023-09-09,S1049,PP03,19.0,19.0,0.0
2023-09-16,S1049,PP03,19.0,19.0,0.0
2023-09-23,S1049,PP03,20.0,20.0,0.0
2023-09-30,S1049,PP03,17.0,17.0,0.0
2023-10-07,S1049,PP03,21.0,21.0,0.0
2023-10-14,S1049,PP03,21.0,21.0,0.0
2023-10-21,S1049,PP03,21.0,21.0,0.0
2023-10-28,S1049,PP03,19.0,19.0,0.0
2023-11-04,S1049,PP03,19.0,19.0,0.0
2023-11-11,S1049,PP03,21.0,21.0,0.0
2023-11-18,S1049,PP03,24.0,24.0,0.0
2023-11-25,S1049,PP03,22.0,22.0,0.0
2023-12-02,S1049,PP03,29.0,27.0,2.0
2023-12-09,S1049,PP03,34.0,27.0,9.0
2023-12-16,S1049,PP03,30.0,27.0,12.0
2023-12-23,S1049,PP03,23.0,27.0,8.0
2023-12-30,S1049,PP03,20.0,27.0,1.0
2024-01-06,S1049,PP03,18.0,19.0,0.0
2024-01-13,S1049,PP03,14.0,14.0,0.0
2024-01-20,S1049,PP03,16.0,16.0,0.0
2024-01-27,S1049,PP03,17.0,17.0,0.0
2024-02-03,S1049,PP03,19.0,19.0,0.0
2024-02-10,S1049,PP03,16.0,16.0,0.0
2024-02-17,S1049,PP03,18.0,18.0,0.0
2024-02-24,S1049,PP03,18.0,18.0,0.0
2024-03-02,S1049,PP03,18.0,18.0,0.0
2024-03-09,S1049,PP03,20.0,20.0,0.0
2024-03-16,S1049,PP03,21.0,21.0,0.0
2024-03-23,S1049,PP03,22.0,22.0,0.0
2024-03-30,S1049,PP03,20.0,20.0,0.0
2024-04-06,S1049,PP03,18.0,18.0,0.0
2024-04-13,S1049,PP03,18.0,18.0,0.0
2024-04-20,S1049,PP03,16.0,16.0,0.0
2024-04-27,S1049,PP03,23.0,23.0,0.0
2024-05-04,S1049,PP03,20.0,20.0,0.0
2024-05-11,S1049,PP03,22.0,22.0,0.0
2024-05-18,S1049,PP03,22.0,22.0,0.0
2024-05-25,S1049,PP03,18.0,18.0,0.0
2024-06-01,S1049,PP03,18.0,18.0,0.0
2024-06-08,S1049,PP03,23.0,23.0,0.0
2024-06-15,S1049,PP03,20.0,20.0,0.0
2024-06-22,S1049,PP03,18.0,18.0,0.0
2024-06-29,S1049,PP03,19.0,19.0,0.0
2024-07-06,S1049,PP03,21.0,21.0,0.0
2024-07-13,S1049,PP03,21.0,21.0,0.0
2024-07-20,S1049,PP03,17.0,17.0,0.0
2024-07-27,S1049,PP03,23.0,23.0,0.0
2024-08-03,S1049,PP03,22.0,22.0,0.0
2024-08-10,S1049,PP03,20.0,20.0,0.0
2024-08-17,S1049,PP03,18.0,18.0,0.0
2024-08-24,S1049,PP03,22.0,22.0,0.0
2024-08-31,S1049,PP03,20.0,20.0,0.0
2024-09-07,S1049,PP03,16.0,16.0,0.0
2024-09-14,S1049,PP03,18.0,18.0,0.0
2024-09-21,S1049,PP03,25.0,25.0,0.0
2024-09-28,S1049,PP03,19.0,19.0,0.0
2024-10-05,S1049,PP03,17.0,17.0,0.0
2024-10-12,S1049,PP03,17.0,17.0,0.0
2024-10-19,S1049,PP03,24.0,24.0,0.0
2024-10-26,S1049,PP03,23.0,23.0,0.0
2024-11-02,S1049,PP03,25.0,25.0,0.0
2024-11-09,S1049,PP03,23.0,23.0,0.0
2024-11-16,S1049,PP03,27.0,27.0,0.0
2024-11-23,S1049,PP03,24.0,24.0,0.0
2024-11-30,S1049,PP03,28.0,27.0,1.0
2024-12-07,S1049,PP03,31.0,27.0,5.0
2024-12-14,S1049,PP03,35.0,27.0,13.0
2024-12-21,S1049,PP03,27.0,27.0,13.0
2024-12-28,S1049,PP03,22.0,27.0,8.0
2025-01-04,S1049,PP03,19.0,27.0,0.0
2025-01-11,S1049,PP03,13.0,13.0,0.0
2025-01-18,S1049,PP03,12.0,12.0,0.0
2025-01-25,S1049,PP03,18.0,18.0,0.0
2025-02-01,S1049,PP03,16.0,16.0,0.0
2025-02-08,S1049,PP03,17.0,17.0,0.0
2025-02-15,S1049,PP03,20.0,20.0,0.0
2025-02-22,S1049,PP03,21.0,21.0,0.0
2025-03-01,S1049,PP03,20.0,20.0,0.0
2025-03-08,S1049,PP03,23.0,23.0,0.0
2025-03-15,S1049,PP03,21.0,21.0,0.0
2025-03-22,S1049,PP03,20.0,20.0,0.0
2025-03-29,S1049,PP03,20.0,20.0,0.0
2025-04-05,S1049,PP03,17.0,17.0,0.0
2025-04-12,S1049,PP03,22.0,22.0,0.0
2025-04-19,S1049,PP03,16.0,16.0,0.0
2025-04-26,S1049,PP03,20.0,20.0,0.0
2025-05-03,S1049,PP03,21.0,21.0,0.0
2025-05-10,S1049,PP03,20.0,20.0,0.0
2025-05-17,S1049,PP03,21.0,21.0,0.0
2025-05-24,S1049,PP03,25.0,25.0,0.0
2025-05-31,S1049,PP03,23.0,23.0,0.0
2025-06-07,S1049,PP03,19.0,19.0,0.0
2025-06-14,S1049,PP03,19.0,19.0,0.0
2025-06-21,S1049,PP03,18.0,18.0,0.0
2025-06-28,S1049,PP03,22.0,22.0,0.0
2025-07-05,S1049,PP03,20.0,20.0,0.0
2025-07-12,S1049,PP03,17.0,17.0,0.0
2025-07-19,S1049,PP03,21.0,21.0,0.0
2025-07-26,S1049,PP03,22.0,22.0,0.0
2025-08-02,S1049,PP03,24.0,24.0,0.0
2025-08-09,S1049,PP03,22.0,22.0,0.0
2025-08-16,S1049,PP03,21.0,21.0,0.0
2025-08-23,S1049,PP03,26.0,26.0,0.0
2025-08-30,S1049,PP03,20.0,20.0,0.0
2025-09-06,S1049,PP03,21.0,21.0,0.0
2025-09-13,S1049,PP03,18.0,18.0,0.0
2025-09-20,S1049,PP03,21.0,21.0,0.0
2025-09-27,S1049,PP03,17.0,17.0,0.0
2025-10-04,S1049,PP03,19.0,19.0,0.0
2025-10-11,S1049,PP03,18.0,18.0,0.0
2025-10-18,S1049,PP03,20.0,20.0,0.0
2025-10-25,S1049,PP03,25.0,25.0,0.0
2025-11-01,S1049,PP03,22.0,22.0,0.0
2025-11-08,S1049,PP03,26.0,26.0,0.0
2025-11-15,S1049,PP03,30.0,27.0,3.0
2025-11-22,S1049,PP03,27.0,27.0,3.0
2025-11-29,S1049,PP03,32.0,27.0,8.0
2025-12-06,S1049,PP03,33.0,27.0,14.0
2025-12-13,S1049,PP03,33.0,27.0,20.0
2025-12-20,S1049,PP03,31.0,27.0,24.0
2025-12-27,S1049,PP03,30.0,27.0,27.0
2026-01-03,S1049,PP03,20.0,27.0,20.0
2026-01-10,S1049,PP03,16.0,27.0,9.0
2026-01-17,S1049,PP03,15.0,24.0,0.0
2026-01-24,S1049,PP03,19.0,19.0,0.0
2026-01-31,S1049,PP03,20.0,20.0,0.0
2026-02-07,S1049,PP03,18.0,18.0,0.0
2026-02-14,S1049,PP03,16.0,16.0,0.0
2026-02-21,S1049,PP03,19.0,19.0,0.0
2026-02-28,S1049,PP03,21.0,21.0,0.0
2026-03-07,S1049,PP03,20.0,20.0,0.0
2026-03-14,S1049,PP03,21.0,21.0,0.0
2026-03-21,S1049,PP03,20.0,20.0,0.0
2026-03-28,S1049,PP03,23.0,23.0,0.0
2026-04-04,S1049,PP03,22.0,22.0,0.0
2026-04-11,S1049,PP03,22.0,22.0,0.0
2026-04-18,S1049,PP03,22.0,22.0,0.0
2026-04-25,S1049,PP03,23.0,23.0,0.0
2026-05-02,S1049,PP03,23.0,23.0,0.0
2026-05-09,S1049,PP03,21.0,21.0,0.0
2026-05-16,S1049,PP03,24.0,24.0,0.0
2026-05-23,S1049,PP03,24.0,24.0,0.0
2026-05-30,S1049,PP03,25.0,25.0,0.0
2026-06-06,S1049,PP03,22.0,22.0,0.0
2026-06-13,S1049,PP03,19.0,19.0,0.0
2026-06-20,S1049,PP03,20.0,20.0,0.0
2026-06-27,S1049,PP03,21.0,21.0,0.0
2026-07-04,S1049,PP03,22.0,22.0,0.0
2026-07-11,S1049,PP03,22.0,22.0,0.0
2026-07-18,S1049,PP03,19.0,19.0,0.0
2026-07-25,S1049,PP03,19.0,19.0,0.0
2022-08-06,S1050,PP03,9.0,9.0,0.0
2022-08-13,S1050,PP03,8.0,8.0,0.0
2022-08-20,S1050,PP03,11.0,11.0,0.0
2022-08-27,S1050,PP03,14.0,14.0,0.0
2022-09-03,S1050,PP03,13.0,13.0,0.0
2022-09-10,S1050,PP03,10.0,10.0,0.0
2022-09-17,S1050,PP03,11.0,11.0,0.0
2022-09-24,S1050,PP03,9.0,9.0,0.0
2022-10-01,S1050,PP03,9.0,9.0,0.0
2022-10-08,S1050,PP03,9.0,9.0,0.0
2022-10-15,S1050,PP03,11.0,11.0,0.0
2022-10-22,S1050,PP03,11.0,11.0,0.0
2022-10-29,S1050,PP03,12.0,12.0,0.0
2022-11-05,S1050,PP03,13.0,13.0,0.0
2022-11-12,S1050,PP03,12.0,12.0,0.0
2022-11-19,S1050,PP03,14.0,14.0,0.0
2022-11-26,S1050,PP03,13.0,13.0,0.0
2022-12-03,S1050,PP03,14.0,14.0,0.0
2022-12-10,S1050,PP03,15.0,15.0,0.0
2022-12-17,S1050,PP03,17.0,16.0,1.0
2022-12-24,S1050,PP03,13.0,14.0,0.0
2022-12-31,S1050,PP03,10.0,10.0,0.0
2023-01-07,S1050,PP03,10.0,10.0,0.0
2023-01-14,S1050,PP03,7.0,7.0,0.0
2023-01-21,S1050,PP03,10.0,10.0,0.0
2023-01-28,S1050,PP03,9.0,9.0,0.0
2023-02-04,S1050,PP03,10.0,10.0,0.0
2023-02-11,S1050,PP03,11.0,11.0,0.0
2023-02-18,S1050,PP03,9.0,9.0,0.0
2023-02-25,S1050,PP03,10.0,10.0,0.0
2023-03-04,S1050,PP03,11.0,11.0,0.0
2023-03-11,S1050,PP03,11.0,11.0,0.0
2023-03-18,S1050,PP03,11.0,11.0,0.0
2023-03-25,S1050,PP03,9.0,9.0,0.0
2023-04-01,S1050,PP03,11.0,11.0,0.0
2023-04-08,S1050,PP03,10.0,10.0,0.0
2023-04-15,S1050,PP03,11.0,11.0,0.0
2023-04-22,S1050,PP03,12.0,12.0,0.0
2023-04-29,S1050,PP03,12.0,12.0,0.0
2023-05-06,S1050,PP03,12.0,12.0,0.0
2023-05-13,S1050,PP03,12.0,12.0,0.0
2023-05-20,S1050,PP03,12.0,12.0,0.0
2023-05-27,S1050,PP03,13.0,13.0,0.0
2023-06-03,S1050,PP03,11.0,11.0,0.0
2023-06-10,S1050,PP03,11.0,11.0,0.0
2023-06-17,S1050,PP03,12.0,12.0,0.0
2023-06-24,S1050,PP03,10.0,10.0,0.0
2023-07-01,S1050,PP03,10.0,10.0,0.0
2023-07-08,S1050,PP03,11.0,11.0,0.0
2023-07-15,S1050,PP03,11.0,11.0,0.0
2023-07-22,S1050,PP03,10.0,10.0,0.0
2023-07-29,S1050,PP03,12.0,12.0,0.0
2023-08-05,S1050,PP03,13.0,13.0,0.0
2023-08-12,S1050,PP03,10.0,10.0,0.0
2023-08-19,S1050,PP03,13.0,13.0,0.0
2023-08-26,S1050,PP03,9.0,9.0,0.0
2023-09-02,S1050,PP03,10.0,10.0,0.0
2023-09-09,S1050,PP03,13.0,13.0,0.0
2023-09-16,S1050,PP03,10.0,10.0,0.0
2023-09-23,S1050,PP03,11.0,11.0,0.0
2023-09-30,S1050,PP03,11.0,11.0,0.0
2023-10-07,S1050,PP03,9.0,9.0,0.0
2023-10-14,S1050,PP03,11.0,11.0,0.0
2023-10-21,S1050,PP03,11.0,11.0,0.0
2023-10-28,S1050,PP03,14.0,14.0,0.0
2023-11-04,S1050,PP03,11.0,11.0,0.0
2023-11-11,S1050,PP03,12.0,12.0,0.0
2023-11-18,S1050,PP03,13.0,13.0,0.0
2023-11-25,S1050,PP03,14.0,14.0,0.0
2023-12-02,S1050,PP03,18.0,16.0,2.0
2023-12-09,S1050,PP03,17.0,16.0,3.0
2023-12-16,S1050,PP03,16.0,16.0,3.0
2023-12-23,S1050,PP03,14.0,16.0,1.0
2023-12-30,S1050,PP03,12.0,13.0,0.0
2024-01-06,S1050,PP03,10.0,10.0,0.0
2024-01-13,S1050,PP03,7.0,7.0,0.0
2024-01-20,S1050,PP03,9.0,9.0,0.0
2024-01-27,S1050,PP03,9.0,9.0,0.0
2024-02-03,S1050,PP03,9.0,9.0,0.0
2024-02-10,S1050,PP03,10.0,10.0,0.0
2024-02-17,S1050,PP03,11.0,11.0,0.0
2024-02-24,S1050,PP03,10.0,10.0,0.0
2024-03-02,S1050,PP03,11.0,11.0,0.0
2024-03-09,S1050,PP03,13.0,13.0,0.0
2024-03-16,S1050,PP03,13.0,13.0,0.0
2024-03-23,S1050,PP03,10.0,10.0,0.0
2024-03-30,S1050,PP03,10.0,10.0,0.0
2024-04-06,S1050,PP03,10.0,10.0,0.0
2024-04-13,S1050,PP03,12.0,12.0,0.0
2024-04-20,S1050,PP03,11.0,11.0,0.0
2024-04-27,S1050,PP03,12.0,12.0,0.0
2024-05-04,S1050,PP03,14.0,14.0,0.0
2024-05-11,S1050,PP03,12.0,12.0,0.0
2024-05-18,S1050,PP03,13.0,13.0,0.0
2024-05-25,S1050,PP03,12.0,12.0,0.0
2024-06-01,S1050,PP03,11.0,11.0,0.0
2024-06-08,S1050,PP03,13.0,13.0,0.0
2024-06-15,S1050,PP03,10.0,10.0,0.0
2024-06-22,S1050,PP03,13.0,13.0,0.0
2024-06-29,S1050,PP03,11.0,11.0,0.0
2024-07-06,S1050,PP03,11.0,11.0,0.0
2024-07-13,S1050,PP03,10.0,10.0,0.0
2024-07-20,S1050,PP03,10.0,10.0,0.0
2024-07-27,S1050,PP03,11.0,11.0,0.0
2024-08-03,S1050,PP03,9.0,9.0,0.0
2024-08-10,S1050,PP03,12.0,12.0,0.0
2024-08-17,S1050,PP03,11.0,11.0,0.0
2024-08-24,S1050,PP03,12.0,12.0,0.0
2024-08-31,S1050,PP03,11.0,11.0,0.0
2024-09-07,S1050,PP03,10.0,10.0,0.0
2024-09-14,S1050,PP03,10.0,10.0,0.0
2024-09-21,S1050,PP03,10.0,10.0,0.0
2024-09-28,S1050,PP03,12.0,12.0,0.0
2024-10-05,S1050,PP03,10.0,10.0,0.0
2024-10-12,S1050,PP03,10.0,10.0,0.0
2024-10-19,S1050,PP03,10.0,10.0,0.0
2024-10-26,S1050,PP03,10.0,10.0,0.0
2024-11-02,S1050,PP03,13.0,13.0,0.0
2024-11-09,S1050,PP03,13.0,13.0,0.0
2024-11-16,S1050,PP03,16.0,16.0,0.0
2024-11-23,S1050,PP03,17.0,16.0,1.0
2024-11-30,S1050,PP03,21.0,16.0,6.0
2024-12-07,S1050,PP03,17.0,16.0,7.0
2024-12-14,S1050,PP03,17.0,16.0,8.0
2024-12-21,S1050,PP03,13.0,16.0,5.0
2024-12-28,S1050,PP03,14.0,16.0,3.0
2025-01-04,S1050,PP03,11.0,14.0,0.0
2025-01-11,S1050,PP03,10.0,10.0,0.0
2025-01-18,S1050,PP03,8.0,8.0,0.0
2025-01-25,S1050,PP03,10.0,10.0,0.0
2025-02-01,S1050,PP03,10.0,10.0,0.0
2025-02-08,S1050,PP03,10.0,10.0,0.0
2025-02-15,S1050,PP03,10.0,10.0,0.0
2025-02-22,S1050,PP03,12.0,12.0,0.0
2025-03-01,S1050,PP03,13.0,13.0,0.0
2025-03-08,S1050,PP03,10.0,10.0,0.0
2025-03-15,S1050,PP03,12.0,12.0,0.0
2025-03-22,S1050,PP03,9.0,9.0,0.0
2025-03-29,S1050,PP03,12.0,12.0,0.0
2025-04-05,S1050,PP03,10.0,10.0,0.0
2025-04-12,S1050,PP03,11.0,11.0,0.0
2025-04-19,S1050,PP03,10.0,10.0,0.0
2025-04-26,S1050,PP03,12.0,12.0,0.0
2025-05-03,S1050,PP03,13.0,13.0,0.0
2025-05-10,S1050,PP03,10.0,10.0,0.0
2025-05-17,S1050,PP03,12.0,12.0,0.0
2025-05-24,S1050,PP03,12.0,12.0,0.0
2025-05-31,S1050,PP03,14.0,14.0,0.0
2025-06-07,S1050,PP03,12.0,12.0,0.0
2025-06-14,S1050,PP03,10.0,10.0,0.0
2025-06-21,S1050,PP03,11.0,11.0,0.0
2025-06-28,S1050,PP03,14.0,14.0,0.0
2025-07-05,S1050,PP03,13.0,13.0,0.0
2025-07-12,S1050,PP03,11.0,11.0,0.0
2025-07-19,S1050,PP03,12.0,12.0,0.0
2025-07-26,S1050,PP03,12.0,12.0,0.0
2025-08-02,S1050,PP03,12.0,12.0,0.0
2025-08-09,S1050,PP03,11.0,11.0,0.0
2025-08-16,S1050,PP03,12.0,12.0,0.0
2025-08-23,S1050,PP03,14.0,14.0,0.0
2025-08-30,S1050,PP03,11.0,11.0,0.0
2025-09-06,S1050,PP03,11.0,11.0,0.0
2025-09-13,S1050,PP03,11.0,11.0,0.0
2025-09-20,S1050,PP03,14.0,14.0,0.0
2025-09-27,S1050,PP03,12.0,12.0,0.0
2025-10-04,S1050,PP03,13.0,13.0,0.0
2025-10-11,S1050,PP03,11.0,11.0,0.0
2025-10-18,S1050,PP03,12.0,12.0,0.0
2025-10-25,S1050,PP03,13.0,13.0,0.0
2025-11-01,S1050,PP03,12.0,12.0,0.0
2025-11-08,S1050,PP03,14.0,14.0,0.0
2025-11-15,S1050,PP03,16.0,16.0,0.0
2025-11-22,S1050,PP03,15.0,15.0,0.0
2025-11-29,S1050,PP03,17.0,16.0,1.0
2025-12-06,S1050,PP03,19.0,16.0,4.0
2025-12-13,S1050,PP03,17.0,16.0,5.0
2025-12-20,S1050,PP03,18.0,16.0,7.0
2025-12-27,S1050,PP03,14.0,16.0,5.0
2026-01-03,S1050,PP03,12.0,16.0,1.0
2026-01-10,S1050,PP03,8.0,9.0,0.0
2026-01-17,S1050,PP03,9.0,9.0,0.0
2026-01-24,S1050,PP03,10.0,10.0,0.0
2026-01-31,S1050,PP03,13.0,13.0,0.0
2026-02-07,S1050,PP03,12.0,12.0,0.0
2026-02-14,S1050,PP03,13.0,13.0,0.0
2026-02-21,S1050,PP03,10.0,10.0,0.0
2026-02-28,S1050,PP03,12.0,12.0,0.0
2026-03-07,S1050,PP03,13.0,13.0,0.0
2026-03-14,S1050,PP03,11.0,11.0,0.0
2026-03-21,S1050,PP03,13.0,13.0,0.0
2026-03-28,S1050,PP03,13.0,13.0,0.0
2026-04-04,S1050,PP03,12.0,12.0,0.0
2026-04-11,S1050,PP03,12.0,12.0,0.0
2026-04-18,S1050,PP03,11.0,11.0,0.0
2026-04-25,S1050,PP03,15.0,15.0,0.0
2026-05-02,S1050,PP03,14.0,14.0,0.0
2026-05-09,S1050,PP03,14.0,14.0,0.0
2026-05-16,S1050,PP03,13.0,13.0,0.0
2026-05-23,S1050,PP03,13.0,13.0,0.0
2026-05-30,S1050,PP03,13.0,13.0,0.0
2026-06-06,S1050,PP03,13.0,13.0,0.0
2026-06-13,S1050,PP03,13.0,13.0,0.0
2026-06-20,S1050,PP03,11.0,11.0,0.0
2026-06-27,S1050,PP03,11.0,11.0,0.0
2026-07-04,S1050,PP03,13.0,13.0,0.0
2026-07-11,S1050,PP03,11.0,11.0,0.0
2026-07-18,S1050,PP03,12.0,12.0,0.0
2026-07-25,S1050,PP03,12.0,12.0,0.0
2022-08-06,S1051,PP03,13.0,13.0,0.0
2022-08-13,S1051,PP03,16.0,16.0,0.0
2022-08-20,S1051,PP03,10.0,10.0,0.0
2022-08-27,S1051,PP03,16.0,16.0,0.0
2022-09-03,S1051,PP03,12.0,12.0,0.0
2022-09-10,S1051,PP03,13.0,13.0,0.0
2022-09-17,S1051,PP03,10.0,10.0,0.0
2022-09-24,S1051,PP03,13.0,13.0,0.0
2022-10-01,S1051,PP03,12.0,12.0,0.0
2022-10-08,S1051,PP03,12.0,12.0,0.0
2022-10-15,S1051,PP03,10.0,10.0,0.0
2022-10-22,S1051,PP03,13.0,13.0,0.0
2022-10-29,S1051,PP03,15.0,15.0,0.0
2022-11-05,S1051,PP03,14.0,14.0,0.0
2022-11-12,S1051,PP03,16.0,16.0,0.0
2022-11-19,S1051,PP03,18.0,18.0,0.0
2022-11-26,S1051,PP03,16.0,16.0,0.0
2022-12-03,S1051,PP03,21.0,18.0,3.0
2022-12-10,S1051,PP03,20.0,18.0,5.0
2022-12-17,S1051,PP03,18.0,18.0,5.0
2022-12-24,S1051,PP03,16.0,18.0,3.0
2022-12-31,S1051,PP03,14.0,17.0,0.0
2023-01-07,S1051,PP03,9.0,9.0,0.0
2023-01-14,S1051,PP03,10.0,10.0,0.0
2023-01-21,S1051,PP03,9.0,9.0,0.0
2023-01-28,S1051,PP03,12.0,12.0,0.0
2023-02-04,S1051,PP03,13.0,13.0,0.0
2023-02-11,S1051,PP03,13.0,13.0,0.0
2023-02-18,S1051,PP03,11.0,11.0,0.0
2023-02-25,S1051,PP03,11.0,11.0,0.0
2023-03-04,S1051,PP03,11.0,11.0,0.0
2023-03-11,S1051,PP03,15.0,15.0,0.0
2023-03-18,S1051,PP03,12.0,12.0,0.0
2023-03-25,S1051,PP03,10.0,10.0,0.0
2023-04-01,S1051,PP03,14.0,14.0,0.0
2023-04-08,S1051,PP03,15.0,15.0,0.0
2023-04-15,S1051,PP03,15.0,15.0,0.0
2023-04-22,S1051,PP03,14.0,14.0,0.0
2023-04-29,S1051,PP03,15.0,15.0,0.0
2023-05-06,S1051,PP03,13.0,13.0,0.0
2023-05-13,S1051,PP03,11.0,11.0,0.0
2023-05-20,S1051,PP03,13.0,13.0,0.0
2023-05-27,S1051,PP03,14.0,14.0,0.0
2023-06-03,S1051,PP03,13.0,13.0,0.0
2023-06-10,S1051,PP03,12.0,12.0,0.0
2023-06-17,S1051,PP03,11.0,11.0,0.0
2023-06-24,S1051,PP03,11.0,11.0,0.0
2023-07-01,S1051,PP03,15.0,15.0,0.0
2023-07-08,S1051,PP03,15.0,15.0,0.0
2023-07-15,S1051,PP03,13.0,13.0,0.0
2023-07-22,S1051,PP03,13.0,13.0,0.0
2023-07-29,S1051,PP03,12.0,12.0,0.0
2023-08-05,S1051,PP03,14.0,14.0,0.0
2023-08-12,S1051,PP03,16.0,16.0,0.0
2023-08-19,S1051,PP03,11.0,11.0,0.0
2023-08-26,S1051,PP03,13.0,13.0,0.0
2023-09-02,S1051,PP03,13.0,13.0,0.0
2023-09-09,S1051,PP03,13.0,13.0,0.0
2023-09-16,S1051,PP03,14.0,14.0,0.0
2023-09-23,S1051,PP03,15.0,15.0,0.0
2023-09-30,S1051,PP03,12.0,12.0,0.0
2023-10-07,S1051,PP03,13.0,13.0,0.0
2023-10-14,S1051,PP03,12.0,12.0,0.0
2023-10-21,S1051,PP03,12.0,12.0,0.0
2023-10-28,S1051,PP03,14.0,14.0,0.0
2023-11-04,S1051,PP03,15.0,15.0,0.0
2023-11-11,S1051,PP03,15.0,15.0,0.0
2023-11-18,S1051,PP03,15.0,15.0,0.0
2023-11-25,S1051,PP03,16.0,16.0,0.0
2023-12-02,S1051,PP03,18.0,18.0,0.0
2023-12-09,S1051,PP03,18.0,18.0,0.0
2023-12-16,S1051,PP03,20.0,18.0,2.0
2023-12-23,S1051,PP03,17.0,18.0,1.0
2023-12-30,S1051,PP03,16.0,17.0,0.0
2024-01-06,S1051,PP03,11.0,11.0,0.0
2024-01-13,S1051,PP03,9.0,9.0,0.0
2024-01-20,S1051,PP03,12.0,12.0,0.0
2024-01-27,S1051,PP03,11.0,11.0,0.0
2024-02-03,S1051,PP03,11.0,11.0,0.0
2024-02-10,S1051,PP03,12.0,12.0,0.0
2024-02-17,S1051,PP03,13.0,13.0,0.0
2024-02-24,S1051,PP03,14.0,14.0,0.0
2024-03-02,S1051,PP03,14.0,14.0,0.0
2024-03-09,S1051,PP03,13.0,13.0,0.0
2024-03-16,S1051,PP03,12.0,12.0,0.0
2024-03-23,S1051,PP03,15.0,15.0,0.0
2024-03-30,S1051,PP03,14.0,14.0,0.0
2024-04-06,S1051,PP03,12.0,12.0,0.0
2024-04-13,S1051,PP03,14.0,14.0,0.0
2024-04-20,S1051,PP03,12.0,12.0,0.0
2024-04-27,S1051,PP03,15.0,15.0,0.0
2024-05-04,S1051,PP03,16.0,16.0,0.0
2024-05-11,S1051,PP03,13.0,13.0,0.0
2024-05-18,S1051,PP03,15.0,15.0,0.0
2024-05-25,S1051,PP03,15.0,15.0,0.0
2024-06-01,S1051,PP03,17.0,17.0,0.0
2024-06-08,S1051,PP03,12.0,12.0,0.0
2024-06-15,S1051,PP03,15.0,15.0,0.0
2024-06-22,S1051,PP03,13.0,13.0,0.0
2024-06-29,S1051,PP03,11.0,11.0,0.0
2024-07-06,S1051,PP03,13.0,13.0,0.0
2024-07-13,S1051,PP03,13.0,13.0,0.0
2024-07-20,S1051,PP03,12.0,12.0,0.0
2024-07-27,S1051,PP03,14.0,14.0,0.0
2024-08-03,S1051,PP03,15.0,15.0,0.0
2024-08-10,S1051,PP03,14.0,14.0,0.0
2024-08-17,S1051,PP03,13.0,13.0,0.0
2024-08-24,S1051,PP03,13.0,13.0,0.0
2024-08-31,S1051,PP03,13.0,13.0,0.0
2024-09-07,S1051,PP03,13.0,13.0,0.0
2024-09-14,S1051,PP03,13.0,13.0,0.0
2024-09-21,S1051,PP03,13.0,13.0,0.0
2024-09-28,S1051,PP03,11.0,11.0,0.0
2024-10-05,S1051,PP03,12.0,12.0,0.0
2024-10-12,S1051,PP03,13.0,13.0,0.0
2024-10-19,S1051,PP03,15.0,15.0,0.0
2024-10-26,S1051,PP03,16.0,16.0,0.0
2024-11-02,S1051,PP03,17.0,17.0,0.0
2024-11-09,S1051,PP03,15.0,15.0,0.0
2024-11-16,S1051,PP03,17.0,17.0,0.0
2024-11-23,S1051,PP03,15.0,15.0,0.0
2024-11-30,S1051,PP03,19.0,18.0,1.0
2024-12-07,S1051,PP03,18.0,18.0,1.0
2024-12-14,S1051,PP03,20.0,18.0,3.0
2024-12-21,S1051,PP03,24.0,18.0,9.0
2024-12-28,S1051,PP03,16.0,18.0,7.0
2025-01-04,S1051,PP03,12.0,18.0,1.0
2025-01-11,S1051,PP03,11.0,12.0,0.0
2025-01-18,S1051,PP03,10.0,10.0,0.0
2025-01-25,S1051,PP03,10.0,10.0,0.0
2025-02-01,S1051,PP03,14.0,14.0,0.0
2025-02-08,S1051,PP03,13.0,13.0,0.0
2025-02-15,S1051,PP03,13.0,13.0,0.0
2025-02-22,S1051,PP03,12.0,12.0,0.0
2025-03-01,S1051,PP03,12.0,12.0,0.0
2025-03-08,S1051,PP03,15.0,15.0,0.0
2025-03-15,S1051,PP03,13.0,13.0,0.0
2025-03-22,S1051,PP03,10.0,10.0,0.0
2025-03-29,S1051,PP03,17.0,17.0,0.0
2025-04-05,S1051,PP03,14.0,14.0,0.0
2025-04-12,S1051,PP03,14.0,14.0,0.0
2025-04-19,S1051,PP03,15.0,15.0,0.0
2025-04-26,S1051,PP03,15.0,15.0,0.0
2025-05-03,S1051,PP03,15.0,15.0,0.0
2025-05-10,S1051,PP03,14.0,14.0,0.0
2025-05-17,S1051,PP03,13.0,13.0,0.0
2025-05-24,S1051,PP03,15.0,15.0,0.0
2025-05-31,S1051,PP03,16.0,16.0,0.0
2025-06-07,S1051,PP03,13.0,13.0,0.0
2025-06-14,S1051,PP03,13.0,13.0,0.0
2025-06-21,S1051,PP03,15.0,15.0,0.0
2025-06-28,S1051,PP03,13.0,13.0,0.0
2025-07-05,S1051,PP03,13.0,13.0,0.0
2025-07-12,S1051,PP03,13.0,13.0,0.0
2025-07-19,S1051,PP03,14.0,14.0,0.0
2025-07-26,S1051,PP03,12.0,12.0,0.0
2025-08-02,S1051,PP03,14.0,14.0,0.0
2025-08-09,S1051,PP03,15.0,15.0,0.0
2025-08-16,S1051,PP03,15.0,15.0,0.0
2025-08-23,S1051,PP03,16.0,16.0,0.0
2025-08-30,S1051,PP03,16.0,16.0,0.0
2025-09-06,S1051,PP03,15.0,15.0,0.0
2025-09-13,S1051,PP03,14.0,14.0,0.0
2025-09-20,S1051,PP03,13.0,13.0,0.0
2025-09-27,S1051,PP03,12.0,12.0,0.0
2025-10-04,S1051,PP03,13.0,13.0,0.0
2025-10-11,S1051,PP03,14.0,14.0,0.0
2025-10-18,S1051,PP03,15.0,15.0,0.0
2025-10-25,S1051,PP03,16.0,16.0,0.0
2025-11-01,S1051,PP03,15.0,15.0,0.0
2025-11-08,S1051,PP03,18.0,18.0,0.0
2025-11-15,S1051,PP03,19.0,18.0,1.0
2025-11-22,S1051,PP03,20.0,18.0,3.0
2025-11-29,S1051,PP03,20.0,18.0,5.0
2025-12-06,S1051,PP03,19.0,18.0,6.0
2025-12-13,S1051,PP03,20.0,18.0,8.0
2025-12-20,S1051,PP03,18.0,18.0,8.0
2025-12-27,S1051,PP03,17.0,18.0,7.0
2026-01-03,S1051,PP03,15.0,18.0,4.0
2026-01-10,S1051,PP03,10.0,14.0,0.0
2026-01-17,S1051,PP03,11.0,11.0,0.0
2026-01-24,S1051,PP03,12.0,12.0,0.0
2026-01-31,S1051,PP03,11.0,11.0,0.0
2026-02-07,S1051,PP03,13.0,13.0,0.0
2026-02-14,S1051,PP03,13.0,13.0,0.0
2026-02-21,S1051,PP03,12.0,12.0,0.0
2026-02-28,S1051,PP03,14.0,14.0,0.0
2026-03-07,S1051,PP03,14.0,14.0,0.0
2026-03-14,S1051,PP03,13.0,13.0,0.0
2026-03-21,S1051,PP03,14.0,14.0,0.0
2026-03-28,S1051,PP03,15.0,15.0,0.0
2026-04-04,S1051,PP03,13.0,13.0,0.0
2026-04-11,S1051,PP03,12.0,12.0,0.0
2026-04-18,S1051,PP03,12.0,12.0,0.0
2026-04-25,S1051,PP03,14.0,14.0,0.0
2026-05-02,S1051,PP03,13.0,13.0,0.0
2026-05-09,S1051,PP03,15.0,15.0,0.0
2026-05-16,S1051,PP03,18.0,18.0,0.0
2026-05-23,S1051,PP03,13.0,13.0,0.0
2026-05-30,S1051,PP03,14.0,14.0,0.0
2026-06-06,S1051,PP03,18.0,18.0,0.0
2026-06-13,S1051,PP03,15.0,15.0,0.0
2026-06-20,S1051,PP03,14.0,14.0,0.0
2026-06-27,S1051,PP03,14.0,14.0,0.0
2026-07-04,S1051,PP03,15.0,15.0,0.0
2026-07-11,S1051,PP03,17.0,17.0,0.0
2026-07-18,S1051,PP03,14.0,14.0,0.0
2026-07-25,S1051,PP03,14.0,14.0,0.0
2022-08-06,S1052,PP03,8.0,8.0,0.0
2022-08-13,S1052,PP03,9.0,9.0,0.0
2022-08-20,S1052,PP03,8.0,8.0,0.0
2022-08-27,S1052,PP03,9.0,9.0,0.0
2022-09-03,S1052,PP03,8.0,8.0,0.0
2022-09-10,S1052,PP03,10.0,10.0,0.0
2022-09-17,S1052,PP03,8.0,8.0,0.0
2022-09-24,S1052,PP03,9.0,9.0,0.0
2022-10-01,S1052,PP03,8.0,8.0,0.0
2022-10-08,S1052,PP03,9.0,9.0,0.0
2022-10-15,S1052,PP03,8.0,8.0,0.0
2022-10-22,S1052,PP03,9.0,9.0,0.0
2022-10-29,S1052,PP03,12.0,12.0,0.0
2022-11-05,S1052,PP03,11.0,11.0,0.0
2022-11-12,S1052,PP03,10.0,10.0,0.0
2022-11-19,S1052,PP03,16.0,14.0,2.0
2022-11-26,S1052,PP03,11.0,13.0,0.0
2022-12-03,S1052,PP03,15.0,14.0,1.0
2022-12-10,S1052,PP03,12.0,13.0,0.0
2022-12-17,S1052,PP03,13.0,13.0,0.0
2022-12-24,S1052,PP03,10.0,10.0,0.0
2022-12-31,S1052,PP03,10.0,10.0,0.0
2023-01-07,S1052,PP03,8.0,8.0,0.0
2023-01-14,S1052,PP03,7.0,7.0,0.0
2023-01-21,S1052,PP03,8.0,8.0,0.0
2023-01-28,S1052,PP03,7.0,7.0,0.0
2023-02-04,S1052,PP03,8.0,8.0,0.0
2023-02-11,S1052,PP03,9.0,9.0,0.0
2023-02-18,S1052,PP03,7.0,7.0,0.0
2023-02-25,S1052,PP03,8.0,8.0,0.0
2023-03-04,S1052,PP03,9.0,9.0,0.0
2023-03-11,S1052,PP03,10.0,10.0,0.0
2023-03-18,S1052,PP03,10.0,10.0,0.0
2023-03-25,S1052,PP03,9.0,9.0,0.0
2023-04-01,S1052,PP03,9.0,9.0,0.0
2023-04-08,S1052,PP03,8.0,8.0,0.0
2023-04-15,S1052,PP03,10.0,10.0,0.0
2023-04-22,S1052,PP03,9.0,9.0,0.0
2023-04-29,S1052,PP03,9.0,9.0,0.0
2023-05-06,S1052,PP03,9.0,9.0,0.0
2023-05-13,S1052,PP03,10.0,10.0,0.0
2023-05-20,S1052,PP03,9.0,9.0,0.0
2023-05-27,S1052,PP03,9.0,9.0,0.0
2023-06-03,S1052,PP03,10.0,10.0,0.0
2023-06-10,S1052,PP03,7.0,7.0,0.0
2023-06-17,S1052,PP03,9.0,9.0,0.0
2023-06-24,S1052,PP03,8.0,8.0,0.0
2023-07-01,S1052,PP03,10.0,10.0,0.0
2023-07-08,S1052,PP03,9.0,9.0,0.0
2023-07-15,S1052,PP03,9.0,9.0,0.0
2023-07-22,S1052,PP03,9.0,9.0,0.0
2023-07-29,S1052,PP03,9.0,9.0,0.0
2023-08-05,S1052,PP03,9.0,9.0,0.0
2023-08-12,S1052,PP03,10.0,10.0,0.0
2023-08-19,S1052,PP03,9.0,9.0,0.0
2023-08-26,S1052,PP03,9.0,9.0,0.0
2023-09-02,S1052,PP03,8.0,8.0,0.0
2023-09-09,S1052,PP03,8.0,8.0,0.0
2023-09-16,S1052,PP03,9.0,9.0,0.0
2023-09-23,S1052,PP03,9.0,9.0,0.0
2023-09-30,S1052,PP03,8.0,8.0,0.0
2023-10-07,S1052,PP03,9.0,9.0,0.0
2023-10-14,S1052,PP03,10.0,10.0,0.0
2023-10-21,S1052,PP03,10.0,10.0,0.0
2023-10-28,S1052,PP03,10.0,10.0,0.0
2023-11-04,S1052,PP03,11.0,11.0,0.0
2023-11-11,S1052,PP03,13.0,13.0,0.0
2023-11-18,S1052,PP03,11.0,11.0,0.0
2023-11-25,S1052,PP03,11.0,11.0,0.0
2023-12-02,S1052,PP03,12.0,12.0,0.0
2023-12-09,S1052,PP03,17.0,14.0,3.0
2023-12-16,S1052,PP03,17.0,14.0,6.0
2023-12-23,S1052,PP03,11.0,14.0,3.0
2023-12-30,S1052,PP03,10.0,13.0,0.0
2024-01-06,S1052,PP03,8.0,8.0,0.0
2024-01-13,S1052,PP03,8.0,8.0,0.0
2024-01-20,S1052,PP03,7.0,7.0,0.0
2024-01-27,S1052,PP03,6.0,6.0,0.0
2024-02-03,S1052,PP03,10.0,10.0,0.0
2024-02-10,S1052,PP03,9.0,9.0,0.0
2024-02-17,S1052,PP03,9.0,9.0,0.0
2024-02-24,S1052,PP03,9.0,9.0,0.0
2024-03-02,S1052,PP03,9.0,9.0,0.0
2024-03-09,S1052,PP03,8.0,8.0,0.0
2024-03-16,S1052,PP03,8.0,8.0,0.0
2024-03-23,S1052,PP03,9.0,9.0,0.0
2024-03-30,S1052,PP03,7.0,7.0,0.0
2024-04-06,S1052,PP03,9.0,9.0,0.0
2024-04-13,S1052,PP03,9.0,9.0,0.0
2024-04-20,S1052,PP03,9.0,9.0,0.0
2024-04-27,S1052,PP03,9.0,9.0,0.0
2024-05-04,S1052,PP03,9.0,9.0,0.0
2024-05-11,S1052,PP03,8.0,8.0,0.0
2024-05-18,S1052,PP03,10.0,10.0,0.0
2024-05-25,S1052,PP03,10.0,10.0,0.0
2024-06-01,S1052,PP03,8.0,8.0,0.0
2024-06-08,S1052,PP03,10.0,10.0,0.0
2024-06-15,S1052,PP03,9.0,9.0,0.0
2024-06-22,S1052,PP03,9.0,9.0,0.0
2024-06-29,S1052,PP03,8.0,8.0,0.0
2024-07-06,S1052,PP03,10.0,10.0,0.0
2024-07-13,S1052,PP03,8.0,8.0,0.0
2024-07-20,S1052,PP03,10.0,10.0,0.0
2024-07-27,S1052,PP03,9.0,9.0,0.0
2024-08-03,S1052,PP03,9.0,9.0,0.0
2024-08-10,S1052,PP03,11.0,11.0,0.0
2024-08-17,S1052,PP03,10.0,10.0,0.0
2024-08-24,S1052,PP03,11.0,11.0,0.0
2024-08-31,S1052,PP03,9.0,9.0,0.0
2024-09-07,S1052,PP03,9.0,9.0,0.0
2024-09-14,S1052,PP03,7.0,7.0,0.0
2024-09-21,S1052,PP03,9.0,9.0,0.0
2024-09-28,S1052,PP03,9.0,9.0,0.0
2024-10-05,S1052,PP03,10.0,10.0,0.0
2024-10-12,S1052,PP03,9.0,9.0,0.0
2024-10-19,S1052,PP03,10.0,10.0,0.0
2024-10-26,S1052,PP03,10.0,10.0,0.0
2024-11-02,S1052,PP03,12.0,12.0,0.0
2024-11-09,S1052,PP03,11.0,11.0,0.0
2024-11-16,S1052,PP03,13.0,13.0,0.0
2024-11-23,S1052,PP03,11.0,11.0,0.0
2024-11-30,S1052,PP03,12.0,12.0,0.0
2024-12-07,S1052,PP03,11.0,11.0,0.0
2024-12-14,S1052,PP03,16.0,14.0,2.0
2024-12-21,S1052,PP03,14.0,14.0,2.0
2024-12-28,S1052,PP03,12.0,14.0,0.0
2025-01-04,S1052,PP03,9.0,9.0,0.0
2025-01-11,S1052,PP03,7.0,7.0,0.0
2025-01-18,S1052,PP03,8.0,8.0,0.0
2025-01-25,S1052,PP03,9.0,9.0,0.0
2025-02-01,S1052,PP03,10.0,10.0,0.0
2025-02-08,S1052,PP03,9.0,9.0,0.0
2025-02-15,S1052,PP03,9.0,9.0,0.0
2025-02-22,S1052,PP03,10.0,10.0,0.0
2025-03-01,S1052,PP03,9.0,9.0,0.0
2025-03-08,S1052,PP03,9.0,9.0,0.0
2025-03-15,S1052,PP03,9.0,9.0,0.0
2025-03-22,S1052,PP03,9.0,9.0,0.0
2025-03-29,S1052,PP03,9.0,9.0,0.0
2025-04-05,S1052,PP03,9.0,9.0,0.0
2025-04-12,S1052,PP03,11.0,11.0,0.0
2025-04-19,S1052,PP03,10.0,10.0,0.0
2025-04-26,S1052,PP03,12.0,12.0,0.0
2025-05-03,S1052,PP03,9.0,9.0,0.0
2025-05-10,S1052,PP03,13.0,13.0,0.0
2025-05-17,S1052,PP03,9.0,9.0,0.0
2025-05-24,S1052,PP03,9.0,9.0,0.0
2025-05-31,S1052,PP03,9.0,9.0,0.0
2025-06-07,S1052,PP03,11.0,11.0,0.0
2025-06-14,S1052,PP03,10.0,10.0,0.0
2025-06-21,S1052,PP03,10.0,10.0,0.0
2025-06-28,S1052,PP03,9.0,9.0,0.0
2025-07-05,S1052,PP03,9.0,9.0,0.0
2025-07-12,S1052,PP03,11.0,11.0,0.0
2025-07-19,S1052,PP03,11.0,11.0,0.0
2025-07-26,S1052,PP03,12.0,12.0,0.0
2025-08-02,S1052,PP03,11.0,11.0,0.0
2025-08-09,S1052,PP03,8.0,8.0,0.0
2025-08-16,S1052,PP03,9.0,9.0,0.0
2025-08-23,S1052,PP03,11.0,11.0,0.0
2025-08-30,S1052,PP03,10.0,10.0,0.0
2025-09-06,S1052,PP03,9.0,9.0,0.0
2025-09-13,S1052,PP03,8.0,8.0,0.0
2025-09-20,S1052,PP03,10.0,10.0,0.0
2025-09-27,S1052,PP03,10.0,10.0,0.0
2025-10-04,S1052,PP03,10.0,10.0,0.0
2025-10-11,S1052,PP03,9.0,9.0,0.0
2025-10-18,S1052,PP03,10.0,10.0,0.0
2025-10-25,S1052,PP03,9.0,9.0,0.0
2025-11-01,S1052,PP03,11.0,11.0,0.0
2025-11-08,S1052,PP03,9.0,9.0,0.0
2025-11-15,S1052,PP03,11.0,11.0,0.0
2025-11-22,S1052,PP03,13.0,13.0,0.0
2025-11-29,S1052,PP03,18.0,14.0,4.0
2025-12-06,S1052,PP03,13.0,14.0,3.0
2025-12-13,S1052,PP03,14.0,14.0,3.0
2025-12-20,S1052,PP03,14.0,14.0,3.0
2025-12-27,S1052,PP03,14.0,14.0,3.0
2026-01-03,S1052,PP03,10.0,13.0,0.0
2026-01-10,S1052,PP03,9.0,9.0,0.0
2026-01-17,S1052,PP03,8.0,8.0,0.0
2026-01-24,S1052,PP03,8.0,8.0,0.0
2026-01-31,S1052,PP03,9.0,9.0,0.0
2026-02-07,S1052,PP03,9.0,9.0,0.0
2026-02-14,S1052,PP03,10.0,10.0,0.0
2026-02-21,S1052,PP03,8.0,8.0,0.0
2026-02-28,S1052,PP03,11.0,11.0,0.0
2026-03-07,S1052,PP03,10.0,10.0,0.0
2026-03-14,S1052,PP03,10.0,10.0,0.0
2026-03-21,S1052,PP03,9.0,9.0,0.0
2026-03-28,S1052,PP03,9.0,9.0,0.0
2026-04-04,S1052,PP03,11.0,11.0,0.0
2026-04-11,S1052,PP03,10.0,10.0,0.0
2026-04-18,S1052,PP03,11.0,11.0,0.0
2026-04-25,S1052,PP03,10.0,10.0,0.0
2026-05-02,S1052,PP03,11.0,11.0,0.0
2026-05-09,S1052,PP03,10.0,10.0,0.0
2026-05-16,S1052,PP03,11.0,11.0,0.0
2026-05-23,S1052,PP03,11.0,11.0,0.0
2026-05-30,S1052,PP03,11.0,11.0,0.0
2026-06-06,S1052,PP03,10.0,10.0,0.0
2026-06-13,S1052,PP03,10.0,10.0,0.0
2026-06-20,S1052,PP03,11.0,11.0,0.0
2026-06-27,S1052,PP03,10.0,10.0,0.0
2026-07-04,S1052,PP03,10.0,10.0,0.0
2026-07-11,S1052,PP03,13.0,13.0,0.0
2026-07-18,S1052,PP03,10.0,10.0,0.0
2026-07-25,S1052,PP03,12.0,12.0,0.0
2022-08-06,S1053,PP04,10.0,10.0,0.0
2022-08-13,S1053,PP04,12.0,12.0,0.0
2022-08-20,S1053,PP04,12.0,12.0,0.0
2022-08-27,S1053,PP04,10.0,10.0,0.0
2022-09-03,S1053,PP04,9.0,9.0,0.0
2022-09-10,S1053,PP04,8.0,8.0,0.0
2022-09-17,S1053,PP04,10.0,10.0,0.0
2022-09-24,S1053,PP04,11.0,11.0,0.0
2022-10-01,S1053,PP04,9.0,9.0,0.0
2022-10-08,S1053,PP04,11.0,11.0,0.0
2022-10-15,S1053,PP04,9.0,9.0,0.0
2022-10-22,S1053,PP04,11.0,11.0,0.0
2022-10-29,S1053,PP04,10.0,10.0,0.0
2022-11-05,S1053,PP04,12.0,12.0,0.0
2022-11-12,S1053,PP04,12.0,12.0,0.0
2022-11-19,S1053,PP04,12.0,12.0,0.0
2022-11-26,S1053,PP04,14.0,14.0,0.0
2022-12-03,S1053,PP04,14.0,14.0,0.0
2022-12-10,S1053,PP04,15.0,15.0,0.0
2022-12-17,S1053,PP04,17.0,17.0,0.0
2022-12-24,S1053,PP04,13.0,13.0,0.0
2022-12-31,S1053,PP04,9.0,9.0,0.0
2023-01-07,S1053,PP04,9.0,9.0,0.0
2023-01-14,S1053,PP04,9.0,9.0,0.0
2023-01-21,S1053,PP04,8.0,8.0,0.0
2023-01-28,S1053,PP04,11.0,11.0,0.0
2023-02-04,S1053,PP04,9.0,9.0,0.0
2023-02-11,S1053,PP04,10.0,10.0,0.0
2023-02-18,S1053,PP04,11.0,11.0,0.0
2023-02-25,S1053,PP04,11.0,11.0,0.0
2023-03-04,S1053,PP04,9.0,9.0,0.0
2023-03-11,S1053,PP04,10.0,10.0,0.0
2023-03-18,S1053,PP04,12.0,12.0,0.0
2023-03-25,S1053,PP04,10.0,10.0,0.0
2023-04-01,S1053,PP04,12.0,12.0,0.0
2023-04-08,S1053,PP04,10.0,10.0,0.0
2023-04-15,S1053,PP04,11.0,11.0,0.0
2023-04-22,S1053,PP04,10.0,10.0,0.0
2023-04-29,S1053,PP04,10.0,10.0,0.0
2023-05-06,S1053,PP04,10.0,10.0,0.0
2023-05-13,S1053,PP04,11.0,11.0,0.0
2023-05-20,S1053,PP04,11.0,11.0,0.0
2023-05-27,S1053,PP04,12.0,12.0,0.0
2023-06-03,S1053,PP04,10.0,10.0,0.0
2023-06-10,S1053,PP04,10.0,10.0,0.0
2023-06-17,S1053,PP04,11.0,11.0,0.0
2023-06-24,S1053,PP04,10.0,10.0,0.0
2023-07-01,S1053,PP04,12.0,12.0,0.0
2023-07-08,S1053,PP04,11.0,11.0,0.0
2023-07-15,S1053,PP04,10.0,10.0,0.0
2023-07-22,S1053,PP04,11.0,11.0,0.0
2023-07-29,S1053,PP04,11.0,11.0,0.0
2023-08-05,S1053,PP04,10.0,10.0,0.0
2023-08-12,S1053,PP04,10.0,10.0,0.0
2023-08-19,S1053,PP04,12.0,12.0,0.0
2023-08-26,S1053,PP04,11.0,11.0,0.0
2023-09-02,S1053,PP04,9.0,9.0,0.0
2023-09-09,S1053,PP04,11.0,11.0,0.0
2023-09-16,S1053,PP04,10.0,10.0,0.0
2023-09-23,S1053,PP04,9.0,9.0,0.0
2023-09-30,S1053,PP04,9.0,9.0,0.0
2023-10-07,S1053,PP04,11.0,11.0,0.0
2023-10-14,S1053,PP04,9.0,9.0,0.0
2023-10-21,S1053,PP04,10.0,10.0,0.0
2023-10-28,S1053,PP04,12.0,12.0,0.0
2023-11-04,S1053,PP04,14.0,14.0,0.0
2023-11-11,S1053,PP04,13.0,13.0,0.0
2023-11-18,S1053,PP04,13.0,13.0,0.0
2023-11-25,S1053,PP04,17.0,17.0,0.0
2023-12-02,S1053,PP04,14.0,14.0,0.0
2023-12-09,S1053,PP04,17.0,17.0,0.0
2023-12-16,S1053,PP04,17.0,17.0,0.0
2023-12-23,S1053,PP04,13.0,13.0,0.0
2023-12-30,S1053,PP04,13.0,13.0,0.0
2024-01-06,S1053,PP04,10.0,10.0,0.0
2024-01-13,S1053,PP04,9.0,9.0,0.0
2024-01-20,S1053,PP04,7.0,7.0,0.0
2024-01-27,S1053,PP04,9.0,9.0,0.0
2024-02-03,S1053,PP04,9.0,9.0,0.0
2024-02-10,S1053,PP04,11.0,11.0,0.0
2024-02-17,S1053,PP04,10.0,10.0,0.0
2024-02-24,S1053,PP04,12.0,12.0,0.0
2024-03-02,S1053,PP04,11.0,11.0,0.0
2024-03-09,S1053,PP04,11.0,11.0,0.0
2024-03-16,S1053,PP04,12.0,12.0,0.0
2024-03-23,S1053,PP04,12.0,12.0,0.0
2024-03-30,S1053,PP04,11.0,11.0,0.0
2024-04-06,S1053,PP04,8.0,8.0,0.0
2024-04-13,S1053,PP04,10.0,10.0,0.0
2024-04-20,S1053,PP04,13.0,13.0,0.0
2024-04-27,S1053,PP04,10.0,10.0,0.0
2024-05-04,S1053,PP04,13.0,13.0,0.0
2024-05-11,S1053,PP04,13.0,13.0,0.0
2024-05-18,S1053,PP04,11.0,11.0,0.0
2024-05-25,S1053,PP04,9.0,9.0,0.0
2024-06-01,S1053,PP04,11.0,11.0,0.0
2024-06-08,S1053,PP04,14.0,14.0,0.0
2024-06-15,S1053,PP04,10.0,10.0,0.0
2024-06-22,S1053,PP04,10.0,10.0,0.0
2024-06-29,S1053,PP04,10.0,10.0,0.0
2024-07-06,S1053,PP04,12.0,12.0,0.0
2024-07-13,S1053,PP04,11.0,11.0,0.0
2024-07-20,S1053,PP04,10.0,10.0,0.0
2024-07-27,S1053,PP04,13.0,13.0,0.0
2024-08-03,S1053,PP04,12.0,12.0,0.0
2024-08-10,S1053,PP04,11.0,11.0,0.0
2024-08-17,S1053,PP04,10.0,10.0,0.0
2024-08-24,S1053,PP04,12.0,12.0,0.0
2024-08-31,S1053,PP04,11.0,11.0,0.0
2024-09-07,S1053,PP04,9.0,9.0,0.0
2024-09-14,S1053,PP04,9.0,9.0,0.0
2024-09-21,S1053,PP04,9.0,9.0,0.0
2024-09-28,S1053,PP04,9.0,9.0,0.0
2024-10-05,S1053,PP04,9.0,9.0,0.0
2024-10-12,S1053,PP04,10.0,10.0,0.0
2024-10-19,S1053,PP04,10.0,10.0,0.0
2024-10-26,S1053,PP04,11.0,11.0,0.0
2024-11-02,S1053,PP04,15.0,15.0,0.0
2024-11-09,S1053,PP04,13.0,13.0,0.0
2024-11-16,S1053,PP04,14.0,14.0,0.0
2024-11-23,S1053,PP04,16.0,16.0,0.0
2024-11-30,S1053,PP04,16.0,16.0,0.0
2024-12-07,S1053,PP04,18.0,18.0,0.0
2024-12-14,S1053,PP04,18.0,18.0,0.0
2024-12-21,S1053,PP04,15.0,15.0,0.0
2024-12-28,S1053,PP04,17.0,17.0,0.0
2025-01-04,S1053,PP04,12.0,12.0,0.0
2025-01-11,S1053,PP04,8.0,8.0,0.0
2025-01-18,S1053,PP04,9.0,9.0,0.0
2025-01-25,S1053,PP04,9.0,9.0,0.0
2025-02-01,S1053,PP04,10.0,10.0,0.0
2025-02-08,S1053,PP04,9.0,9.0,0.0
2025-02-15,S1053,PP04,9.0,9.0,0.0
2025-02-22,S1053,PP04,11.0,11.0,0.0
2025-03-01,S1053,PP04,12.0,12.0,0.0
2025-03-08,S1053,PP04,12.0,12.0,0.0
2025-03-15,S1053,PP04,12.0,12.0,0.0
2025-03-22,S1053,PP04,12.0,12.0,0.0
2025-03-29,S1053,PP04,11.0,11.0,0.0
2025-04-05,S1053,PP04,11.0,11.0,0.0
2025-04-12,S1053,PP04,12.0,12.0,0.0
2025-04-19,S1053,PP04,13.0,13.0,0.0
2025-04-26,S1053,PP04,12.0,12.0,0.0
2025-05-03,S1053,PP04,12.0,12.0,0.0
2025-05-10,S1053,PP04,14.0,14.0,0.0
2025-05-17,S1053,PP04,12.0,12.0,0.0
2025-05-24,S1053,PP04,12.0,12.0,0.0
2025-05-31,S1053,PP04,12.0,12.0,0.0
2025-06-07,S1053,PP04,12.0,12.0,0.0
2025-06-14,S1053,PP04,11.0,11.0,0.0
2025-06-21,S1053,PP04,12.0,12.0,0.0
2025-06-28,S1053,PP04,12.0,12.0,0.0
2025-07-05,S1053,PP04,14.0,14.0,0.0
2025-07-12,S1053,PP04,13.0,13.0,0.0
2025-07-19,S1053,PP04,11.0,11.0,0.0
2025-07-26,S1053,PP04,13.0,13.0,0.0
2025-08-02,S1053,PP04,13.0,13.0,0.0
2025-08-09,S1053,PP04,14.0,14.0,0.0
2025-08-16,S1053,PP04,12.0,12.0,0.0
2025-08-23,S1053,PP04,12.0,12.0,0.0
2025-08-30,S1053,PP04,12.0,12.0,0.0
2025-09-06,S1053,PP04,11.0,11.0,0.0
2025-09-13,S1053,PP04,10.0,10.0,0.0
2025-09-20,S1053,PP04,12.0,12.0,0.0
2025-09-27,S1053,PP04,12.0,12.0,0.0
2025-10-04,S1053,PP04,13.0,13.0,0.0
2025-10-11,S1053,PP04,12.0,12.0,0.0
2025-10-18,S1053,PP04,12.0,12.0,0.0
2025-10-25,S1053,PP04,14.0,14.0,0.0
2025-11-01,S1053,PP04,12.0,12.0,0.0
2025-11-08,S1053,PP04,15.0,15.0,0.0
2025-11-15,S1053,PP04,16.0,16.0,0.0
2025-11-22,S1053,PP04,18.0,18.0,0.0
2025-11-29,S1053,PP04,17.0,17.0,0.0
2025-12-06,S1053,PP04,17.0,17.0,0.0
2025-12-13,S1053,PP04,19.0,18.0,1.0
2025-12-20,S1053,PP04,17.0,18.0,0.0
2025-12-27,S1053,PP04,13.0,13.0,0.0
2026-01-03,S1053,PP04,14.0,14.0,0.0
2026-01-10,S1053,PP04,10.0,10.0,0.0
2026-01-17,S1053,PP04,9.0,9.0,0.0
2026-01-24,S1053,PP04,12.0,12.0,0.0
2026-01-31,S1053,PP04,10.0,10.0,0.0
2026-02-07,S1053,PP04,10.0,10.0,0.0
2026-02-14,S1053,PP04,10.0,10.0,0.0
2026-02-21,S1053,PP04,13.0,13.0,0.0
2026-02-28,S1053,PP04,14.0,14.0,0.0
2026-03-07,S1053,PP04,13.0,13.0,0.0
2026-03-14,S1053,PP04,14.0,14.0,0.0
2026-03-21,S1053,PP04,13.0,13.0,0.0
2026-03-28,S1053,PP04,13.0,13.0,0.0
2026-04-04,S1053,PP04,12.0,12.0,0.0
2026-04-11,S1053,PP04,13.0,13.0,0.0
2026-04-18,S1053,PP04,13.0,13.0,0.0
2026-04-25,S1053,PP04,12.0,12.0,0.0
2026-05-02,S1053,PP04,14.0,14.0,0.0
2026-05-09,S1053,PP04,15.0,15.0,0.0
2026-05-16,S1053,PP04,13.0,13.0,0.0
2026-05-23,S1053,PP04,12.0,12.0,0.0
2026-05-30,S1053,PP04,13.0,13.0,0.0
2026-06-06,S1053,PP04,12.0,12.0,0.0
2026-06-13,S1053,PP04,11.0,11.0,0.0
2026-06-20,S1053,PP04,14.0,14.0,0.0
2026-06-27,S1053,PP04,12.0,12.0,0.0
2026-07-04,S1053,PP04,12.0,12.0,0.0
2026-07-11,S1053,PP04,12.0,12.0,0.0
2026-07-18,S1053,PP04,14.0,14.0,0.0
2026-07-25,S1053,PP04,14.0,14.0,0.0
2022-08-06,S1054,PP04,13.0,13.0,0.0
2022-08-13,S1054,PP04,12.0,12.0,0.0
2022-08-20,S1054,PP04,13.0,13.0,0.0
2022-08-27,S1054,PP04,14.0,14.0,0.0
2022-09-03,S1054,PP04,13.0,13.0,0.0
2022-09-10,S1054,PP04,13.0,13.0,0.0
2022-09-17,S1054,PP04,13.0,13.0,0.0
2022-09-24,S1054,PP04,13.0,13.0,0.0
2022-10-01,S1054,PP04,12.0,12.0,0.0
2022-10-08,S1054,PP04,13.0,13.0,0.0
2022-10-15,S1054,PP04,12.0,12.0,0.0
2022-10-22,S1054,PP04,17.0,17.0,0.0
2022-10-29,S1054,PP04,14.0,14.0,0.0
2022-11-05,S1054,PP04,15.0,15.0,0.0
2022-11-12,S1054,PP04,16.0,16.0,0.0
2022-11-19,S1054,PP04,16.0,16.0,0.0
2022-11-26,S1054,PP04,18.0,18.0,0.0
2022-12-03,S1054,PP04,19.0,19.0,0.0
2022-12-10,S1054,PP04,18.0,18.0,0.0
2022-12-17,S1054,PP04,20.0,20.0,0.0
2022-12-24,S1054,PP04,14.0,14.0,0.0
2022-12-31,S1054,PP04,17.0,17.0,0.0
2023-01-07,S1054,PP04,13.0,13.0,0.0
2023-01-14,S1054,PP04,11.0,11.0,0.0
2023-01-21,S1054,PP04,9.0,9.0,0.0
2023-01-28,S1054,PP04,10.0,10.0,0.0
2023-02-04,S1054,PP04,13.0,13.0,0.0
2023-02-11,S1054,PP04,18.0,18.0,0.0
2023-02-18,S1054,PP04,14.0,14.0,0.0
2023-02-25,S1054,PP04,14.0,14.0,0.0
2023-03-04,S1054,PP04,13.0,13.0,0.0
2023-03-11,S1054,PP04,12.0,12.0,0.0
2023-03-18,S1054,PP04,14.0,14.0,0.0
2023-03-25,S1054,PP04,11.0,11.0,0.0
2023-04-01,S1054,PP04,11.0,11.0,0.0
2023-04-08,S1054,PP04,11.0,11.0,0.0
2023-04-15,S1054,PP04,14.0,14.0,0.0
2023-04-22,S1054,PP04,13.0,13.0,0.0
2023-04-29,S1054,PP04,13.0,13.0,0.0
2023-05-06,S1054,PP04,13.0,13.0,0.0
2023-05-13,S1054,PP04,12.0,12.0,0.0
2023-05-20,S1054,PP04,13.0,13.0,0.0
2023-05-27,S1054,PP04,12.0,12.0,0.0
2023-06-03,S1054,PP04,11.0,11.0,0.0
2023-06-10,S1054,PP04,12.0,12.0,0.0
2023-06-17,S1054,PP04,12.0,12.0,0.0
2023-06-24,S1054,PP04,14.0,14.0,0.0
2023-07-01,S1054,PP04,14.0,14.0,0.0
2023-07-08,S1054,PP04,11.0,11.0,0.0
2023-07-15,S1054,PP04,13.0,13.0,0.0
2023-07-22,S1054,PP04,16.0,16.0,0.0
2023-07-29,S1054,PP04,12.0,12.0,0.0
2023-08-05,S1054,PP04,14.0,14.0,0.0
2023-08-12,S1054,PP04,14.0,14.0,0.0
2023-08-19,S1054,PP04,15.0,15.0,0.0
2023-08-26,S1054,PP04,14.0,14.0,0.0
2023-09-02,S1054,PP04,12.0,12.0,0.0
2023-09-09,S1054,PP04,13.0,13.0,0.0
2023-09-16,S1054,PP04,13.0,13.0,0.0
2023-09-23,S1054,PP04,12.0,12.0,0.0
2023-09-30,S1054,PP04,11.0,11.0,0.0
2023-10-07,S1054,PP04,14.0,14.0,0.0
2023-10-14,S1054,PP04,14.0,14.0,0.0
2023-10-21,S1054,PP04,12.0,12.0,0.0
2023-10-28,S1054,PP04,13.0,13.0,0.0
2023-11-04,S1054,PP04,14.0,14.0,0.0
2023-11-11,S1054,PP04,14.0,14.0,0.0
2023-11-18,S1054,PP04,14.0,14.0,0.0
2023-11-25,S1054,PP04,17.0,17.0,0.0
2023-12-02,S1054,PP04,18.0,18.0,0.0
2023-12-09,S1054,PP04,18.0,18.0,0.0
2023-12-16,S1054,PP04,20.0,20.0,0.0
2023-12-23,S1054,PP04,19.0,19.0,0.0
2023-12-30,S1054,PP04,16.0,16.0,0.0
2024-01-06,S1054,PP04,12.0,12.0,0.0
2024-01-13,S1054,PP04,8.0,8.0,0.0
2024-01-20,S1054,PP04,11.0,11.0,0.0
2024-01-27,S1054,PP04,11.0,11.0,0.0
2024-02-03,S1054,PP04,12.0,12.0,0.0
2024-02-10,S1054,PP04,15.0,15.0,0.0
2024-02-17,S1054,PP04,11.0,11.0,0.0
2024-02-24,S1054,PP04,9.0,9.0,0.0
2024-03-02,S1054,PP04,11.0,11.0,0.0
2024-03-09,S1054,PP04,14.0,14.0,0.0
2024-03-16,S1054,PP04,13.0,13.0,0.0
2024-03-23,S1054,PP04,11.0,11.0,0.0
2024-03-30,S1054,PP04,11.0,11.0,0.0
2024-04-06,S1054,PP04,12.0,12.0,0.0
2024-04-13,S1054,PP04,11.0,11.0,0.0
2024-04-20,S1054,PP04,14.0,14.0,0.0
2024-04-27,S1054,PP04,13.0,13.0,0.0
2024-05-04,S1054,PP04,13.0,13.0,0.0
2024-05-11,S1054,PP04,13.0,13.0,0.0
2024-05-18,S1054,PP04,14.0,14.0,0.0
2024-05-25,S1054,PP04,14.0,14.0,0.0
2024-06-01,S1054,PP04,14.0,14.0,0.0
2024-06-08,S1054,PP04,14.0,14.0,0.0
2024-06-15,S1054,PP04,13.0,13.0,0.0
2024-06-22,S1054,PP04,12.0,12.0,0.0
2024-06-29,S1054,PP04,12.0,12.0,0.0
2024-07-06,S1054,PP04,13.0,13.0,0.0
2024-07-13,S1054,PP04,16.0,16.0,0.0
2024-07-20,S1054,PP04,12.0,12.0,0.0
2024-07-27,S1054,PP04,13.0,13.0,0.0
2024-08-03,S1054,PP04,14.0,14.0,0.0
2024-08-10,S1054,PP04,14.0,14.0,0.0
2024-08-17,S1054,PP04,15.0,15.0,0.0
2024-08-24,S1054,PP04,13.0,13.0,0.0
2024-08-31,S1054,PP04,13.0,13.0,0.0
2024-09-07,S1054,PP04,14.0,14.0,0.0
2024-09-14,S1054,PP04,15.0,15.0,0.0
2024-09-21,S1054,PP04,14.0,14.0,0.0
2024-09-28,S1054,PP04,13.0,13.0,0.0
2024-10-05,S1054,PP04,13.0,13.0,0.0
2024-10-12,S1054,PP04,13.0,13.0,0.0
2024-10-19,S1054,PP04,14.0,14.0,0.0
2024-10-26,S1054,PP04,13.0,13.0,0.0
2024-11-02,S1054,PP04,16.0,16.0,0.0
2024-11-09,S1054,PP04,16.0,16.0,0.0
2024-11-16,S1054,PP04,17.0,17.0,0.0
2024-11-23,S1054,PP04,16.0,16.0,0.0
2024-11-30,S1054,PP04,19.0,19.0,0.0
2024-12-07,S1054,PP04,17.0,17.0,0.0
2024-12-14,S1054,PP04,20.0,20.0,0.0
2024-12-21,S1054,PP04,17.0,17.0,0.0
2024-12-28,S1054,PP04,16.0,16.0,0.0
2025-01-04,S1054,PP04,16.0,16.0,0.0
2025-01-11,S1054,PP04,11.0,11.0,0.0
2025-01-18,S1054,PP04,12.0,12.0,0.0
2025-01-25,S1054,PP04,12.0,12.0,0.0
2025-02-01,S1054,PP04,13.0,13.0,0.0
2025-02-08,S1054,PP04,15.0,15.0,0.0
2025-02-15,S1054,PP04,12.0,12.0,0.0
2025-02-22,S1054,PP04,12.0,12.0,0.0
2025-03-01,S1054,PP04,14.0,14.0,0.0
2025-03-08,S1054,PP04,13.0,13.0,0.0
2025-03-15,S1054,PP04,14.0,14.0,0.0
2025-03-22,S1054,PP04,13.0,13.0,0.0
2025-03-29,S1054,PP04,13.0,13.0,0.0
2025-04-05,S1054,PP04,16.0,16.0,0.0
2025-04-12,S1054,PP04,12.0,12.0,0.0
2025-04-19,S1054,PP04,15.0,15.0,0.0
2025-04-26,S1054,PP04,15.0,15.0,0.0
2025-05-03,S1054,PP04,12.0,12.0,0.0
2025-05-10,S1054,PP04,14.0,14.0,0.0
2025-05-17,S1054,PP04,14.0,14.0,0.0
2025-05-24,S1054,PP04,15.0,15.0,0.0
2025-05-31,S1054,PP04,14.0,14.0,0.0
2025-06-07,S1054,PP04,14.0,14.0,0.0
2025-06-14,S1054,PP04,12.0,12.0,0.0
2025-06-21,S1054,PP04,18.0,18.0,0.0
2025-06-28,S1054,PP04,14.0,14.0,0.0
2025-07-05,S1054,PP04,15.0,15.0,0.0
2025-07-12,S1054,PP04,14.0,14.0,0.0
2025-07-19,S1054,PP04,14.0,14.0,0.0
2025-07-26,S1054,PP04,18.0,18.0,0.0
2025-08-02,S1054,PP04,12.0,12.0,0.0
2025-08-09,S1054,PP04,15.0,15.0,0.0
2025-08-16,S1054,PP04,13.0,13.0,0.0
2025-08-23,S1054,PP04,14.0,14.0,0.0
2025-08-30,S1054,PP04,13.0,13.0,0.0
2025-09-06,S1054,PP04,12.0,12.0,0.0
2025-09-13,S1054,PP04,13.0,13.0,0.0
2025-09-20,S1054,PP04,10.0,10.0,0.0
2025-09-27,S1054,PP04,13.0,13.0,0.0
2025-10-04,S1054,PP04,14.0,14.0,0.0
2025-10-11,S1054,PP04,12.0,12.0,0.0
2025-10-18,S1054,PP04,17.0,17.0,0.0
2025-10-25,S1054,PP04,14.0,14.0,0.0
2025-11-01,S1054,PP04,16.0,16.0,0.0
2025-11-08,S1054,PP04,16.0,16.0,0.0
2025-11-15,S1054,PP04,17.0,17.0,0.0
2025-11-22,S1054,PP04,22.0,21.0,1.0
2025-11-29,S1054,PP04,26.0,21.0,6.0
2025-12-06,S1054,PP04,23.0,21.0,8.0
2025-12-13,S1054,PP04,25.0,21.0,12.0
2025-12-20,S1054,PP04,23.0,21.0,14.0
2025-12-27,S1054,PP04,17.0,21.0,10.0
2026-01-03,S1054,PP04,17.0,21.0,6.0
2026-01-10,S1054,PP04,13.0,19.0,0.0
2026-01-17,S1054,PP04,12.0,12.0,0.0
2026-01-24,S1054,PP04,12.0,12.0,0.0
2026-01-31,S1054,PP04,10.0,10.0,0.0
2026-02-07,S1054,PP04,13.0,13.0,0.0
2026-02-14,S1054,PP04,12.0,12.0,0.0
2026-02-21,S1054,PP04,12.0,12.0,0.0
2026-02-28,S1054,PP04,14.0,14.0,0.0
2026-03-07,S1054,PP04,13.0,13.0,0.0
2026-03-14,S1054,PP04,14.0,14.0,0.0
2026-03-21,S1054,PP04,15.0,15.0,0.0
2026-03-28,S1054,PP04,15.0,15.0,0.0
2026-04-04,S1054,PP04,13.0,13.0,0.0
2026-04-11,S1054,PP04,16.0,16.0,0.0
2026-04-18,S1054,PP04,14.0,14.0,0.0
2026-04-25,S1054,PP04,16.0,16.0,0.0
2026-05-02,S1054,PP04,14.0,14.0,0.0
2026-05-09,S1054,PP04,15.0,15.0,0.0
2026-05-16,S1054,PP04,17.0,17.0,0.0
2026-05-23,S1054,PP04,17.0,17.0,0.0
2026-05-30,S1054,PP04,14.0,14.0,0.0
2026-06-06,S1054,PP04,14.0,14.0,0.0
2026-06-13,S1054,PP04,13.0,13.0,0.0
2026-06-20,S1054,PP04,14.0,14.0,0.0
2026-06-27,S1054,PP04,13.0,13.0,0.0
2026-07-04,S1054,PP04,15.0,15.0,0.0
2026-07-11,S1054,PP04,16.0,16.0,0.0
2026-07-18,S1054,PP04,14.0,14.0,0.0
2026-07-25,S1054,PP04,15.0,15.0,0.0
2022-08-06,S1055,PP04,12.0,12.0,0.0
2022-08-13,S1055,PP04,14.0,14.0,0.0
2022-08-20,S1055,PP04,12.0,12.0,0.0
2022-08-27,S1055,PP04,12.0,12.0,0.0
2022-09-03,S1055,PP04,11.0,11.0,0.0
2022-09-10,S1055,PP04,11.0,11.0,0.0
2022-09-17,S1055,PP04,12.0,12.0,0.0
2022-09-24,S1055,PP04,12.0,12.0,0.0
2022-10-01,S1055,PP04,12.0,12.0,0.0
2022-10-08,S1055,PP04,14.0,14.0,0.0
2022-10-15,S1055,PP04,14.0,14.0,0.0
2022-10-22,S1055,PP04,11.0,11.0,0.0
2022-10-29,S1055,PP04,14.0,14.0,0.0
2022-11-05,S1055,PP04,14.0,14.0,0.0
2022-11-12,S1055,PP04,14.0,14.0,0.0
2022-11-19,S1055,PP04,16.0,16.0,0.0
2022-11-26,S1055,PP04,14.0,14.0,0.0
2022-12-03,S1055,PP04,21.0,18.0,3.0
2022-12-10,S1055,PP04,20.0,18.0,5.0
2022-12-17,S1055,PP04,16.0,18.0,3.0
2022-12-24,S1055,PP04,15.0,18.0,0.0
2022-12-31,S1055,PP04,11.0,11.0,0.0
2023-01-07,S1055,PP04,11.0,11.0,0.0
2023-01-14,S1055,PP04,9.0,9.0,0.0
2023-01-21,S1055,PP04,9.0,9.0,0.0
2023-01-28,S1055,PP04,11.0,11.0,0.0
2023-02-04,S1055,PP04,12.0,12.0,0.0
2023-02-11,S1055,PP04,11.0,11.0,0.0
2023-02-18,S1055,PP04,11.0,11.0,0.0
2023-02-25,S1055,PP04,12.0,12.0,0.0
2023-03-04,S1055,PP04,12.0,12.0,0.0
2023-03-11,S1055,PP04,11.0,11.0,0.0
2023-03-18,S1055,PP04,11.0,11.0,0.0
2023-03-25,S1055,PP04,12.0,12.0,0.0
2023-04-01,S1055,PP04,13.0,13.0,0.0
2023-04-08,S1055,PP04,12.0,12.0,0.0
2023-04-15,S1055,PP04,13.0,13.0,0.0
2023-04-22,S1055,PP04,11.0,11.0,0.0
2023-04-29,S1055,PP04,13.0,13.0,0.0
2023-05-06,S1055,PP04,13.0,13.0,0.0
2023-05-13,S1055,PP04,17.0,17.0,0.0
2023-05-20,S1055,PP04,12.0,12.0,0.0
2023-05-27,S1055,PP04,13.0,13.0,0.0
2023-06-03,S1055,PP04,17.0,17.0,0.0
2023-06-10,S1055,PP04,13.0,13.0,0.0
2023-06-17,S1055,PP04,12.0,12.0,0.0
2023-06-24,S1055,PP04,11.0,11.0,0.0
2023-07-01,S1055,PP04,14.0,14.0,0.0
2023-07-08,S1055,PP04,11.0,11.0,0.0
2023-07-15,S1055,PP04,13.0,13.0,0.0
2023-07-22,S1055,PP04,12.0,12.0,0.0
2023-07-29,S1055,PP04,12.0,12.0,0.0
2023-08-05,S1055,PP04,11.0,11.0,0.0
2023-08-12,S1055,PP04,15.0,15.0,0.0
2023-08-19,S1055,PP04,12.0,12.0,0.0
2023-08-26,S1055,PP04,11.0,11.0,0.0
2023-09-02,S1055,PP04,14.0,14.0,0.0
2023-09-09,S1055,PP04,11.0,11.0,0.0
2023-09-16,S1055,PP04,12.0,12.0,0.0
2023-09-23,S1055,PP04,13.0,13.0,0.0
2023-09-30,S1055,PP04,12.0,12.0,0.0
2023-10-07,S1055,PP04,9.0,9.0,0.0
2023-10-14,S1055,PP04,13.0,13.0,0.0
2023-10-21,S1055,PP04,12.0,12.0,0.0
2023-10-28,S1055,PP04,13.0,13.0,0.0
2023-11-04,S1055,PP04,14.0,14.0,0.0
2023-11-11,S1055,PP04,12.0,12.0,0.0
2023-11-18,S1055,PP04,16.0,16.0,0.0
2023-11-25,S1055,PP04,15.0,15.0,0.0
2023-12-02,S1055,PP04,18.0,18.0,0.0
2023-12-09,S1055,PP04,20.0,18.0,2.0
2023-12-16,S1055,PP04,21.0,18.0,5.0
2023-12-23,S1055,PP04,15.0,18.0,2.0
2023-12-30,S1055,PP04,16.0,18.0,0.0
2024-01-06,S1055,PP04,13.0,13.0,0.0
2024-01-13,S1055,PP04,9.0,9.0,0.0
2024-01-20,S1055,PP04,9.0,9.0,0.0
2024-01-27,S1055,PP04,9.0,9.0,0.0
2024-02-03,S1055,PP04,11.0,11.0,0.0
2024-02-10,S1055,PP04,11.0,11.0,0.0
2024-02-17,S1055,PP04,13.0,13.0,0.0
2024-02-24,S1055,PP04,11.0,11.0,0.0
2024-03-02,S1055,PP04,11.0,11.0,0.0
2024-03-09,S1055,PP04,12.0,12.0,0.0
2024-03-16,S1055,PP04,11.0,11.0,0.0
2024-03-23,S1055,PP04,12.0,12.0,0.0
2024-03-30,S1055,PP04,13.0,13.0,0.0
2024-04-06,S1055,PP04,12.0,12.0,0.0
2024-04-13,S1055,PP04,12.0,12.0,0.0
2024-04-20,S1055,PP04,13.0,13.0,0.0
2024-04-27,S1055,PP04,11.0,11.0,0.0
2024-05-04,S1055,PP04,14.0,14.0,0.0
2024-05-11,S1055,PP04,14.0,14.0,0.0
2024-05-18,S1055,PP04,15.0,15.0,0.0
2024-05-25,S1055,PP04,14.0,14.0,0.0
2024-06-01,S1055,PP04,13.0,13.0,0.0
2024-06-08,S1055,PP04,14.0,14.0,0.0
2024-06-15,S1055,PP04,12.0,12.0,0.0
2024-06-22,S1055,PP04,13.0,13.0,0.0
2024-06-29,S1055,PP04,12.0,12.0,0.0
2024-07-06,S1055,PP04,13.0,13.0,0.0
2024-07-13,S1055,PP04,12.0,12.0,0.0
2024-07-20,S1055,PP04,15.0,15.0,0.0
2024-07-27,S1055,PP04,16.0,16.0,0.0
2024-08-03,S1055,PP04,14.0,14.0,0.0
2024-08-10,S1055,PP04,16.0,16.0,0.0
2024-08-17,S1055,PP04,11.0,11.0,0.0
2024-08-24,S1055,PP04,11.0,11.0,0.0
2024-08-31,S1055,PP04,12.0,12.0,0.0
2024-09-07,S1055,PP04,12.0,12.0,0.0
2024-09-14,S1055,PP04,12.0,12.0,0.0
2024-09-21,S1055,PP04,10.0,10.0,0.0
2024-09-28,S1055,PP04,14.0,14.0,0.0
2024-10-05,S1055,PP04,15.0,15.0,0.0
2024-10-12,S1055,PP04,14.0,14.0,0.0
2024-10-19,S1055,PP04,15.0,15.0,0.0
2024-10-26,S1055,PP04,14.0,14.0,0.0
2024-11-02,S1055,PP04,13.0,13.0,0.0
2024-11-09,S1055,PP04,15.0,15.0,0.0
2024-11-16,S1055,PP04,19.0,18.0,1.0
2024-11-23,S1055,PP04,16.0,17.0,0.0
2024-11-30,S1055,PP04,17.0,17.0,0.0
2024-12-07,S1055,PP04,22.0,18.0,4.0
2024-12-14,S1055,PP04,22.0,18.0,8.0
2024-12-21,S1055,PP04,16.0,18.0,6.0
2024-12-28,S1055,PP04,15.0,18.0,3.0
2025-01-04,S1055,PP04,12.0,15.0,0.0
2025-01-11,S1055,PP04,10.0,10.0,0.0
2025-01-18,S1055,PP04,11.0,11.0,0.0
2025-01-25,S1055,PP04,10.0,10.0,0.0
2025-02-01,S1055,PP04,12.0,12.0,0.0
2025-02-08,S1055,PP04,12.0,12.0,0.0
2025-02-15,S1055,PP04,15.0,15.0,0.0
2025-02-22,S1055,PP04,12.0,12.0,0.0
2025-03-01,S1055,PP04,12.0,12.0,0.0
2025-03-08,S1055,PP04,13.0,13.0,0.0
2025-03-15,S1055,PP04,12.0,12.0,0.0
2025-03-22,S1055,PP04,11.0,11.0,0.0
2025-03-29,S1055,PP04,13.0,13.0,0.0
2025-04-05,S1055,PP04,13.0,13.0,0.0
2025-04-12,S1055,PP04,11.0,11.0,0.0
2025-04-19,S1055,PP04,13.0,13.0,0.0
2025-04-26,S1055,PP04,11.0,11.0,0.0
2025-05-03,S1055,PP04,13.0,13.0,0.0
2025-05-10,S1055,PP04,14.0,14.0,0.0
2025-05-17,S1055,PP04,14.0,14.0,0.0
2025-05-24,S1055,PP04,13.0,13.0,0.0
2025-05-31,S1055,PP04,13.0,13.0,0.0
2025-06-07,S1055,PP04,12.0,12.0,0.0
2025-06-14,S1055,PP04,13.0,13.0,0.0
2025-06-21,S1055,PP04,13.0,13.0,0.0
2025-06-28,S1055,PP04,12.0,12.0,0.0
2025-07-05,S1055,PP04,14.0,14.0,0.0
2025-07-12,S1055,PP04,14.0,14.0,0.0
2025-07-19,S1055,PP04,14.0,14.0,0.0
2025-07-26,S1055,PP04,18.0,18.0,0.0
2025-08-02,S1055,PP04,14.0,14.0,0.0
2025-08-09,S1055,PP04,14.0,14.0,0.0
2025-08-16,S1055,PP04,14.0,14.0,0.0
2025-08-23,S1055,PP04,12.0,12.0,0.0
2025-08-30,S1055,PP04,14.0,14.0,0.0
2025-09-06,S1055,PP04,12.0,12.0,0.0
2025-09-13,S1055,PP04,12.0,12.0,0.0
2025-09-20,S1055,PP04,12.0,12.0,0.0
2025-09-27,S1055,PP04,12.0,12.0,0.0
2025-10-04,S1055,PP04,11.0,11.0,0.0
2025-10-11,S1055,PP04,13.0,13.0,0.0
2025-10-18,S1055,PP04,15.0,15.0,0.0
2025-10-25,S1055,PP04,15.0,15.0,0.0
2025-11-01,S1055,PP04,18.0,18.0,0.0
2025-11-08,S1055,PP04,17.0,17.0,0.0
2025-11-15,S1055,PP04,18.0,18.0,0.0
2025-11-22,S1055,PP04,22.0,18.0,4.0
2025-11-29,S1055,PP04,19.0,18.0,5.0
2025-12-06,S1055,PP04,20.0,18.0,7.0
2025-12-13,S1055,PP04,21.0,18.0,10.0
2025-12-20,S1055,PP04,22.0,18.0,14.0
2025-12-27,S1055,PP04,16.0,18.0,12.0
2026-01-03,S1055,PP04,13.0,18.0,7.0
2026-01-10,S1055,PP04,12.0,18.0,1.0
2026-01-17,S1055,PP04,10.0,11.0,0.0
2026-01-24,S1055,PP04,12.0,12.0,0.0
2026-01-31,S1055,PP04,12.0,12.0,0.0
2026-02-07,S1055,PP04,12.0,12.0,0.0
2026-02-14,S1055,PP04,13.0,13.0,0.0
2026-02-21,S1055,PP04,11.0,11.0,0.0
2026-02-28,S1055,PP04,13.0,13.0,0.0
2026-03-07,S1055,PP04,13.0,13.0,0.0
2026-03-14,S1055,PP04,18.0,18.0,0.0
2026-03-21,S1055,PP04,14.0,14.0,0.0
2026-03-28,S1055,PP04,13.0,13.0,0.0
2026-04-04,S1055,PP04,12.0,12.0,0.0
2026-04-11,S1055,PP04,16.0,16.0,0.0
2026-04-18,S1055,PP04,13.0,13.0,0.0
2026-04-25,S1055,PP04,13.0,13.0,0.0
2026-05-02,S1055,PP04,15.0,15.0,0.0
2026-05-09,S1055,PP04,16.0,16.0,0.0
2026-05-16,S1055,PP04,16.0,16.0,0.0
2026-05-23,S1055,PP04,15.0,15.0,0.0
2026-05-30,S1055,PP04,15.0,15.0,0.0
2026-06-06,S1055,PP04,14.0,14.0,0.0
2026-06-13,S1055,PP04,14.0,14.0,0.0
2026-06-20,S1055,PP04,15.0,15.0,0.0
2026-06-27,S1055,PP04,16.0,16.0,0.0
2026-07-04,S1055,PP04,14.0,14.0,0.0
2026-07-11,S1055,PP04,13.0,13.0,0.0
2026-07-18,S1055,PP04,14.0,14.0,0.0
2026-07-25,S1055,PP04,15.0,15.0,0.0
2022-08-06,S1056,PP04,6.0,6.0,0.0
2022-08-13,S1056,PP04,6.0,6.0,0.0
2022-08-20,S1056,PP04,8.0,8.0,0.0
2022-08-27,S1056,PP04,9.0,9.0,0.0
2022-09-03,S1056,PP04,6.0,6.0,0.0
2022-09-10,S1056,PP04,7.0,7.0,0.0
2022-09-17,S1056,PP04,7.0,7.0,0.0
2022-09-24,S1056,PP04,7.0,7.0,0.0
2022-10-01,S1056,PP04,7.0,7.0,0.0
2022-10-08,S1056,PP04,6.0,6.0,0.0
2022-10-15,S1056,PP04,7.0,7.0,0.0
2022-10-22,S1056,PP04,7.0,7.0,0.0
2022-10-29,S1056,PP04,8.0,8.0,0.0
2022-11-05,S1056,PP04,7.0,7.0,0.0
2022-11-12,S1056,PP04,9.0,9.0,0.0
2022-11-19,S1056,PP04,9.0,9.0,0.0
2022-11-26,S1056,PP04,10.0,10.0,0.0
2022-12-03,S1056,PP04,11.0,11.0,0.0
2022-12-10,S1056,PP04,11.0,11.0,0.0
2022-12-17,S1056,PP04,12.0,12.0,0.0
2022-12-24,S1056,PP04,9.0,9.0,0.0
2022-12-31,S1056,PP04,7.0,7.0,0.0
2023-01-07,S1056,PP04,6.0,6.0,0.0
2023-01-14,S1056,PP04,6.0,6.0,0.0
2023-01-21,S1056,PP04,5.0,5.0,0.0
2023-01-28,S1056,PP04,5.0,5.0,0.0
2023-02-04,S1056,PP04,7.0,7.0,0.0
2023-02-11,S1056,PP04,6.0,6.0,0.0
2023-02-18,S1056,PP04,6.0,6.0,0.0
2023-02-25,S1056,PP04,8.0,8.0,0.0
2023-03-04,S1056,PP04,7.0,7.0,0.0
2023-03-11,S1056,PP04,8.0,8.0,0.0
2023-03-18,S1056,PP04,7.0,7.0,0.0
2023-03-25,S1056,PP04,8.0,8.0,0.0
2023-04-01,S1056,PP04,7.0,7.0,0.0
2023-04-08,S1056,PP04,6.0,6.0,0.0
2023-04-15,S1056,PP04,7.0,7.0,0.0
2023-04-22,S1056,PP04,7.0,7.0,0.0
2023-04-29,S1056,PP04,8.0,8.0,0.0
2023-05-06,S1056,PP04,6.0,6.0,0.0
2023-05-13,S1056,PP04,8.0,8.0,0.0
2023-05-20,S1056,PP04,7.0,7.0,0.0
2023-05-27,S1056,PP04,8.0,8.0,0.0
2023-06-03,S1056,PP04,8.0,8.0,0.0
2023-06-10,S1056,PP04,8.0,8.0,0.0
2023-06-17,S1056,PP04,8.0,8.0,0.0
2023-06-24,S1056,PP04,8.0,8.0,0.0
2023-07-01,S1056,PP04,8.0,8.0,0.0
2023-07-08,S1056,PP04,7.0,7.0,0.0
2023-07-15,S1056,PP04,10.0,10.0,0.0
2023-07-22,S1056,PP04,7.0,7.0,0.0
2023-07-29,S1056,PP04,7.0,7.0,0.0
2023-08-05,S1056,PP04,9.0,9.0,0.0
2023-08-12,S1056,PP04,9.0,9.0,0.0
2023-08-19,S1056,PP04,8.0,8.0,0.0
2023-08-26,S1056,PP04,8.0,8.0,0.0
2023-09-02,S1056,PP04,6.0,6.0,0.0
2023-09-09,S1056,PP04,9.0,9.0,0.0
2023-09-16,S1056,PP04,7.0,7.0,0.0
2023-09-23,S1056,PP04,8.0,8.0,0.0
2023-09-30,S1056,PP04,6.0,6.0,0.0
2023-10-07,S1056,PP04,7.0,7.0,0.0
2023-10-14,S1056,PP04,7.0,7.0,0.0
2023-10-21,S1056,PP04,8.0,8.0,0.0
2023-10-28,S1056,PP04,8.0,8.0,0.0
2023-11-04,S1056,PP04,9.0,9.0,0.0
2023-11-11,S1056,PP04,8.0,8.0,0.0
2023-11-18,S1056,PP04,9.0,9.0,0.0
2023-11-25,S1056,PP04,10.0,10.0,0.0
2023-12-02,S1056,PP04,12.0,12.0,0.0
2023-12-09,S1056,PP04,13.0,12.0,1.0
2023-12-16,S1056,PP04,12.0,12.0,1.0
2023-12-23,S1056,PP04,9.0,10.0,0.0
2023-12-30,S1056,PP04,9.0,9.0,0.0
2024-01-06,S1056,PP04,9.0,9.0,0.0
2024-01-13,S1056,PP04,7.0,7.0,0.0
2024-01-20,S1056,PP04,5.0,5.0,0.0
2024-01-27,S1056,PP04,6.0,6.0,0.0
2024-02-03,S1056,PP04,7.0,7.0,0.0
2024-02-10,S1056,PP04,7.0,7.0,0.0
2024-02-17,S1056,PP04,7.0,7.0,0.0
2024-02-24,S1056,PP04,7.0,7.0,0.0
2024-03-02,S1056,PP04,8.0,8.0,0.0
2024-03-09,S1056,PP04,7.0,7.0,0.0
2024-03-16,S1056,PP04,8.0,8.0,0.0
2024-03-23,S1056,PP04,7.0,7.0,0.0
2024-03-30,S1056,PP04,7.0,7.0,0.0
2024-04-06,S1056,PP04,8.0,8.0,0.0
2024-04-13,S1056,PP04,6.0,6.0,0.0
2024-04-20,S1056,PP04,7.0,7.0,0.0
2024-04-27,S1056,PP04,7.0,7.0,0.0
2024-05-04,S1056,PP04,10.0,10.0,0.0
2024-05-11,S1056,PP04,8.0,8.0,0.0
2024-05-18,S1056,PP04,7.0,7.0,0.0
2024-05-25,S1056,PP04,8.0,8.0,0.0
2024-06-01,S1056,PP04,8.0,8.0,0.0
2024-06-08,S1056,PP04,8.0,8.0,0.0
2024-06-15,S1056,PP04,10.0,10.0,0.0
2024-06-22,S1056,PP04,9.0,9.0,0.0
2024-06-29,S1056,PP04,8.0,8.0,0.0
2024-07-06,S1056,PP04,7.0,7.0,0.0
2024-07-13,S1056,PP04,9.0,9.0,0.0
2024-07-20,S1056,PP04,7.0,7.0,0.0
2024-07-27,S1056,PP04,7.0,7.0,0.0
2024-08-03,S1056,PP04,8.0,8.0,0.0
2024-08-10,S1056,PP04,7.0,7.0,0.0
2024-08-17,S1056,PP04,8.0,8.0,0.0
2024-08-24,S1056,PP04,8.0,8.0,0.0
2024-08-31,S1056,PP04,8.0,8.0,0.0
2024-09-07,S1056,PP04,7.0,7.0,0.0
2024-09-14,S1056,PP04,6.0,6.0,0.0
2024-09-21,S1056,PP04,6.0,6.0,0.0
2024-09-28,S1056,PP04,8.0,8.0,0.0
2024-10-05,S1056,PP04,7.0,7.0,0.0
2024-10-12,S1056,PP04,7.0,7.0,0.0
2024-10-19,S1056,PP04,8.0,8.0,0.0
2024-10-26,S1056,PP04,9.0,9.0,0.0
2024-11-02,S1056,PP04,10.0,10.0,0.0
2024-11-09,S1056,PP04,8.0,8.0,0.0
2024-11-16,S1056,PP04,10.0,10.0,0.0
2024-11-23,S1056,PP04,11.0,11.0,0.0
2024-11-30,S1056,PP04,10.0,10.0,0.0
2024-12-07,S1056,PP04,12.0,12.0,0.0
2024-12-14,S1056,PP04,12.0,12.0,0.0
2024-12-21,S1056,PP04,9.0,9.0,0.0
2024-12-28,S1056,PP04,9.0,9.0,0.0
2025-01-04,S1056,PP04,8.0,8.0,0.0
2025-01-11,S1056,PP04,7.0,7.0,0.0
2025-01-18,S1056,PP04,6.0,6.0,0.0
2025-01-25,S1056,PP04,6.0,6.0,0.0
2025-02-01,S1056,PP04,8.0,8.0,0.0
2025-02-08,S1056,PP04,9.0,9.0,0.0
2025-02-15,S1056,PP04,8.0,8.0,0.0
2025-02-22,S1056,PP04,7.0,7.0,0.0
2025-03-01,S1056,PP04,8.0,8.0,0.0
2025-03-08,S1056,PP04,7.0,7.0,0.0
2025-03-15,S1056,PP04,8.0,8.0,0.0
2025-03-22,S1056,PP04,7.0,7.0,0.0
2025-03-29,S1056,PP04,7.0,7.0,0.0
2025-04-05,S1056,PP04,8.0,8.0,0.0
2025-04-12,S1056,PP04,9.0,9.0,0.0
2025-04-19,S1056,PP04,8.0,8.0,0.0
2025-04-26,S1056,PP04,9.0,9.0,0.0
2025-05-03,S1056,PP04,9.0,9.0,0.0
2025-05-10,S1056,PP04,9.0,9.0,0.0
2025-05-17,S1056,PP04,9.0,9.0,0.0
2025-05-24,S1056,PP04,8.0,8.0,0.0
2025-05-31,S1056,PP04,8.0,8.0,0.0
2025-06-07,S1056,PP04,10.0,10.0,0.0
2025-06-14,S1056,PP04,8.0,8.0,0.0
2025-06-21,S1056,PP04,8.0,8.0,0.0
2025-06-28,S1056,PP04,8.0,8.0,0.0
2025-07-05,S1056,PP04,8.0,8.0,0.0
2025-07-12,S1056,PP04,8.0,8.0,0.0
2025-07-19,S1056,PP04,9.0,9.0,0.0
2025-07-26,S1056,PP04,8.0,8.0,0.0
2025-08-02,S1056,PP04,8.0,8.0,0.0
2025-08-09,S1056,PP04,8.0,8.0,0.0
2025-08-16,S1056,PP04,9.0,9.0,0.0
2025-08-23,S1056,PP04,9.0,9.0,0.0
2025-08-30,S1056,PP04,8.0,8.0,0.0
2025-09-06,S1056,PP04,6.0,6.0,0.0
2025-09-13,S1056,PP04,8.0,8.0,0.0
2025-09-20,S1056,PP04,8.0,8.0,0.0
2025-09-27,S1056,PP04,7.0,7.0,0.0
2025-10-04,S1056,PP04,9.0,9.0,0.0
2025-10-11,S1056,PP04,7.0,7.0,0.0
2025-10-18,S1056,PP04,9.0,9.0,0.0
2025-10-25,S1056,PP04,9.0,9.0,0.0
2025-11-01,S1056,PP04,7.0,7.0,0.0
2025-11-08,S1056,PP04,10.0,10.0,0.0
2025-11-15,S1056,PP04,10.0,10.0,0.0
2025-11-22,S1056,PP04,10.0,10.0,0.0
2025-11-29,S1056,PP04,11.0,11.0,0.0
2025-12-06,S1056,PP04,12.0,12.0,0.0
2025-12-13,S1056,PP04,12.0,12.0,0.0
2025-12-20,S1056,PP04,9.0,9.0,0.0
2025-12-27,S1056,PP04,11.0,11.0,0.0
2026-01-03,S1056,PP04,8.0,8.0,0.0
2026-01-10,S1056,PP04,6.0,6.0,0.0
2026-01-17,S1056,PP04,6.0,6.0,0.0
2026-01-24,S1056,PP04,7.0,7.0,0.0
2026-01-31,S1056,PP04,6.0,6.0,0.0
2026-02-07,S1056,PP04,8.0,8.0,0.0
2026-02-14,S1056,PP04,7.0,7.0,0.0
2026-02-21,S1056,PP04,7.0,7.0,0.0
2026-02-28,S1056,PP04,7.0,7.0,0.0
2026-03-07,S1056,PP04,8.0,8.0,0.0
2026-03-14,S1056,PP04,8.0,8.0,0.0
2026-03-21,S1056,PP04,8.0,8.0,0.0
2026-03-28,S1056,PP04,8.0,8.0,0.0
2026-04-04,S1056,PP04,8.0,8.0,0.0
2026-04-11,S1056,PP04,9.0,9.0,0.0
2026-04-18,S1056,PP04,7.0,7.0,0.0
2026-04-25,S1056,PP04,9.0,9.0,0.0
2026-05-02,S1056,PP04,8.0,8.0,0.0
2026-05-09,S1056,PP04,8.0,8.0,0.0
2026-05-16,S1056,PP04,9.0,9.0,0.0
2026-05-23,S1056,PP04,8.0,8.0,0.0
2026-05-30,S1056,PP04,8.0,8.0,0.0
2026-06-06,S1056,PP04,10.0,10.0,0.0
2026-06-13,S1056,PP04,9.0,9.0,0.0
2026-06-20,S1056,PP04,7.0,7.0,0.0
2026-06-27,S1056,PP04,7.0,7.0,0.0
2026-07-04,S1056,PP04,9.0,9.0,0.0
2026-07-11,S1056,PP04,8.0,8.0,0.0
2026-07-18,S1056,PP04,10.0,10.0,0.0
2026-07-25,S1056,PP04,9.0,9.0,0.0
2024-11-23,S1057,PP04,7.0,7.0,0.0
2024-11-30,S1057,PP04,10.0,10.0,0.0
2024-12-07,S1057,PP04,11.0,11.0,0.0
2024-12-14,S1057,PP04,13.0,13.0,0.0
2024-12-21,S1057,PP04,14.0,14.0,0.0
2024-12-28,S1057,PP04,12.0,12.0,0.0
2025-01-04,S1057,PP04,11.0,11.0,0.0
2025-01-11,S1057,PP04,8.0,8.0,0.0
2025-01-18,S1057,PP04,8.0,8.0,0.0
2025-01-25,S1057,PP04,10.0,10.0,0.0
2025-02-01,S1057,PP04,10.0,10.0,0.0
2025-02-08,S1057,PP04,10.0,10.0,0.0
2025-02-15,S1057,PP04,10.0,10.0,0.0
2025-02-22,S1057,PP04,12.0,12.0,0.0
2025-03-01,S1057,PP04,11.0,11.0,0.0
2025-03-08,S1057,PP04,13.0,13.0,0.0
2025-03-15,S1057,PP04,11.0,11.0,0.0
2025-03-22,S1057,PP04,12.0,12.0,0.0
2025-03-29,S1057,PP04,12.0,12.0,0.0
2025-04-05,S1057,PP04,11.0,11.0,0.0
2025-04-12,S1057,PP04,12.0,12.0,0.0
2025-04-19,S1057,PP04,14.0,14.0,0.0
2025-04-26,S1057,PP04,12.0,12.0,0.0
2025-05-03,S1057,PP04,14.0,14.0,0.0
2025-05-10,S1057,PP04,14.0,14.0,0.0
2025-05-17,S1057,PP04,13.0,13.0,0.0
2025-05-24,S1057,PP04,13.0,13.0,0.0
2025-05-31,S1057,PP04,13.0,13.0,0.0
2025-06-07,S1057,PP04,13.0,13.0,0.0
2025-06-14,S1057,PP04,10.0,10.0,0.0
2025-06-21,S1057,PP04,12.0,12.0,0.0
2025-06-28,S1057,PP04,12.0,12.0,0.0
2025-07-05,S1057,PP04,12.0,12.0,0.0
2025-07-12,S1057,PP04,14.0,14.0,0.0
2025-07-19,S1057,PP04,11.0,11.0,0.0
2025-07-26,S1057,PP04,11.0,11.0,0.0
2025-08-02,S1057,PP04,14.0,14.0,0.0
2025-08-09,S1057,PP04,11.0,11.0,0.0
2025-08-16,S1057,PP04,10.0,10.0,0.0
2025-08-23,S1057,PP04,13.0,13.0,0.0
2025-08-30,S1057,PP04,12.0,12.0,0.0
2025-09-06,S1057,PP04,12.0,12.0,0.0
2025-09-13,S1057,PP04,11.0,11.0,0.0
2025-09-20,S1057,PP04,10.0,10.0,0.0
2025-09-27,S1057,PP04,10.0,10.0,0.0
2025-10-04,S1057,PP04,11.0,11.0,0.0
2025-10-11,S1057,PP04,10.0,10.0,0.0
2025-10-18,S1057,PP04,13.0,13.0,0.0
2025-10-25,S1057,PP04,12.0,12.0,0.0
2025-11-01,S1057,PP04,14.0,14.0,0.0
2025-11-08,S1057,PP04,14.0,14.0,0.0
2025-11-15,S1057,PP04,15.0,15.0,0.0
2025-11-22,S1057,PP04,17.0,17.0,0.0
2025-11-29,S1057,PP04,16.0,16.0,0.0
2025-12-06,S1057,PP04,18.0,18.0,0.0
2025-12-13,S1057,PP04,19.0,18.0,1.0
2025-12-20,S1057,PP04,13.0,14.0,0.0
2025-12-27,S1057,PP04,15.0,15.0,0.0
2026-01-03,S1057,PP04,12.0,12.0,0.0
2026-01-10,S1057,PP04,11.0,11.0,0.0
2026-01-17,S1057,PP04,8.0,8.0,0.0
2026-01-24,S1057,PP04,10.0,10.0,0.0
2026-01-31,S1057,PP04,9.0,9.0,0.0
2026-02-07,S1057,PP04,12.0,12.0,0.0
2026-02-14,S1057,PP04,10.0,10.0,0.0
2026-02-21,S1057,PP04,11.0,11.0,0.0
2026-02-28,S1057,PP04,12.0,12.0,0.0
2026-03-07,S1057,PP04,11.0,11.0,0.0
2026-03-14,S1057,PP04,11.0,11.0,0.0
2026-03-21,S1057,PP04,13.0,13.0,0.0
2026-03-28,S1057,PP04,13.0,13.0,0.0
2026-04-04,S1057,PP04,13.0,13.0,0.0
2026-04-11,S1057,PP04,13.0,13.0,0.0
2026-04-18,S1057,PP04,12.0,12.0,0.0
2026-04-25,S1057,PP04,12.0,12.0,0.0
2026-05-02,S1057,PP04,12.0,12.0,0.0
2026-05-09,S1057,PP04,13.0,13.0,0.0
2026-05-16,S1057,PP04,13.0,13.0,0.0
2026-05-23,S1057,PP04,12.0,12.0,0.0
2026-05-30,S1057,PP04,14.0,14.0,0.0
2026-06-06,S1057,PP04,14.0,14.0,0.0
2026-06-13,S1057,PP04,13.0,13.0,0.0
2026-06-20,S1057,PP04,15.0,15.0,0.0
2026-06-27,S1057,PP04,12.0,12.0,0.0
2026-07-04,S1057,PP04,10.0,10.0,0.0
2026-07-11,S1057,PP04,14.0,14.0,0.0
2026-07-18,S1057,PP04,12.0,12.0,0.0
2026-07-25,S1057,PP04,12.0,12.0,0.0
2022-08-06,S1058,PP04,22.0,22.0,0.0
2022-08-13,S1058,PP04,24.0,24.0,0.0
2022-08-20,S1058,PP04,22.0,22.0,0.0
2022-08-27,S1058,PP04,24.0,24.0,0.0
2022-09-03,S1058,PP04,24.0,24.0,0.0
2022-09-10,S1058,PP04,25.0,25.0,0.0
2022-09-17,S1058,PP04,28.0,28.0,0.0
2022-09-24,S1058,PP04,26.0,26.0,0.0
2022-10-01,S1058,PP04,21.0,21.0,0.0
2022-10-08,S1058,PP04,26.0,26.0,0.0
2022-10-15,S1058,PP04,26.0,26.0,0.0
2022-10-22,S1058,PP04,26.0,26.0,0.0
2022-10-29,S1058,PP04,27.0,27.0,0.0
2022-11-05,S1058,PP04,29.0,29.0,0.0
2022-11-12,S1058,PP04,28.0,28.0,0.0
2022-11-19,S1058,PP04,32.0,32.0,0.0
2022-11-26,S1058,PP04,39.0,39.0,0.0
2022-12-03,S1058,PP04,35.0,35.0,0.0
2022-12-10,S1058,PP04,36.0,36.0,0.0
2022-12-17,S1058,PP04,37.0,37.0,0.0
2022-12-24,S1058,PP04,29.0,29.0,0.0
2022-12-31,S1058,PP04,23.0,23.0,0.0
2023-01-07,S1058,PP04,22.0,22.0,0.0
2023-01-14,S1058,PP04,23.0,23.0,0.0
2023-01-21,S1058,PP04,21.0,21.0,0.0
2023-01-28,S1058,PP04,22.0,22.0,0.0
2023-02-04,S1058,PP04,18.0,18.0,0.0
2023-02-11,S1058,PP04,24.0,24.0,0.0
2023-02-18,S1058,PP04,24.0,24.0,0.0
2023-02-25,S1058,PP04,23.0,23.0,0.0
2023-03-04,S1058,PP04,25.0,25.0,0.0
2023-03-11,S1058,PP04,25.0,25.0,0.0
2023-03-18,S1058,PP04,23.0,23.0,0.0
2023-03-25,S1058,PP04,26.0,26.0,0.0
2023-04-01,S1058,PP04,29.0,29.0,0.0
2023-04-08,S1058,PP04,25.0,25.0,0.0
2023-04-15,S1058,PP04,24.0,24.0,0.0
2023-04-22,S1058,PP04,26.0,26.0,0.0
2023-04-29,S1058,PP04,29.0,29.0,0.0
2023-05-06,S1058,PP04,23.0,23.0,0.0
2023-05-13,S1058,PP04,28.0,28.0,0.0
2023-05-20,S1058,PP04,25.0,25.0,0.0
2023-05-27,S1058,PP04,27.0,27.0,0.0
2023-06-03,S1058,PP04,25.0,25.0,0.0
2023-06-10,S1058,PP04,24.0,24.0,0.0
2023-06-17,S1058,PP04,30.0,30.0,0.0
2023-06-24,S1058,PP04,22.0,22.0,0.0
2023-07-01,S1058,PP04,27.0,27.0,0.0
2023-07-08,S1058,PP04,30.0,30.0,0.0
2023-07-15,S1058,PP04,28.0,28.0,0.0
2023-07-22,S1058,PP04,23.0,23.0,0.0
2023-07-29,S1058,PP04,23.0,23.0,0.0
2023-08-05,S1058,PP04,25.0,25.0,0.0
2023-08-12,S1058,PP04,28.0,28.0,0.0
2023-08-19,S1058,PP04,27.0,27.0,0.0
2023-08-26,S1058,PP04,23.0,23.0,0.0
2023-09-02,S1058,PP04,23.0,23.0,0.0
2023-09-09,S1058,PP04,23.0,23.0,0.0
2023-09-16,S1058,PP04,24.0,24.0,0.0
2023-09-23,S1058,PP04,30.0,30.0,0.0
2023-09-30,S1058,PP04,22.0,22.0,0.0
2023-10-07,S1058,PP04,22.0,22.0,0.0
2023-10-14,S1058,PP04,22.0,22.0,0.0
2023-10-21,S1058,PP04,28.0,28.0,0.0
2023-10-28,S1058,PP04,27.0,27.0,0.0
2023-11-04,S1058,PP04,26.0,26.0,0.0
2023-11-11,S1058,PP04,29.0,29.0,0.0
2023-11-18,S1058,PP04,30.0,30.0,0.0
2023-11-25,S1058,PP04,36.0,36.0,0.0
2023-12-02,S1058,PP04,50.0,39.0,11.0
2023-12-09,S1058,PP04,43.0,39.0,15.0
2023-12-16,S1058,PP04,39.0,39.0,15.0
2023-12-23,S1058,PP04,32.0,39.0,8.0
2023-12-30,S1058,PP04,25.0,33.0,0.0
2024-01-06,S1058,PP04,26.0,26.0,0.0
2024-01-13,S1058,PP04,21.0,21.0,0.0
2024-01-20,S1058,PP04,20.0,20.0,0.0
2024-01-27,S1058,PP04,25.0,25.0,0.0
2024-02-03,S1058,PP04,23.0,23.0,0.0
2024-02-10,S1058,PP04,26.0,26.0,0.0
2024-02-17,S1058,PP04,25.0,25.0,0.0
2024-02-24,S1058,PP04,24.0,24.0,0.0
2024-03-02,S1058,PP04,23.0,23.0,0.0
2024-03-09,S1058,PP04,25.0,25.0,0.0
2024-03-16,S1058,PP04,28.0,28.0,0.0
2024-03-23,S1058,PP04,24.0,24.0,0.0
2024-03-30,S1058,PP04,27.0,27.0,0.0
2024-04-06,S1058,PP04,23.0,23.0,0.0
2024-04-13,S1058,PP04,28.0,28.0,0.0
2024-04-20,S1058,PP04,27.0,27.0,0.0
2024-04-27,S1058,PP04,24.0,24.0,0.0
2024-05-04,S1058,PP04,27.0,27.0,0.0
2024-05-11,S1058,PP04,31.0,31.0,0.0
2024-05-18,S1058,PP04,25.0,25.0,0.0
2024-05-25,S1058,PP04,25.0,25.0,0.0
2024-06-01,S1058,PP04,27.0,27.0,0.0
2024-06-08,S1058,PP04,33.0,33.0,0.0
2024-06-15,S1058,PP04,25.0,25.0,0.0
2024-06-22,S1058,PP04,28.0,28.0,0.0
2024-06-29,S1058,PP04,27.0,27.0,0.0
2024-07-06,S1058,PP04,25.0,25.0,0.0
2024-07-13,S1058,PP04,27.0,27.0,0.0
2024-07-20,S1058,PP04,25.0,25.0,0.0
2024-07-27,S1058,PP04,26.0,26.0,0.0
2024-08-03,S1058,PP04,23.0,23.0,0.0
2024-08-10,S1058,PP04,28.0,28.0,0.0
2024-08-17,S1058,PP04,30.0,30.0,0.0
2024-08-24,S1058,PP04,27.0,27.0,0.0
2024-08-31,S1058,PP04,29.0,29.0,0.0
2024-09-07,S1058,PP04,26.0,26.0,0.0
2024-09-14,S1058,PP04,24.0,24.0,0.0
2024-09-21,S1058,PP04,23.0,23.0,0.0
2024-09-28,S1058,PP04,24.0,24.0,0.0
2024-10-05,S1058,PP04,22.0,22.0,0.0
2024-10-12,S1058,PP04,25.0,25.0,0.0
2024-10-19,S1058,PP04,28.0,28.0,0.0
2024-10-26,S1058,PP04,34.0,34.0,0.0
2024-11-02,S1058,PP04,31.0,31.0,0.0
2024-11-09,S1058,PP04,28.0,28.0,0.0
2024-11-16,S1058,PP04,29.0,29.0,0.0
2024-11-23,S1058,PP04,35.0,35.0,0.0
2024-11-30,S1058,PP04,41.0,39.0,2.0
2024-12-07,S1058,PP04,40.0,39.0,3.0
2024-12-14,S1058,PP04,43.0,39.0,7.0
2024-12-21,S1058,PP04,35.0,39.0,3.0
2024-12-28,S1058,PP04,33.0,36.0,0.0
2025-01-04,S1058,PP04,22.0,22.0,0.0
2025-01-11,S1058,PP04,25.0,25.0,0.0
2025-01-18,S1058,PP04,19.0,19.0,0.0
2025-01-25,S1058,PP04,24.0,24.0,0.0
2025-02-01,S1058,PP04,22.0,22.0,0.0
2025-02-08,S1058,PP04,24.0,24.0,0.0
2025-02-15,S1058,PP04,24.0,24.0,0.0
2025-02-22,S1058,PP04,26.0,26.0,0.0
2025-03-01,S1058,PP04,27.0,27.0,0.0
2025-03-08,S1058,PP04,29.0,29.0,0.0
2025-03-15,S1058,PP04,31.0,31.0,0.0
2025-03-22,S1058,PP04,28.0,28.0,0.0
2025-03-29,S1058,PP04,32.0,32.0,0.0
2025-04-05,S1058,PP04,27.0,27.0,0.0
2025-04-12,S1058,PP04,30.0,30.0,0.0
2025-04-19,S1058,PP04,29.0,29.0,0.0
2025-04-26,S1058,PP04,27.0,27.0,0.0
2025-05-03,S1058,PP04,29.0,29.0,0.0
2025-05-10,S1058,PP04,31.0,31.0,0.0
2025-05-17,S1058,PP04,29.0,29.0,0.0
2025-05-24,S1058,PP04,30.0,30.0,0.0
2025-05-31,S1058,PP04,31.0,31.0,0.0
2025-06-07,S1058,PP04,28.0,28.0,0.0
2025-06-14,S1058,PP04,20.0,20.0,0.0
2025-06-21,S1058,PP04,33.0,33.0,0.0
2025-06-28,S1058,PP04,27.0,27.0,0.0
2025-07-05,S1058,PP04,26.0,26.0,0.0
2025-07-12,S1058,PP04,25.0,25.0,0.0
2025-07-19,S1058,PP04,28.0,28.0,0.0
2025-07-26,S1058,PP04,27.0,27.0,0.0
2025-08-02,S1058,PP04,27.0,27.0,0.0
2025-08-09,S1058,PP04,28.0,28.0,0.0
2025-08-16,S1058,PP04,31.0,31.0,0.0
2025-08-23,S1058,PP04,35.0,35.0,0.0
2025-08-30,S1058,PP04,30.0,30.0,0.0
2025-09-06,S1058,PP04,30.0,30.0,0.0
2025-09-13,S1058,PP04,25.0,25.0,0.0
2025-09-20,S1058,PP04,27.0,27.0,0.0
2025-09-27,S1058,PP04,28.0,28.0,0.0
2025-10-04,S1058,PP04,26.0,26.0,0.0
2025-10-11,S1058,PP04,27.0,27.0,0.0
2025-10-18,S1058,PP04,32.0,32.0,0.0
2025-10-25,S1058,PP04,34.0,34.0,0.0
2025-11-01,S1058,PP04,32.0,32.0,0.0
2025-11-08,S1058,PP04,29.0,29.0,0.0
2025-11-15,S1058,PP04,34.0,34.0,0.0
2025-11-22,S1058,PP04,32.0,32.0,0.0
2025-11-29,S1058,PP04,40.0,39.0,1.0
2025-12-06,S1058,PP04,43.0,39.0,5.0
2025-12-13,S1058,PP04,43.0,39.0,9.0
2025-12-20,S1058,PP04,40.0,39.0,10.0
2025-12-27,S1058,PP04,35.0,39.0,6.0
2026-01-03,S1058,PP04,29.0,35.0,0.0
2026-01-10,S1058,PP04,21.0,21.0,0.0
2026-01-17,S1058,PP04,22.0,22.0,0.0
2026-01-24,S1058,PP04,25.0,25.0,0.0
2026-01-31,S1058,PP04,29.0,29.0,0.0
2026-02-07,S1058,PP04,25.0,25.0,0.0
2026-02-14,S1058,PP04,28.0,28.0,0.0
2026-02-21,S1058,PP04,30.0,30.0,0.0
2026-02-28,S1058,PP04,27.0,27.0,0.0
2026-03-07,S1058,PP04,31.0,31.0,0.0
2026-03-14,S1058,PP04,32.0,32.0,0.0
2026-03-21,S1058,PP04,33.0,33.0,0.0
2026-03-28,S1058,PP04,30.0,30.0,0.0
2026-04-04,S1058,PP04,36.0,36.0,0.0
2026-04-11,S1058,PP04,27.0,27.0,0.0
2026-04-18,S1058,PP04,36.0,36.0,0.0
2026-04-25,S1058,PP04,32.0,32.0,0.0
2026-05-02,S1058,PP04,35.0,35.0,0.0
2026-05-09,S1058,PP04,30.0,30.0,0.0
2026-05-16,S1058,PP04,34.0,34.0,0.0
2026-05-23,S1058,PP04,35.0,35.0,0.0
2026-05-30,S1058,PP04,27.0,27.0,0.0
2026-06-06,S1058,PP04,29.0,29.0,0.0
2026-06-13,S1058,PP04,23.0,23.0,0.0
2026-06-20,S1058,PP04,29.0,29.0,0.0
2026-06-27,S1058,PP04,27.0,27.0,0.0
2026-07-04,S1058,PP04,29.0,29.0,0.0
2026-07-11,S1058,PP04,40.0,39.0,1.0
2026-07-18,S1058,PP04,35.0,36.0,0.0
2026-07-25,S1058,PP04,26.0,26.0,0.0
2022-08-06,S1059,PP04,13.0,13.0,0.0
2022-08-13,S1059,PP04,13.0,13.0,0.0
2022-08-20,S1059,PP04,12.0,12.0,0.0
2022-08-27,S1059,PP04,12.0,12.0,0.0
2022-09-03,S1059,PP04,12.0,12.0,0.0
2022-09-10,S1059,PP04,10.0,10.0,0.0
2022-09-17,S1059,PP04,10.0,10.0,0.0
2022-09-24,S1059,PP04,12.0,12.0,0.0
2022-10-01,S1059,PP04,12.0,12.0,0.0
2022-10-08,S1059,PP04,11.0,11.0,0.0
2022-10-15,S1059,PP04,11.0,11.0,0.0
2022-10-22,S1059,PP04,12.0,12.0,0.0
2022-10-29,S1059,PP04,14.0,14.0,0.0
2022-11-05,S1059,PP04,13.0,13.0,0.0
2022-11-12,S1059,PP04,16.0,16.0,0.0
2022-11-19,S1059,PP04,14.0,14.0,0.0
2022-11-26,S1059,PP04,16.0,16.0,0.0
2022-12-03,S1059,PP04,16.0,16.0,0.0
2022-12-10,S1059,PP04,19.0,18.0,1.0
2022-12-17,S1059,PP04,16.0,17.0,0.0
2022-12-24,S1059,PP04,18.0,18.0,0.0
2022-12-31,S1059,PP04,11.0,11.0,0.0
2023-01-07,S1059,PP04,13.0,13.0,0.0
2023-01-14,S1059,PP04,9.0,9.0,0.0
2023-01-21,S1059,PP04,10.0,10.0,0.0
2023-01-28,S1059,PP04,11.0,11.0,0.0
2023-02-04,S1059,PP04,11.0,11.0,0.0
2023-02-11,S1059,PP04,10.0,10.0,0.0
2023-02-18,S1059,PP04,12.0,12.0,0.0
2023-02-25,S1059,PP04,13.0,13.0,0.0
2023-03-04,S1059,PP04,10.0,10.0,0.0
2023-03-11,S1059,PP04,14.0,14.0,0.0
2023-03-18,S1059,PP04,12.0,12.0,0.0
2023-03-25,S1059,PP04,11.0,11.0,0.0
2023-04-01,S1059,PP04,11.0,11.0,0.0
2023-04-08,S1059,PP04,12.0,12.0,0.0
2023-04-15,S1059,PP04,10.0,10.0,0.0
2023-04-22,S1059,PP04,12.0,12.0,0.0
2023-04-29,S1059,PP04,12.0,12.0,0.0
2023-05-06,S1059,PP04,11.0,11.0,0.0
2023-05-13,S1059,PP04,13.0,13.0,0.0
2023-05-20,S1059,PP04,12.0,12.0,0.0
2023-05-27,S1059,PP04,11.0,11.0,0.0
2023-06-03,S1059,PP04,12.0,12.0,0.0
2023-06-10,S1059,PP04,12.0,12.0,0.0
2023-06-17,S1059,PP04,12.0,12.0,0.0
2023-06-24,S1059,PP04,11.0,11.0,0.0
2023-07-01,S1059,PP04,12.0,12.0,0.0
2023-07-08,S1059,PP04,12.0,12.0,0.0
2023-07-15,S1059,PP04,11.0,11.0,0.0
2023-07-22,S1059,PP04,12.0,12.0,0.0
2023-07-29,S1059,PP04,13.0,13.0,0.0
2023-08-05,S1059,PP04,13.0,13.0,0.0
2023-08-12,S1059,PP04,12.0,12.0,0.0
2023-08-19,S1059,PP04,13.0,13.0,0.0
2023-08-26,S1059,PP04,11.0,11.0,0.0
2023-09-02,S1059,PP04,11.0,11.0,0.0
2023-09-09,S1059,PP04,11.0,11.0,0.0
2023-09-16,S1059,PP04,13.0,13.0,0.0
2023-09-23,S1059,PP04,12.0,12.0,0.0
2023-09-30,S1059,PP04,11.0,11.0,0.0
2023-10-07,S1059,PP04,13.0,13.0,0.0
2023-10-14,S1059,PP04,11.0,11.0,0.0
2023-10-21,S1059,PP04,15.0,15.0,0.0
2023-10-28,S1059,PP04,12.0,12.0,0.0
2023-11-04,S1059,PP04,12.0,12.0,0.0
2023-11-11,S1059,PP04,14.0,14.0,0.0
2023-11-18,S1059,PP04,15.0,15.0,0.0
2023-11-25,S1059,PP04,15.0,15.0,0.0
2023-12-02,S1059,PP04,23.0,18.0,5.0
2023-12-09,S1059,PP04,19.0,18.0,6.0
2023-12-16,S1059,PP04,19.0,18.0,7.0
2023-12-23,S1059,PP04,15.0,18.0,4.0
2023-12-30,S1059,PP04,13.0,17.0,0.0
2024-01-06,S1059,PP04,12.0,12.0,0.0
2024-01-13,S1059,PP04,8.0,8.0,0.0
2024-01-20,S1059,PP04,9.0,9.0,0.0
2024-01-27,S1059,PP04,10.0,10.0,0.0
2024-02-03,S1059,PP04,12.0,12.0,0.0
2024-02-10,S1059,PP04,11.0,11.0,0.0
2024-02-17,S1059,PP04,12.0,12.0,0.0
2024-02-24,S1059,PP04,11.0,11.0,0.0
2024-03-02,S1059,PP04,13.0,13.0,0.0
2024-03-09,S1059,PP04,10.0,10.0,0.0
2024-03-16,S1059,PP04,13.0,13.0,0.0
2024-03-23,S1059,PP04,12.0,12.0,0.0
2024-03-30,S1059,PP04,13.0,13.0,0.0
2024-04-06,S1059,PP04,11.0,11.0,0.0
2024-04-13,S1059,PP04,12.0,12.0,0.0
2024-04-20,S1059,PP04,12.0,12.0,0.0
2024-04-27,S1059,PP04,11.0,11.0,0.0
2024-05-04,S1059,PP04,11.0,11.0,0.0
2024-05-11,S1059,PP04,12.0,12.0,0.0
2024-05-18,S1059,PP04,13.0,13.0,0.0
2024-05-25,S1059,PP04,12.0,12.0,0.0
2024-06-01,S1059,PP04,12.0,12.0,0.0
2024-06-08,S1059,PP04,10.0,10.0,0.0
2024-06-15,S1059,PP04,12.0,12.0,0.0
2024-06-22,S1059,PP04,14.0,14.0,0.0
2024-06-29,S1059,PP04,13.0,13.0,0.0
2024-07-06,S1059,PP04,12.0,12.0,0.0
2024-07-13,S1059,PP04,12.0,12.0,0.0
2024-07-20,S1059,PP04,11.0,11.0,0.0
2024-07-27,S1059,PP04,15.0,15.0,0.0
2024-08-03,S1059,PP04,16.0,16.0,0.0
2024-08-10,S1059,PP04,13.0,13.0,0.0
2024-08-17,S1059,PP04,16.0,16.0,0.0
2024-08-24,S1059,PP04,11.0,11.0,0.0
2024-08-31,S1059,PP04,10.0,10.0,0.0
2024-09-07,S1059,PP04,11.0,11.0,0.0
2024-09-14,S1059,PP04,11.0,11.0,0.0
2024-09-21,S1059,PP04,14.0,14.0,0.0
2024-09-28,S1059,PP04,11.0,11.0,0.0
2024-10-05,S1059,PP04,11.0,11.0,0.0
2024-10-12,S1059,PP04,11.0,11.0,0.0
2024-10-19,S1059,PP04,14.0,14.0,0.0
2024-10-26,S1059,PP04,14.0,14.0,0.0
2024-11-02,S1059,PP04,13.0,13.0,0.0
2024-11-09,S1059,PP04,12.0,12.0,0.0
2024-11-16,S1059,PP04,14.0,14.0,0.0
2024-11-23,S1059,PP04,19.0,18.0,1.0
2024-11-30,S1059,PP04,19.0,18.0,2.0
2024-12-07,S1059,PP04,19.0,18.0,3.0
2024-12-14,S1059,PP04,23.0,18.0,8.0
2024-12-21,S1059,PP04,20.0,18.0,10.0
2024-12-28,S1059,PP04,14.0,18.0,6.0
2025-01-04,S1059,PP04,12.0,18.0,0.0
2025-01-11,S1059,PP04,9.0,9.0,0.0
2025-01-18,S1059,PP04,10.0,10.0,0.0
2025-01-25,S1059,PP04,9.0,9.0,0.0
2025-02-01,S1059,PP04,9.0,9.0,0.0
2025-02-08,S1059,PP04,9.0,9.0,0.0
2025-02-15,S1059,PP04,13.0,13.0,0.0
2025-02-22,S1059,PP04,10.0,10.0,0.0
2025-03-01,S1059,PP04,14.0,14.0,0.0
2025-03-08,S1059,PP04,11.0,11.0,0.0
2025-03-15,S1059,PP04,15.0,15.0,0.0
2025-03-22,S1059,PP04,12.0,12.0,0.0
2025-03-29,S1059,PP04,11.0,11.0,0.0
2025-04-05,S1059,PP04,14.0,14.0,0.0
2025-04-12,S1059,PP04,14.0,14.0,0.0
2025-04-19,S1059,PP04,12.0,12.0,0.0
2025-04-26,S1059,PP04,13.0,13.0,0.0
2025-05-03,S1059,PP04,12.0,12.0,0.0
2025-05-10,S1059,PP04,13.0,13.0,0.0
2025-05-17,S1059,PP04,14.0,14.0,0.0
2025-05-24,S1059,PP04,13.0,13.0,0.0
2025-05-31,S1059,PP04,11.0,11.0,0.0
2025-06-07,S1059,PP04,12.0,12.0,0.0
2025-06-14,S1059,PP04,14.0,14.0,0.0
2025-06-21,S1059,PP04,12.0,12.0,0.0
2025-06-28,S1059,PP04,12.0,12.0,0.0
2025-07-05,S1059,PP04,12.0,12.0,0.0
2025-07-12,S1059,PP04,12.0,12.0,0.0
2025-07-19,S1059,PP04,15.0,15.0,0.0
2025-07-26,S1059,PP04,12.0,12.0,0.0
2025-08-02,S1059,PP04,15.0,15.0,0.0
2025-08-09,S1059,PP04,14.0,14.0,0.0
2025-08-16,S1059,PP04,14.0,14.0,0.0
2025-08-23,S1059,PP04,12.0,12.0,0.0
2025-08-30,S1059,PP04,12.0,12.0,0.0
2025-09-06,S1059,PP04,12.0,12.0,0.0
2025-09-13,S1059,PP04,11.0,11.0,0.0
2025-09-20,S1059,PP04,13.0,13.0,0.0
2025-09-27,S1059,PP04,13.0,13.0,0.0
2025-10-04,S1059,PP04,16.0,16.0,0.0
2025-10-11,S1059,PP04,13.0,13.0,0.0
2025-10-18,S1059,PP04,11.0,11.0,0.0
2025-10-25,S1059,PP04,16.0,16.0,0.0
2025-11-01,S1059,PP04,14.0,14.0,0.0
2025-11-08,S1059,PP04,19.0,18.0,1.0
2025-11-15,S1059,PP04,19.0,18.0,2.0
2025-11-22,S1059,PP04,16.0,18.0,0.0
2025-11-29,S1059,PP04,20.0,18.0,2.0
2025-12-06,S1059,PP04,18.0,18.0,2.0
2025-12-13,S1059,PP04,20.0,18.0,4.0
2025-12-20,S1059,PP04,19.0,18.0,5.0
2025-12-27,S1059,PP04,17.0,18.0,4.0
2026-01-03,S1059,PP04,14.0,18.0,0.0
2026-01-10,S1059,PP04,11.0,11.0,0.0
2026-01-17,S1059,PP04,13.0,13.0,0.0
2026-01-24,S1059,PP04,10.0,10.0,0.0
2026-01-31,S1059,PP04,10.0,10.0,0.0
2026-02-07,S1059,PP04,10.0,10.0,0.0
2026-02-14,S1059,PP04,14.0,14.0,0.0
2026-02-21,S1059,PP04,12.0,12.0,0.0
2026-02-28,S1059,PP04,13.0,13.0,0.0
2026-03-07,S1059,PP04,12.0,12.0,0.0
2026-03-14,S1059,PP04,12.0,12.0,0.0
2026-03-21,S1059,PP04,12.0,12.0,0.0
2026-03-28,S1059,PP04,14.0,14.0,0.0
2026-04-04,S1059,PP04,13.0,13.0,0.0
2026-04-11,S1059,PP04,14.0,14.0,0.0
2026-04-18,S1059,PP04,14.0,14.0,0.0
2026-04-25,S1059,PP04,13.0,13.0,0.0
2026-05-02,S1059,PP04,12.0,12.0,0.0
2026-05-09,S1059,PP04,12.0,12.0,0.0
2026-05-16,S1059,PP04,19.0,18.0,1.0
2026-05-23,S1059,PP04,16.0,17.0,0.0
2026-05-30,S1059,PP04,16.0,16.0,0.0
2026-06-06,S1059,PP04,13.0,13.0,0.0
2026-06-13,S1059,PP04,13.0,13.0,0.0
2026-06-20,S1059,PP04,12.0,12.0,0.0
2026-06-27,S1059,PP04,12.0,12.0,0.0
2026-07-04,S1059,PP04,13.0,13.0,0.0
2026-07-11,S1059,PP04,16.0,16.0,0.0
2026-07-18,S1059,PP04,15.0,15.0,0.0
2026-07-25,S1059,PP04,12.0,12.0,0.0
2022-08-06,S1060,PP04,17.0,17.0,0.0
2022-08-13,S1060,PP04,19.0,19.0,0.0
2022-08-20,S1060,PP04,17.0,17.0,0.0
2022-08-27,S1060,PP04,18.0,18.0,0.0
2022-09-03,S1060,PP04,18.0,18.0,0.0
2022-09-10,S1060,PP04,18.0,18.0,0.0
2022-09-17,S1060,PP04,17.0,17.0,0.0
2022-09-24,S1060,PP04,16.0,16.0,0.0
2022-10-01,S1060,PP04,16.0,16.0,0.0
2022-10-08,S1060,PP04,15.0,15.0,0.0
2022-10-15,S1060,PP04,15.0,15.0,0.0
2022-10-22,S1060,PP04,18.0,18.0,0.0
2022-10-29,S1060,PP04,20.0,20.0,0.0
2022-11-05,S1060,PP04,17.0,17.0,0.0
2022-11-12,S1060,PP04,21.0,21.0,0.0
2022-11-19,S1060,PP04,24.0,24.0,0.0
2022-11-26,S1060,PP04,20.0,20.0,0.0
2022-12-03,S1060,PP04,25.0,25.0,0.0
2022-12-10,S1060,PP04,32.0,27.0,5.0
2022-12-17,S1060,PP04,27.0,27.0,5.0
2022-12-24,S1060,PP04,18.0,23.0,0.0
2022-12-31,S1060,PP04,20.0,20.0,0.0
2023-01-07,S1060,PP04,15.0,15.0,0.0
2023-01-14,S1060,PP04,15.0,15.0,0.0
2023-01-21,S1060,PP04,13.0,13.0,0.0
2023-01-28,S1060,PP04,15.0,15.0,0.0
2023-02-04,S1060,PP04,15.0,15.0,0.0
2023-02-11,S1060,PP04,16.0,16.0,0.0
2023-02-18,S1060,PP04,15.0,15.0,0.0
2023-02-25,S1060,PP04,16.0,16.0,0.0
2023-03-04,S1060,PP04,15.0,15.0,0.0
2023-03-11,S1060,PP04,18.0,18.0,0.0
2023-03-18,S1060,PP04,18.0,18.0,0.0
2023-03-25,S1060,PP04,15.0,15.0,0.0
2023-04-01,S1060,PP04,19.0,19.0,0.0
2023-04-08,S1060,PP04,17.0,17.0,0.0
2023-04-15,S1060,PP04,18.0,18.0,0.0
2023-04-22,S1060,PP04,19.0,19.0,0.0
2023-04-29,S1060,PP04,19.0,19.0,0.0
2023-05-06,S1060,PP04,20.0,20.0,0.0
2023-05-13,S1060,PP04,18.0,18.0,0.0
2023-05-20,S1060,PP04,20.0,20.0,0.0
2023-05-27,S1060,PP04,18.0,18.0,0.0
2023-06-03,S1060,PP04,19.0,19.0,0.0
2023-06-10,S1060,PP04,18.0,18.0,0.0
2023-06-17,S1060,PP04,20.0,20.0,0.0
2023-06-24,S1060,PP04,19.0,19.0,0.0
2023-07-01,S1060,PP04,17.0,17.0,0.0
2023-07-08,S1060,PP04,16.0,16.0,0.0
2023-07-15,S1060,PP04,18.0,18.0,0.0
2023-07-22,S1060,PP04,17.0,17.0,0.0
2023-07-29,S1060,PP04,16.0,16.0,0.0
2023-08-05,S1060,PP04,15.0,15.0,0.0
2023-08-12,S1060,PP04,16.0,16.0,0.0
2023-08-19,S1060,PP04,22.0,22.0,0.0
2023-08-26,S1060,PP04,17.0,17.0,0.0
2023-09-02,S1060,PP04,21.0,21.0,0.0
2023-09-09,S1060,PP04,18.0,18.0,0.0
2023-09-16,S1060,PP04,17.0,17.0,0.0
2023-09-23,S1060,PP04,15.0,15.0,0.0
2023-09-30,S1060,PP04,17.0,17.0,0.0
2023-10-07,S1060,PP04,20.0,20.0,0.0
2023-10-14,S1060,PP04,20.0,20.0,0.0
2023-10-21,S1060,PP04,18.0,18.0,0.0
2023-10-28,S1060,PP04,17.0,17.0,0.0
2023-11-04,S1060,PP04,18.0,18.0,0.0
2023-11-11,S1060,PP04,19.0,19.0,0.0
2023-11-18,S1060,PP04,25.0,25.0,0.0
2023-11-25,S1060,PP04,28.0,27.0,1.0
2023-12-02,S1060,PP04,26.0,27.0,0.0
2023-12-09,S1060,PP04,27.0,27.0,0.0
2023-12-16,S1060,PP04,31.0,27.0,4.0
2023-12-23,S1060,PP04,21.0,25.0,0.0
2023-12-30,S1060,PP04,20.0,20.0,0.0
2024-01-06,S1060,PP04,17.0,17.0,0.0
2024-01-13,S1060,PP04,12.0,12.0,0.0
2024-01-20,S1060,PP04,13.0,13.0,0.0
2024-01-27,S1060,PP04,14.0,14.0,0.0
2024-02-03,S1060,PP04,18.0,18.0,0.0
2024-02-10,S1060,PP04,20.0,20.0,0.0
2024-02-17,S1060,PP04,17.0,17.0,0.0
2024-02-24,S1060,PP04,16.0,16.0,0.0
2024-03-02,S1060,PP04,16.0,16.0,0.0
2024-03-09,S1060,PP04,17.0,17.0,0.0
2024-03-16,S1060,PP04,17.0,17.0,0.0
2024-03-23,S1060,PP04,17.0,17.0,0.0
2024-03-30,S1060,PP04,18.0,18.0,0.0
2024-04-06,S1060,PP04,17.0,17.0,0.0
2024-04-13,S1060,PP04,17.0,17.0,0.0
2024-04-20,S1060,PP04,18.0,18.0,0.0
2024-04-27,S1060,PP04,18.0,18.0,0.0
2024-05-04,S1060,PP04,18.0,18.0,0.0
2024-05-11,S1060,PP04,21.0,21.0,0.0
2024-05-18,S1060,PP04,16.0,16.0,0.0
2024-05-25,S1060,PP04,22.0,22.0,0.0
2024-06-01,S1060,PP04,19.0,19.0,0.0
2024-06-08,S1060,PP04,20.0,20.0,0.0
2024-06-15,S1060,PP04,20.0,20.0,0.0
2024-06-22,S1060,PP04,17.0,17.0,0.0
2024-06-29,S1060,PP04,16.0,16.0,0.0
2024-07-06,S1060,PP04,16.0,16.0,0.0
2024-07-13,S1060,PP04,17.0,17.0,0.0
2024-07-20,S1060,PP04,19.0,19.0,0.0
2024-07-27,S1060,PP04,17.0,17.0,0.0
2024-08-03,S1060,PP04,20.0,20.0,0.0
2024-08-10,S1060,PP04,15.0,15.0,0.0
2024-08-17,S1060,PP04,18.0,18.0,0.0
2024-08-24,S1060,PP04,20.0,20.0,0.0
2024-08-31,S1060,PP04,17.0,17.0,0.0
2024-09-07,S1060,PP04,16.0,16.0,0.0
2024-09-14,S1060,PP04,16.0,16.0,0.0
2024-09-21,S1060,PP04,13.0,13.0,0.0
2024-09-28,S1060,PP04,16.0,16.0,0.0
2024-10-05,S1060,PP04,19.0,19.0,0.0
2024-10-12,S1060,PP04,17.0,17.0,0.0
2024-10-19,S1060,PP04,18.0,18.0,0.0
2024-10-26,S1060,PP04,15.0,15.0,0.0
2024-11-02,S1060,PP04,17.0,17.0,0.0
2024-11-09,S1060,PP04,24.0,24.0,0.0
2024-11-16,S1060,PP04,24.0,24.0,0.0
2024-11-23,S1060,PP04,21.0,21.0,0.0
2024-11-30,S1060,PP04,24.0,24.0,0.0
2024-12-07,S1060,PP04,28.0,27.0,1.0
2024-12-14,S1060,PP04,25.0,26.0,0.0
2024-12-21,S1060,PP04,20.0,20.0,0.0
2024-12-28,S1060,PP04,21.0,21.0,0.0
2025-01-04,S1060,PP04,19.0,19.0,0.0
2025-01-11,S1060,PP04,16.0,16.0,0.0
2025-01-18,S1060,PP04,16.0,16.0,0.0
2025-01-25,S1060,PP04,13.0,13.0,0.0
2025-02-01,S1060,PP04,16.0,16.0,0.0
2025-02-08,S1060,PP04,16.0,16.0,0.0
2025-02-15,S1060,PP04,17.0,17.0,0.0
2025-02-22,S1060,PP04,17.0,17.0,0.0
2025-03-01,S1060,PP04,16.0,16.0,0.0
2025-03-08,S1060,PP04,13.0,13.0,0.0
2025-03-15,S1060,PP04,20.0,20.0,0.0
2025-03-22,S1060,PP04,19.0,19.0,0.0
2025-03-29,S1060,PP04,16.0,16.0,0.0
2025-04-05,S1060,PP04,19.0,19.0,0.0
2025-04-12,S1060,PP04,18.0,18.0,0.0
2025-04-19,S1060,PP04,18.0,18.0,0.0
2025-04-26,S1060,PP04,18.0,18.0,0.0
2025-05-03,S1060,PP04,21.0,21.0,0.0
2025-05-10,S1060,PP04,19.0,19.0,0.0
2025-05-17,S1060,PP04,18.0,18.0,0.0
2025-05-24,S1060,PP04,22.0,22.0,0.0
2025-05-31,S1060,PP04,19.0,19.0,0.0
2025-06-07,S1060,PP04,19.0,19.0,0.0
2025-06-14,S1060,PP04,20.0,20.0,0.0
2025-06-21,S1060,PP04,18.0,18.0,0.0
2025-06-28,S1060,PP04,18.0,18.0,0.0
2025-07-05,S1060,PP04,20.0,20.0,0.0
2025-07-12,S1060,PP04,17.0,17.0,0.0
2025-07-19,S1060,PP04,20.0,20.0,0.0
2025-07-26,S1060,PP04,18.0,18.0,0.0
2025-08-02,S1060,PP04,22.0,22.0,0.0
2025-08-09,S1060,PP04,22.0,22.0,0.0
2025-08-16,S1060,PP04,21.0,21.0,0.0
2025-08-23,S1060,PP04,17.0,17.0,0.0
2025-08-30,S1060,PP04,19.0,19.0,0.0
2025-09-06,S1060,PP04,16.0,16.0,0.0
2025-09-13,S1060,PP04,18.0,18.0,0.0
2025-09-20,S1060,PP04,14.0,14.0,0.0
2025-09-27,S1060,PP04,16.0,16.0,0.0
2025-10-04,S1060,PP04,21.0,21.0,0.0
2025-10-11,S1060,PP04,20.0,20.0,0.0
2025-10-18,S1060,PP04,19.0,19.0,0.0
2025-10-25,S1060,PP04,19.0,19.0,0.0
2025-11-01,S1060,PP04,19.0,19.0,0.0
2025-11-08,S1060,PP04,23.0,23.0,0.0
2025-11-15,S1060,PP04,23.0,23.0,0.0
2025-11-22,S1060,PP04,30.0,27.0,3.0
2025-11-29,S1060,PP04,27.0,27.0,3.0
2025-12-06,S1060,PP04,29.0,27.0,5.0
2025-12-13,S1060,PP04,26.0,27.0,4.0
2025-12-20,S1060,PP04,26.0,27.0,3.0
2025-12-27,S1060,PP04,23.0,26.0,0.0
2026-01-03,S1060,PP04,19.0,19.0,0.0
2026-01-10,S1060,PP04,15.0,15.0,0.0
2026-01-17,S1060,PP04,16.0,16.0,0.0
2026-01-24,S1060,PP04,19.0,19.0,0.0
2026-01-31,S1060,PP04,17.0,17.0,0.0
2026-02-07,S1060,PP04,20.0,20.0,0.0
2026-02-14,S1060,PP04,19.0,19.0,0.0
2026-02-21,S1060,PP04,21.0,21.0,0.0
2026-02-28,S1060,PP04,18.0,18.0,0.0
2026-03-07,S1060,PP04,19.0,19.0,0.0
2026-03-14,S1060,PP04,19.0,19.0,0.0
2026-03-21,S1060,PP04,21.0,21.0,0.0
2026-03-28,S1060,PP04,21.0,21.0,0.0
2026-04-04,S1060,PP04,20.0,20.0,0.0
2026-04-11,S1060,PP04,21.0,21.0,0.0
2026-04-18,S1060,PP04,19.0,19.0,0.0
2026-04-25,S1060,PP04,22.0,22.0,0.0
2026-05-02,S1060,PP04,23.0,23.0,0.0
2026-05-09,S1060,PP04,23.0,23.0,0.0
2026-05-16,S1060,PP04,21.0,21.0,0.0
2026-05-23,S1060,PP04,22.0,22.0,0.0
2026-05-30,S1060,PP04,19.0,19.0,0.0
2026-06-06,S1060,PP04,20.0,20.0,0.0
2026-06-13,S1060,PP04,20.0,20.0,0.0
2026-06-20,S1060,PP04,17.0,17.0,0.0
2026-06-27,S1060,PP04,21.0,21.0,0.0
2026-07-04,S1060,PP04,18.0,18.0,0.0
2026-07-11,S1060,PP04,19.0,19.0,0.0
2026-07-18,S1060,PP04,20.0,20.0,0.0
2026-07-25,S1060,PP04,19.0,19.0,0.0
2022-08-06,S1061,PP04,12.0,12.0,0.0
2022-08-13,S1061,PP04,12.0,12.0,0.0
2022-08-20,S1061,PP04,11.0,11.0,0.0
2022-08-27,S1061,PP04,13.0,13.0,0.0
2022-09-03,S1061,PP04,11.0,11.0,0.0
2022-09-10,S1061,PP04,14.0,14.0,0.0
2022-09-17,S1061,PP04,11.0,11.0,0.0
2022-09-24,S1061,PP04,10.0,10.0,0.0
2022-10-01,S1061,PP04,10.0,10.0,0.0
2022-10-08,S1061,PP04,13.0,13.0,0.0
2022-10-15,S1061,PP04,11.0,11.0,0.0
2022-10-22,S1061,PP04,11.0,11.0,0.0
2022-10-29,S1061,PP04,14.0,14.0,0.0
2022-11-05,S1061,PP04,13.0,13.0,0.0
2022-11-12,S1061,PP04,15.0,15.0,0.0
2022-11-19,S1061,PP04,16.0,16.0,0.0
2022-11-26,S1061,PP04,17.0,17.0,0.0
2022-12-03,S1061,PP04,22.0,18.0,4.0
2022-12-10,S1061,PP04,15.0,18.0,1.0
2022-12-17,S1061,PP04,16.0,17.0,0.0
2022-12-24,S1061,PP04,15.0,15.0,0.0
2022-12-31,S1061,PP04,16.0,16.0,0.0
2023-01-07,S1061,PP04,13.0,13.0,0.0
2023-01-14,S1061,PP04,10.0,10.0,0.0
2023-01-21,S1061,PP04,9.0,9.0,0.0
2023-01-28,S1061,PP04,9.0,9.0,0.0
2023-02-04,S1061,PP04,10.0,10.0,0.0
2023-02-11,S1061,PP04,10.0,10.0,0.0
2023-02-18,S1061,PP04,13.0,13.0,0.0
2023-02-25,S1061,PP04,11.0,11.0,0.0
2023-03-04,S1061,PP04,11.0,11.0,0.0
2023-03-11,S1061,PP04,13.0,13.0,0.0
2023-03-18,S1061,PP04,10.0,10.0,0.0
2023-03-25,S1061,PP04,12.0,12.0,0.0
2023-04-01,S1061,PP04,11.0,11.0,0.0
2023-04-08,S1061,PP04,12.0,12.0,0.0
2023-04-15,S1061,PP04,11.0,11.0,0.0
2023-04-22,S1061,PP04,11.0,11.0,0.0
2023-04-29,S1061,PP04,12.0,12.0,0.0
2023-05-06,S1061,PP04,13.0,13.0,0.0
2023-05-13,S1061,PP04,12.0,12.0,0.0
2023-05-20,S1061,PP04,13.0,13.0,0.0
2023-05-27,S1061,PP04,11.0,11.0,0.0
2023-06-03,S1061,PP04,13.0,13.0,0.0
2023-06-10,S1061,PP04,12.0,12.0,0.0
2023-06-17,S1061,PP04,11.0,11.0,0.0
2023-06-24,S1061,PP04,11.0,11.0,0.0
2023-07-01,S1061,PP04,12.0,12.0,0.0
2023-07-08,S1061,PP04,14.0,14.0,0.0
2023-07-15,S1061,PP04,12.0,12.0,0.0
2023-07-22,S1061,PP04,11.0,11.0,0.0
2023-07-29,S1061,PP04,14.0,14.0,0.0
2023-08-05,S1061,PP04,12.0,12.0,0.0
2023-08-12,S1061,PP04,13.0,13.0,0.0
2023-08-19,S1061,PP04,12.0,12.0,0.0
2023-08-26,S1061,PP04,14.0,14.0,0.0
2023-09-02,S1061,PP04,11.0,11.0,0.0
2023-09-09,S1061,PP04,13.0,13.0,0.0
2023-09-16,S1061,PP04,10.0,10.0,0.0
2023-09-23,S1061,PP04,11.0,11.0,0.0
2023-09-30,S1061,PP04,13.0,13.0,0.0
2023-10-07,S1061,PP04,12.0,12.0,0.0
2023-10-14,S1061,PP04,15.0,15.0,0.0
2023-10-21,S1061,PP04,12.0,12.0,0.0
2023-10-28,S1061,PP04,13.0,13.0,0.0
2023-11-04,S1061,PP04,16.0,16.0,0.0
2023-11-11,S1061,PP04,12.0,12.0,0.0
2023-11-18,S1061,PP04,13.0,13.0,0.0
2023-11-25,S1061,PP04,15.0,15.0,0.0
2023-12-02,S1061,PP04,19.0,18.0,1.0
2023-12-09,S1061,PP04,16.0,17.0,0.0
2023-12-16,S1061,PP04,19.0,18.0,1.0
2023-12-23,S1061,PP04,17.0,18.0,0.0
2023-12-30,S1061,PP04,16.0,16.0,0.0
2024-01-06,S1061,PP04,12.0,12.0,0.0
2024-01-13,S1061,PP04,10.0,10.0,0.0
2024-01-20,S1061,PP04,11.0,11.0,0.0
2024-01-27,S1061,PP04,11.0,11.0,0.0
2024-02-03,S1061,PP04,10.0,10.0,0.0
2024-02-10,S1061,PP04,10.0,10.0,0.0
2024-02-17,S1061,PP04,11.0,11.0,0.0
2024-02-24,S1061,PP04,11.0,11.0,0.0
2024-03-02,S1061,PP04,12.0,12.0,0.0
2024-03-09,S1061,PP04,10.0,10.0,0.0
2024-03-16,S1061,PP04,12.0,12.0,0.0
2024-03-23,S1061,PP04,12.0,12.0,0.0
2024-03-30,S1061,PP04,13.0,13.0,0.0
2024-04-06,S1061,PP04,14.0,14.0,0.0
2024-04-13,S1061,PP04,12.0,12.0,0.0
2024-04-20,S1061,PP04,11.0,11.0,0.0
2024-04-27,S1061,PP04,10.0,10.0,0.0
2024-05-04,S1061,PP04,14.0,14.0,0.0
2024-05-11,S1061,PP04,12.0,12.0,0.0
2024-05-18,S1061,PP04,14.0,14.0,0.0
2024-05-25,S1061,PP04,15.0,15.0,0.0
2024-06-01,S1061,PP04,11.0,11.0,0.0
2024-06-08,S1061,PP04,13.0,13.0,0.0
2024-06-15,S1061,PP04,14.0,14.0,0.0
2024-06-22,S1061,PP04,14.0,14.0,0.0
2024-06-29,S1061,PP04,10.0,10.0,0.0
2024-07-06,S1061,PP04,11.0,11.0,0.0
2024-07-13,S1061,PP04,11.0,11.0,0.0
2024-07-20,S1061,PP04,13.0,13.0,0.0
2024-07-27,S1061,PP04,13.0,13.0,0.0
2024-08-03,S1061,PP04,10.0,10.0,0.0
2024-08-10,S1061,PP04,13.0,13.0,0.0
2024-08-17,S1061,PP04,14.0,14.0,0.0
2024-08-24,S1061,PP04,13.0,13.0,0.0
2024-08-31,S1061,PP04,12.0,12.0,0.0
2024-09-07,S1061,PP04,11.0,11.0,0.0
2024-09-14,S1061,PP04,10.0,10.0,0.0
2024-09-21,S1061,PP04,12.0,12.0,0.0
2024-09-28,S1061,PP04,12.0,12.0,0.0
2024-10-05,S1061,PP04,13.0,13.0,0.0
2024-10-12,S1061,PP04,13.0,13.0,0.0
2024-10-19,S1061,PP04,13.0,13.0,0.0
2024-10-26,S1061,PP04,15.0,15.0,0.0
2024-11-02,S1061,PP04,13.0,13.0,0.0
2024-11-09,S1061,PP04,12.0,12.0,0.0
2024-11-16,S1061,PP04,16.0,16.0,0.0
2024-11-23,S1061,PP04,17.0,17.0,0.0
2024-11-30,S1061,PP04,19.0,18.0,1.0
2024-12-07,S1061,PP04,17.0,18.0,0.0
2024-12-14,S1061,PP04,23.0,18.0,5.0
2024-12-21,S1061,PP04,18.0,18.0,5.0
2024-12-28,S1061,PP04,14.0,18.0,1.0
2025-01-04,S1061,PP04,11.0,12.0,0.0
2025-01-11,S1061,PP04,11.0,11.0,0.0
2025-01-18,S1061,PP04,9.0,9.0,0.0
2025-01-25,S1061,PP04,13.0,13.0,0.0
2025-02-01,S1061,PP04,10.0,10.0,0.0
2025-02-08,S1061,PP04,13.0,13.0,0.0
2025-02-15,S1061,PP04,11.0,11.0,0.0
2025-02-22,S1061,PP04,14.0,14.0,0.0
2025-03-01,S1061,PP04,11.0,11.0,0.0
2025-03-08,S1061,PP04,12.0,12.0,0.0
2025-03-15,S1061,PP04,13.0,13.0,0.0
2025-03-22,S1061,PP04,13.0,13.0,0.0
2025-03-29,S1061,PP04,14.0,14.0,0.0
2025-04-05,S1061,PP04,12.0,12.0,0.0
2025-04-12,S1061,PP04,13.0,13.0,0.0
2025-04-19,S1061,PP04,15.0,15.0,0.0
2025-04-26,S1061,PP04,12.0,12.0,0.0
2025-05-03,S1061,PP04,14.0,14.0,0.0
2025-05-10,S1061,PP04,13.0,13.0,0.0
2025-05-17,S1061,PP04,14.0,14.0,0.0
2025-05-24,S1061,PP04,13.0,13.0,0.0
2025-05-31,S1061,PP04,12.0,12.0,0.0
2025-06-07,S1061,PP04,13.0,13.0,0.0
2025-06-14,S1061,PP04,13.0,13.0,0.0
2025-06-21,S1061,PP04,13.0,13.0,0.0
2025-06-28,S1061,PP04,15.0,15.0,0.0
2025-07-05,S1061,PP04,14.0,14.0,0.0
2025-07-12,S1061,PP04,14.0,14.0,0.0
2025-07-19,S1061,PP04,12.0,12.0,0.0
2025-07-26,S1061,PP04,12.0,12.0,0.0
2025-08-02,S1061,PP04,17.0,17.0,0.0
2025-08-09,S1061,PP04,13.0,13.0,0.0
2025-08-16,S1061,PP04,14.0,14.0,0.0
2025-08-23,S1061,PP04,14.0,14.0,0.0
2025-08-30,S1061,PP04,13.0,13.0,0.0
2025-09-06,S1061,PP04,11.0,11.0,0.0
2025-09-13,S1061,PP04,11.0,11.0,0.0
2025-09-20,S1061,PP04,12.0,12.0,0.0
2025-09-27,S1061,PP04,12.0,12.0,0.0
2025-10-04,S1061,PP04,15.0,15.0,0.0
2025-10-11,S1061,PP04,13.0,13.0,0.0
2025-10-18,S1061,PP04,13.0,13.0,0.0
2025-10-25,S1061,PP04,14.0,14.0,0.0
2025-11-01,S1061,PP04,16.0,16.0,0.0
2025-11-08,S1061,PP04,15.0,15.0,0.0
2025-11-15,S1061,PP04,18.0,18.0,0.0
2025-11-22,S1061,PP04,15.0,15.0,0.0
2025-11-29,S1061,PP04,21.0,18.0,3.0
2025-12-06,S1061,PP04,20.0,18.0,5.0
2025-12-13,S1061,PP04,20.0,18.0,7.0
2025-12-20,S1061,PP04,17.0,18.0,6.0
2025-12-27,S1061,PP04,14.0,18.0,2.0
2026-01-03,S1061,PP04,11.0,13.0,0.0
2026-01-10,S1061,PP04,10.0,10.0,0.0
2026-01-17,S1061,PP04,11.0,11.0,0.0
2026-01-24,S1061,PP04,10.0,10.0,0.0
2026-01-31,S1061,PP04,10.0,10.0,0.0
2026-02-07,S1061,PP04,11.0,11.0,0.0
2026-02-14,S1061,PP04,12.0,12.0,0.0
2026-02-21,S1061,PP04,12.0,12.0,0.0
2026-02-28,S1061,PP04,13.0,13.0,0.0
2026-03-07,S1061,PP04,14.0,14.0,0.0
2026-03-14,S1061,PP04,15.0,15.0,0.0
2026-03-21,S1061,PP04,16.0,16.0,0.0
2026-03-28,S1061,PP04,11.0,11.0,0.0
2026-04-04,S1061,PP04,12.0,12.0,0.0
2026-04-11,S1061,PP04,14.0,14.0,0.0
2026-04-18,S1061,PP04,13.0,13.0,0.0
2026-04-25,S1061,PP04,15.0,15.0,0.0
2026-05-02,S1061,PP04,14.0,14.0,0.0
2026-05-09,S1061,PP04,17.0,17.0,0.0
2026-05-16,S1061,PP04,16.0,16.0,0.0
2026-05-23,S1061,PP04,16.0,16.0,0.0
2026-05-30,S1061,PP04,13.0,13.0,0.0
2026-06-06,S1061,PP04,13.0,13.0,0.0
2026-06-13,S1061,PP04,13.0,13.0,0.0
2026-06-20,S1061,PP04,12.0,12.0,0.0
2026-06-27,S1061,PP04,16.0,16.0,0.0
2026-07-04,S1061,PP04,15.0,15.0,0.0
2026-07-11,S1061,PP04,13.0,13.0,0.0
2026-07-18,S1061,PP04,16.0,16.0,0.0
2026-07-25,S1061,PP04,13.0,13.0,0.0
2022-08-06,S1062,PP04,8.0,8.0,0.0
2022-08-13,S1062,PP04,11.0,11.0,0.0
2022-08-20,S1062,PP04,9.0,9.0,0.0
2022-08-27,S1062,PP04,10.0,10.0,0.0
2022-09-03,S1062,PP04,10.0,10.0,0.0
2022-09-10,S1062,PP04,10.0,10.0,0.0
2022-09-17,S1062,PP04,10.0,10.0,0.0
2022-09-24,S1062,PP04,10.0,10.0,0.0
2022-10-01,S1062,PP04,10.0,10.0,0.0
2022-10-08,S1062,PP04,9.0,9.0,0.0
2022-10-15,S1062,PP04,10.0,10.0,0.0
2022-10-22,S1062,PP04,9.0,9.0,0.0
2022-10-29,S1062,PP04,12.0,12.0,0.0
2022-11-05,S1062,PP04,10.0,10.0,0.0
2022-11-12,S1062,PP04,11.0,11.0,0.0
2022-11-19,S1062,PP04,11.0,11.0,0.0
2022-11-26,S1062,PP04,12.0,12.0,0.0
2022-12-03,S1062,PP04,14.0,14.0,0.0
2022-12-10,S1062,PP04,15.0,14.0,1.0
2022-12-17,S1062,PP04,16.0,14.0,3.0
2022-12-24,S1062,PP04,13.0,14.0,2.0
2022-12-31,S1062,PP04,10.0,12.0,0.0
2023-01-07,S1062,PP04,9.0,9.0,0.0
2023-01-14,S1062,PP04,9.0,9.0,0.0
2023-01-21,S1062,PP04,9.0,9.0,0.0
2023-01-28,S1062,PP04,7.0,7.0,0.0
2023-02-04,S1062,PP04,8.0,8.0,0.0
2023-02-11,S1062,PP04,9.0,9.0,0.0
2023-02-18,S1062,PP04,10.0,10.0,0.0
2023-02-25,S1062,PP04,8.0,8.0,0.0
2023-03-04,S1062,PP04,10.0,10.0,0.0
2023-03-11,S1062,PP04,9.0,9.0,0.0
2023-03-18,S1062,PP04,11.0,11.0,0.0
2023-03-25,S1062,PP04,10.0,10.0,0.0
2023-04-01,S1062,PP04,9.0,9.0,0.0
2023-04-08,S1062,PP04,9.0,9.0,0.0
2023-04-15,S1062,PP04,9.0,9.0,0.0
2023-04-22,S1062,PP04,10.0,10.0,0.0
2023-04-29,S1062,PP04,10.0,10.0,0.0
2023-05-06,S1062,PP04,9.0,9.0,0.0
2023-05-13,S1062,PP04,9.0,9.0,0.0
2023-05-20,S1062,PP04,11.0,11.0,0.0
2023-05-27,S1062,PP04,10.0,10.0,0.0
2023-06-03,S1062,PP04,10.0,10.0,0.0
2023-06-10,S1062,PP04,10.0,10.0,0.0
2023-06-17,S1062,PP04,9.0,9.0,0.0
2023-06-24,S1062,PP04,10.0,10.0,0.0
2023-07-01,S1062,PP04,13.0,13.0,0.0
2023-07-08,S1062,PP04,11.0,11.0,0.0
2023-07-15,S1062,PP04,10.0,10.0,0.0
2023-07-22,S1062,PP04,10.0,10.0,0.0
2023-07-29,S1062,PP04,8.0,8.0,0.0
2023-08-05,S1062,PP04,12.0,12.0,0.0
2023-08-12,S1062,PP04,11.0,11.0,0.0
2023-08-19,S1062,PP04,10.0,10.0,0.0
2023-08-26,S1062,PP04,9.0,9.0,0.0
2023-09-02,S1062,PP04,9.0,9.0,0.0
2023-09-09,S1062,PP04,10.0,10.0,0.0
2023-09-16,S1062,PP04,9.0,9.0,0.0
2023-09-23,S1062,PP04,10.0,10.0,0.0
2023-09-30,S1062,PP04,10.0,10.0,0.0
2023-10-07,S1062,PP04,10.0,10.0,0.0
2023-10-14,S1062,PP04,10.0,10.0,0.0
2023-10-21,S1062,PP04,11.0,11.0,0.0
2023-10-28,S1062,PP04,9.0,9.0,0.0
2023-11-04,S1062,PP04,10.0,10.0,0.0
2023-11-11,S1062,PP04,11.0,11.0,0.0
2023-11-18,S1062,PP04,14.0,14.0,0.0
2023-11-25,S1062,PP04,16.0,14.0,2.0
2023-12-02,S1062,PP04,14.0,14.0,2.0
2023-12-09,S1062,PP04,15.0,14.0,3.0
2023-12-16,S1062,PP04,12.0,14.0,1.0
2023-12-23,S1062,PP04,14.0,14.0,1.0
2023-12-30,S1062,PP04,11.0,12.0,0.0
2024-01-06,S1062,PP04,12.0,12.0,0.0
2024-01-13,S1062,PP04,7.0,7.0,0.0
2024-01-20,S1062,PP04,10.0,10.0,0.0
2024-01-27,S1062,PP04,9.0,9.0,0.0
2024-02-03,S1062,PP04,8.0,8.0,0.0
2024-02-10,S1062,PP04,9.0,9.0,0.0
2024-02-17,S1062,PP04,10.0,10.0,0.0
2024-02-24,S1062,PP04,9.0,9.0,0.0
2024-03-02,S1062,PP04,11.0,11.0,0.0
2024-03-09,S1062,PP04,11.0,11.0,0.0
2024-03-16,S1062,PP04,11.0,11.0,0.0
2024-03-23,S1062,PP04,10.0,10.0,0.0
2024-03-30,S1062,PP04,9.0,9.0,0.0
2024-04-06,S1062,PP04,10.0,10.0,0.0
2024-04-13,S1062,PP04,10.0,10.0,0.0
2024-04-20,S1062,PP04,8.0,8.0,0.0
2024-04-27,S1062,PP04,11.0,11.0,0.0
2024-05-04,S1062,PP04,11.0,11.0,0.0
2024-05-11,S1062,PP04,10.0,10.0,0.0
2024-05-18,S1062,PP04,10.0,10.0,0.0
2024-05-25,S1062,PP04,10.0,10.0,0.0
2024-06-01,S1062,PP04,13.0,13.0,0.0
2024-06-08,S1062,PP04,11.0,11.0,0.0
2024-06-15,S1062,PP04,11.0,11.0,0.0
2024-06-22,S1062,PP04,10.0,10.0,0.0
2024-06-29,S1062,PP04,8.0,8.0,0.0
2024-07-06,S1062,PP04,11.0,11.0,0.0
2024-07-13,S1062,PP04,9.0,9.0,0.0
2024-07-20,S1062,PP04,10.0,10.0,0.0
2024-07-27,S1062,PP04,9.0,9.0,0.0
2024-08-03,S1062,PP04,11.0,11.0,0.0
2024-08-10,S1062,PP04,12.0,12.0,0.0
2024-08-17,S1062,PP04,12.0,12.0,0.0
2024-08-24,S1062,PP04,12.0,12.0,0.0
2024-08-31,S1062,PP04,12.0,12.0,0.0
2024-09-07,S1062,PP04,8.0,8.0,0.0
2024-09-14,S1062,PP04,8.0,8.0,0.0
2024-09-21,S1062,PP04,8.0,8.0,0.0
2024-09-28,S1062,PP04,10.0,10.0,0.0
2024-10-05,S1062,PP04,9.0,9.0,0.0
2024-10-12,S1062,PP04,10.0,10.0,0.0
2024-10-19,S1062,PP04,10.0,10.0,0.0
2024-10-26,S1062,PP04,11.0,11.0,0.0
2024-11-02,S1062,PP04,10.0,10.0,0.0
2024-11-09,S1062,PP04,11.0,11.0,0.0
2024-11-16,S1062,PP04,13.0,13.0,0.0
2024-11-23,S1062,PP04,15.0,14.0,1.0
2024-11-30,S1062,PP04,15.0,14.0,2.0
2024-12-07,S1062,PP04,14.0,14.0,2.0
2024-12-14,S1062,PP04,13.0,14.0,1.0
2024-12-21,S1062,PP04,15.0,14.0,2.0
2024-12-28,S1062,PP04,11.0,13.0,0.0
2025-01-04,S1062,PP04,9.0,9.0,0.0
2025-01-11,S1062,PP04,7.0,7.0,0.0
2025-01-18,S1062,PP04,7.0,7.0,0.0
2025-01-25,S1062,PP04,8.0,8.0,0.0
2025-02-01,S1062,PP04,9.0,9.0,0.0
2025-02-08,S1062,PP04,8.0,8.0,0.0
2025-02-15,S1062,PP04,10.0,10.0,0.0
2025-02-22,S1062,PP04,9.0,9.0,0.0
2025-03-01,S1062,PP04,12.0,12.0,0.0
2025-03-08,S1062,PP04,9.0,9.0,0.0
2025-03-15,S1062,PP04,10.0,10.0,0.0
2025-03-22,S1062,PP04,11.0,11.0,0.0
2025-03-29,S1062,PP04,9.0,9.0,0.0
2025-04-05,S1062,PP04,11.0,11.0,0.0
2025-04-12,S1062,PP04,11.0,11.0,0.0
2025-04-19,S1062,PP04,11.0,11.0,0.0
2025-04-26,S1062,PP04,13.0,13.0,0.0
2025-05-03,S1062,PP04,9.0,9.0,0.0
2025-05-10,S1062,PP04,10.0,10.0,0.0
2025-05-17,S1062,PP04,13.0,13.0,0.0
2025-05-24,S1062,PP04,12.0,12.0,0.0
2025-05-31,S1062,PP04,12.0,12.0,0.0
2025-06-07,S1062,PP04,12.0,12.0,0.0
2025-06-14,S1062,PP04,9.0,9.0,0.0
2025-06-21,S1062,PP04,12.0,12.0,0.0
2025-06-28,S1062,PP04,12.0,12.0,0.0
2025-07-05,S1062,PP04,10.0,10.0,0.0
2025-07-12,S1062,PP04,14.0,14.0,0.0
2025-07-19,S1062,PP04,11.0,11.0,0.0
2025-07-26,S1062,PP04,9.0,9.0,0.0
2025-08-02,S1062,PP04,12.0,12.0,0.0
2025-08-09,S1062,PP04,11.0,11.0,0.0
2025-08-16,S1062,PP04,13.0,13.0,0.0
2025-08-23,S1062,PP04,12.0,12.0,0.0
2025-08-30,S1062,PP04,10.0,10.0,0.0
2025-09-06,S1062,PP04,12.0,12.0,0.0
2025-09-13,S1062,PP04,11.0,11.0,0.0
2025-09-20,S1062,PP04,9.0,9.0,0.0
2025-09-27,S1062,PP04,10.0,10.0,0.0
2025-10-04,S1062,PP04,11.0,11.0,0.0
2025-10-11,S1062,PP04,10.0,10.0,0.0
2025-10-18,S1062,PP04,11.0,11.0,0.0
2025-10-25,S1062,PP04,12.0,12.0,0.0
2025-11-01,S1062,PP04,11.0,11.0,0.0
2025-11-08,S1062,PP04,10.0,10.0,0.0
2025-11-15,S1062,PP04,14.0,14.0,0.0
2025-11-22,S1062,PP04,12.0,12.0,0.0
2025-11-29,S1062,PP04,14.0,14.0,0.0
2025-12-06,S1062,PP04,14.0,14.0,0.0
2025-12-13,S1062,PP04,14.0,14.0,0.0
2025-12-20,S1062,PP04,16.0,14.0,2.0
2025-12-27,S1062,PP04,13.0,14.0,1.0
2026-01-03,S1062,PP04,11.0,12.0,0.0
2026-01-10,S1062,PP04,8.0,8.0,0.0
2026-01-17,S1062,PP04,8.0,8.0,0.0
2026-01-24,S1062,PP04,9.0,9.0,0.0
2026-01-31,S1062,PP04,10.0,10.0,0.0
2026-02-07,S1062,PP04,11.0,11.0,0.0
2026-02-14,S1062,PP04,11.0,11.0,0.0
2026-02-21,S1062,PP04,10.0,10.0,0.0
2026-02-28,S1062,PP04,9.0,9.0,0.0
2026-03-07,S1062,PP04,10.0,10.0,0.0
2026-03-14,S1062,PP04,11.0,11.0,0.0
2026-03-21,S1062,PP04,10.0,10.0,0.0
2026-03-28,S1062,PP04,10.0,10.0,0.0
2026-04-04,S1062,PP04,11.0,11.0,0.0
2026-04-11,S1062,PP04,14.0,14.0,0.0
2026-04-18,S1062,PP04,11.0,11.0,0.0
2026-04-25,S1062,PP04,11.0,11.0,0.0
2026-05-02,S1062,PP04,10.0,10.0,0.0
2026-05-09,S1062,PP04,14.0,14.0,0.0
2026-05-16,S1062,PP04,13.0,13.0,0.0
2026-05-23,S1062,PP04,13.0,13.0,0.0
2026-05-30,S1062,PP04,13.0,13.0,0.0
2026-06-06,S1062,PP04,11.0,11.0,0.0
2026-06-13,S1062,PP04,11.0,11.0,0.0
2026-06-20,S1062,PP04,13.0,13.0,0.0
2026-06-27,S1062,PP04,12.0,12.0,0.0
2026-07-04,S1062,PP04,9.0,9.0,0.0
2026-07-11,S1062,PP04,12.0,12.0,0.0
2026-07-18,S1062,PP04,11.0,11.0,0.0
2026-07-25,S1062,PP04,13.0,13.0,0.0
2022-08-06,S1063,PP04,18.0,18.0,0.0
2022-08-13,S1063,PP04,15.0,15.0,0.0
2022-08-20,S1063,PP04,18.0,18.0,0.0
2022-08-27,S1063,PP04,17.0,17.0,0.0
2022-09-03,S1063,PP04,17.0,17.0,0.0
2022-09-10,S1063,PP04,17.0,17.0,0.0
2022-09-17,S1063,PP04,19.0,19.0,0.0
2022-09-24,S1063,PP04,17.0,17.0,0.0
2022-10-01,S1063,PP04,16.0,16.0,0.0
2022-10-08,S1063,PP04,18.0,18.0,0.0
2022-10-15,S1063,PP04,21.0,21.0,0.0
2022-10-22,S1063,PP04,19.0,19.0,0.0
2022-10-29,S1063,PP04,19.0,19.0,0.0
2022-11-05,S1063,PP04,20.0,20.0,0.0
2022-11-12,S1063,PP04,20.0,20.0,0.0
2022-11-19,S1063,PP04,21.0,21.0,0.0
2022-11-26,S1063,PP04,28.0,24.0,4.0
2022-12-03,S1063,PP04,23.0,24.0,3.0
2022-12-10,S1063,PP04,29.0,24.0,8.0
2022-12-17,S1063,PP04,24.0,24.0,8.0
2022-12-24,S1063,PP04,18.0,24.0,2.0
2022-12-31,S1063,PP04,18.0,20.0,0.0
2023-01-07,S1063,PP04,14.0,14.0,0.0
2023-01-14,S1063,PP04,14.0,14.0,0.0
2023-01-21,S1063,PP04,14.0,14.0,0.0
2023-01-28,S1063,PP04,13.0,13.0,0.0
2023-02-04,S1063,PP04,17.0,17.0,0.0
2023-02-11,S1063,PP04,17.0,17.0,0.0
2023-02-18,S1063,PP04,19.0,19.0,0.0
2023-02-25,S1063,PP04,16.0,16.0,0.0
2023-03-04,S1063,PP04,16.0,16.0,0.0
2023-03-11,S1063,PP04,18.0,18.0,0.0
2023-03-18,S1063,PP04,16.0,16.0,0.0
2023-03-25,S1063,PP04,17.0,17.0,0.0
2023-04-01,S1063,PP04,17.0,17.0,0.0
2023-04-08,S1063,PP04,15.0,15.0,0.0
2023-04-15,S1063,PP04,17.0,17.0,0.0
2023-04-22,S1063,PP04,17.0,17.0,0.0
2023-04-29,S1063,PP04,17.0,17.0,0.0
2023-05-06,S1063,PP04,18.0,18.0,0.0
2023-05-13,S1063,PP04,20.0,20.0,0.0
2023-05-20,S1063,PP04,16.0,16.0,0.0
2023-05-27,S1063,PP04,17.0,17.0,0.0
2023-06-03,S1063,PP04,16.0,16.0,0.0
2023-06-10,S1063,PP04,16.0,16.0,0.0
2023-06-17,S1063,PP04,16.0,16.0,0.0
2023-06-24,S1063,PP04,17.0,17.0,0.0
2023-07-01,S1063,PP04,18.0,18.0,0.0
2023-07-08,S1063,PP04,18.0,18.0,0.0
2023-07-15,S1063,PP04,15.0,15.0,0.0
2023-07-22,S1063,PP04,20.0,20.0,0.0
2023-07-29,S1063,PP04,19.0,19.0,0.0
2023-08-05,S1063,PP04,16.0,16.0,0.0
2023-08-12,S1063,PP04,21.0,21.0,0.0
2023-08-19,S1063,PP04,18.0,18.0,0.0
2023-08-26,S1063,PP04,17.0,17.0,0.0
2023-09-02,S1063,PP04,18.0,18.0,0.0
2023-09-09,S1063,PP04,17.0,17.0,0.0
2023-09-16,S1063,PP04,17.0,17.0,0.0
2023-09-23,S1063,PP04,17.0,17.0,0.0
2023-09-30,S1063,PP04,16.0,16.0,0.0
2023-10-07,S1063,PP04,13.0,13.0,0.0
2023-10-14,S1063,PP04,17.0,17.0,0.0
2023-10-21,S1063,PP04,17.0,17.0,0.0
2023-10-28,S1063,PP04,20.0,20.0,0.0
2023-11-04,S1063,PP04,20.0,20.0,0.0
2023-11-11,S1063,PP04,19.0,19.0,0.0
2023-11-18,S1063,PP04,24.0,24.0,0.0
2023-11-25,S1063,PP04,24.0,24.0,0.0
2023-12-02,S1063,PP04,26.0,24.0,2.0
2023-12-09,S1063,PP04,27.0,24.0,5.0
2023-12-16,S1063,PP04,31.0,24.0,12.0
2023-12-23,S1063,PP04,21.0,24.0,9.0
2023-12-30,S1063,PP04,19.0,24.0,4.0
2024-01-06,S1063,PP04,14.0,18.0,0.0
2024-01-13,S1063,PP04,14.0,14.0,0.0
2024-01-20,S1063,PP04,13.0,13.0,0.0
2024-01-27,S1063,PP04,14.0,14.0,0.0
2024-02-03,S1063,PP04,14.0,14.0,0.0
2024-02-10,S1063,PP04,16.0,16.0,0.0
2024-02-17,S1063,PP04,14.0,14.0,0.0
2024-02-24,S1063,PP04,13.0,13.0,0.0
2024-03-02,S1063,PP04,17.0,17.0,0.0
2024-03-09,S1063,PP04,14.0,14.0,0.0
2024-03-16,S1063,PP04,18.0,18.0,0.0
2024-03-23,S1063,PP04,20.0,20.0,0.0
2024-03-30,S1063,PP04,17.0,17.0,0.0
2024-04-06,S1063,PP04,19.0,19.0,0.0
2024-04-13,S1063,PP04,17.0,17.0,0.0
2024-04-20,S1063,PP04,20.0,20.0,0.0
2024-04-27,S1063,PP04,17.0,17.0,0.0
2024-05-04,S1063,PP04,14.0,14.0,0.0
2024-05-11,S1063,PP04,18.0,18.0,0.0
2024-05-18,S1063,PP04,22.0,22.0,0.0
2024-05-25,S1063,PP04,19.0,19.0,0.0
2024-06-01,S1063,PP04,17.0,17.0,0.0
2024-06-08,S1063,PP04,18.0,18.0,0.0
2024-06-15,S1063,PP04,19.0,19.0,0.0
2024-06-22,S1063,PP04,17.0,17.0,0.0
2024-06-29,S1063,PP04,23.0,23.0,0.0
2024-07-06,S1063,PP04,17.0,17.0,0.0
2024-07-13,S1063,PP04,19.0,19.0,0.0
2024-07-20,S1063,PP04,19.0,19.0,0.0
2024-07-27,S1063,PP04,17.0,17.0,0.0
2024-08-03,S1063,PP04,17.0,17.0,0.0
2024-08-10,S1063,PP04,20.0,20.0,0.0
2024-08-17,S1063,PP04,18.0,18.0,0.0
2024-08-24,S1063,PP04,18.0,18.0,0.0
2024-08-31,S1063,PP04,15.0,15.0,0.0
2024-09-07,S1063,PP04,18.0,18.0,0.0
2024-09-14,S1063,PP04,17.0,17.0,0.0
2024-09-21,S1063,PP04,16.0,16.0,0.0
2024-09-28,S1063,PP04,17.0,17.0,0.0
2024-10-05,S1063,PP04,16.0,16.0,0.0
2024-10-12,S1063,PP04,16.0,16.0,0.0
2024-10-19,S1063,PP04,18.0,18.0,0.0
2024-10-26,S1063,PP04,18.0,18.0,0.0
2024-11-02,S1063,PP04,24.0,24.0,0.0
2024-11-09,S1063,PP04,22.0,22.0,0.0
2024-11-16,S1063,PP04,20.0,20.0,0.0
2024-11-23,S1063,PP04,29.0,24.0,5.0
2024-11-30,S1063,PP04,24.0,24.0,5.0
2024-12-07,S1063,PP04,27.0,24.0,8.0
2024-12-14,S1063,PP04,30.0,24.0,14.0
2024-12-21,S1063,PP04,20.0,24.0,10.0
2024-12-28,S1063,PP04,20.0,24.0,6.0
2025-01-04,S1063,PP04,16.0,22.0,0.0
2025-01-11,S1063,PP04,14.0,14.0,0.0
2025-01-18,S1063,PP04,15.0,15.0,0.0
2025-01-25,S1063,PP04,15.0,15.0,0.0
2025-02-01,S1063,PP04,15.0,15.0,0.0
2025-02-08,S1063,PP04,18.0,18.0,0.0
2025-02-15,S1063,PP04,17.0,17.0,0.0
2025-02-22,S1063,PP04,17.0,17.0,0.0
2025-03-01,S1063,PP04,17.0,17.0,0.0
2025-03-08,S1063,PP04,21.0,21.0,0.0
2025-03-15,S1063,PP04,18.0,18.0,0.0
2025-03-22,S1063,PP04,17.0,17.0,0.0
2025-03-29,S1063,PP04,15.0,15.0,0.0
2025-04-05,S1063,PP04,16.0,16.0,0.0
2025-04-12,S1063,PP04,17.0,17.0,0.0
2025-04-19,S1063,PP04,18.0,18.0,0.0
2025-04-26,S1063,PP04,18.0,18.0,0.0
2025-05-03,S1063,PP04,20.0,20.0,0.0
2025-05-10,S1063,PP04,18.0,18.0,0.0
2025-05-17,S1063,PP04,18.0,18.0,0.0
2025-05-24,S1063,PP04,20.0,20.0,0.0
2025-05-31,S1063,PP04,21.0,21.0,0.0
2025-06-07,S1063,PP04,16.0,16.0,0.0
2025-06-14,S1063,PP04,19.0,19.0,0.0
2025-06-21,S1063,PP04,15.0,15.0,0.0
2025-06-28,S1063,PP04,16.0,16.0,0.0
2025-07-05,S1063,PP04,18.0,18.0,0.0
2025-07-12,S1063,PP04,21.0,21.0,0.0
2025-07-19,S1063,PP04,18.0,18.0,0.0
2025-07-26,S1063,PP04,18.0,18.0,0.0
2025-08-02,S1063,PP04,20.0,20.0,0.0
2025-08-09,S1063,PP04,20.0,20.0,0.0
2025-08-16,S1063,PP04,18.0,18.0,0.0
2025-08-23,S1063,PP04,23.0,23.0,0.0
2025-08-30,S1063,PP04,18.0,18.0,0.0
2025-09-06,S1063,PP04,18.0,18.0,0.0
2025-09-13,S1063,PP04,17.0,17.0,0.0
2025-09-20,S1063,PP04,18.0,18.0,0.0
2025-09-27,S1063,PP04,20.0,20.0,0.0
2025-10-04,S1063,PP04,21.0,21.0,0.0
2025-10-11,S1063,PP04,17.0,17.0,0.0
2025-10-18,S1063,PP04,21.0,21.0,0.0
2025-10-25,S1063,PP04,21.0,21.0,0.0
2025-11-01,S1063,PP04,23.0,23.0,0.0
2025-11-08,S1063,PP04,22.0,22.0,0.0
2025-11-15,S1063,PP04,23.0,23.0,0.0
2025-11-22,S1063,PP04,27.0,24.0,3.0
2025-11-29,S1063,PP04,29.0,24.0,8.0
2025-12-06,S1063,PP04,33.0,24.0,17.0
2025-12-13,S1063,PP04,30.0,24.0,23.0
2025-12-20,S1063,PP04,25.0,24.0,24.0
2025-12-27,S1063,PP04,17.0,24.0,17.0
2026-01-03,S1063,PP04,16.0,24.0,9.0
2026-01-10,S1063,PP04,15.0,24.0,0.0
2026-01-17,S1063,PP04,13.0,13.0,0.0
2026-01-24,S1063,PP04,17.0,17.0,0.0
2026-01-31,S1063,PP04,14.0,14.0,0.0
2026-02-07,S1063,PP04,16.0,16.0,0.0
2026-02-14,S1063,PP04,17.0,17.0,0.0
2026-02-21,S1063,PP04,20.0,20.0,0.0
2026-02-28,S1063,PP04,17.0,17.0,0.0
2026-03-07,S1063,PP04,19.0,19.0,0.0
2026-03-14,S1063,PP04,19.0,19.0,0.0
2026-03-21,S1063,PP04,21.0,21.0,0.0
2026-03-28,S1063,PP04,20.0,20.0,0.0
2026-04-04,S1063,PP04,19.0,19.0,0.0
2026-04-11,S1063,PP04,16.0,16.0,0.0
2026-04-18,S1063,PP04,19.0,19.0,0.0
2026-04-25,S1063,PP04,20.0,20.0,0.0
2026-05-02,S1063,PP04,21.0,21.0,0.0
2026-05-09,S1063,PP04,19.0,19.0,0.0
2026-05-16,S1063,PP04,23.0,23.0,0.0
2026-05-23,S1063,PP04,20.0,20.0,0.0
2026-05-30,S1063,PP04,18.0,18.0,0.0
2026-06-06,S1063,PP04,19.0,19.0,0.0
2026-06-13,S1063,PP04,23.0,23.0,0.0
2026-06-20,S1063,PP04,21.0,21.0,0.0
2026-06-27,S1063,PP04,22.0,22.0,0.0
2026-07-04,S1063,PP04,18.0,18.0,0.0
2026-07-11,S1063,PP04,18.0,18.0,0.0
2026-07-18,S1063,PP04,18.0,18.0,0.0
2026-07-25,S1063,PP04,20.0,20.0,0.0
2022-08-06,S1064,PP04,14.0,14.0,0.0
2022-08-13,S1064,PP04,13.0,13.0,0.0
2022-08-20,S1064,PP04,13.0,13.0,0.0
2022-08-27,S1064,PP04,12.0,12.0,0.0
2022-09-03,S1064,PP04,13.0,13.0,0.0
2022-09-10,S1064,PP04,15.0,15.0,0.0
2022-09-17,S1064,PP04,11.0,11.0,0.0
2022-09-24,S1064,PP04,14.0,14.0,0.0
2022-10-01,S1064,PP04,15.0,15.0,0.0
2022-10-08,S1064,PP04,13.0,13.0,0.0
2022-10-15,S1064,PP04,13.0,13.0,0.0
2022-10-22,S1064,PP04,15.0,15.0,0.0
2022-10-29,S1064,PP04,13.0,13.0,0.0
2022-11-05,S1064,PP04,15.0,15.0,0.0
2022-11-12,S1064,PP04,14.0,14.0,0.0
2022-11-19,S1064,PP04,14.0,14.0,0.0
2022-11-26,S1064,PP04,18.0,18.0,0.0
2022-12-03,S1064,PP04,17.0,17.0,0.0
2022-12-10,S1064,PP04,21.0,20.0,1.0
2022-12-17,S1064,PP04,22.0,20.0,3.0
2022-12-24,S1064,PP04,21.0,20.0,4.0
2022-12-31,S1064,PP04,15.0,19.0,0.0
2023-01-07,S1064,PP04,13.0,13.0,0.0
2023-01-14,S1064,PP04,11.0,11.0,0.0
2023-01-21,S1064,PP04,11.0,11.0,0.0
2023-01-28,S1064,PP04,9.0,9.0,0.0
2023-02-04,S1064,PP04,14.0,14.0,0.0
2023-02-11,S1064,PP04,11.0,11.0,0.0
2023-02-18,S1064,PP04,14.0,14.0,0.0
2023-02-25,S1064,PP04,14.0,14.0,0.0
2023-03-04,S1064,PP04,12.0,12.0,0.0
2023-03-11,S1064,PP04,14.0,14.0,0.0
2023-03-18,S1064,PP04,17.0,17.0,0.0
2023-03-25,S1064,PP04,16.0,16.0,0.0
2023-04-01,S1064,PP04,13.0,13.0,0.0
2023-04-08,S1064,PP04,13.0,13.0,0.0
2023-04-15,S1064,PP04,14.0,14.0,0.0
2023-04-22,S1064,PP04,14.0,14.0,0.0
2023-04-29,S1064,PP04,16.0,16.0,0.0
2023-05-06,S1064,PP04,15.0,15.0,0.0
2023-05-13,S1064,PP04,12.0,12.0,0.0
2023-05-20,S1064,PP04,15.0,15.0,0.0
2023-05-27,S1064,PP04,14.0,14.0,0.0
2023-06-03,S1064,PP04,14.0,14.0,0.0
2023-06-10,S1064,PP04,14.0,14.0,0.0
2023-06-17,S1064,PP04,15.0,15.0,0.0
2023-06-24,S1064,PP04,15.0,15.0,0.0
2023-07-01,S1064,PP04,13.0,13.0,0.0
2023-07-08,S1064,PP04,13.0,13.0,0.0
2023-07-15,S1064,PP04,13.0,13.0,0.0
2023-07-22,S1064,PP04,12.0,12.0,0.0
2023-07-29,S1064,PP04,14.0,14.0,0.0
2023-08-05,S1064,PP04,17.0,17.0,0.0
2023-08-12,S1064,PP04,12.0,12.0,0.0
2023-08-19,S1064,PP04,14.0,14.0,0.0
2023-08-26,S1064,PP04,14.0,14.0,0.0
2023-09-02,S1064,PP04,14.0,14.0,0.0
2023-09-09,S1064,PP04,12.0,12.0,0.0
2023-09-16,S1064,PP04,11.0,11.0,0.0
2023-09-23,S1064,PP04,11.0,11.0,0.0
2023-09-30,S1064,PP04,15.0,15.0,0.0
2023-10-07,S1064,PP04,12.0,12.0,0.0
2023-10-14,S1064,PP04,13.0,13.0,0.0
2023-10-21,S1064,PP04,17.0,17.0,0.0
2023-10-28,S1064,PP04,14.0,14.0,0.0
2023-11-04,S1064,PP04,16.0,16.0,0.0
2023-11-11,S1064,PP04,18.0,18.0,0.0
2023-11-18,S1064,PP04,19.0,19.0,0.0
2023-11-25,S1064,PP04,16.0,16.0,0.0
2023-12-02,S1064,PP04,19.0,19.0,0.0
2023-12-09,S1064,PP04,22.0,20.0,2.0
2023-12-16,S1064,PP04,25.0,20.0,7.0
2023-12-23,S1064,PP04,17.0,20.0,4.0
2023-12-30,S1064,PP04,15.0,19.0,0.0
2024-01-06,S1064,PP04,13.0,13.0,0.0
2024-01-13,S1064,PP04,11.0,11.0,0.0
2024-01-20,S1064,PP04,12.0,12.0,0.0
2024-01-27,S1064,PP04,11.0,11.0,0.0
2024-02-03,S1064,PP04,11.0,11.0,0.0
2024-02-10,S1064,PP04,13.0,13.0,0.0
2024-02-17,S1064,PP04,15.0,15.0,0.0
2024-02-24,S1064,PP04,13.0,13.0,0.0
2024-03-02,S1064,PP04,13.0,13.0,0.0
2024-03-09,S1064,PP04,12.0,12.0,0.0
2024-03-16,S1064,PP04,16.0,16.0,0.0
2024-03-23,S1064,PP04,14.0,14.0,0.0
2024-03-30,S1064,PP04,15.0,15.0,0.0
2024-04-06,S1064,PP04,14.0,14.0,0.0
2024-04-13,S1064,PP04,14.0,14.0,0.0
2024-04-20,S1064,PP04,12.0,12.0,0.0
2024-04-27,S1064,PP04,11.0,11.0,0.0
2024-05-04,S1064,PP04,16.0,16.0,0.0
2024-05-11,S1064,PP04,15.0,15.0,0.0
2024-05-18,S1064,PP04,15.0,15.0,0.0
2024-05-25,S1064,PP04,13.0,13.0,0.0
2024-06-01,S1064,PP04,13.0,13.0,0.0
2024-06-08,S1064,PP04,16.0,16.0,0.0
2024-06-15,S1064,PP04,17.0,17.0,0.0
2024-06-22,S1064,PP04,13.0,13.0,0.0
2024-06-29,S1064,PP04,15.0,15.0,0.0
2024-07-06,S1064,PP04,14.0,14.0,0.0
2024-07-13,S1064,PP04,14.0,14.0,0.0
2024-07-20,S1064,PP04,17.0,17.0,0.0
2024-07-27,S1064,PP04,14.0,14.0,0.0
2024-08-03,S1064,PP04,16.0,16.0,0.0
2024-08-10,S1064,PP04,15.0,15.0,0.0
2024-08-17,S1064,PP04,14.0,14.0,0.0
2024-08-24,S1064,PP04,16.0,16.0,0.0
2024-08-31,S1064,PP04,14.0,14.0,0.0
2024-09-07,S1064,PP04,13.0,13.0,0.0
2024-09-14,S1064,PP04,15.0,15.0,0.0
2024-09-21,S1064,PP04,15.0,15.0,0.0
2024-09-28,S1064,PP04,15.0,15.0,0.0
2024-10-05,S1064,PP04,9.0,9.0,0.0
2024-10-12,S1064,PP04,14.0,14.0,0.0
2024-10-19,S1064,PP04,15.0,15.0,0.0
2024-10-26,S1064,PP04,15.0,15.0,0.0
2024-11-02,S1064,PP04,17.0,17.0,0.0
2024-11-09,S1064,PP04,17.0,17.0,0.0
2024-11-16,S1064,PP04,19.0,19.0,0.0
2024-11-23,S1064,PP04,18.0,18.0,0.0
2024-11-30,S1064,PP04,23.0,20.0,3.0
2024-12-07,S1064,PP04,23.0,20.0,6.0
2024-12-14,S1064,PP04,23.0,20.0,9.0
2024-12-21,S1064,PP04,20.0,20.0,9.0
2024-12-28,S1064,PP04,19.0,20.0,8.0
2025-01-04,S1064,PP04,15.0,20.0,3.0
2025-01-11,S1064,PP04,11.0,14.0,0.0
2025-01-18,S1064,PP04,13.0,13.0,0.0
2025-01-25,S1064,PP04,12.0,12.0,0.0
2025-02-01,S1064,PP04,15.0,15.0,0.0
2025-02-08,S1064,PP04,14.0,14.0,0.0
2025-02-15,S1064,PP04,12.0,12.0,0.0
2025-02-22,S1064,PP04,17.0,17.0,0.0
2025-03-01,S1064,PP04,11.0,11.0,0.0
2025-03-08,S1064,PP04,15.0,15.0,0.0
2025-03-15,S1064,PP04,13.0,13.0,0.0
2025-03-22,S1064,PP04,17.0,17.0,0.0
2025-03-29,S1064,PP04,15.0,15.0,0.0
2025-04-05,S1064,PP04,13.0,13.0,0.0
2025-04-12,S1064,PP04,14.0,14.0,0.0
2025-04-19,S1064,PP04,14.0,14.0,0.0
2025-04-26,S1064,PP04,15.0,15.0,0.0
2025-05-03,S1064,PP04,15.0,15.0,0.0
2025-05-10,S1064,PP04,14.0,14.0,0.0
2025-05-17,S1064,PP04,16.0,16.0,0.0
2025-05-24,S1064,PP04,16.0,16.0,0.0
2025-05-31,S1064,PP04,14.0,14.0,0.0
2025-06-07,S1064,PP04,12.0,12.0,0.0
2025-06-14,S1064,PP04,15.0,15.0,0.0
2025-06-21,S1064,PP04,15.0,15.0,0.0
2025-06-28,S1064,PP04,16.0,16.0,0.0
2025-07-05,S1064,PP04,16.0,16.0,0.0
2025-07-12,S1064,PP04,18.0,18.0,0.0
2025-07-19,S1064,PP04,17.0,17.0,0.0
2025-07-26,S1064,PP04,20.0,20.0,0.0
2025-08-02,S1064,PP04,21.0,20.0,1.0
2025-08-09,S1064,PP04,13.0,14.0,0.0
2025-08-16,S1064,PP04,13.0,13.0,0.0
2025-08-23,S1064,PP04,15.0,15.0,0.0
2025-08-30,S1064,PP04,15.0,15.0,0.0
2025-09-06,S1064,PP04,14.0,14.0,0.0
2025-09-13,S1064,PP04,15.0,15.0,0.0
2025-09-20,S1064,PP04,14.0,14.0,0.0
2025-09-27,S1064,PP04,13.0,13.0,0.0
2025-10-04,S1064,PP04,14.0,14.0,0.0
2025-10-11,S1064,PP04,14.0,14.0,0.0
2025-10-18,S1064,PP04,17.0,17.0,0.0
2025-10-25,S1064,PP04,15.0,15.0,0.0
2025-11-01,S1064,PP04,16.0,16.0,0.0
2025-11-08,S1064,PP04,19.0,19.0,0.0
2025-11-15,S1064,PP04,18.0,18.0,0.0
2025-11-22,S1064,PP04,22.0,20.0,2.0
2025-11-29,S1064,PP04,19.0,20.0,1.0
2025-12-06,S1064,PP04,20.0,20.0,1.0
2025-12-13,S1064,PP04,24.0,20.0,5.0
2025-12-20,S1064,PP04,21.0,20.0,6.0
2025-12-27,S1064,PP04,16.0,20.0,2.0
2026-01-03,S1064,PP04,17.0,19.0,0.0
2026-01-10,S1064,PP04,15.0,15.0,0.0
2026-01-17,S1064,PP04,11.0,11.0,0.0
2026-01-24,S1064,PP04,15.0,15.0,0.0
2026-01-31,S1064,PP04,10.0,10.0,0.0
2026-02-07,S1064,PP04,15.0,15.0,0.0
2026-02-14,S1064,PP04,13.0,13.0,0.0
2026-02-21,S1064,PP04,16.0,16.0,0.0
2026-02-28,S1064,PP04,13.0,13.0,0.0
2026-03-07,S1064,PP04,15.0,15.0,0.0
2026-03-14,S1064,PP04,14.0,14.0,0.0
2026-03-21,S1064,PP04,15.0,15.0,0.0
2026-03-28,S1064,PP04,18.0,18.0,0.0
2026-04-04,S1064,PP04,15.0,15.0,0.0
2026-04-11,S1064,PP04,19.0,19.0,0.0
2026-04-18,S1064,PP04,15.0,15.0,0.0
2026-04-25,S1064,PP04,18.0,18.0,0.0
2026-05-02,S1064,PP04,14.0,14.0,0.0
2026-05-09,S1064,PP04,16.0,16.0,0.0
2026-05-16,S1064,PP04,15.0,15.0,0.0
2026-05-23,S1064,PP04,19.0,19.0,0.0
2026-05-30,S1064,PP04,16.0,16.0,0.0
2026-06-06,S1064,PP04,13.0,13.0,0.0
2026-06-13,S1064,PP04,13.0,13.0,0.0
2026-06-20,S1064,PP04,14.0,14.0,0.0
2026-06-27,S1064,PP04,17.0,17.0,0.0
2026-07-04,S1064,PP04,17.0,17.0,0.0
2026-07-11,S1064,PP04,15.0,15.0,0.0
2026-07-18,S1064,PP04,15.0,15.0,0.0
2026-07-25,S1064,PP04,17.0,17.0,0.0
2022-08-06,S1065,PP04,19.0,19.0,0.0
2022-08-13,S1065,PP04,22.0,22.0,0.0
2022-08-20,S1065,PP04,22.0,22.0,0.0
2022-08-27,S1065,PP04,20.0,20.0,0.0
2022-09-03,S1065,PP04,21.0,21.0,0.0
2022-09-10,S1065,PP04,20.0,20.0,0.0
2022-09-17,S1065,PP04,21.0,21.0,0.0
2022-09-24,S1065,PP04,17.0,17.0,0.0
2022-10-01,S1065,PP04,21.0,21.0,0.0
2022-10-08,S1065,PP04,22.0,22.0,0.0
2022-10-15,S1065,PP04,21.0,21.0,0.0
2022-10-22,S1065,PP04,23.0,23.0,0.0
2022-10-29,S1065,PP04,22.0,22.0,0.0
2022-11-05,S1065,PP04,25.0,25.0,0.0
2022-11-12,S1065,PP04,24.0,24.0,0.0
2022-11-19,S1065,PP04,23.0,23.0,0.0
2022-11-26,S1065,PP04,30.0,30.0,0.0
2022-12-03,S1065,PP04,25.0,25.0,0.0
2022-12-10,S1065,PP04,33.0,30.0,3.0
2022-12-17,S1065,PP04,29.0,30.0,2.0
2022-12-24,S1065,PP04,25.0,27.0,0.0
2022-12-31,S1065,PP04,23.0,23.0,0.0
2023-01-07,S1065,PP04,17.0,17.0,0.0
2023-01-14,S1065,PP04,17.0,17.0,0.0
2023-01-21,S1065,PP04,17.0,17.0,0.0
2023-01-28,S1065,PP04,16.0,16.0,0.0
2023-02-04,S1065,PP04,21.0,21.0,0.0
2023-02-11,S1065,PP04,19.0,19.0,0.0
2023-02-18,S1065,PP04,20.0,20.0,0.0
2023-02-25,S1065,PP04,22.0,22.0,0.0
2023-03-04,S1065,PP04,23.0,23.0,0.0
2023-03-11,S1065,PP04,21.0,21.0,0.0
2023-03-18,S1065,PP04,20.0,20.0,0.0
2023-03-25,S1065,PP04,18.0,18.0,0.0
2023-04-01,S1065,PP04,21.0,21.0,0.0
2023-04-08,S1065,PP04,23.0,23.0,0.0
2023-04-15,S1065,PP04,22.0,22.0,0.0
2023-04-22,S1065,PP04,15.0,15.0,0.0
2023-04-29,S1065,PP04,23.0,23.0,0.0
2023-05-06,S1065,PP04,23.0,23.0,0.0
2023-05-13,S1065,PP04,21.0,21.0,0.0
2023-05-20,S1065,PP04,24.0,24.0,0.0
2023-05-27,S1065,PP04,23.0,23.0,0.0
2023-06-03,S1065,PP04,20.0,20.0,0.0
2023-06-10,S1065,PP04,24.0,24.0,0.0
2023-06-17,S1065,PP04,18.0,18.0,0.0
2023-06-24,S1065,PP04,21.0,21.0,0.0
2023-07-01,S1065,PP04,20.0,20.0,0.0
2023-07-08,S1065,PP04,19.0,19.0,0.0
2023-07-15,S1065,PP04,21.0,21.0,0.0
2023-07-22,S1065,PP04,24.0,24.0,0.0
2023-07-29,S1065,PP04,24.0,24.0,0.0
2023-08-05,S1065,PP04,23.0,23.0,0.0
2023-08-12,S1065,PP04,19.0,19.0,0.0
2023-08-19,S1065,PP04,19.0,19.0,0.0
2023-08-26,S1065,PP04,21.0,21.0,0.0
2023-09-02,S1065,PP04,21.0,21.0,0.0
2023-09-09,S1065,PP04,19.0,19.0,0.0
2023-09-16,S1065,PP04,24.0,24.0,0.0
2023-09-23,S1065,PP04,20.0,20.0,0.0
2023-09-30,S1065,PP04,21.0,21.0,0.0
2023-10-07,S1065,PP04,22.0,22.0,0.0
2023-10-14,S1065,PP04,20.0,20.0,0.0
2023-10-21,S1065,PP04,27.0,27.0,0.0
2023-10-28,S1065,PP04,20.0,20.0,0.0
2023-11-04,S1065,PP04,22.0,22.0,0.0
2023-11-11,S1065,PP04,22.0,22.0,0.0
2023-11-18,S1065,PP04,31.0,30.0,1.0
2023-11-25,S1065,PP04,31.0,30.0,2.0
2023-12-02,S1065,PP04,29.0,30.0,1.0
2023-12-09,S1065,PP04,30.0,30.0,1.0
2023-12-16,S1065,PP04,36.0,30.0,7.0
2023-12-23,S1065,PP04,28.0,30.0,5.0
2023-12-30,S1065,PP04,27.0,30.0,2.0
2024-01-06,S1065,PP04,19.0,21.0,0.0
2024-01-13,S1065,PP04,17.0,17.0,0.0
2024-01-20,S1065,PP04,17.0,17.0,0.0
2024-01-27,S1065,PP04,17.0,17.0,0.0
2024-02-03,S1065,PP04,18.0,18.0,0.0
2024-02-10,S1065,PP04,17.0,17.0,0.0
2024-02-17,S1065,PP04,21.0,21.0,0.0
2024-02-24,S1065,PP04,21.0,21.0,0.0
2024-03-02,S1065,PP04,22.0,22.0,0.0
2024-03-09,S1065,PP04,22.0,22.0,0.0
2024-03-16,S1065,PP04,20.0,20.0,0.0
2024-03-23,S1065,PP04,24.0,24.0,0.0
2024-03-30,S1065,PP04,22.0,22.0,0.0
2024-04-06,S1065,PP04,24.0,24.0,0.0
2024-04-13,S1065,PP04,24.0,24.0,0.0
2024-04-20,S1065,PP04,21.0,21.0,0.0
2024-04-27,S1065,PP04,22.0,22.0,0.0
2024-05-04,S1065,PP04,24.0,24.0,0.0
2024-05-11,S1065,PP04,20.0,20.0,0.0
2024-05-18,S1065,PP04,20.0,20.0,0.0
2024-05-25,S1065,PP04,19.0,19.0,0.0
2024-06-01,S1065,PP04,22.0,22.0,0.0
2024-06-08,S1065,PP04,21.0,21.0,0.0
2024-06-15,S1065,PP04,19.0,19.0,0.0
2024-06-22,S1065,PP04,22.0,22.0,0.0
2024-06-29,S1065,PP04,21.0,21.0,0.0
2024-07-06,S1065,PP04,24.0,24.0,0.0
2024-07-13,S1065,PP04,26.0,26.0,0.0
2024-07-20,S1065,PP04,22.0,22.0,0.0
2024-07-27,S1065,PP04,20.0,20.0,0.0
2024-08-03,S1065,PP04,24.0,24.0,0.0
2024-08-10,S1065,PP04,22.0,22.0,0.0
2024-08-17,S1065,PP04,22.0,22.0,0.0
2024-08-24,S1065,PP04,20.0,20.0,0.0
2024-08-31,S1065,PP04,20.0,20.0,0.0
2024-09-07,S1065,PP04,20.0,20.0,0.0
2024-09-14,S1065,PP04,21.0,21.0,0.0
2024-09-21,S1065,PP04,21.0,21.0,0.0
2024-09-28,S1065,PP04,24.0,24.0,0.0
2024-10-05,S1065,PP04,22.0,22.0,0.0
2024-10-12,S1065,PP04,22.0,22.0,0.0
2024-10-19,S1065,PP04,21.0,21.0,0.0
2024-10-26,S1065,PP04,21.0,21.0,0.0
2024-11-02,S1065,PP04,23.0,23.0,0.0
2024-11-09,S1065,PP04,23.0,23.0,0.0
2024-11-16,S1065,PP04,21.0,21.0,0.0
2024-11-23,S1065,PP04,26.0,26.0,0.0
2024-11-30,S1065,PP04,36.0,30.0,6.0
2024-12-07,S1065,PP04,34.0,30.0,10.0
2024-12-14,S1065,PP04,32.0,30.0,12.0
2024-12-21,S1065,PP04,30.0,30.0,12.0
2024-12-28,S1065,PP04,21.0,30.0,3.0
2025-01-04,S1065,PP04,22.0,25.0,0.0
2025-01-11,S1065,PP04,20.0,20.0,0.0
2025-01-18,S1065,PP04,17.0,17.0,0.0
2025-01-25,S1065,PP04,15.0,15.0,0.0
2025-02-01,S1065,PP04,18.0,18.0,0.0
2025-02-08,S1065,PP04,22.0,22.0,0.0
2025-02-15,S1065,PP04,20.0,20.0,0.0
2025-02-22,S1065,PP04,18.0,18.0,0.0
2025-03-01,S1065,PP04,26.0,26.0,0.0
2025-03-08,S1065,PP04,19.0,19.0,0.0
2025-03-15,S1065,PP04,21.0,21.0,0.0
2025-03-22,S1065,PP04,19.0,19.0,0.0
2025-03-29,S1065,PP04,20.0,20.0,0.0
2025-04-05,S1065,PP04,21.0,21.0,0.0
2025-04-12,S1065,PP04,23.0,23.0,0.0
2025-04-19,S1065,PP04,25.0,25.0,0.0
2025-04-26,S1065,PP04,22.0,22.0,0.0
2025-05-03,S1065,PP04,21.0,21.0,0.0
2025-05-10,S1065,PP04,25.0,25.0,0.0
2025-05-17,S1065,PP04,25.0,25.0,0.0
2025-05-24,S1065,PP04,24.0,24.0,0.0
2025-05-31,S1065,PP04,23.0,23.0,0.0
2025-06-07,S1065,PP04,22.0,22.0,0.0
2025-06-14,S1065,PP04,22.0,22.0,0.0
2025-06-21,S1065,PP04,22.0,22.0,0.0
2025-06-28,S1065,PP04,25.0,25.0,0.0
2025-07-05,S1065,PP04,28.0,28.0,0.0
2025-07-12,S1065,PP04,23.0,23.0,0.0
2025-07-19,S1065,PP04,23.0,23.0,0.0
2025-07-26,S1065,PP04,24.0,24.0,0.0
2025-08-02,S1065,PP04,22.0,22.0,0.0
2025-08-09,S1065,PP04,26.0,26.0,0.0
2025-08-16,S1065,PP04,25.0,25.0,0.0
2025-08-23,S1065,PP04,22.0,22.0,0.0
2025-08-30,S1065,PP04,25.0,25.0,0.0
2025-09-06,S1065,PP04,22.0,22.0,0.0
2025-09-13,S1065,PP04,19.0,19.0,0.0
2025-09-20,S1065,PP04,22.0,22.0,0.0
2025-09-27,S1065,PP04,22.0,22.0,0.0
2025-10-04,S1065,PP04,24.0,24.0,0.0
2025-10-11,S1065,PP04,24.0,24.0,0.0
2025-10-18,S1065,PP04,23.0,23.0,0.0
2025-10-25,S1065,PP04,23.0,23.0,0.0
2025-11-01,S1065,PP04,25.0,25.0,0.0
2025-11-08,S1065,PP04,28.0,28.0,0.0
2025-11-15,S1065,PP04,29.0,29.0,0.0
2025-11-22,S1065,PP04,31.0,30.0,1.0
2025-11-29,S1065,PP04,32.0,30.0,3.0
2025-12-06,S1065,PP04,38.0,30.0,11.0
2025-12-13,S1065,PP04,33.0,30.0,14.0
2025-12-20,S1065,PP04,40.0,30.0,24.0
2025-12-27,S1065,PP04,29.0,30.0,23.0
2026-01-03,S1065,PP04,20.0,30.0,13.0
2026-01-10,S1065,PP04,19.0,30.0,2.0
2026-01-17,S1065,PP04,20.0,22.0,0.0
2026-01-24,S1065,PP04,18.0,18.0,0.0
2026-01-31,S1065,PP04,17.0,17.0,0.0
2026-02-07,S1065,PP04,19.0,19.0,0.0
2026-02-14,S1065,PP04,23.0,23.0,0.0
2026-02-21,S1065,PP04,18.0,18.0,0.0
2026-02-28,S1065,PP04,19.0,19.0,0.0
2026-03-07,S1065,PP04,24.0,24.0,0.0
2026-03-14,S1065,PP04,22.0,22.0,0.0
2026-03-21,S1065,PP04,21.0,21.0,0.0
2026-03-28,S1065,PP04,22.0,22.0,0.0
2026-04-04,S1065,PP04,20.0,20.0,0.0
2026-04-11,S1065,PP04,24.0,24.0,0.0
2026-04-18,S1065,PP04,22.0,22.0,0.0
2026-04-25,S1065,PP04,23.0,23.0,0.0
2026-05-02,S1065,PP04,25.0,25.0,0.0
2026-05-09,S1065,PP04,24.0,24.0,0.0
2026-05-16,S1065,PP04,23.0,23.0,0.0
2026-05-23,S1065,PP04,20.0,20.0,0.0
2026-05-30,S1065,PP04,25.0,25.0,0.0
2026-06-06,S1065,PP04,24.0,24.0,0.0
2026-06-13,S1065,PP04,22.0,22.0,0.0
2026-06-20,S1065,PP04,21.0,21.0,0.0
2026-06-27,S1065,PP04,24.0,24.0,0.0
2026-07-04,S1065,PP04,25.0,25.0,0.0
2026-07-11,S1065,PP04,24.0,24.0,0.0
2026-07-18,S1065,PP04,28.0,28.0,0.0
2026-07-25,S1065,PP04,26.0,26.0,0.0
2022-08-06,S1066,PP04,7.0,7.0,0.0
2022-08-13,S1066,PP04,7.0,7.0,0.0
2022-08-20,S1066,PP04,7.0,7.0,0.0
2022-08-27,S1066,PP04,7.0,7.0,0.0
2022-09-03,S1066,PP04,8.0,8.0,0.0
2022-09-10,S1066,PP04,6.0,6.0,0.0
2022-09-17,S1066,PP04,6.0,6.0,0.0
2022-09-24,S1066,PP04,7.0,7.0,0.0
2022-10-01,S1066,PP04,7.0,7.0,0.0
2022-10-08,S1066,PP04,6.0,6.0,0.0
2022-10-15,S1066,PP04,6.0,6.0,0.0
2022-10-22,S1066,PP04,6.0,6.0,0.0
2022-10-29,S1066,PP04,9.0,9.0,0.0
2022-11-05,S1066,PP04,8.0,8.0,0.0
2022-11-12,S1066,PP04,7.0,7.0,0.0
2022-11-19,S1066,PP04,9.0,9.0,0.0
2022-11-26,S1066,PP04,8.0,8.0,0.0
2022-12-03,S1066,PP04,9.0,9.0,0.0
2022-12-10,S1066,PP04,9.0,9.0,0.0
2022-12-17,S1066,PP04,8.0,8.0,0.0
2022-12-24,S1066,PP04,7.0,7.0,0.0
2022-12-31,S1066,PP04,6.0,6.0,0.0
2023-01-07,S1066,PP04,7.0,7.0,0.0
2023-01-14,S1066,PP04,5.0,5.0,0.0
2023-01-21,S1066,PP04,6.0,6.0,0.0
2023-01-28,S1066,PP04,6.0,6.0,0.0
2023-02-04,S1066,PP04,6.0,6.0,0.0
2023-02-11,S1066,PP04,6.0,6.0,0.0
2023-02-18,S1066,PP04,6.0,6.0,0.0
2023-02-25,S1066,PP04,6.0,6.0,0.0
2023-03-04,S1066,PP04,7.0,7.0,0.0
2023-03-11,S1066,PP04,8.0,8.0,0.0
2023-03-18,S1066,PP04,8.0,8.0,0.0
2023-03-25,S1066,PP04,5.0,5.0,0.0
2023-04-01,S1066,PP04,6.0,6.0,0.0
2023-04-08,S1066,PP04,7.0,7.0,0.0
2023-04-15,S1066,PP04,7.0,7.0,0.0
2023-04-22,S1066,PP04,6.0,6.0,0.0
2023-04-29,S1066,PP04,6.0,6.0,0.0
2023-05-06,S1066,PP04,8.0,8.0,0.0
2023-05-13,S1066,PP04,7.0,7.0,0.0
2023-05-20,S1066,PP04,6.0,6.0,0.0
2023-05-27,S1066,PP04,6.0,6.0,0.0
2023-06-03,S1066,PP04,7.0,7.0,0.0
2023-06-10,S1066,PP04,6.0,6.0,0.0
2023-06-17,S1066,PP04,7.0,7.0,0.0
2023-06-24,S1066,PP04,6.0,6.0,0.0
2023-07-01,S1066,PP04,6.0,6.0,0.0
2023-07-08,S1066,PP04,8.0,8.0,0.0
2023-07-15,S1066,PP04,7.0,7.0,0.0
2023-07-22,S1066,PP04,7.0,7.0,0.0
2023-07-29,S1066,PP04,7.0,7.0,0.0
2023-08-05,S1066,PP04,8.0,8.0,0.0
2023-08-12,S1066,PP04,8.0,8.0,0.0
2023-08-19,S1066,PP04,8.0,8.0,0.0
2023-08-26,S1066,PP04,7.0,7.0,0.0
2023-09-02,S1066,PP04,7.0,7.0,0.0
2023-09-09,S1066,PP04,7.0,7.0,0.0
2023-09-16,S1066,PP04,6.0,6.0,0.0
2023-09-23,S1066,PP04,6.0,6.0,0.0
2023-09-30,S1066,PP04,6.0,6.0,0.0
2023-10-07,S1066,PP04,7.0,7.0,0.0
2023-10-14,S1066,PP04,6.0,6.0,0.0
2023-10-21,S1066,PP04,7.0,7.0,0.0
2023-10-28,S1066,PP04,7.0,7.0,0.0
2023-11-04,S1066,PP04,7.0,7.0,0.0
2023-11-11,S1066,PP04,8.0,8.0,0.0
2023-11-18,S1066,PP04,8.0,8.0,0.0
2023-11-25,S1066,PP04,9.0,9.0,0.0
2023-12-02,S1066,PP04,11.0,10.0,1.0
2023-12-09,S1066,PP04,11.0,10.0,2.0
2023-12-16,S1066,PP04,10.0,10.0,2.0
2023-12-23,S1066,PP04,8.0,10.0,0.0
2023-12-30,S1066,PP04,7.0,7.0,0.0
2024-01-06,S1066,PP04,6.0,6.0,0.0
2024-01-13,S1066,PP04,6.0,6.0,0.0
2024-01-20,S1066,PP04,6.0,6.0,0.0
2024-01-27,S1066,PP04,6.0,6.0,0.0
2024-02-03,S1066,PP04,5.0,5.0,0.0
2024-02-10,S1066,PP04,7.0,7.0,0.0
2024-02-17,S1066,PP04,6.0,6.0,0.0
2024-02-24,S1066,PP04,6.0,6.0,0.0
2024-03-02,S1066,PP04,7.0,7.0,0.0
2024-03-09,S1066,PP04,7.0,7.0,0.0
2024-03-16,S1066,PP04,5.0,5.0,0.0
2024-03-23,S1066,PP04,7.0,7.0,0.0
2024-03-30,S1066,PP04,7.0,7.0,0.0
2024-04-06,S1066,PP04,6.0,6.0,0.0
2024-04-13,S1066,PP04,7.0,7.0,0.0
2024-04-20,S1066,PP04,6.0,6.0,0.0
2024-04-27,S1066,PP04,5.0,5.0,0.0
2024-05-04,S1066,PP04,7.0,7.0,0.0
2024-05-11,S1066,PP04,8.0,8.0,0.0
2024-05-18,S1066,PP04,5.0,5.0,0.0
2024-05-25,S1066,PP04,7.0,7.0,0.0
2024-06-01,S1066,PP04,6.0,6.0,0.0
2024-06-08,S1066,PP04,7.0,7.0,0.0
2024-06-15,S1066,PP04,9.0,9.0,0.0
2024-06-22,S1066,PP04,7.0,7.0,0.0
2024-06-29,S1066,PP04,7.0,7.0,0.0
2024-07-06,S1066,PP04,8.0,8.0,0.0
2024-07-13,S1066,PP04,7.0,7.0,0.0
2024-07-20,S1066,PP04,7.0,7.0,0.0
2024-07-27,S1066,PP04,8.0,8.0,0.0
2024-08-03,S1066,PP04,8.0,8.0,0.0
2024-08-10,S1066,PP04,8.0,8.0,0.0
2024-08-17,S1066,PP04,7.0,7.0,0.0
2024-08-24,S1066,PP04,7.0,7.0,0.0
2024-08-31,S1066,PP04,7.0,7.0,0.0
2024-09-07,S1066,PP04,6.0,6.0,0.0
2024-09-14,S1066,PP04,7.0,7.0,0.0
2024-09-21,S1066,PP04,6.0,6.0,0.0
2024-09-28,S1066,PP04,8.0,8.0,0.0
2024-10-05,S1066,PP04,7.0,7.0,0.0
2024-10-12,S1066,PP04,6.0,6.0,0.0
2024-10-19,S1066,PP04,8.0,8.0,0.0
2024-10-26,S1066,PP04,7.0,7.0,0.0
2024-11-02,S1066,PP04,8.0,8.0,0.0
2024-11-09,S1066,PP04,8.0,8.0,0.0
2024-11-16,S1066,PP04,9.0,9.0,0.0
2024-11-23,S1066,PP04,10.0,10.0,0.0
2024-11-30,S1066,PP04,11.0,10.0,1.0
2024-12-07,S1066,PP04,10.0,10.0,1.0
2024-12-14,S1066,PP04,10.0,10.0,1.0
2024-12-21,S1066,PP04,10.0,10.0,1.0
2024-12-28,S1066,PP04,8.0,9.0,0.0
2025-01-04,S1066,PP04,6.0,6.0,0.0
2025-01-11,S1066,PP04,7.0,7.0,0.0
2025-01-18,S1066,PP04,6.0,6.0,0.0
2025-01-25,S1066,PP04,5.0,5.0,0.0
2025-02-01,S1066,PP04,6.0,6.0,0.0
2025-02-08,S1066,PP04,6.0,6.0,0.0
2025-02-15,S1066,PP04,6.0,6.0,0.0
2025-02-22,S1066,PP04,7.0,7.0,0.0
2025-03-01,S1066,PP04,7.0,7.0,0.0
2025-03-08,S1066,PP04,7.0,7.0,0.0
2025-03-15,S1066,PP04,7.0,7.0,0.0
2025-03-22,S1066,PP04,8.0,8.0,0.0
2025-03-29,S1066,PP04,7.0,7.0,0.0
2025-04-05,S1066,PP04,7.0,7.0,0.0
2025-04-12,S1066,PP04,8.0,8.0,0.0
2025-04-19,S1066,PP04,8.0,8.0,0.0
2025-04-26,S1066,PP04,7.0,7.0,0.0
2025-05-03,S1066,PP04,7.0,7.0,0.0
2025-05-10,S1066,PP04,8.0,8.0,0.0
2025-05-17,S1066,PP04,7.0,7.0,0.0
2025-05-24,S1066,PP04,7.0,7.0,0.0
2025-05-31,S1066,PP04,8.0,8.0,0.0
2025-06-07,S1066,PP04,8.0,8.0,0.0
2025-06-14,S1066,PP04,6.0,6.0,0.0
2025-06-21,S1066,PP04,7.0,7.0,0.0
2025-06-28,S1066,PP04,7.0,7.0,0.0
2025-07-05,S1066,PP04,8.0,8.0,0.0
2025-07-12,S1066,PP04,7.0,7.0,0.0
2025-07-19,S1066,PP04,7.0,7.0,0.0
2025-07-26,S1066,PP04,8.0,8.0,0.0
2025-08-02,S1066,PP04,7.0,7.0,0.0
2025-08-09,S1066,PP04,8.0,8.0,0.0
2025-08-16,S1066,PP04,8.0,8.0,0.0
2025-08-23,S1066,PP04,7.0,7.0,0.0
2025-08-30,S1066,PP04,7.0,7.0,0.0
2025-09-06,S1066,PP04,8.0,8.0,0.0
2025-09-13,S1066,PP04,6.0,6.0,0.0
2025-09-20,S1066,PP04,8.0,8.0,0.0
2025-09-27,S1066,PP04,6.0,6.0,0.0
2025-10-04,S1066,PP04,8.0,8.0,0.0
2025-10-11,S1066,PP04,6.0,6.0,0.0
2025-10-18,S1066,PP04,10.0,10.0,0.0
2025-10-25,S1066,PP04,8.0,8.0,0.0
2025-11-01,S1066,PP04,9.0,9.0,0.0
2025-11-08,S1066,PP04,10.0,10.0,0.0
2025-11-15,S1066,PP04,9.0,9.0,0.0
2025-11-22,S1066,PP04,9.0,9.0,0.0
2025-11-29,S1066,PP04,10.0,10.0,0.0
2025-12-06,S1066,PP04,12.0,10.0,2.0
2025-12-13,S1066,PP04,11.0,10.0,3.0
2025-12-20,S1066,PP04,9.0,10.0,2.0
2025-12-27,S1066,PP04,9.0,10.0,1.0
2026-01-03,S1066,PP04,7.0,8.0,0.0
2026-01-10,S1066,PP04,6.0,6.0,0.0
2026-01-17,S1066,PP04,6.0,6.0,0.0
2026-01-24,S1066,PP04,6.0,6.0,0.0
2026-01-31,S1066,PP04,6.0,6.0,0.0
2026-02-07,S1066,PP04,8.0,8.0,0.0
2026-02-14,S1066,PP04,7.0,7.0,0.0
2026-02-21,S1066,PP04,7.0,7.0,0.0
2026-02-28,S1066,PP04,7.0,7.0,0.0
2026-03-07,S1066,PP04,8.0,8.0,0.0
2026-03-14,S1066,PP04,7.0,7.0,0.0
2026-03-21,S1066,PP04,8.0,8.0,0.0
2026-03-28,S1066,PP04,8.0,8.0,0.0
2026-04-04,S1066,PP04,6.0,6.0,0.0
2026-04-11,S1066,PP04,9.0,9.0,0.0
2026-04-18,S1066,PP04,9.0,9.0,0.0
2026-04-25,S1066,PP04,7.0,7.0,0.0
2026-05-02,S1066,PP04,7.0,7.0,0.0
2026-05-09,S1066,PP04,8.0,8.0,0.0
2026-05-16,S1066,PP04,7.0,7.0,0.0
2026-05-23,S1066,PP04,9.0,9.0,0.0
2026-05-30,S1066,PP04,7.0,7.0,0.0
2026-06-06,S1066,PP04,9.0,9.0,0.0
2026-06-13,S1066,PP04,7.0,7.0,0.0
2026-06-20,S1066,PP04,8.0,8.0,0.0
2026-06-27,S1066,PP04,9.0,9.0,0.0
2026-07-04,S1066,PP04,8.0,8.0,0.0
2026-07-11,S1066,PP04,8.0,8.0,0.0
2026-07-18,S1066,PP04,9.0,9.0,0.0
2026-07-25,S1066,PP04,7.0,7.0,0.0
2022-08-06,S1067,PP04,7.0,7.0,0.0
2022-08-13,S1067,PP04,7.0,7.0,0.0
2022-08-20,S1067,PP04,8.0,8.0,0.0
2022-08-27,S1067,PP04,8.0,8.0,0.0
2022-09-03,S1067,PP04,8.0,8.0,0.0
2022-09-10,S1067,PP04,7.0,7.0,0.0
2022-09-17,S1067,PP04,6.0,6.0,0.0
2022-09-24,S1067,PP04,6.0,6.0,0.0
2022-10-01,S1067,PP04,10.0,10.0,0.0
2022-10-08,S1067,PP04,8.0,8.0,0.0
2022-10-15,S1067,PP04,8.0,8.0,0.0
2022-10-22,S1067,PP04,8.0,8.0,0.0
2022-10-29,S1067,PP04,7.0,7.0,0.0
2022-11-05,S1067,PP04,8.0,8.0,0.0
2022-11-12,S1067,PP04,11.0,11.0,0.0
2022-11-19,S1067,PP04,10.0,10.0,0.0
2022-11-26,S1067,PP04,10.0,10.0,0.0
2022-12-03,S1067,PP04,10.0,10.0,0.0
2022-12-10,S1067,PP04,11.0,11.0,0.0
2022-12-17,S1067,PP04,11.0,11.0,0.0
2022-12-24,S1067,PP04,12.0,12.0,0.0
2022-12-31,S1067,PP04,8.0,8.0,0.0
2023-01-07,S1067,PP04,6.0,6.0,0.0
2023-01-14,S1067,PP04,6.0,6.0,0.0
2023-01-21,S1067,PP04,6.0,6.0,0.0
2023-01-28,S1067,PP04,6.0,6.0,0.0
2023-02-04,S1067,PP04,7.0,7.0,0.0
2023-02-11,S1067,PP04,8.0,8.0,0.0
2023-02-18,S1067,PP04,7.0,7.0,0.0
2023-02-25,S1067,PP04,7.0,7.0,0.0
2023-03-04,S1067,PP04,7.0,7.0,0.0
2023-03-11,S1067,PP04,6.0,6.0,0.0
2023-03-18,S1067,PP04,7.0,7.0,0.0
2023-03-25,S1067,PP04,8.0,8.0,0.0
2023-04-01,S1067,PP04,7.0,7.0,0.0
2023-04-08,S1067,PP04,9.0,9.0,0.0
2023-04-15,S1067,PP04,8.0,8.0,0.0
2023-04-22,S1067,PP04,6.0,6.0,0.0
2023-04-29,S1067,PP04,7.0,7.0,0.0
2023-05-06,S1067,PP04,7.0,7.0,0.0
2023-05-13,S1067,PP04,9.0,9.0,0.0
2023-05-20,S1067,PP04,9.0,9.0,0.0
2023-05-27,S1067,PP04,9.0,9.0,0.0
2023-06-03,S1067,PP04,8.0,8.0,0.0
2023-06-10,S1067,PP04,8.0,8.0,0.0
2023-06-17,S1067,PP04,7.0,7.0,0.0
2023-06-24,S1067,PP04,8.0,8.0,0.0
2023-07-01,S1067,PP04,7.0,7.0,0.0
2023-07-08,S1067,PP04,7.0,7.0,0.0
2023-07-15,S1067,PP04,9.0,9.0,0.0
2023-07-22,S1067,PP04,8.0,8.0,0.0
2023-07-29,S1067,PP04,9.0,9.0,0.0
2023-08-05,S1067,PP04,7.0,7.0,0.0
2023-08-12,S1067,PP04,11.0,11.0,0.0
2023-08-19,S1067,PP04,8.0,8.0,0.0
2023-08-26,S1067,PP04,8.0,8.0,0.0
2023-09-02,S1067,PP04,8.0,8.0,0.0
2023-09-09,S1067,PP04,7.0,7.0,0.0
2023-09-16,S1067,PP04,8.0,8.0,0.0
2023-09-23,S1067,PP04,8.0,8.0,0.0
2023-09-30,S1067,PP04,7.0,7.0,0.0
2023-10-07,S1067,PP04,7.0,7.0,0.0
2023-10-14,S1067,PP04,7.0,7.0,0.0
2023-10-21,S1067,PP04,8.0,8.0,0.0
2023-10-28,S1067,PP04,9.0,9.0,0.0
2023-11-04,S1067,PP04,9.0,9.0,0.0
2023-11-11,S1067,PP04,9.0,9.0,0.0
2023-11-18,S1067,PP04,10.0,10.0,0.0
2023-11-25,S1067,PP04,9.0,9.0,0.0
2023-12-02,S1067,PP04,11.0,11.0,0.0
2023-12-09,S1067,PP04,12.0,12.0,0.0
2023-12-16,S1067,PP04,13.0,12.0,1.0
2023-12-23,S1067,PP04,10.0,11.0,0.0
2023-12-30,S1067,PP04,10.0,10.0,0.0
2024-01-06,S1067,PP04,8.0,8.0,0.0
2024-01-13,S1067,PP04,6.0,6.0,0.0
2024-01-20,S1067,PP04,6.0,6.0,0.0
2024-01-27,S1067,PP04,7.0,7.0,0.0
2024-02-03,S1067,PP04,7.0,7.0,0.0
2024-02-10,S1067,PP04,8.0,8.0,0.0
2024-02-17,S1067,PP04,6.0,6.0,0.0
2024-02-24,S1067,PP04,8.0,8.0,0.0
2024-03-02,S1067,PP04,8.0,8.0,0.0
2024-03-09,S1067,PP04,7.0,7.0,0.0
2024-03-16,S1067,PP04,7.0,7.0,0.0
2024-03-23,S1067,PP04,8.0,8.0,0.0
2024-03-30,S1067,PP04,8.0,8.0,0.0
2024-04-06,S1067,PP04,7.0,7.0,0.0
2024-04-13,S1067,PP04,7.0,7.0,0.0
2024-04-20,S1067,PP04,9.0,9.0,0.0
2024-04-27,S1067,PP04,8.0,8.0,0.0
2024-05-04,S1067,PP04,9.0,9.0,0.0
2024-05-11,S1067,PP04,9.0,9.0,0.0
2024-05-18,S1067,PP04,10.0,10.0,0.0
2024-05-25,S1067,PP04,9.0,9.0,0.0
2024-06-01,S1067,PP04,8.0,8.0,0.0
2024-06-08,S1067,PP04,8.0,8.0,0.0
2024-06-15,S1067,PP04,7.0,7.0,0.0
2024-06-22,S1067,PP04,8.0,8.0,0.0
2024-06-29,S1067,PP04,7.0,7.0,0.0
2024-07-06,S1067,PP04,8.0,8.0,0.0
2024-07-13,S1067,PP04,8.0,8.0,0.0
2024-07-20,S1067,PP04,8.0,8.0,0.0
2024-07-27,S1067,PP04,7.0,7.0,0.0
2024-08-03,S1067,PP04,7.0,7.0,0.0
2024-08-10,S1067,PP04,10.0,10.0,0.0
2024-08-17,S1067,PP04,8.0,8.0,0.0
2024-08-24,S1067,PP04,7.0,7.0,0.0
2024-08-31,S1067,PP04,8.0,8.0,0.0
2024-09-07,S1067,PP04,9.0,9.0,0.0
2024-09-14,S1067,PP04,8.0,8.0,0.0
2024-09-21,S1067,PP04,6.0,6.0,0.0
2024-09-28,S1067,PP04,10.0,10.0,0.0
2024-10-05,S1067,PP04,6.0,6.0,0.0
2024-10-12,S1067,PP04,8.0,8.0,0.0
2024-10-19,S1067,PP04,7.0,7.0,0.0
2024-10-26,S1067,PP04,8.0,8.0,0.0
2024-11-02,S1067,PP04,9.0,9.0,0.0
2024-11-09,S1067,PP04,7.0,7.0,0.0
2024-11-16,S1067,PP04,10.0,10.0,0.0
2024-11-23,S1067,PP04,12.0,12.0,0.0
2024-11-30,S1067,PP04,10.0,10.0,0.0
2024-12-07,S1067,PP04,11.0,11.0,0.0
2024-12-14,S1067,PP04,12.0,12.0,0.0
2024-12-21,S1067,PP04,10.0,10.0,0.0
2024-12-28,S1067,PP04,9.0,9.0,0.0
2025-01-04,S1067,PP04,7.0,7.0,0.0
2025-01-11,S1067,PP04,7.0,7.0,0.0
2025-01-18,S1067,PP04,7.0,7.0,0.0
2025-01-25,S1067,PP04,6.0,6.0,0.0
2025-02-01,S1067,PP04,6.0,6.0,0.0
2025-02-08,S1067,PP04,7.0,7.0,0.0
2025-02-15,S1067,PP04,7.0,7.0,0.0
2025-02-22,S1067,PP04,8.0,8.0,0.0
2025-03-01,S1067,PP04,9.0,9.0,0.0
2025-03-08,S1067,PP04,8.0,8.0,0.0
2025-03-15,S1067,PP04,7.0,7.0,0.0
2025-03-22,S1067,PP04,8.0,8.0,0.0
2025-03-29,S1067,PP04,8.0,8.0,0.0
2025-04-05,S1067,PP04,8.0,8.0,0.0
2025-04-12,S1067,PP04,8.0,8.0,0.0
2025-04-19,S1067,PP04,9.0,9.0,0.0
2025-04-26,S1067,PP04,8.0,8.0,0.0
2025-05-03,S1067,PP04,9.0,9.0,0.0
2025-05-10,S1067,PP04,11.0,11.0,0.0
2025-05-17,S1067,PP04,10.0,10.0,0.0
2025-05-24,S1067,PP04,9.0,9.0,0.0
2025-05-31,S1067,PP04,9.0,9.0,0.0
2025-06-07,S1067,PP04,7.0,7.0,0.0
2025-06-14,S1067,PP04,9.0,9.0,0.0
2025-06-21,S1067,PP04,8.0,8.0,0.0
2025-06-28,S1067,PP04,8.0,8.0,0.0
2025-07-05,S1067,PP04,8.0,8.0,0.0
2025-07-12,S1067,PP04,8.0,8.0,0.0
2025-07-19,S1067,PP04,9.0,9.0,0.0
2025-07-26,S1067,PP04,9.0,9.0,0.0
2025-08-02,S1067,PP04,9.0,9.0,0.0
2025-08-09,S1067,PP04,9.0,9.0,0.0
2025-08-16,S1067,PP04,8.0,8.0,0.0
2025-08-23,S1067,PP04,7.0,7.0,0.0
2025-08-30,S1067,PP04,7.0,7.0,0.0
2025-09-06,S1067,PP04,7.0,7.0,0.0
2025-09-13,S1067,PP04,7.0,7.0,0.0
2025-09-20,S1067,PP04,8.0,8.0,0.0
2025-09-27,S1067,PP04,9.0,9.0,0.0
2025-10-04,S1067,PP04,8.0,8.0,0.0
2025-10-11,S1067,PP04,9.0,9.0,0.0
2025-10-18,S1067,PP04,8.0,8.0,0.0
2025-10-25,S1067,PP04,9.0,9.0,0.0
2025-11-01,S1067,PP04,9.0,9.0,0.0
2025-11-08,S1067,PP04,11.0,11.0,0.0
2025-11-15,S1067,PP04,10.0,10.0,0.0
2025-11-22,S1067,PP04,11.0,11.0,0.0
2025-11-29,S1067,PP04,10.0,10.0,0.0
2025-12-06,S1067,PP04,12.0,12.0,0.0
2025-12-13,S1067,PP04,15.0,12.0,3.0
2025-12-20,S1067,PP04,9.0,12.0,0.0
2025-12-27,S1067,PP04,11.0,11.0,0.0
2026-01-03,S1067,PP04,9.0,9.0,0.0
2026-01-10,S1067,PP04,6.0,6.0,0.0
2026-01-17,S1067,PP04,6.0,6.0,0.0
2026-01-24,S1067,PP04,8.0,8.0,0.0
2026-01-31,S1067,PP04,8.0,8.0,0.0
2026-02-07,S1067,PP04,8.0,8.0,0.0
2026-02-14,S1067,PP04,8.0,8.0,0.0
2026-02-21,S1067,PP04,8.0,8.0,0.0
2026-02-28,S1067,PP04,8.0,8.0,0.0
2026-03-07,S1067,PP04,8.0,8.0,0.0
2026-03-14,S1067,PP04,8.0,8.0,0.0
2026-03-21,S1067,PP04,10.0,10.0,0.0
2026-03-28,S1067,PP04,8.0,8.0,0.0
2026-04-04,S1067,PP04,8.0,8.0,0.0
2026-04-11,S1067,PP04,7.0,7.0,0.0
2026-04-18,S1067,PP04,9.0,9.0,0.0
2026-04-25,S1067,PP04,8.0,8.0,0.0
2026-05-02,S1067,PP04,9.0,9.0,0.0
2026-05-09,S1067,PP04,8.0,8.0,0.0
2026-05-16,S1067,PP04,10.0,10.0,0.0
2026-05-23,S1067,PP04,8.0,8.0,0.0
2026-05-30,S1067,PP04,9.0,9.0,0.0
2026-06-06,S1067,PP04,8.0,8.0,0.0
2026-06-13,S1067,PP04,10.0,10.0,0.0
2026-06-20,S1067,PP04,9.0,9.0,0.0
2026-06-27,S1067,PP04,11.0,11.0,0.0
2026-07-04,S1067,PP04,9.0,9.0,0.0
2026-07-11,S1067,PP04,10.0,10.0,0.0
2026-07-18,S1067,PP04,9.0,9.0,0.0
2026-07-25,S1067,PP04,9.0,9.0,0.0
2022-08-06,S1068,PP05,16.0,16.0,0.0
2022-08-13,S1068,PP05,15.0,15.0,0.0
2022-08-20,S1068,PP05,14.0,14.0,0.0
2022-08-27,S1068,PP05,13.0,13.0,0.0
2022-09-03,S1068,PP05,13.0,13.0,0.0
2022-09-10,S1068,PP05,15.0,15.0,0.0
2022-09-17,S1068,PP05,15.0,15.0,0.0
2022-09-24,S1068,PP05,12.0,12.0,0.0
2022-10-01,S1068,PP05,12.0,12.0,0.0
2022-10-08,S1068,PP05,12.0,12.0,0.0
2022-10-15,S1068,PP05,15.0,15.0,0.0
2022-10-22,S1068,PP05,13.0,13.0,0.0
2022-10-29,S1068,PP05,16.0,16.0,0.0
2022-11-05,S1068,PP05,16.0,16.0,0.0
2022-11-12,S1068,PP05,15.0,15.0,0.0
2022-11-19,S1068,PP05,20.0,20.0,0.0
2022-11-26,S1068,PP05,16.0,16.0,0.0
2022-12-03,S1068,PP05,23.0,20.0,3.0
2022-12-10,S1068,PP05,22.0,20.0,5.0
2022-12-17,S1068,PP05,16.0,20.0,1.0
2022-12-24,S1068,PP05,20.0,20.0,1.0
2022-12-31,S1068,PP05,16.0,17.0,0.0
2023-01-07,S1068,PP05,12.0,12.0,0.0
2023-01-14,S1068,PP05,10.0,10.0,0.0
2023-01-21,S1068,PP05,9.0,9.0,0.0
2023-01-28,S1068,PP05,15.0,15.0,0.0
2023-02-04,S1068,PP05,11.0,11.0,0.0
2023-02-11,S1068,PP05,11.0,11.0,0.0
2023-02-18,S1068,PP05,13.0,13.0,0.0
2023-02-25,S1068,PP05,11.0,11.0,0.0
2023-03-04,S1068,PP05,12.0,12.0,0.0
2023-03-11,S1068,PP05,15.0,15.0,0.0
2023-03-18,S1068,PP05,14.0,14.0,0.0
2023-03-25,S1068,PP05,13.0,13.0,0.0
2023-04-01,S1068,PP05,14.0,14.0,0.0
2023-04-08,S1068,PP05,13.0,13.0,0.0
2023-04-15,S1068,PP05,14.0,14.0,0.0
2023-04-22,S1068,PP05,13.0,13.0,0.0
2023-04-29,S1068,PP05,13.0,13.0,0.0
2023-05-06,S1068,PP05,13.0,13.0,0.0
2023-05-13,S1068,PP05,13.0,13.0,0.0
2023-05-20,S1068,PP05,16.0,16.0,0.0
2023-05-27,S1068,PP05,15.0,15.0,0.0
2023-06-03,S1068,PP05,13.0,13.0,0.0
2023-06-10,S1068,PP05,12.0,12.0,0.0
2023-06-17,S1068,PP05,13.0,13.0,0.0
2023-06-24,S1068,PP05,17.0,17.0,0.0
2023-07-01,S1068,PP05,12.0,12.0,0.0
2023-07-08,S1068,PP05,13.0,13.0,0.0
2023-07-15,S1068,PP05,14.0,14.0,0.0
2023-07-22,S1068,PP05,14.0,14.0,0.0
2023-07-29,S1068,PP05,13.0,13.0,0.0
2023-08-05,S1068,PP05,16.0,16.0,0.0
2023-08-12,S1068,PP05,15.0,15.0,0.0
2023-08-19,S1068,PP05,15.0,15.0,0.0
2023-08-26,S1068,PP05,15.0,15.0,0.0
2023-09-02,S1068,PP05,15.0,15.0,0.0
2023-09-09,S1068,PP05,16.0,16.0,0.0
2023-09-16,S1068,PP05,15.0,15.0,0.0
2023-09-23,S1068,PP05,17.0,17.0,0.0
2023-09-30,S1068,PP05,15.0,15.0,0.0
2023-10-07,S1068,PP05,12.0,12.0,0.0
2023-10-14,S1068,PP05,14.0,14.0,0.0
2023-10-21,S1068,PP05,15.0,15.0,0.0
2023-10-28,S1068,PP05,18.0,18.0,0.0
2023-11-04,S1068,PP05,14.0,14.0,0.0
2023-11-11,S1068,PP05,17.0,17.0,0.0
2023-11-18,S1068,PP05,16.0,16.0,0.0
2023-11-25,S1068,PP05,20.0,20.0,0.0
2023-12-02,S1068,PP05,20.0,20.0,0.0
2023-12-09,S1068,PP05,23.0,20.0,3.0
2023-12-16,S1068,PP05,18.0,20.0,1.0
2023-12-23,S1068,PP05,19.0,20.0,0.0
2023-12-30,S1068,PP05,16.0,16.0,0.0
2024-01-06,S1068,PP05,13.0,13.0,0.0
2024-01-13,S1068,PP05,13.0,13.0,0.0
2024-01-20,S1068,PP05,11.0,11.0,0.0
2024-01-27,S1068,PP05,12.0,12.0,0.0
2024-02-03,S1068,PP05,12.0,12.0,0.0
2024-02-10,S1068,PP05,13.0,13.0,0.0
2024-02-17,S1068,PP05,16.0,16.0,0.0
2024-02-24,S1068,PP05,13.0,13.0,0.0
2024-03-02,S1068,PP05,13.0,13.0,0.0
2024-03-09,S1068,PP05,16.0,16.0,0.0
2024-03-16,S1068,PP05,13.0,13.0,0.0
2024-03-23,S1068,PP05,12.0,12.0,0.0
2024-03-30,S1068,PP05,13.0,13.0,0.0
2024-04-06,S1068,PP05,12.0,12.0,0.0
2024-04-13,S1068,PP05,11.0,11.0,0.0
2024-04-20,S1068,PP05,13.0,13.0,0.0
2024-04-27,S1068,PP05,14.0,14.0,0.0
2024-05-04,S1068,PP05,16.0,16.0,0.0
2024-05-11,S1068,PP05,16.0,16.0,0.0
2024-05-18,S1068,PP05,16.0,16.0,0.0
2024-05-25,S1068,PP05,13.0,13.0,0.0
2024-06-01,S1068,PP05,16.0,16.0,0.0
2024-06-08,S1068,PP05,16.0,16.0,0.0
2024-06-15,S1068,PP05,15.0,15.0,0.0
2024-06-22,S1068,PP05,15.0,15.0,0.0
2024-06-29,S1068,PP05,12.0,12.0,0.0
2024-07-06,S1068,PP05,15.0,15.0,0.0
2024-07-13,S1068,PP05,17.0,17.0,0.0
2024-07-20,S1068,PP05,15.0,15.0,0.0
2024-07-27,S1068,PP05,13.0,13.0,0.0
2024-08-03,S1068,PP05,14.0,14.0,0.0
2024-08-10,S1068,PP05,14.0,14.0,0.0
2024-08-17,S1068,PP05,14.0,14.0,0.0
2024-08-24,S1068,PP05,15.0,15.0,0.0
2024-08-31,S1068,PP05,14.0,14.0,0.0
2024-09-07,S1068,PP05,15.0,15.0,0.0
2024-09-14,S1068,PP05,14.0,14.0,0.0
2024-09-21,S1068,PP05,12.0,12.0,0.0
2024-09-28,S1068,PP05,13.0,13.0,0.0
2024-10-05,S1068,PP05,13.0,13.0,0.0
2024-10-12,S1068,PP05,13.0,13.0,0.0
2024-10-19,S1068,PP05,17.0,17.0,0.0
2024-10-26,S1068,PP05,18.0,18.0,0.0
2024-11-02,S1068,PP05,17.0,17.0,0.0
2024-11-09,S1068,PP05,17.0,17.0,0.0
2024-11-16,S1068,PP05,15.0,15.0,0.0
2024-11-23,S1068,PP05,19.0,19.0,0.0
2024-11-30,S1068,PP05,19.0,19.0,0.0
2024-12-07,S1068,PP05,25.0,20.0,5.0
2024-12-14,S1068,PP05,19.0,20.0,4.0
2024-12-21,S1068,PP05,20.0,20.0,4.0
2024-12-28,S1068,PP05,15.0,19.0,0.0
2025-01-04,S1068,PP05,14.0,14.0,0.0
2025-01-11,S1068,PP05,12.0,12.0,0.0
2025-01-18,S1068,PP05,13.0,13.0,0.0
2025-01-25,S1068,PP05,12.0,12.0,0.0
2025-02-01,S1068,PP05,13.0,13.0,0.0
2025-02-08,S1068,PP05,12.0,12.0,0.0
2025-02-15,S1068,PP05,13.0,13.0,0.0
2025-02-22,S1068,PP05,15.0,15.0,0.0
2025-03-01,S1068,PP05,14.0,14.0,0.0
2025-03-08,S1068,PP05,13.0,13.0,0.0
2025-03-15,S1068,PP05,14.0,14.0,0.0
2025-03-22,S1068,PP05,16.0,16.0,0.0
2025-03-29,S1068,PP05,13.0,13.0,0.0
2025-04-05,S1068,PP05,13.0,13.0,0.0
2025-04-12,S1068,PP05,15.0,15.0,0.0
2025-04-19,S1068,PP05,14.0,14.0,0.0
2025-04-26,S1068,PP05,13.0,13.0,0.0
2025-05-03,S1068,PP05,18.0,18.0,0.0
2025-05-10,S1068,PP05,14.0,14.0,0.0
2025-05-17,S1068,PP05,15.0,15.0,0.0
2025-05-24,S1068,PP05,14.0,14.0,0.0
2025-05-31,S1068,PP05,15.0,15.0,0.0
2025-06-07,S1068,PP05,13.0,13.0,0.0
2025-06-14,S1068,PP05,16.0,16.0,0.0
2025-06-21,S1068,PP05,15.0,15.0,0.0
2025-06-28,S1068,PP05,16.0,16.0,0.0
2025-07-05,S1068,PP05,14.0,14.0,0.0
2025-07-12,S1068,PP05,19.0,19.0,0.0
2025-07-19,S1068,PP05,13.0,13.0,0.0
2025-07-26,S1068,PP05,13.0,13.0,0.0
2025-08-02,S1068,PP05,19.0,19.0,0.0
2025-08-09,S1068,PP05,17.0,17.0,0.0
2025-08-16,S1068,PP05,16.0,16.0,0.0
2025-08-23,S1068,PP05,16.0,16.0,0.0
2025-08-30,S1068,PP05,16.0,16.0,0.0
2025-09-06,S1068,PP05,15.0,15.0,0.0
2025-09-13,S1068,PP05,13.0,13.0,0.0
2025-09-20,S1068,PP05,15.0,15.0,0.0
2025-09-27,S1068,PP05,15.0,15.0,0.0
2025-10-04,S1068,PP05,17.0,17.0,0.0
2025-10-11,S1068,PP05,18.0,18.0,0.0
2025-10-18,S1068,PP05,16.0,16.0,0.0
2025-10-25,S1068,PP05,14.0,14.0,0.0
2025-11-01,S1068,PP05,20.0,20.0,0.0
2025-11-08,S1068,PP05,16.0,16.0,0.0
2025-11-15,S1068,PP05,19.0,19.0,0.0
2025-11-22,S1068,PP05,19.0,19.0,0.0
2025-11-29,S1068,PP05,20.0,20.0,0.0
2025-12-06,S1068,PP05,24.0,20.0,4.0
2025-12-13,S1068,PP05,24.0,20.0,8.0
2025-12-20,S1068,PP05,22.0,20.0,10.0
2025-12-27,S1068,PP05,16.0,20.0,6.0
2026-01-03,S1068,PP05,15.0,20.0,1.0
2026-01-10,S1068,PP05,11.0,12.0,0.0
2026-01-17,S1068,PP05,12.0,12.0,0.0
2026-01-24,S1068,PP05,12.0,12.0,0.0
2026-01-31,S1068,PP05,16.0,16.0,0.0
2026-02-07,S1068,PP05,13.0,13.0,0.0
2026-02-14,S1068,PP05,11.0,11.0,0.0
2026-02-21,S1068,PP05,17.0,17.0,0.0
2026-02-28,S1068,PP05,15.0,15.0,0.0
2026-03-07,S1068,PP05,15.0,15.0,0.0
2026-03-14,S1068,PP05,14.0,14.0,0.0
2026-03-21,S1068,PP05,14.0,14.0,0.0
2026-03-28,S1068,PP05,18.0,18.0,0.0
2026-04-04,S1068,PP05,15.0,15.0,0.0
2026-04-11,S1068,PP05,13.0,13.0,0.0
2026-04-18,S1068,PP05,16.0,16.0,0.0
2026-04-25,S1068,PP05,18.0,18.0,0.0
2026-05-02,S1068,PP05,16.0,16.0,0.0
2026-05-09,S1068,PP05,15.0,15.0,0.0
2026-05-16,S1068,PP05,15.0,15.0,0.0
2026-05-23,S1068,PP05,15.0,15.0,0.0
2026-05-30,S1068,PP05,18.0,18.0,0.0
2026-06-06,S1068,PP05,15.0,15.0,0.0
2026-06-13,S1068,PP05,13.0,13.0,0.0
2026-06-20,S1068,PP05,16.0,16.0,0.0
2026-06-27,S1068,PP05,16.0,16.0,0.0
2026-07-04,S1068,PP05,15.0,15.0,0.0
2026-07-11,S1068,PP05,14.0,14.0,0.0
2026-07-18,S1068,PP05,14.0,14.0,0.0
2026-07-25,S1068,PP05,18.0,18.0,0.0
2022-08-06,S1069,PP05,21.0,21.0,0.0
2022-08-13,S1069,PP05,22.0,22.0,0.0
2022-08-20,S1069,PP05,21.0,21.0,0.0
2022-08-27,S1069,PP05,21.0,21.0,0.0
2022-09-03,S1069,PP05,19.0,19.0,0.0
2022-09-10,S1069,PP05,19.0,19.0,0.0
2022-09-17,S1069,PP05,22.0,22.0,0.0
2022-09-24,S1069,PP05,22.0,22.0,0.0
2022-10-01,S1069,PP05,17.0,17.0,0.0
2022-10-08,S1069,PP05,19.0,19.0,0.0
2022-10-15,S1069,PP05,22.0,22.0,0.0
2022-10-22,S1069,PP05,25.0,25.0,0.0
2022-10-29,S1069,PP05,26.0,26.0,0.0
2022-11-05,S1069,PP05,21.0,21.0,0.0
2022-11-12,S1069,PP05,27.0,27.0,0.0
2022-11-19,S1069,PP05,26.0,26.0,0.0
2022-11-26,S1069,PP05,30.0,30.0,0.0
2022-12-03,S1069,PP05,32.0,30.0,2.0
2022-12-10,S1069,PP05,28.0,30.0,0.0
2022-12-17,S1069,PP05,31.0,30.0,1.0
2022-12-24,S1069,PP05,28.0,29.0,0.0
2022-12-31,S1069,PP05,22.0,22.0,0.0
2023-01-07,S1069,PP05,18.0,18.0,0.0
2023-01-14,S1069,PP05,13.0,13.0,0.0
2023-01-21,S1069,PP05,18.0,18.0,0.0
2023-01-28,S1069,PP05,17.0,17.0,0.0
2023-02-04,S1069,PP05,16.0,16.0,0.0
2023-02-11,S1069,PP05,18.0,18.0,0.0
2023-02-18,S1069,PP05,19.0,19.0,0.0
2023-02-25,S1069,PP05,18.0,18.0,0.0
2023-03-04,S1069,PP05,20.0,20.0,0.0
2023-03-11,S1069,PP05,17.0,17.0,0.0
2023-03-18,S1069,PP05,23.0,23.0,0.0
2023-03-25,S1069,PP05,20.0,20.0,0.0
2023-04-01,S1069,PP05,18.0,18.0,0.0
2023-04-08,S1069,PP05,16.0,16.0,0.0
2023-04-15,S1069,PP05,23.0,23.0,0.0
2023-04-22,S1069,PP05,22.0,22.0,0.0
2023-04-29,S1069,PP05,21.0,21.0,0.0
2023-05-06,S1069,PP05,23.0,23.0,0.0
2023-05-13,S1069,PP05,23.0,23.0,0.0
2023-05-20,S1069,PP05,21.0,21.0,0.0
2023-05-27,S1069,PP05,20.0,20.0,0.0
2023-06-03,S1069,PP05,20.0,20.0,0.0
2023-06-10,S1069,PP05,21.0,21.0,0.0
2023-06-17,S1069,PP05,23.0,23.0,0.0
2023-06-24,S1069,PP05,20.0,20.0,0.0
2023-07-01,S1069,PP05,24.0,24.0,0.0
2023-07-08,S1069,PP05,21.0,21.0,0.0
2023-07-15,S1069,PP05,21.0,21.0,0.0
2023-07-22,S1069,PP05,26.0,26.0,0.0
2023-07-29,S1069,PP05,25.0,25.0,0.0
2023-08-05,S1069,PP05,25.0,25.0,0.0
2023-08-12,S1069,PP05,20.0,20.0,0.0
2023-08-19,S1069,PP05,26.0,26.0,0.0
2023-08-26,S1069,PP05,21.0,21.0,0.0
2023-09-02,S1069,PP05,20.0,20.0,0.0
2023-09-09,S1069,PP05,16.0,16.0,0.0
2023-09-16,S1069,PP05,20.0,20.0,0.0
2023-09-23,S1069,PP05,18.0,18.0,0.0
2023-09-30,S1069,PP05,20.0,20.0,0.0
2023-10-07,S1069,PP05,17.0,17.0,0.0
2023-10-14,S1069,PP05,24.0,24.0,0.0
2023-10-21,S1069,PP05,22.0,22.0,0.0
2023-10-28,S1069,PP05,27.0,27.0,0.0
2023-11-04,S1069,PP05,21.0,21.0,0.0
2023-11-11,S1069,PP05,28.0,28.0,0.0
2023-11-18,S1069,PP05,21.0,21.0,0.0
2023-11-25,S1069,PP05,28.0,28.0,0.0
2023-12-02,S1069,PP05,28.0,28.0,0.0
2023-12-09,S1069,PP05,31.0,30.0,1.0
2023-12-16,S1069,PP05,29.0,30.0,0.0
2023-12-23,S1069,PP05,24.0,24.0,0.0
2023-12-30,S1069,PP05,20.0,20.0,0.0
2024-01-06,S1069,PP05,18.0,18.0,0.0
2024-01-13,S1069,PP05,16.0,16.0,0.0
2024-01-20,S1069,PP05,18.0,18.0,0.0
2024-01-27,S1069,PP05,18.0,18.0,0.0
2024-02-03,S1069,PP05,20.0,20.0,0.0
2024-02-10,S1069,PP05,16.0,16.0,0.0
2024-02-17,S1069,PP05,18.0,18.0,0.0
2024-02-24,S1069,PP05,21.0,21.0,0.0
2024-03-02,S1069,PP05,21.0,21.0,0.0
2024-03-09,S1069,PP05,18.0,18.0,0.0
2024-03-16,S1069,PP05,22.0,22.0,0.0
2024-03-23,S1069,PP05,19.0,19.0,0.0
2024-03-30,S1069,PP05,19.0,19.0,0.0
2024-04-06,S1069,PP05,21.0,21.0,0.0
2024-04-13,S1069,PP05,20.0,20.0,0.0
2024-04-20,S1069,PP05,20.0,20.0,0.0
2024-04-27,S1069,PP05,20.0,20.0,0.0
2024-05-04,S1069,PP05,20.0,20.0,0.0
2024-05-11,S1069,PP05,21.0,21.0,0.0
2024-05-18,S1069,PP05,25.0,25.0,0.0
2024-05-25,S1069,PP05,22.0,22.0,0.0
2024-06-01,S1069,PP05,24.0,24.0,0.0
2024-06-08,S1069,PP05,22.0,22.0,0.0
2024-06-15,S1069,PP05,20.0,20.0,0.0
2024-06-22,S1069,PP05,18.0,18.0,0.0
2024-06-29,S1069,PP05,19.0,19.0,0.0
2024-07-06,S1069,PP05,19.0,19.0,0.0
2024-07-13,S1069,PP05,19.0,19.0,0.0
2024-07-20,S1069,PP05,23.0,23.0,0.0
2024-07-27,S1069,PP05,24.0,24.0,0.0
2024-08-03,S1069,PP05,27.0,27.0,0.0
2024-08-10,S1069,PP05,20.0,20.0,0.0
2024-08-17,S1069,PP05,25.0,25.0,0.0
2024-08-24,S1069,PP05,25.0,25.0,0.0
2024-08-31,S1069,PP05,20.0,20.0,0.0
2024-09-07,S1069,PP05,21.0,21.0,0.0
2024-09-14,S1069,PP05,22.0,22.0,0.0
2024-09-21,S1069,PP05,20.0,20.0,0.0
2024-09-28,S1069,PP05,20.0,20.0,0.0
2024-10-05,S1069,PP05,19.0,19.0,0.0
2024-10-12,S1069,PP05,16.0,16.0,0.0
2024-10-19,S1069,PP05,22.0,22.0,0.0
2024-10-26,S1069,PP05,21.0,21.0,0.0
2024-11-02,S1069,PP05,21.0,21.0,0.0
2024-11-09,S1069,PP05,26.0,26.0,0.0
2024-11-16,S1069,PP05,23.0,23.0,0.0
2024-11-23,S1069,PP05,30.0,30.0,0.0
2024-11-30,S1069,PP05,32.0,30.0,2.0
2024-12-07,S1069,PP05,31.0,30.0,3.0
2024-12-14,S1069,PP05,32.0,30.0,5.0
2024-12-21,S1069,PP05,25.0,30.0,0.0
2024-12-28,S1069,PP05,27.0,27.0,0.0
2025-01-04,S1069,PP05,21.0,21.0,0.0
2025-01-11,S1069,PP05,17.0,17.0,0.0
2025-01-18,S1069,PP05,18.0,18.0,0.0
2025-01-25,S1069,PP05,17.0,17.0,0.0
2025-02-01,S1069,PP05,16.0,16.0,0.0
2025-02-08,S1069,PP05,21.0,21.0,0.0
2025-02-15,S1069,PP05,21.0,21.0,0.0
2025-02-22,S1069,PP05,19.0,19.0,0.0
2025-03-01,S1069,PP05,21.0,21.0,0.0
2025-03-08,S1069,PP05,24.0,24.0,0.0
2025-03-15,S1069,PP05,24.0,24.0,0.0
2025-03-22,S1069,PP05,20.0,20.0,0.0
2025-03-29,S1069,PP05,18.0,18.0,0.0
2025-04-05,S1069,PP05,19.0,19.0,0.0
2025-04-12,S1069,PP05,21.0,21.0,0.0
2025-04-19,S1069,PP05,25.0,25.0,0.0
2025-04-26,S1069,PP05,21.0,21.0,0.0
2025-05-03,S1069,PP05,22.0,22.0,0.0
2025-05-10,S1069,PP05,22.0,22.0,0.0
2025-05-17,S1069,PP05,22.0,22.0,0.0
2025-05-24,S1069,PP05,23.0,23.0,0.0
2025-05-31,S1069,PP05,20.0,20.0,0.0
2025-06-07,S1069,PP05,25.0,25.0,0.0
2025-06-14,S1069,PP05,21.0,21.0,0.0
2025-06-21,S1069,PP05,28.0,28.0,0.0
2025-06-28,S1069,PP05,20.0,20.0,0.0
2025-07-05,S1069,PP05,26.0,26.0,0.0
2025-07-12,S1069,PP05,26.0,26.0,0.0
2025-07-19,S1069,PP05,22.0,22.0,0.0
2025-07-26,S1069,PP05,22.0,22.0,0.0
2025-08-02,S1069,PP05,21.0,21.0,0.0
2025-08-09,S1069,PP05,22.0,22.0,0.0
2025-08-16,S1069,PP05,23.0,23.0,0.0
2025-08-23,S1069,PP05,23.0,23.0,0.0
2025-08-30,S1069,PP05,19.0,19.0,0.0
2025-09-06,S1069,PP05,27.0,27.0,0.0
2025-09-13,S1069,PP05,20.0,20.0,0.0
2025-09-20,S1069,PP05,21.0,21.0,0.0
2025-09-27,S1069,PP05,20.0,20.0,0.0
2025-10-04,S1069,PP05,21.0,21.0,0.0
2025-10-11,S1069,PP05,21.0,21.0,0.0
2025-10-18,S1069,PP05,23.0,23.0,0.0
2025-10-25,S1069,PP05,24.0,24.0,0.0
2025-11-01,S1069,PP05,27.0,27.0,0.0
2025-11-08,S1069,PP05,27.0,27.0,0.0
2025-11-15,S1069,PP05,30.0,30.0,0.0
2025-11-22,S1069,PP05,30.0,30.0,0.0
2025-11-29,S1069,PP05,32.0,30.0,2.0
2025-12-06,S1069,PP05,33.0,30.0,5.0
2025-12-13,S1069,PP05,38.0,30.0,13.0
2025-12-20,S1069,PP05,32.0,30.0,15.0
2025-12-27,S1069,PP05,26.0,30.0,11.0
2026-01-03,S1069,PP05,22.0,30.0,3.0
2026-01-10,S1069,PP05,18.0,21.0,0.0
2026-01-17,S1069,PP05,18.0,18.0,0.0
2026-01-24,S1069,PP05,19.0,19.0,0.0
2026-01-31,S1069,PP05,18.0,18.0,0.0
2026-02-07,S1069,PP05,22.0,22.0,0.0
2026-02-14,S1069,PP05,23.0,23.0,0.0
2026-02-21,S1069,PP05,26.0,26.0,0.0
2026-02-28,S1069,PP05,21.0,21.0,0.0
2026-03-07,S1069,PP05,24.0,24.0,0.0
2026-03-14,S1069,PP05,19.0,19.0,0.0
2026-03-21,S1069,PP05,24.0,24.0,0.0
2026-03-28,S1069,PP05,19.0,19.0,0.0
2026-04-04,S1069,PP05,20.0,20.0,0.0
2026-04-11,S1069,PP05,23.0,23.0,0.0
2026-04-18,S1069,PP05,22.0,22.0,0.0
2026-04-25,S1069,PP05,22.0,22.0,0.0
2026-05-02,S1069,PP05,23.0,23.0,0.0
2026-05-09,S1069,PP05,26.0,26.0,0.0
2026-05-16,S1069,PP05,22.0,22.0,0.0
2026-05-23,S1069,PP05,24.0,24.0,0.0
2026-05-30,S1069,PP05,23.0,23.0,0.0
2026-06-06,S1069,PP05,25.0,25.0,0.0
2026-06-13,S1069,PP05,25.0,25.0,0.0
2026-06-20,S1069,PP05,19.0,19.0,0.0
2026-06-27,S1069,PP05,26.0,26.0,0.0
2026-07-04,S1069,PP05,22.0,22.0,0.0
2026-07-11,S1069,PP05,24.0,24.0,0.0
2026-07-18,S1069,PP05,21.0,21.0,0.0
2026-07-25,S1069,PP05,24.0,24.0,0.0
2022-08-06,S1070,PP05,14.0,14.0,0.0
2022-08-13,S1070,PP05,11.0,11.0,0.0
2022-08-20,S1070,PP05,10.0,10.0,0.0
2022-08-27,S1070,PP05,10.0,10.0,0.0
2022-09-03,S1070,PP05,9.0,9.0,0.0
2022-09-10,S1070,PP05,12.0,12.0,0.0
2022-09-17,S1070,PP05,10.0,10.0,0.0
2022-09-24,S1070,PP05,9.0,9.0,0.0
2022-10-01,S1070,PP05,9.0,9.0,0.0
2022-10-08,S1070,PP05,10.0,10.0,0.0
2022-10-15,S1070,PP05,11.0,11.0,0.0
2022-10-22,S1070,PP05,10.0,10.0,0.0
2022-10-29,S1070,PP05,13.0,13.0,0.0
2022-11-05,S1070,PP05,12.0,12.0,0.0
2022-11-12,S1070,PP05,11.0,11.0,0.0
2022-11-19,S1070,PP05,13.0,13.0,0.0
2022-11-26,S1070,PP05,17.0,16.0,1.0
2022-12-03,S1070,PP05,13.0,14.0,0.0
2022-12-10,S1070,PP05,15.0,15.0,0.0
2022-12-17,S1070,PP05,17.0,16.0,1.0
2022-12-24,S1070,PP05,14.0,15.0,0.0
2022-12-31,S1070,PP05,10.0,10.0,0.0
2023-01-07,S1070,PP05,10.0,10.0,0.0
2023-01-14,S1070,PP05,9.0,9.0,0.0
2023-01-21,S1070,PP05,9.0,9.0,0.0
2023-01-28,S1070,PP05,8.0,8.0,0.0
2023-02-04,S1070,PP05,9.0,9.0,0.0
2023-02-11,S1070,PP05,10.0,10.0,0.0
2023-02-18,S1070,PP05,9.0,9.0,0.0
2023-02-25,S1070,PP05,11.0,11.0,0.0
2023-03-04,S1070,PP05,12.0,12.0,0.0
2023-03-11,S1070,PP05,10.0,10.0,0.0
2023-03-18,S1070,PP05,11.0,11.0,0.0
2023-03-25,S1070,PP05,12.0,12.0,0.0
2023-04-01,S1070,PP05,13.0,13.0,0.0
2023-04-08,S1070,PP05,12.0,12.0,0.0
2023-04-15,S1070,PP05,9.0,9.0,0.0
2023-04-22,S1070,PP05,10.0,10.0,0.0
2023-04-29,S1070,PP05,11.0,11.0,0.0
2023-05-06,S1070,PP05,10.0,10.0,0.0
2023-05-13,S1070,PP05,13.0,13.0,0.0
2023-05-20,S1070,PP05,13.0,13.0,0.0
2023-05-27,S1070,PP05,10.0,10.0,0.0
2023-06-03,S1070,PP05,11.0,11.0,0.0
2023-06-10,S1070,PP05,10.0,10.0,0.0
2023-06-17,S1070,PP05,10.0,10.0,0.0
2023-06-24,S1070,PP05,10.0,10.0,0.0
2023-07-01,S1070,PP05,12.0,12.0,0.0
2023-07-08,S1070,PP05,10.0,10.0,0.0
2023-07-15,S1070,PP05,8.0,8.0,0.0
2023-07-22,S1070,PP05,9.0,9.0,0.0
2023-07-29,S1070,PP05,10.0,10.0,0.0
2023-08-05,S1070,PP05,10.0,10.0,0.0
2023-08-12,S1070,PP05,11.0,11.0,0.0
2023-08-19,S1070,PP05,10.0,10.0,0.0
2023-08-26,S1070,PP05,10.0,10.0,0.0
2023-09-02,S1070,PP05,10.0,10.0,0.0
2023-09-09,S1070,PP05,9.0,9.0,0.0
2023-09-16,S1070,PP05,10.0,10.0,0.0
2023-09-23,S1070,PP05,10.0,10.0,0.0
2023-09-30,S1070,PP05,11.0,11.0,0.0
2023-10-07,S1070,PP05,9.0,9.0,0.0
2023-10-14,S1070,PP05,10.0,10.0,0.0
2023-10-21,S1070,PP05,10.0,10.0,0.0
2023-10-28,S1070,PP05,12.0,12.0,0.0
2023-11-04,S1070,PP05,12.0,12.0,0.0
2023-11-11,S1070,PP05,14.0,14.0,0.0
2023-11-18,S1070,PP05,12.0,12.0,0.0
2023-11-25,S1070,PP05,14.0,14.0,0.0
2023-12-02,S1070,PP05,15.0,15.0,0.0
2023-12-09,S1070,PP05,15.0,15.0,0.0
2023-12-16,S1070,PP05,16.0,16.0,0.0
2023-12-23,S1070,PP05,17.0,16.0,1.0
2023-12-30,S1070,PP05,11.0,12.0,0.0
2024-01-06,S1070,PP05,10.0,10.0,0.0
2024-01-13,S1070,PP05,7.0,7.0,0.0
2024-01-20,S1070,PP05,7.0,7.0,0.0
2024-01-27,S1070,PP05,8.0,8.0,0.0
2024-02-03,S1070,PP05,9.0,9.0,0.0
2024-02-10,S1070,PP05,9.0,9.0,0.0
2024-02-17,S1070,PP05,10.0,10.0,0.0
2024-02-24,S1070,PP05,9.0,9.0,0.0
2024-03-02,S1070,PP05,10.0,10.0,0.0
2024-03-09,S1070,PP05,11.0,11.0,0.0
2024-03-16,S1070,PP05,9.0,9.0,0.0
2024-03-23,S1070,PP05,10.0,10.0,0.0
2024-03-30,S1070,PP05,11.0,11.0,0.0
2024-04-06,S1070,PP05,10.0,10.0,0.0
2024-04-13,S1070,PP05,11.0,11.0,0.0
2024-04-20,S1070,PP05,9.0,9.0,0.0
2024-04-27,S1070,PP05,12.0,12.0,0.0
2024-05-04,S1070,PP05,12.0,12.0,0.0
2024-05-11,S1070,PP05,12.0,12.0,0.0
2024-05-18,S1070,PP05,13.0,13.0,0.0
2024-05-25,S1070,PP05,11.0,11.0,0.0
2024-06-01,S1070,PP05,10.0,10.0,0.0
2024-06-08,S1070,PP05,13.0,13.0,0.0
2024-06-15,S1070,PP05,13.0,13.0,0.0
2024-06-22,S1070,PP05,10.0,10.0,0.0
2024-06-29,S1070,PP05,11.0,11.0,0.0
2024-07-06,S1070,PP05,12.0,12.0,0.0
2024-07-13,S1070,PP05,11.0,11.0,0.0
2024-07-20,S1070,PP05,12.0,12.0,0.0
2024-07-27,S1070,PP05,12.0,12.0,0.0
2024-08-03,S1070,PP05,11.0,11.0,0.0
2024-08-10,S1070,PP05,12.0,12.0,0.0
2024-08-17,S1070,PP05,11.0,11.0,0.0
2024-08-24,S1070,PP05,10.0,10.0,0.0
2024-08-31,S1070,PP05,10.0,10.0,0.0
2024-09-07,S1070,PP05,10.0,10.0,0.0
2024-09-14,S1070,PP05,11.0,11.0,0.0
2024-09-21,S1070,PP05,11.0,11.0,0.0
2024-09-28,S1070,PP05,11.0,11.0,0.0
2024-10-05,S1070,PP05,11.0,11.0,0.0
2024-10-12,S1070,PP05,11.0,11.0,0.0
2024-10-19,S1070,PP05,11.0,11.0,0.0
2024-10-26,S1070,PP05,12.0,12.0,0.0
2024-11-02,S1070,PP05,13.0,13.0,0.0
2024-11-09,S1070,PP05,11.0,11.0,0.0
2024-11-16,S1070,PP05,12.0,12.0,0.0
2024-11-23,S1070,PP05,13.0,13.0,0.0
2024-11-30,S1070,PP05,17.0,16.0,1.0
2024-12-07,S1070,PP05,20.0,16.0,5.0
2024-12-14,S1070,PP05,14.0,16.0,3.0
2024-12-21,S1070,PP05,17.0,16.0,4.0
2024-12-28,S1070,PP05,13.0,16.0,1.0
2025-01-04,S1070,PP05,12.0,13.0,0.0
2025-01-11,S1070,PP05,9.0,9.0,0.0
2025-01-18,S1070,PP05,10.0,10.0,0.0
2025-01-25,S1070,PP05,9.0,9.0,0.0
2025-02-01,S1070,PP05,8.0,8.0,0.0
2025-02-08,S1070,PP05,10.0,10.0,0.0
2025-02-15,S1070,PP05,11.0,11.0,0.0
2025-02-22,S1070,PP05,10.0,10.0,0.0
2025-03-01,S1070,PP05,11.0,11.0,0.0
2025-03-08,S1070,PP05,11.0,11.0,0.0
2025-03-15,S1070,PP05,10.0,10.0,0.0
2025-03-22,S1070,PP05,10.0,10.0,0.0
2025-03-29,S1070,PP05,11.0,11.0,0.0
2025-04-05,S1070,PP05,11.0,11.0,0.0
2025-04-12,S1070,PP05,9.0,9.0,0.0
2025-04-19,S1070,PP05,11.0,11.0,0.0
2025-04-26,S1070,PP05,10.0,10.0,0.0
2025-05-03,S1070,PP05,11.0,11.0,0.0
2025-05-10,S1070,PP05,14.0,14.0,0.0
2025-05-17,S1070,PP05,11.0,11.0,0.0
2025-05-24,S1070,PP05,13.0,13.0,0.0
2025-05-31,S1070,PP05,15.0,15.0,0.0
2025-06-07,S1070,PP05,13.0,13.0,0.0
2025-06-14,S1070,PP05,11.0,11.0,0.0
2025-06-21,S1070,PP05,12.0,12.0,0.0
2025-06-28,S1070,PP05,10.0,10.0,0.0
2025-07-05,S1070,PP05,10.0,10.0,0.0
2025-07-12,S1070,PP05,12.0,12.0,0.0
2025-07-19,S1070,PP05,12.0,12.0,0.0
2025-07-26,S1070,PP05,13.0,13.0,0.0
2025-08-02,S1070,PP05,11.0,11.0,0.0
2025-08-09,S1070,PP05,12.0,12.0,0.0
2025-08-16,S1070,PP05,12.0,12.0,0.0
2025-08-23,S1070,PP05,12.0,12.0,0.0
2025-08-30,S1070,PP05,11.0,11.0,0.0
2025-09-06,S1070,PP05,10.0,10.0,0.0
2025-09-13,S1070,PP05,11.0,11.0,0.0
2025-09-20,S1070,PP05,11.0,11.0,0.0
2025-09-27,S1070,PP05,11.0,11.0,0.0
2025-10-04,S1070,PP05,12.0,12.0,0.0
2025-10-11,S1070,PP05,13.0,13.0,0.0
2025-10-18,S1070,PP05,13.0,13.0,0.0
2025-10-25,S1070,PP05,11.0,11.0,0.0
2025-11-01,S1070,PP05,13.0,13.0,0.0
2025-11-08,S1070,PP05,12.0,12.0,0.0
2025-11-15,S1070,PP05,14.0,14.0,0.0
2025-11-22,S1070,PP05,14.0,14.0,0.0
2025-11-29,S1070,PP05,19.0,16.0,3.0
2025-12-06,S1070,PP05,19.0,16.0,6.0
2025-12-13,S1070,PP05,20.0,16.0,10.0
2025-12-20,S1070,PP05,18.0,16.0,12.0
2025-12-27,S1070,PP05,13.0,16.0,9.0
2026-01-03,S1070,PP05,11.0,16.0,4.0
2026-01-10,S1070,PP05,11.0,15.0,0.0
2026-01-17,S1070,PP05,9.0,9.0,0.0
2026-01-24,S1070,PP05,8.0,8.0,0.0
2026-01-31,S1070,PP05,11.0,11.0,0.0
2026-02-07,S1070,PP05,11.0,11.0,0.0
2026-02-14,S1070,PP05,13.0,13.0,0.0
2026-02-21,S1070,PP05,11.0,11.0,0.0
2026-02-28,S1070,PP05,11.0,11.0,0.0
2026-03-07,S1070,PP05,13.0,13.0,0.0
2026-03-14,S1070,PP05,10.0,10.0,0.0
2026-03-21,S1070,PP05,11.0,11.0,0.0
2026-03-28,S1070,PP05,11.0,11.0,0.0
2026-04-04,S1070,PP05,9.0,9.0,0.0
2026-04-11,S1070,PP05,13.0,13.0,0.0
2026-04-18,S1070,PP05,11.0,11.0,0.0
2026-04-25,S1070,PP05,13.0,13.0,0.0
2026-05-02,S1070,PP05,13.0,13.0,0.0
2026-05-09,S1070,PP05,13.0,13.0,0.0
2026-05-16,S1070,PP05,12.0,12.0,0.0
2026-05-23,S1070,PP05,12.0,12.0,0.0
2026-05-30,S1070,PP05,12.0,12.0,0.0
2026-06-06,S1070,PP05,13.0,13.0,0.0
2026-06-13,S1070,PP05,12.0,12.0,0.0
2026-06-20,S1070,PP05,11.0,11.0,0.0
2026-06-27,S1070,PP05,11.0,11.0,0.0
2026-07-04,S1070,PP05,12.0,12.0,0.0
2026-07-11,S1070,PP05,12.0,12.0,0.0
2026-07-18,S1070,PP05,12.0,12.0,0.0
2026-07-25,S1070,PP05,12.0,12.0,0.0
2022-08-06,S1071,PP05,7.0,7.0,0.0
2022-08-13,S1071,PP05,7.0,7.0,0.0
2022-08-20,S1071,PP05,7.0,7.0,0.0
2022-08-27,S1071,PP05,8.0,8.0,0.0
2022-09-03,S1071,PP05,7.0,7.0,0.0
2022-09-10,S1071,PP05,8.0,8.0,0.0
2022-09-17,S1071,PP05,6.0,6.0,0.0
2022-09-24,S1071,PP05,6.0,6.0,0.0
2022-10-01,S1071,PP05,7.0,7.0,0.0
2022-10-08,S1071,PP05,7.0,7.0,0.0
2022-10-15,S1071,PP05,7.0,7.0,0.0
2022-10-22,S1071,PP05,8.0,8.0,0.0
2022-10-29,S1071,PP05,6.0,6.0,0.0
2022-11-05,S1071,PP05,9.0,9.0,0.0
2022-11-12,S1071,PP05,8.0,8.0,0.0
2022-11-19,S1071,PP05,8.0,8.0,0.0
2022-11-26,S1071,PP05,10.0,10.0,0.0
2022-12-03,S1071,PP05,10.0,10.0,0.0
2022-12-10,S1071,PP05,11.0,10.0,1.0
2022-12-17,S1071,PP05,11.0,10.0,2.0
2022-12-24,S1071,PP05,9.0,10.0,1.0
2022-12-31,S1071,PP05,7.0,8.0,0.0
2023-01-07,S1071,PP05,6.0,6.0,0.0
2023-01-14,S1071,PP05,5.0,5.0,0.0
2023-01-21,S1071,PP05,6.0,6.0,0.0
2023-01-28,S1071,PP05,7.0,7.0,0.0
2023-02-04,S1071,PP05,5.0,5.0,0.0
2023-02-11,S1071,PP05,6.0,6.0,0.0
2023-02-18,S1071,PP05,6.0,6.0,0.0
2023-02-25,S1071,PP05,6.0,6.0,0.0
2023-03-04,S1071,PP05,7.0,7.0,0.0
2023-03-11,S1071,PP05,7.0,7.0,0.0
2023-03-18,S1071,PP05,7.0,7.0,0.0
2023-03-25,S1071,PP05,8.0,8.0,0.0
2023-04-01,S1071,PP05,8.0,8.0,0.0
2023-04-08,S1071,PP05,6.0,6.0,0.0
2023-04-15,S1071,PP05,8.0,8.0,0.0
2023-04-22,S1071,PP05,8.0,8.0,0.0
2023-04-29,S1071,PP05,8.0,8.0,0.0
2023-05-06,S1071,PP05,7.0,7.0,0.0
2023-05-13,S1071,PP05,7.0,7.0,0.0
2023-05-20,S1071,PP05,7.0,7.0,0.0
2023-05-27,S1071,PP05,6.0,6.0,0.0
2023-06-03,S1071,PP05,7.0,7.0,0.0
2023-06-10,S1071,PP05,8.0,8.0,0.0
2023-06-17,S1071,PP05,8.0,8.0,0.0
2023-06-24,S1071,PP05,7.0,7.0,0.0
2023-07-01,S1071,PP05,7.0,7.0,0.0
2023-07-08,S1071,PP05,7.0,7.0,0.0
2023-07-15,S1071,PP05,7.0,7.0,0.0
2023-07-22,S1071,PP05,8.0,8.0,0.0
2023-07-29,S1071,PP05,8.0,8.0,0.0
2023-08-05,S1071,PP05,7.0,7.0,0.0
2023-08-12,S1071,PP05,8.0,8.0,0.0
2023-08-19,S1071,PP05,8.0,8.0,0.0
2023-08-26,S1071,PP05,8.0,8.0,0.0
2023-09-02,S1071,PP05,6.0,6.0,0.0
2023-09-09,S1071,PP05,7.0,7.0,0.0
2023-09-16,S1071,PP05,7.0,7.0,0.0
2023-09-23,S1071,PP05,6.0,6.0,0.0
2023-09-30,S1071,PP05,7.0,7.0,0.0
2023-10-07,S1071,PP05,7.0,7.0,0.0
2023-10-14,S1071,PP05,8.0,8.0,0.0
2023-10-21,S1071,PP05,6.0,6.0,0.0
2023-10-28,S1071,PP05,9.0,9.0,0.0
2023-11-04,S1071,PP05,8.0,8.0,0.0
2023-11-11,S1071,PP05,8.0,8.0,0.0
2023-11-18,S1071,PP05,8.0,8.0,0.0
2023-11-25,S1071,PP05,9.0,9.0,0.0
2023-12-02,S1071,PP05,9.0,9.0,0.0
2023-12-09,S1071,PP05,12.0,10.0,2.0
2023-12-16,S1071,PP05,13.0,10.0,5.0
2023-12-23,S1071,PP05,8.0,10.0,3.0
2023-12-30,S1071,PP05,7.0,10.0,0.0
2024-01-06,S1071,PP05,7.0,7.0,0.0
2024-01-13,S1071,PP05,5.0,5.0,0.0
2024-01-20,S1071,PP05,6.0,6.0,0.0
2024-01-27,S1071,PP05,6.0,6.0,0.0
2024-02-03,S1071,PP05,6.0,6.0,0.0
2024-02-10,S1071,PP05,6.0,6.0,0.0
2024-02-17,S1071,PP05,5.0,5.0,0.0
2024-02-24,S1071,PP05,6.0,6.0,0.0
2024-03-02,S1071,PP05,8.0,8.0,0.0
2024-03-09,S1071,PP05,8.0,8.0,0.0
2024-03-16,S1071,PP05,8.0,8.0,0.0
2024-03-23,S1071,PP05,7.0,7.0,0.0
2024-03-30,S1071,PP05,6.0,6.0,0.0
2024-04-06,S1071,PP05,7.0,7.0,0.0
2024-04-13,S1071,PP05,8.0,8.0,0.0
2024-04-20,S1071,PP05,8.0,8.0,0.0
2024-04-27,S1071,PP05,8.0,8.0,0.0
2024-05-04,S1071,PP05,7.0,7.0,0.0
2024-05-11,S1071,PP05,7.0,7.0,0.0
2024-05-18,S1071,PP05,8.0,8.0,0.0
2024-05-25,S1071,PP05,8.0,8.0,0.0
2024-06-01,S1071,PP05,9.0,9.0,0.0
2024-06-08,S1071,PP05,8.0,8.0,0.0
2024-06-15,S1071,PP05,7.0,7.0,0.0
2024-06-22,S1071,PP05,7.0,7.0,0.0
2024-06-29,S1071,PP05,8.0,8.0,0.0
2024-07-06,S1071,PP05,8.0,8.0,0.0
2024-07-13,S1071,PP05,7.0,7.0,0.0
2024-07-20,S1071,PP05,7.0,7.0,0.0
2024-07-27,S1071,PP05,8.0,8.0,0.0
2024-08-03,S1071,PP05,6.0,6.0,0.0
2024-08-10,S1071,PP05,9.0,9.0,0.0
2024-08-17,S1071,PP05,6.0,6.0,0.0
2024-08-24,S1071,PP05,7.0,7.0,0.0
2024-08-31,S1071,PP05,8.0,8.0,0.0
2024-09-07,S1071,PP05,7.0,7.0,0.0
2024-09-14,S1071,PP05,6.0,6.0,0.0
2024-09-21,S1071,PP05,7.0,7.0,0.0
2024-09-28,S1071,PP05,7.0,7.0,0.0
2024-10-05,S1071,PP05,7.0,7.0,0.0
2024-10-12,S1071,PP05,7.0,7.0,0.0
2024-10-19,S1071,PP05,7.0,7.0,0.0
2024-10-26,S1071,PP05,7.0,7.0,0.0
2024-11-02,S1071,PP05,10.0,10.0,0.0
2024-11-09,S1071,PP05,8.0,8.0,0.0
2024-11-16,S1071,PP05,9.0,9.0,0.0
2024-11-23,S1071,PP05,9.0,9.0,0.0
2024-11-30,S1071,PP05,12.0,10.0,2.0
2024-12-07,S1071,PP05,9.0,10.0,1.0
2024-12-14,S1071,PP05,12.0,10.0,3.0
2024-12-21,S1071,PP05,10.0,10.0,3.0
2024-12-28,S1071,PP05,7.0,10.0,0.0
2025-01-04,S1071,PP05,7.0,7.0,0.0
2025-01-11,S1071,PP05,6.0,6.0,0.0
2025-01-18,S1071,PP05,5.0,5.0,0.0
2025-01-25,S1071,PP05,6.0,6.0,0.0
2025-02-01,S1071,PP05,8.0,8.0,0.0
2025-02-08,S1071,PP05,7.0,7.0,0.0
2025-02-15,S1071,PP05,6.0,6.0,0.0
2025-02-22,S1071,PP05,6.0,6.0,0.0
2025-03-01,S1071,PP05,7.0,7.0,0.0
2025-03-08,S1071,PP05,7.0,7.0,0.0
2025-03-15,S1071,PP05,7.0,7.0,0.0
2025-03-22,S1071,PP05,8.0,8.0,0.0
2025-03-29,S1071,PP05,9.0,9.0,0.0
2025-04-05,S1071,PP05,7.0,7.0,0.0
2025-04-12,S1071,PP05,7.0,7.0,0.0
2025-04-19,S1071,PP05,9.0,9.0,0.0
2025-04-26,S1071,PP05,9.0,9.0,0.0
2025-05-03,S1071,PP05,8.0,8.0,0.0
2025-05-10,S1071,PP05,8.0,8.0,0.0
2025-05-17,S1071,PP05,9.0,9.0,0.0
2025-05-24,S1071,PP05,8.0,8.0,0.0
2025-05-31,S1071,PP05,6.0,6.0,0.0
2025-06-07,S1071,PP05,8.0,8.0,0.0
2025-06-14,S1071,PP05,8.0,8.0,0.0
2025-06-21,S1071,PP05,9.0,9.0,0.0
2025-06-28,S1071,PP05,7.0,7.0,0.0
2025-07-05,S1071,PP05,8.0,8.0,0.0
2025-07-12,S1071,PP05,8.0,8.0,0.0
2025-07-19,S1071,PP05,8.0,8.0,0.0
2025-07-26,S1071,PP05,8.0,8.0,0.0
2025-08-02,S1071,PP05,8.0,8.0,0.0
2025-08-09,S1071,PP05,8.0,8.0,0.0
2025-08-16,S1071,PP05,9.0,9.0,0.0
2025-08-23,S1071,PP05,9.0,9.0,0.0
2025-08-30,S1071,PP05,7.0,7.0,0.0
2025-09-06,S1071,PP05,7.0,7.0,0.0
2025-09-13,S1071,PP05,7.0,7.0,0.0
2025-09-20,S1071,PP05,7.0,7.0,0.0
2025-09-27,S1071,PP05,6.0,6.0,0.0
2025-10-04,S1071,PP05,8.0,8.0,0.0
2025-10-11,S1071,PP05,8.0,8.0,0.0
2025-10-18,S1071,PP05,8.0,8.0,0.0
2025-10-25,S1071,PP05,8.0,8.0,0.0
2025-11-01,S1071,PP05,9.0,9.0,0.0
2025-11-08,S1071,PP05,10.0,10.0,0.0
2025-11-15,S1071,PP05,9.0,9.0,0.0
2025-11-22,S1071,PP05,9.0,9.0,0.0
2025-11-29,S1071,PP05,11.0,10.0,1.0
2025-12-06,S1071,PP05,14.0,10.0,5.0
2025-12-13,S1071,PP05,11.0,10.0,6.0
2025-12-20,S1071,PP05,11.0,10.0,7.0
2025-12-27,S1071,PP05,10.0,10.0,7.0
2026-01-03,S1071,PP05,6.0,10.0,3.0
2026-01-10,S1071,PP05,7.0,10.0,0.0
2026-01-17,S1071,PP05,7.0,7.0,0.0
2026-01-24,S1071,PP05,6.0,6.0,0.0
2026-01-31,S1071,PP05,6.0,6.0,0.0
2026-02-07,S1071,PP05,7.0,7.0,0.0
2026-02-14,S1071,PP05,7.0,7.0,0.0
2026-02-21,S1071,PP05,7.0,7.0,0.0
2026-02-28,S1071,PP05,7.0,7.0,0.0
2026-03-07,S1071,PP05,7.0,7.0,0.0
2026-03-14,S1071,PP05,9.0,9.0,0.0
2026-03-21,S1071,PP05,7.0,7.0,0.0
2026-03-28,S1071,PP05,7.0,7.0,0.0
2026-04-04,S1071,PP05,9.0,9.0,0.0
2026-04-11,S1071,PP05,8.0,8.0,0.0
2026-04-18,S1071,PP05,8.0,8.0,0.0
2026-04-25,S1071,PP05,8.0,8.0,0.0
2026-05-02,S1071,PP05,8.0,8.0,0.0
2026-05-09,S1071,PP05,8.0,8.0,0.0
2026-05-16,S1071,PP05,9.0,9.0,0.0
2026-05-23,S1071,PP05,8.0,8.0,0.0
2026-05-30,S1071,PP05,8.0,8.0,0.0
2026-06-06,S1071,PP05,6.0,6.0,0.0
2026-06-13,S1071,PP05,9.0,9.0,0.0
2026-06-20,S1071,PP05,8.0,8.0,0.0
2026-06-27,S1071,PP05,9.0,9.0,0.0
2026-07-04,S1071,PP05,8.0,8.0,0.0
2026-07-11,S1071,PP05,9.0,9.0,0.0
2026-07-18,S1071,PP05,8.0,8.0,0.0
2026-07-25,S1071,PP05,8.0,8.0,0.0
2022-08-06,S1072,PP05,14.0,14.0,0.0
2022-08-13,S1072,PP05,14.0,14.0,0.0
2022-08-20,S1072,PP05,15.0,15.0,0.0
2022-08-27,S1072,PP05,14.0,14.0,0.0
2022-09-03,S1072,PP05,17.0,17.0,0.0
2022-09-10,S1072,PP05,15.0,15.0,0.0
2022-09-17,S1072,PP05,13.0,13.0,0.0
2022-09-24,S1072,PP05,14.0,14.0,0.0
2022-10-01,S1072,PP05,15.0,15.0,0.0
2022-10-08,S1072,PP05,14.0,14.0,0.0
2022-10-15,S1072,PP05,15.0,15.0,0.0
2022-10-22,S1072,PP05,15.0,15.0,0.0
2022-10-29,S1072,PP05,14.0,14.0,0.0
2022-11-05,S1072,PP05,13.0,13.0,0.0
2022-11-12,S1072,PP05,17.0,17.0,0.0
2022-11-19,S1072,PP05,20.0,20.0,0.0
2022-11-26,S1072,PP05,19.0,19.0,0.0
2022-12-03,S1072,PP05,24.0,24.0,0.0
2022-12-10,S1072,PP05,23.0,23.0,0.0
2022-12-17,S1072,PP05,25.0,24.0,1.0
2022-12-24,S1072,PP05,21.0,22.0,0.0
2022-12-31,S1072,PP05,18.0,18.0,0.0
2023-01-07,S1072,PP05,12.0,12.0,0.0
2023-01-14,S1072,PP05,12.0,12.0,0.0
2023-01-21,S1072,PP05,14.0,14.0,0.0
2023-01-28,S1072,PP05,13.0,13.0,0.0
2023-02-04,S1072,PP05,14.0,14.0,0.0
2023-02-11,S1072,PP05,12.0,12.0,0.0
2023-02-18,S1072,PP05,17.0,17.0,0.0
2023-02-25,S1072,PP05,13.0,13.0,0.0
2023-03-04,S1072,PP05,12.0,12.0,0.0
2023-03-11,S1072,PP05,14.0,14.0,0.0
2023-03-18,S1072,PP05,11.0,11.0,0.0
2023-03-25,S1072,PP05,13.0,13.0,0.0
2023-04-01,S1072,PP05,19.0,19.0,0.0
2023-04-08,S1072,PP05,14.0,14.0,0.0
2023-04-15,S1072,PP05,13.0,13.0,0.0
2023-04-22,S1072,PP05,15.0,15.0,0.0
2023-04-29,S1072,PP05,14.0,14.0,0.0
2023-05-06,S1072,PP05,17.0,17.0,0.0
2023-05-13,S1072,PP05,14.0,14.0,0.0
2023-05-20,S1072,PP05,16.0,16.0,0.0
2023-05-27,S1072,PP05,14.0,14.0,0.0
2023-06-03,S1072,PP05,20.0,20.0,0.0
2023-06-10,S1072,PP05,16.0,16.0,0.0
2023-06-17,S1072,PP05,15.0,15.0,0.0
2023-06-24,S1072,PP05,15.0,15.0,0.0
2023-07-01,S1072,PP05,14.0,14.0,0.0
2023-07-08,S1072,PP05,14.0,14.0,0.0
2023-07-15,S1072,PP05,14.0,14.0,0.0
2023-07-22,S1072,PP05,18.0,18.0,0.0
2023-07-29,S1072,PP05,15.0,15.0,0.0
2023-08-05,S1072,PP05,13.0,13.0,0.0
2023-08-12,S1072,PP05,14.0,14.0,0.0
2023-08-19,S1072,PP05,17.0,17.0,0.0
2023-08-26,S1072,PP05,15.0,15.0,0.0
2023-09-02,S1072,PP05,15.0,15.0,0.0
2023-09-09,S1072,PP05,16.0,16.0,0.0
2023-09-16,S1072,PP05,13.0,13.0,0.0
2023-09-23,S1072,PP05,15.0,15.0,0.0
2023-09-30,S1072,PP05,13.0,13.0,0.0
2023-10-07,S1072,PP05,15.0,15.0,0.0
2023-10-14,S1072,PP05,14.0,14.0,0.0
2023-10-21,S1072,PP05,15.0,15.0,0.0
2023-10-28,S1072,PP05,17.0,17.0,0.0
2023-11-04,S1072,PP05,18.0,18.0,0.0
2023-11-11,S1072,PP05,17.0,17.0,0.0
2023-11-18,S1072,PP05,18.0,18.0,0.0
2023-11-25,S1072,PP05,24.0,24.0,0.0
2023-12-02,S1072,PP05,23.0,23.0,0.0
2023-12-09,S1072,PP05,23.0,23.0,0.0
2023-12-16,S1072,PP05,21.0,21.0,0.0
2023-12-23,S1072,PP05,22.0,22.0,0.0
2023-12-30,S1072,PP05,17.0,17.0,0.0
2024-01-06,S1072,PP05,14.0,14.0,0.0
2024-01-13,S1072,PP05,12.0,12.0,0.0
2024-01-20,S1072,PP05,12.0,12.0,0.0
2024-01-27,S1072,PP05,13.0,13.0,0.0
2024-02-03,S1072,PP05,15.0,15.0,0.0
2024-02-10,S1072,PP05,16.0,16.0,0.0
2024-02-17,S1072,PP05,15.0,15.0,0.0
2024-02-24,S1072,PP05,16.0,16.0,0.0
2024-03-02,S1072,PP05,15.0,15.0,0.0
2024-03-09,S1072,PP05,16.0,16.0,0.0
2024-03-16,S1072,PP05,16.0,16.0,0.0
2024-03-23,S1072,PP05,16.0,16.0,0.0
2024-03-30,S1072,PP05,16.0,16.0,0.0
2024-04-06,S1072,PP05,16.0,16.0,0.0
2024-04-13,S1072,PP05,18.0,18.0,0.0
2024-04-20,S1072,PP05,14.0,14.0,0.0
2024-04-27,S1072,PP05,15.0,15.0,0.0
2024-05-04,S1072,PP05,16.0,16.0,0.0
2024-05-11,S1072,PP05,16.0,16.0,0.0
2024-05-18,S1072,PP05,13.0,13.0,0.0
2024-05-25,S1072,PP05,18.0,18.0,0.0
2024-06-01,S1072,PP05,14.0,14.0,0.0
2024-06-08,S1072,PP05,16.0,16.0,0.0
2024-06-15,S1072,PP05,13.0,13.0,0.0
2024-06-22,S1072,PP05,16.0,16.0,0.0
2024-06-29,S1072,PP05,14.0,14.0,0.0
2024-07-06,S1072,PP05,14.0,14.0,0.0
2024-07-13,S1072,PP05,15.0,15.0,0.0
2024-07-20,S1072,PP05,14.0,14.0,0.0
2024-07-27,S1072,PP05,15.0,15.0,0.0
2024-08-03,S1072,PP05,16.0,16.0,0.0
2024-08-10,S1072,PP05,17.0,17.0,0.0
2024-08-17,S1072,PP05,15.0,15.0,0.0
2024-08-24,S1072,PP05,14.0,14.0,0.0
2024-08-31,S1072,PP05,15.0,15.0,0.0
2024-09-07,S1072,PP05,15.0,15.0,0.0
2024-09-14,S1072,PP05,16.0,16.0,0.0
2024-09-21,S1072,PP05,13.0,13.0,0.0
2024-09-28,S1072,PP05,14.0,14.0,0.0
2024-10-05,S1072,PP05,17.0,17.0,0.0
2024-10-12,S1072,PP05,18.0,18.0,0.0
2024-10-19,S1072,PP05,14.0,14.0,0.0
2024-10-26,S1072,PP05,15.0,15.0,0.0
2024-11-02,S1072,PP05,18.0,18.0,0.0
2024-11-09,S1072,PP05,17.0,17.0,0.0
2024-11-16,S1072,PP05,18.0,18.0,0.0
2024-11-23,S1072,PP05,21.0,21.0,0.0
2024-11-30,S1072,PP05,26.0,24.0,2.0
2024-12-07,S1072,PP05,21.0,23.0,0.0
2024-12-14,S1072,PP05,28.0,24.0,4.0
2024-12-21,S1072,PP05,20.0,24.0,0.0
2024-12-28,S1072,PP05,19.0,19.0,0.0
2025-01-04,S1072,PP05,18.0,18.0,0.0
2025-01-11,S1072,PP05,13.0,13.0,0.0
2025-01-18,S1072,PP05,12.0,12.0,0.0
2025-01-25,S1072,PP05,14.0,14.0,0.0
2025-02-01,S1072,PP05,13.0,13.0,0.0
2025-02-08,S1072,PP05,15.0,15.0,0.0
2025-02-15,S1072,PP05,14.0,14.0,0.0
2025-02-22,S1072,PP05,16.0,16.0,0.0
2025-03-01,S1072,PP05,13.0,13.0,0.0
2025-03-08,S1072,PP05,14.0,14.0,0.0
2025-03-15,S1072,PP05,13.0,13.0,0.0
2025-03-22,S1072,PP05,15.0,15.0,0.0
2025-03-29,S1072,PP05,13.0,13.0,0.0
2025-04-05,S1072,PP05,15.0,15.0,0.0
2025-04-12,S1072,PP05,14.0,14.0,0.0
2025-04-19,S1072,PP05,19.0,19.0,0.0
2025-04-26,S1072,PP05,15.0,15.0,0.0
2025-05-03,S1072,PP05,15.0,15.0,0.0
2025-05-10,S1072,PP05,18.0,18.0,0.0
2025-05-17,S1072,PP05,20.0,20.0,0.0
2025-05-24,S1072,PP05,17.0,17.0,0.0
2025-05-31,S1072,PP05,16.0,16.0,0.0
2025-06-07,S1072,PP05,18.0,18.0,0.0
2025-06-14,S1072,PP05,17.0,17.0,0.0
2025-06-21,S1072,PP05,17.0,17.0,0.0
2025-06-28,S1072,PP05,15.0,15.0,0.0
2025-07-05,S1072,PP05,17.0,17.0,0.0
2025-07-12,S1072,PP05,14.0,14.0,0.0
2025-07-19,S1072,PP05,16.0,16.0,0.0
2025-07-26,S1072,PP05,19.0,19.0,0.0
2025-08-02,S1072,PP05,19.0,19.0,0.0
2025-08-09,S1072,PP05,18.0,18.0,0.0
2025-08-16,S1072,PP05,14.0,14.0,0.0
2025-08-23,S1072,PP05,15.0,15.0,0.0
2025-08-30,S1072,PP05,15.0,15.0,0.0
2025-09-06,S1072,PP05,15.0,15.0,0.0
2025-09-13,S1072,PP05,13.0,13.0,0.0
2025-09-20,S1072,PP05,15.0,15.0,0.0
2025-09-27,S1072,PP05,19.0,19.0,0.0
2025-10-04,S1072,PP05,17.0,17.0,0.0
2025-10-11,S1072,PP05,16.0,16.0,0.0
2025-10-18,S1072,PP05,15.0,15.0,0.0
2025-10-25,S1072,PP05,15.0,15.0,0.0
2025-11-01,S1072,PP05,16.0,16.0,0.0
2025-11-08,S1072,PP05,16.0,16.0,0.0
2025-11-15,S1072,PP05,20.0,20.0,0.0
2025-11-22,S1072,PP05,23.0,23.0,0.0
2025-11-29,S1072,PP05,21.0,21.0,0.0
2025-12-06,S1072,PP05,25.0,24.0,1.0
2025-12-13,S1072,PP05,29.0,24.0,6.0
2025-12-20,S1072,PP05,27.0,24.0,9.0
2025-12-27,S1072,PP05,21.0,24.0,6.0
2026-01-03,S1072,PP05,16.0,22.0,0.0
2026-01-10,S1072,PP05,15.0,15.0,0.0
2026-01-17,S1072,PP05,15.0,15.0,0.0
2026-01-24,S1072,PP05,11.0,11.0,0.0
2026-01-31,S1072,PP05,17.0,17.0,0.0
2026-02-07,S1072,PP05,14.0,14.0,0.0
2026-02-14,S1072,PP05,15.0,15.0,0.0
2026-02-21,S1072,PP05,15.0,15.0,0.0
2026-02-28,S1072,PP05,17.0,17.0,0.0
2026-03-07,S1072,PP05,15.0,15.0,0.0
2026-03-14,S1072,PP05,16.0,16.0,0.0
2026-03-21,S1072,PP05,17.0,17.0,0.0
2026-03-28,S1072,PP05,17.0,17.0,0.0
2026-04-04,S1072,PP05,17.0,17.0,0.0
2026-04-11,S1072,PP05,16.0,16.0,0.0
2026-04-18,S1072,PP05,18.0,18.0,0.0
2026-04-25,S1072,PP05,19.0,19.0,0.0
2026-05-02,S1072,PP05,19.0,19.0,0.0
2026-05-09,S1072,PP05,19.0,19.0,0.0
2026-05-16,S1072,PP05,20.0,20.0,0.0
2026-05-23,S1072,PP05,19.0,19.0,0.0
2026-05-30,S1072,PP05,23.0,23.0,0.0
2026-06-06,S1072,PP05,19.0,19.0,0.0
2026-06-13,S1072,PP05,17.0,17.0,0.0
2026-06-20,S1072,PP05,15.0,15.0,0.0
2026-06-27,S1072,PP05,17.0,17.0,0.0
2026-07-04,S1072,PP05,17.0,17.0,0.0
2026-07-11,S1072,PP05,18.0,18.0,0.0
2026-07-18,S1072,PP05,16.0,16.0,0.0
2026-07-25,S1072,PP05,19.0,19.0,0.0
2022-08-06,S1073,PP05,15.0,15.0,0.0
2022-08-13,S1073,PP05,14.0,14.0,0.0
2022-08-20,S1073,PP05,16.0,16.0,0.0
2022-08-27,S1073,PP05,15.0,15.0,0.0
2022-09-03,S1073,PP05,14.0,14.0,0.0
2022-09-10,S1073,PP05,15.0,15.0,0.0
2022-09-17,S1073,PP05,15.0,15.0,0.0
2022-09-24,S1073,PP05,16.0,16.0,0.0
2022-10-01,S1073,PP05,15.0,15.0,0.0
2022-10-08,S1073,PP05,15.0,15.0,0.0
2022-10-15,S1073,PP05,16.0,16.0,0.0
2022-10-22,S1073,PP05,19.0,19.0,0.0
2022-10-29,S1073,PP05,20.0,20.0,0.0
2022-11-05,S1073,PP05,19.0,19.0,0.0
2022-11-12,S1073,PP05,19.0,19.0,0.0
2022-11-19,S1073,PP05,20.0,20.0,0.0
2022-11-26,S1073,PP05,23.0,23.0,0.0
2022-12-03,S1073,PP05,25.0,24.0,1.0
2022-12-10,S1073,PP05,29.0,24.0,6.0
2022-12-17,S1073,PP05,20.0,24.0,2.0
2022-12-24,S1073,PP05,20.0,22.0,0.0
2022-12-31,S1073,PP05,18.0,18.0,0.0
2023-01-07,S1073,PP05,15.0,15.0,0.0
2023-01-14,S1073,PP05,12.0,12.0,0.0
2023-01-21,S1073,PP05,12.0,12.0,0.0
2023-01-28,S1073,PP05,15.0,15.0,0.0
2023-02-04,S1073,PP05,13.0,13.0,0.0
2023-02-11,S1073,PP05,13.0,13.0,0.0
2023-02-18,S1073,PP05,17.0,17.0,0.0
2023-02-25,S1073,PP05,16.0,16.0,0.0
2023-03-04,S1073,PP05,16.0,16.0,0.0
2023-03-11,S1073,PP05,15.0,15.0,0.0
2023-03-18,S1073,PP05,16.0,16.0,0.0
2023-03-25,S1073,PP05,18.0,18.0,0.0
2023-04-01,S1073,PP05,14.0,14.0,0.0
2023-04-08,S1073,PP05,14.0,14.0,0.0
2023-04-15,S1073,PP05,15.0,15.0,0.0
2023-04-22,S1073,PP05,17.0,17.0,0.0
2023-04-29,S1073,PP05,16.0,16.0,0.0
2023-05-06,S1073,PP05,18.0,18.0,0.0
2023-05-13,S1073,PP05,19.0,19.0,0.0
2023-05-20,S1073,PP05,17.0,17.0,0.0
2023-05-27,S1073,PP05,18.0,18.0,0.0
2023-06-03,S1073,PP05,17.0,17.0,0.0
2023-06-10,S1073,PP05,17.0,17.0,0.0
2023-06-17,S1073,PP05,14.0,14.0,0.0
2023-06-24,S1073,PP05,15.0,15.0,0.0
2023-07-01,S1073,PP05,14.0,14.0,0.0
2023-07-08,S1073,PP05,16.0,16.0,0.0
2023-07-15,S1073,PP05,17.0,17.0,0.0
2023-07-22,S1073,PP05,14.0,14.0,0.0
2023-07-29,S1073,PP05,17.0,17.0,0.0
2023-08-05,S1073,PP05,16.0,16.0,0.0
2023-08-12,S1073,PP05,16.0,16.0,0.0
2023-08-19,S1073,PP05,16.0,16.0,0.0
2023-08-26,S1073,PP05,15.0,15.0,0.0
2023-09-02,S1073,PP05,17.0,17.0,0.0
2023-09-09,S1073,PP05,16.0,16.0,0.0
2023-09-16,S1073,PP05,17.0,17.0,0.0
2023-09-23,S1073,PP05,15.0,15.0,0.0
2023-09-30,S1073,PP05,15.0,15.0,0.0
2023-10-07,S1073,PP05,19.0,19.0,0.0
2023-10-14,S1073,PP05,14.0,14.0,0.0
2023-10-21,S1073,PP05,19.0,19.0,0.0
2023-10-28,S1073,PP05,21.0,21.0,0.0
2023-11-04,S1073,PP05,20.0,20.0,0.0
2023-11-11,S1073,PP05,19.0,19.0,0.0
2023-11-18,S1073,PP05,24.0,24.0,0.0
2023-11-25,S1073,PP05,22.0,22.0,0.0
2023-12-02,S1073,PP05,23.0,23.0,0.0
2023-12-09,S1073,PP05,25.0,24.0,1.0
2023-12-16,S1073,PP05,23.0,24.0,0.0
2023-12-23,S1073,PP05,20.0,20.0,0.0
2023-12-30,S1073,PP05,21.0,21.0,0.0
2024-01-06,S1073,PP05,14.0,14.0,0.0
2024-01-13,S1073,PP05,13.0,13.0,0.0
2024-01-20,S1073,PP05,12.0,12.0,0.0
2024-01-27,S1073,PP05,14.0,14.0,0.0
2024-02-03,S1073,PP05,13.0,13.0,0.0
2024-02-10,S1073,PP05,14.0,14.0,0.0
2024-02-17,S1073,PP05,15.0,15.0,0.0
2024-02-24,S1073,PP05,18.0,18.0,0.0
2024-03-02,S1073,PP05,17.0,17.0,0.0
2024-03-09,S1073,PP05,17.0,17.0,0.0
2024-03-16,S1073,PP05,16.0,16.0,0.0
2024-03-23,S1073,PP05,16.0,16.0,0.0
2024-03-30,S1073,PP05,18.0,18.0,0.0
2024-04-06,S1073,PP05,15.0,15.0,0.0
2024-04-13,S1073,PP05,18.0,18.0,0.0
2024-04-20,S1073,PP05,19.0,19.0,0.0
2024-04-27,S1073,PP05,16.0,16.0,0.0
2024-05-04,S1073,PP05,16.0,16.0,0.0
2024-05-11,S1073,PP05,17.0,17.0,0.0
2024-05-18,S1073,PP05,15.0,15.0,0.0
2024-05-25,S1073,PP05,17.0,17.0,0.0
2024-06-01,S1073,PP05,20.0,20.0,0.0
2024-06-08,S1073,PP05,15.0,15.0,0.0
2024-06-15,S1073,PP05,19.0,19.0,0.0
2024-06-22,S1073,PP05,16.0,16.0,0.0
2024-06-29,S1073,PP05,21.0,21.0,0.0
2024-07-06,S1073,PP05,16.0,16.0,0.0
2024-07-13,S1073,PP05,16.0,16.0,0.0
2024-07-20,S1073,PP05,16.0,16.0,0.0
2024-07-27,S1073,PP05,16.0,16.0,0.0
2024-08-03,S1073,PP05,20.0,20.0,0.0
2024-08-10,S1073,PP05,19.0,19.0,0.0
2024-08-17,S1073,PP05,19.0,19.0,0.0
2024-08-24,S1073,PP05,15.0,15.0,0.0
2024-08-31,S1073,PP05,18.0,18.0,0.0
2024-09-07,S1073,PP05,14.0,14.0,0.0
2024-09-14,S1073,PP05,14.0,14.0,0.0
2024-09-21,S1073,PP05,16.0,16.0,0.0
2024-09-28,S1073,PP05,16.0,16.0,0.0
2024-10-05,S1073,PP05,16.0,16.0,0.0
2024-10-12,S1073,PP05,18.0,18.0,0.0
2024-10-19,S1073,PP05,19.0,19.0,0.0
2024-10-26,S1073,PP05,21.0,21.0,0.0
2024-11-02,S1073,PP05,17.0,17.0,0.0
2024-11-09,S1073,PP05,23.0,23.0,0.0
2024-11-16,S1073,PP05,25.0,24.0,1.0
2024-11-23,S1073,PP05,22.0,23.0,0.0
2024-11-30,S1073,PP05,21.0,21.0,0.0
2024-12-07,S1073,PP05,23.0,23.0,0.0
2024-12-14,S1073,PP05,25.0,24.0,1.0
2024-12-21,S1073,PP05,28.0,24.0,5.0
2024-12-28,S1073,PP05,20.0,24.0,1.0
2025-01-04,S1073,PP05,16.0,17.0,0.0
2025-01-11,S1073,PP05,13.0,13.0,0.0
2025-01-18,S1073,PP05,12.0,12.0,0.0
2025-01-25,S1073,PP05,16.0,16.0,0.0
2025-02-01,S1073,PP05,15.0,15.0,0.0
2025-02-08,S1073,PP05,19.0,19.0,0.0
2025-02-15,S1073,PP05,17.0,17.0,0.0
2025-02-22,S1073,PP05,17.0,17.0,0.0
2025-03-01,S1073,PP05,16.0,16.0,0.0
2025-03-08,S1073,PP05,15.0,15.0,0.0
2025-03-15,S1073,PP05,16.0,16.0,0.0
2025-03-22,S1073,PP05,15.0,15.0,0.0
2025-03-29,S1073,PP05,19.0,19.0,0.0
2025-04-05,S1073,PP05,17.0,17.0,0.0
2025-04-12,S1073,PP05,19.0,19.0,0.0
2025-04-19,S1073,PP05,18.0,18.0,0.0
2025-04-26,S1073,PP05,18.0,18.0,0.0
2025-05-03,S1073,PP05,16.0,16.0,0.0
2025-05-10,S1073,PP05,19.0,19.0,0.0
2025-05-17,S1073,PP05,18.0,18.0,0.0
2025-05-24,S1073,PP05,20.0,20.0,0.0
2025-05-31,S1073,PP05,17.0,17.0,0.0
2025-06-07,S1073,PP05,19.0,19.0,0.0
2025-06-14,S1073,PP05,21.0,21.0,0.0
2025-06-21,S1073,PP05,18.0,18.0,0.0
2025-06-28,S1073,PP05,19.0,19.0,0.0
2025-07-05,S1073,PP05,19.0,19.0,0.0
2025-07-12,S1073,PP05,22.0,22.0,0.0
2025-07-19,S1073,PP05,19.0,19.0,0.0
2025-07-26,S1073,PP05,20.0,20.0,0.0
2025-08-02,S1073,PP05,19.0,19.0,0.0
2025-08-09,S1073,PP05,18.0,18.0,0.0
2025-08-16,S1073,PP05,17.0,17.0,0.0
2025-08-23,S1073,PP05,21.0,21.0,0.0
2025-08-30,S1073,PP05,16.0,16.0,0.0
2025-09-06,S1073,PP05,19.0,19.0,0.0
2025-09-13,S1073,PP05,17.0,17.0,0.0
2025-09-20,S1073,PP05,19.0,19.0,0.0
2025-09-27,S1073,PP05,16.0,16.0,0.0
2025-10-04,S1073,PP05,16.0,16.0,0.0
2025-10-11,S1073,PP05,18.0,18.0,0.0
2025-10-18,S1073,PP05,18.0,18.0,0.0
2025-10-25,S1073,PP05,17.0,17.0,0.0
2025-11-01,S1073,PP05,25.0,24.0,1.0
2025-11-08,S1073,PP05,19.0,20.0,0.0
2025-11-15,S1073,PP05,20.0,20.0,0.0
2025-11-22,S1073,PP05,23.0,23.0,0.0
2025-11-29,S1073,PP05,29.0,24.0,5.0
2025-12-06,S1073,PP05,22.0,24.0,3.0
2025-12-13,S1073,PP05,31.0,24.0,10.0
2025-12-20,S1073,PP05,23.0,24.0,9.0
2025-12-27,S1073,PP05,22.0,24.0,7.0
2026-01-03,S1073,PP05,17.0,24.0,0.0
2026-01-10,S1073,PP05,18.0,18.0,0.0
2026-01-17,S1073,PP05,15.0,15.0,0.0
2026-01-24,S1073,PP05,14.0,14.0,0.0
2026-01-31,S1073,PP05,15.0,15.0,0.0
2026-02-07,S1073,PP05,17.0,17.0,0.0
2026-02-14,S1073,PP05,17.0,17.0,0.0
2026-02-21,S1073,PP05,18.0,18.0,0.0
2026-02-28,S1073,PP05,18.0,18.0,0.0
2026-03-07,S1073,PP05,16.0,16.0,0.0
2026-03-14,S1073,PP05,18.0,18.0,0.0
2026-03-21,S1073,PP05,19.0,19.0,0.0
2026-03-28,S1073,PP05,17.0,17.0,0.0
2026-04-04,S1073,PP05,19.0,19.0,0.0
2026-04-11,S1073,PP05,18.0,18.0,0.0
2026-04-18,S1073,PP05,18.0,18.0,0.0
2026-04-25,S1073,PP05,21.0,21.0,0.0
2026-05-02,S1073,PP05,16.0,16.0,0.0
2026-05-09,S1073,PP05,18.0,18.0,0.0
2026-05-16,S1073,PP05,22.0,22.0,0.0
2026-05-23,S1073,PP05,23.0,23.0,0.0
2026-05-30,S1073,PP05,24.0,24.0,0.0
2026-06-06,S1073,PP05,19.0,19.0,0.0
2026-06-13,S1073,PP05,19.0,19.0,0.0
2026-06-20,S1073,PP05,20.0,20.0,0.0
2026-06-27,S1073,PP05,21.0,21.0,0.0
2026-07-04,S1073,PP05,19.0,19.0,0.0
2026-07-11,S1073,PP05,21.0,21.0,0.0
2026-07-18,S1073,PP05,20.0,20.0,0.0
2026-07-25,S1073,PP05,20.0,20.0,0.0
2022-08-06,S1074,PP05,11.0,11.0,0.0
2022-08-13,S1074,PP05,12.0,12.0,0.0
2022-08-20,S1074,PP05,12.0,12.0,0.0
2022-08-27,S1074,PP05,11.0,11.0,0.0
2022-09-03,S1074,PP05,10.0,10.0,0.0
2022-09-10,S1074,PP05,11.0,11.0,0.0
2022-09-17,S1074,PP05,12.0,12.0,0.0
2022-09-24,S1074,PP05,12.0,12.0,0.0
2022-10-01,S1074,PP05,13.0,13.0,0.0
2022-10-08,S1074,PP05,12.0,12.0,0.0
2022-10-15,S1074,PP05,12.0,12.0,0.0
2022-10-22,S1074,PP05,12.0,12.0,0.0
2022-10-29,S1074,PP05,14.0,14.0,0.0
2022-11-05,S1074,PP05,14.0,14.0,0.0
2022-11-12,S1074,PP05,14.0,14.0,0.0
2022-11-19,S1074,PP05,15.0,15.0,0.0
2022-11-26,S1074,PP05,15.0,15.0,0.0
2022-12-03,S1074,PP05,17.0,17.0,0.0
2022-12-10,S1074,PP05,18.0,18.0,0.0
2022-12-17,S1074,PP05,17.0,17.0,0.0
2022-12-24,S1074,PP05,17.0,17.0,0.0
2022-12-31,S1074,PP05,14.0,14.0,0.0
2023-01-07,S1074,PP05,13.0,13.0,0.0
2023-01-14,S1074,PP05,11.0,11.0,0.0
2023-01-21,S1074,PP05,12.0,12.0,0.0
2023-01-28,S1074,PP05,11.0,11.0,0.0
2023-02-04,S1074,PP05,11.0,11.0,0.0
2023-02-11,S1074,PP05,11.0,11.0,0.0
2023-02-18,S1074,PP05,12.0,12.0,0.0
2023-02-25,S1074,PP05,11.0,11.0,0.0
2023-03-04,S1074,PP05,10.0,10.0,0.0
2023-03-11,S1074,PP05,14.0,14.0,0.0
2023-03-18,S1074,PP05,11.0,11.0,0.0
2023-03-25,S1074,PP05,13.0,13.0,0.0
2023-04-01,S1074,PP05,11.0,11.0,0.0
2023-04-08,S1074,PP05,14.0,14.0,0.0
2023-04-15,S1074,PP05,14.0,14.0,0.0
2023-04-22,S1074,PP05,13.0,13.0,0.0
2023-04-29,S1074,PP05,14.0,14.0,0.0
2023-05-06,S1074,PP05,13.0,13.0,0.0
2023-05-13,S1074,PP05,16.0,16.0,0.0
2023-05-20,S1074,PP05,14.0,14.0,0.0
2023-05-27,S1074,PP05,12.0,12.0,0.0
2023-06-03,S1074,PP05,13.0,13.0,0.0
2023-06-10,S1074,PP05,12.0,12.0,0.0
2023-06-17,S1074,PP05,12.0,12.0,0.0
2023-06-24,S1074,PP05,10.0,10.0,0.0
2023-07-01,S1074,PP05,13.0,13.0,0.0
2023-07-08,S1074,PP05,11.0,11.0,0.0
2023-07-15,S1074,PP05,10.0,10.0,0.0
2023-07-22,S1074,PP05,12.0,12.0,0.0
2023-07-29,S1074,PP05,12.0,12.0,0.0
2023-08-05,S1074,PP05,12.0,12.0,0.0
2023-08-12,S1074,PP05,10.0,10.0,0.0
2023-08-19,S1074,PP05,12.0,12.0,0.0
2023-08-26,S1074,PP05,12.0,12.0,0.0
2023-09-02,S1074,PP05,12.0,12.0,0.0
2023-09-09,S1074,PP05,13.0,13.0,0.0
2023-09-16,S1074,PP05,14.0,14.0,0.0
2023-09-23,S1074,PP05,13.0,13.0,0.0
2023-09-30,S1074,PP05,13.0,13.0,0.0
2023-10-07,S1074,PP05,13.0,13.0,0.0
2023-10-14,S1074,PP05,11.0,11.0,0.0
2023-10-21,S1074,PP05,13.0,13.0,0.0
2023-10-28,S1074,PP05,15.0,15.0,0.0
2023-11-04,S1074,PP05,13.0,13.0,0.0
2023-11-11,S1074,PP05,13.0,13.0,0.0
2023-11-18,S1074,PP05,17.0,17.0,0.0
2023-11-25,S1074,PP05,15.0,15.0,0.0
2023-12-02,S1074,PP05,16.0,16.0,0.0
2023-12-09,S1074,PP05,18.0,18.0,0.0
2023-12-16,S1074,PP05,20.0,18.0,2.0
2023-12-23,S1074,PP05,17.0,18.0,1.0
2023-12-30,S1074,PP05,15.0,16.0,0.0
2024-01-06,S1074,PP05,11.0,11.0,0.0
2024-01-13,S1074,PP05,9.0,9.0,0.0
2024-01-20,S1074,PP05,11.0,11.0,0.0
2024-01-27,S1074,PP05,10.0,10.0,0.0
2024-02-03,S1074,PP05,10.0,10.0,0.0
2024-02-10,S1074,PP05,10.0,10.0,0.0
2024-02-17,S1074,PP05,12.0,12.0,0.0
2024-02-24,S1074,PP05,14.0,14.0,0.0
2024-03-02,S1074,PP05,11.0,11.0,0.0
2024-03-09,S1074,PP05,14.0,14.0,0.0
2024-03-16,S1074,PP05,12.0,12.0,0.0
2024-03-23,S1074,PP05,10.0,10.0,0.0
2024-03-30,S1074,PP05,11.0,11.0,0.0
2024-04-06,S1074,PP05,11.0,11.0,0.0
2024-04-13,S1074,PP05,12.0,12.0,0.0
2024-04-20,S1074,PP05,13.0,13.0,0.0
2024-04-27,S1074,PP05,16.0,16.0,0.0
2024-05-04,S1074,PP05,11.0,11.0,0.0
2024-05-11,S1074,PP05,13.0,13.0,0.0
2024-05-18,S1074,PP05,12.0,12.0,0.0
2024-05-25,S1074,PP05,12.0,12.0,0.0
2024-06-01,S1074,PP05,13.0,13.0,0.0
2024-06-08,S1074,PP05,13.0,13.0,0.0
2024-06-15,S1074,PP05,11.0,11.0,0.0
2024-06-22,S1074,PP05,13.0,13.0,0.0
2024-06-29,S1074,PP05,11.0,11.0,0.0
2024-07-06,S1074,PP05,13.0,13.0,0.0
2024-07-13,S1074,PP05,14.0,14.0,0.0
2024-07-20,S1074,PP05,13.0,13.0,0.0
2024-07-27,S1074,PP05,13.0,13.0,0.0
2024-08-03,S1074,PP05,13.0,13.0,0.0
2024-08-10,S1074,PP05,13.0,13.0,0.0
2024-08-17,S1074,PP05,14.0,14.0,0.0
2024-08-24,S1074,PP05,13.0,13.0,0.0
2024-08-31,S1074,PP05,12.0,12.0,0.0
2024-09-07,S1074,PP05,12.0,12.0,0.0
2024-09-14,S1074,PP05,10.0,10.0,0.0
2024-09-21,S1074,PP05,11.0,11.0,0.0
2024-09-28,S1074,PP05,13.0,13.0,0.0
2024-10-05,S1074,PP05,13.0,13.0,0.0
2024-10-12,S1074,PP05,13.0,13.0,0.0
2024-10-19,S1074,PP05,15.0,15.0,0.0
2024-10-26,S1074,PP05,14.0,14.0,0.0
2024-11-02,S1074,PP05,14.0,14.0,0.0
2024-11-09,S1074,PP05,13.0,13.0,0.0
2024-11-16,S1074,PP05,18.0,18.0,0.0
2024-11-23,S1074,PP05,18.0,18.0,0.0
2024-11-30,S1074,PP05,22.0,18.0,4.0
2024-12-07,S1074,PP05,24.0,18.0,10.0
2024-12-14,S1074,PP05,17.0,18.0,9.0
2024-12-21,S1074,PP05,15.0,18.0,6.0
2024-12-28,S1074,PP05,11.0,17.0,0.0
2025-01-04,S1074,PP05,14.0,14.0,0.0
2025-01-11,S1074,PP05,11.0,11.0,0.0
2025-01-18,S1074,PP05,10.0,10.0,0.0
2025-01-25,S1074,PP05,9.0,9.0,0.0
2025-02-01,S1074,PP05,11.0,11.0,0.0
2025-02-08,S1074,PP05,12.0,12.0,0.0
2025-02-15,S1074,PP05,13.0,13.0,0.0
2025-02-22,S1074,PP05,12.0,12.0,0.0
2025-03-01,S1074,PP05,13.0,13.0,0.0
2025-03-08,S1074,PP05,12.0,12.0,0.0
2025-03-15,S1074,PP05,14.0,14.0,0.0
2025-03-22,S1074,PP05,14.0,14.0,0.0
2025-03-29,S1074,PP05,11.0,11.0,0.0
2025-04-05,S1074,PP05,15.0,15.0,0.0
2025-04-12,S1074,PP05,15.0,15.0,0.0
2025-04-19,S1074,PP05,14.0,14.0,0.0
2025-04-26,S1074,PP05,14.0,14.0,0.0
2025-05-03,S1074,PP05,16.0,16.0,0.0
2025-05-10,S1074,PP05,12.0,12.0,0.0
2025-05-17,S1074,PP05,16.0,16.0,0.0
2025-05-24,S1074,PP05,13.0,13.0,0.0
2025-05-31,S1074,PP05,15.0,15.0,0.0
2025-06-07,S1074,PP05,14.0,14.0,0.0
2025-06-14,S1074,PP05,12.0,12.0,0.0
2025-06-21,S1074,PP05,13.0,13.0,0.0
2025-06-28,S1074,PP05,15.0,15.0,0.0
2025-07-05,S1074,PP05,13.0,13.0,0.0
2025-07-12,S1074,PP05,13.0,13.0,0.0
2025-07-19,S1074,PP05,13.0,13.0,0.0
2025-07-26,S1074,PP05,15.0,15.0,0.0
2025-08-02,S1074,PP05,17.0,17.0,0.0
2025-08-09,S1074,PP05,12.0,12.0,0.0
2025-08-16,S1074,PP05,19.0,18.0,1.0
2025-08-23,S1074,PP05,14.0,15.0,0.0
2025-08-30,S1074,PP05,14.0,14.0,0.0
2025-09-06,S1074,PP05,12.0,12.0,0.0
2025-09-13,S1074,PP05,13.0,13.0,0.0
2025-09-20,S1074,PP05,13.0,13.0,0.0
2025-09-27,S1074,PP05,12.0,12.0,0.0
2025-10-04,S1074,PP05,12.0,12.0,0.0
2025-10-11,S1074,PP05,15.0,15.0,0.0
2025-10-18,S1074,PP05,12.0,12.0,0.0
2025-10-25,S1074,PP05,15.0,15.0,0.0
2025-11-01,S1074,PP05,15.0,15.0,0.0
2025-11-08,S1074,PP05,14.0,14.0,0.0
2025-11-15,S1074,PP05,20.0,18.0,2.0
2025-11-22,S1074,PP05,16.0,18.0,0.0
2025-11-29,S1074,PP05,17.0,17.0,0.0
2025-12-06,S1074,PP05,20.0,18.0,2.0
2025-12-13,S1074,PP05,20.0,18.0,4.0
2025-12-20,S1074,PP05,19.0,18.0,5.0
2025-12-27,S1074,PP05,16.0,18.0,3.0
2026-01-03,S1074,PP05,14.0,17.0,0.0
2026-01-10,S1074,PP05,11.0,11.0,0.0
2026-01-17,S1074,PP05,10.0,10.0,0.0
2026-01-24,S1074,PP05,12.0,12.0,0.0
2026-01-31,S1074,PP05,12.0,12.0,0.0
2026-02-07,S1074,PP05,12.0,12.0,0.0
2026-02-14,S1074,PP05,15.0,15.0,0.0
2026-02-21,S1074,PP05,13.0,13.0,0.0
2026-02-28,S1074,PP05,15.0,15.0,0.0
2026-03-07,S1074,PP05,15.0,15.0,0.0
2026-03-14,S1074,PP05,16.0,16.0,0.0
2026-03-21,S1074,PP05,15.0,15.0,0.0
2026-03-28,S1074,PP05,14.0,14.0,0.0
2026-04-04,S1074,PP05,14.0,14.0,0.0
2026-04-11,S1074,PP05,13.0,13.0,0.0
2026-04-18,S1074,PP05,11.0,11.0,0.0
2026-04-25,S1074,PP05,15.0,15.0,0.0
2026-05-02,S1074,PP05,15.0,15.0,0.0
2026-05-09,S1074,PP05,16.0,16.0,0.0
2026-05-16,S1074,PP05,15.0,15.0,0.0
2026-05-23,S1074,PP05,16.0,16.0,0.0
2026-05-30,S1074,PP05,13.0,13.0,0.0
2026-06-06,S1074,PP05,13.0,13.0,0.0
2026-06-13,S1074,PP05,11.0,11.0,0.0
2026-06-20,S1074,PP05,14.0,14.0,0.0
2026-06-27,S1074,PP05,13.0,13.0,0.0
2026-07-04,S1074,PP05,13.0,13.0,0.0
2026-07-11,S1074,PP05,15.0,15.0,0.0
2026-07-18,S1074,PP05,14.0,14.0,0.0
2026-07-25,S1074,PP05,12.0,12.0,0.0
2022-08-06,S1075,PP05,21.0,21.0,0.0
2022-08-13,S1075,PP05,16.0,16.0,0.0
2022-08-20,S1075,PP05,15.0,15.0,0.0
2022-08-27,S1075,PP05,15.0,15.0,0.0
2022-09-03,S1075,PP05,15.0,15.0,0.0
2022-09-10,S1075,PP05,15.0,15.0,0.0
2022-09-17,S1075,PP05,18.0,18.0,0.0
2022-09-24,S1075,PP05,15.0,15.0,0.0
2022-10-01,S1075,PP05,19.0,19.0,0.0
2022-10-08,S1075,PP05,15.0,15.0,0.0
2022-10-15,S1075,PP05,17.0,17.0,0.0
2022-10-22,S1075,PP05,18.0,18.0,0.0
2022-10-29,S1075,PP05,19.0,19.0,0.0
2022-11-05,S1075,PP05,20.0,20.0,0.0
2022-11-12,S1075,PP05,18.0,18.0,0.0
2022-11-19,S1075,PP05,20.0,20.0,0.0
2022-11-26,S1075,PP05,17.0,17.0,0.0
2022-12-03,S1075,PP05,23.0,23.0,0.0
2022-12-10,S1075,PP05,28.0,24.0,4.0
2022-12-17,S1075,PP05,25.0,24.0,5.0
2022-12-24,S1075,PP05,20.0,24.0,1.0
2022-12-31,S1075,PP05,21.0,22.0,0.0
2023-01-07,S1075,PP05,14.0,14.0,0.0
2023-01-14,S1075,PP05,12.0,12.0,0.0
2023-01-21,S1075,PP05,12.0,12.0,0.0
2023-01-28,S1075,PP05,12.0,12.0,0.0
2023-02-04,S1075,PP05,15.0,15.0,0.0
2023-02-11,S1075,PP05,15.0,15.0,0.0
2023-02-18,S1075,PP05,16.0,16.0,0.0
2023-02-25,S1075,PP05,15.0,15.0,0.0
2023-03-04,S1075,PP05,15.0,15.0,0.0
2023-03-11,S1075,PP05,13.0,13.0,0.0
2023-03-18,S1075,PP05,16.0,16.0,0.0
2023-03-25,S1075,PP05,16.0,16.0,0.0
2023-04-01,S1075,PP05,14.0,14.0,0.0
2023-04-08,S1075,PP05,16.0,16.0,0.0
2023-04-15,S1075,PP05,16.0,16.0,0.0
2023-04-22,S1075,PP05,20.0,20.0,0.0
2023-04-29,S1075,PP05,15.0,15.0,0.0
2023-05-06,S1075,PP05,17.0,17.0,0.0
2023-05-13,S1075,PP05,15.0,15.0,0.0
2023-05-20,S1075,PP05,16.0,16.0,0.0
2023-05-27,S1075,PP05,17.0,17.0,0.0
2023-06-03,S1075,PP05,16.0,16.0,0.0
2023-06-10,S1075,PP05,16.0,16.0,0.0
2023-06-17,S1075,PP05,17.0,17.0,0.0
2023-06-24,S1075,PP05,15.0,15.0,0.0
2023-07-01,S1075,PP05,18.0,18.0,0.0
2023-07-08,S1075,PP05,16.0,16.0,0.0
2023-07-15,S1075,PP05,16.0,16.0,0.0
2023-07-22,S1075,PP05,17.0,17.0,0.0
2023-07-29,S1075,PP05,17.0,17.0,0.0
2023-08-05,S1075,PP05,18.0,18.0,0.0
2023-08-12,S1075,PP05,18.0,18.0,0.0
2023-08-19,S1075,PP05,18.0,18.0,0.0
2023-08-26,S1075,PP05,16.0,16.0,0.0
2023-09-02,S1075,PP05,14.0,14.0,0.0
2023-09-09,S1075,PP05,14.0,14.0,0.0
2023-09-16,S1075,PP05,13.0,13.0,0.0
2023-09-23,S1075,PP05,18.0,18.0,0.0
2023-09-30,S1075,PP05,12.0,12.0,0.0
2023-10-07,S1075,PP05,17.0,17.0,0.0
2023-10-14,S1075,PP05,14.0,14.0,0.0
2023-10-21,S1075,PP05,19.0,19.0,0.0
2023-10-28,S1075,PP05,14.0,14.0,0.0
2023-11-04,S1075,PP05,18.0,18.0,0.0
2023-11-11,S1075,PP05,22.0,22.0,0.0
2023-11-18,S1075,PP05,22.0,22.0,0.0
2023-11-25,S1075,PP05,21.0,21.0,0.0
2023-12-02,S1075,PP05,20.0,20.0,0.0
2023-12-09,S1075,PP05,22.0,22.0,0.0
2023-12-16,S1075,PP05,28.0,24.0,4.0
2023-12-23,S1075,PP05,21.0,24.0,1.0
2023-12-30,S1075,PP05,18.0,19.0,0.0
2024-01-06,S1075,PP05,15.0,15.0,0.0
2024-01-13,S1075,PP05,11.0,11.0,0.0
2024-01-20,S1075,PP05,14.0,14.0,0.0
2024-01-27,S1075,PP05,13.0,13.0,0.0
2024-02-03,S1075,PP05,15.0,15.0,0.0
2024-02-10,S1075,PP05,14.0,14.0,0.0
2024-02-17,S1075,PP05,13.0,13.0,0.0
2024-02-24,S1075,PP05,15.0,15.0,0.0
2024-03-02,S1075,PP05,17.0,17.0,0.0
2024-03-09,S1075,PP05,17.0,17.0,0.0
2024-03-16,S1075,PP05,16.0,16.0,0.0
2024-03-23,S1075,PP05,18.0,18.0,0.0
2024-03-30,S1075,PP05,16.0,16.0,0.0
2024-04-06,S1075,PP05,16.0,16.0,0.0
2024-04-13,S1075,PP05,15.0,15.0,0.0
2024-04-20,S1075,PP05,18.0,18.0,0.0
2024-04-27,S1075,PP05,17.0,17.0,0.0
2024-05-04,S1075,PP05,16.0,16.0,0.0
2024-05-11,S1075,PP05,15.0,15.0,0.0
2024-05-18,S1075,PP05,20.0,20.0,0.0
2024-05-25,S1075,PP05,16.0,16.0,0.0
2024-06-01,S1075,PP05,17.0,17.0,0.0
2024-06-08,S1075,PP05,21.0,21.0,0.0
2024-06-15,S1075,PP05,18.0,18.0,0.0
2024-06-22,S1075,PP05,20.0,20.0,0.0
2024-06-29,S1075,PP05,16.0,16.0,0.0
2024-07-06,S1075,PP05,18.0,18.0,0.0
2024-07-13,S1075,PP05,16.0,16.0,0.0
2024-07-20,S1075,PP05,17.0,17.0,0.0
2024-07-27,S1075,PP05,21.0,21.0,0.0
2024-08-03,S1075,PP05,17.0,17.0,0.0
2024-08-10,S1075,PP05,17.0,17.0,0.0
2024-08-17,S1075,PP05,16.0,16.0,0.0
2024-08-24,S1075,PP05,18.0,18.0,0.0
2024-08-31,S1075,PP05,15.0,15.0,0.0
2024-09-07,S1075,PP05,17.0,17.0,0.0
2024-09-14,S1075,PP05,13.0,13.0,0.0
2024-09-21,S1075,PP05,16.0,16.0,0.0
2024-09-28,S1075,PP05,15.0,15.0,0.0
2024-10-05,S1075,PP05,17.0,17.0,0.0
2024-10-12,S1075,PP05,16.0,16.0,0.0
2024-10-19,S1075,PP05,16.0,16.0,0.0
2024-10-26,S1075,PP05,17.0,17.0,0.0
2024-11-02,S1075,PP05,17.0,17.0,0.0
2024-11-09,S1075,PP05,21.0,21.0,0.0
2024-11-16,S1075,PP05,19.0,19.0,0.0
2024-11-23,S1075,PP05,22.0,22.0,0.0
2024-11-30,S1075,PP05,25.0,24.0,1.0
2024-12-07,S1075,PP05,30.0,24.0,7.0
2024-12-14,S1075,PP05,26.0,24.0,9.0
2024-12-21,S1075,PP05,22.0,24.0,7.0
2024-12-28,S1075,PP05,20.0,24.0,3.0
2025-01-04,S1075,PP05,13.0,16.0,0.0
2025-01-11,S1075,PP05,12.0,12.0,0.0
2025-01-18,S1075,PP05,13.0,13.0,0.0
2025-01-25,S1075,PP05,13.0,13.0,0.0
2025-02-01,S1075,PP05,12.0,12.0,0.0
2025-02-08,S1075,PP05,16.0,16.0,0.0
2025-02-15,S1075,PP05,16.0,16.0,0.0
2025-02-22,S1075,PP05,16.0,16.0,0.0
2025-03-01,S1075,PP05,15.0,15.0,0.0
2025-03-08,S1075,PP05,17.0,17.0,0.0
2025-03-15,S1075,PP05,18.0,18.0,0.0
2025-03-22,S1075,PP05,16.0,16.0,0.0
2025-03-29,S1075,PP05,18.0,18.0,0.0
2025-04-05,S1075,PP05,16.0,16.0,0.0
2025-04-12,S1075,PP05,17.0,17.0,0.0
2025-04-19,S1075,PP05,20.0,20.0,0.0
2025-04-26,S1075,PP05,20.0,20.0,0.0
2025-05-03,S1075,PP05,21.0,21.0,0.0
2025-05-10,S1075,PP05,19.0,19.0,0.0
2025-05-17,S1075,PP05,18.0,18.0,0.0
2025-05-24,S1075,PP05,17.0,17.0,0.0
2025-05-31,S1075,PP05,15.0,15.0,0.0
2025-06-07,S1075,PP05,15.0,15.0,0.0
2025-06-14,S1075,PP05,17.0,17.0,0.0
2025-06-21,S1075,PP05,17.0,17.0,0.0
2025-06-28,S1075,PP05,20.0,20.0,0.0
2025-07-05,S1075,PP05,20.0,20.0,0.0
2025-07-12,S1075,PP05,17.0,17.0,0.0
2025-07-19,S1075,PP05,20.0,20.0,0.0
2025-07-26,S1075,PP05,17.0,17.0,0.0
2025-08-02,S1075,PP05,20.0,20.0,0.0
2025-08-09,S1075,PP05,20.0,20.0,0.0
2025-08-16,S1075,PP05,21.0,21.0,0.0
2025-08-23,S1075,PP05,17.0,17.0,0.0
2025-08-30,S1075,PP05,19.0,19.0,0.0
2025-09-06,S1075,PP05,14.0,14.0,0.0
2025-09-13,S1075,PP05,19.0,19.0,0.0
2025-09-20,S1075,PP05,17.0,17.0,0.0
2025-09-27,S1075,PP05,17.0,17.0,0.0
2025-10-04,S1075,PP05,14.0,14.0,0.0
2025-10-11,S1075,PP05,17.0,17.0,0.0
2025-10-18,S1075,PP05,21.0,21.0,0.0
2025-10-25,S1075,PP05,18.0,18.0,0.0
2025-11-01,S1075,PP05,21.0,21.0,0.0
2025-11-08,S1075,PP05,21.0,21.0,0.0
2025-11-15,S1075,PP05,24.0,24.0,0.0
2025-11-22,S1075,PP05,24.0,24.0,0.0
2025-11-29,S1075,PP05,23.0,23.0,0.0
2025-12-06,S1075,PP05,27.0,24.0,3.0
2025-12-13,S1075,PP05,32.0,24.0,11.0
2025-12-20,S1075,PP05,26.0,24.0,13.0
2025-12-27,S1075,PP05,21.0,24.0,10.0
2026-01-03,S1075,PP05,22.0,24.0,8.0
2026-01-10,S1075,PP05,16.0,24.0,0.0
2026-01-17,S1075,PP05,15.0,15.0,0.0
2026-01-24,S1075,PP05,15.0,15.0,0.0
2026-01-31,S1075,PP05,17.0,17.0,0.0
2026-02-07,S1075,PP05,17.0,17.0,0.0
2026-02-14,S1075,PP05,13.0,13.0,0.0
2026-02-21,S1075,PP05,18.0,18.0,0.0
2026-02-28,S1075,PP05,17.0,17.0,0.0
2026-03-07,S1075,PP05,17.0,17.0,0.0
2026-03-14,S1075,PP05,17.0,17.0,0.0
2026-03-21,S1075,PP05,15.0,15.0,0.0
2026-03-28,S1075,PP05,15.0,15.0,0.0
2026-04-04,S1075,PP05,20.0,20.0,0.0
2026-04-11,S1075,PP05,19.0,19.0,0.0
2026-04-18,S1075,PP05,14.0,14.0,0.0
2026-04-25,S1075,PP05,18.0,18.0,0.0
2026-05-02,S1075,PP05,21.0,21.0,0.0
2026-05-09,S1075,PP05,19.0,19.0,0.0
2026-05-16,S1075,PP05,22.0,22.0,0.0
2026-05-23,S1075,PP05,21.0,21.0,0.0
2026-05-30,S1075,PP05,16.0,16.0,0.0
2026-06-06,S1075,PP05,18.0,18.0,0.0
2026-06-13,S1075,PP05,17.0,17.0,0.0
2026-06-20,S1075,PP05,16.0,16.0,0.0
2026-06-27,S1075,PP05,16.0,16.0,0.0
2026-07-04,S1075,PP05,17.0,17.0,0.0
2026-07-11,S1075,PP05,17.0,17.0,0.0
2026-07-18,S1075,PP05,19.0,19.0,0.0
2026-07-25,S1075,PP05,21.0,21.0,0.0
2022-08-06,S1076,PP05,8.0,8.0,0.0
2022-08-13,S1076,PP05,9.0,9.0,0.0
2022-08-20,S1076,PP05,8.0,8.0,0.0
2022-08-27,S1076,PP05,8.0,8.0,0.0
2022-09-03,S1076,PP05,8.0,8.0,0.0
2022-09-10,S1076,PP05,7.0,7.0,0.0
2022-09-17,S1076,PP05,9.0,9.0,0.0
2022-09-24,S1076,PP05,6.0,6.0,0.0
2022-10-01,S1076,PP05,6.0,6.0,0.0
2022-10-08,S1076,PP05,8.0,8.0,0.0
2022-10-15,S1076,PP05,8.0,8.0,0.0
2022-10-22,S1076,PP05,7.0,7.0,0.0
2022-10-29,S1076,PP05,8.0,8.0,0.0
2022-11-05,S1076,PP05,8.0,8.0,0.0
2022-11-12,S1076,PP05,10.0,10.0,0.0
2022-11-19,S1076,PP05,11.0,11.0,0.0
2022-11-26,S1076,PP05,12.0,12.0,0.0
2022-12-03,S1076,PP05,10.0,10.0,0.0
2022-12-10,S1076,PP05,11.0,11.0,0.0
2022-12-17,S1076,PP05,10.0,10.0,0.0
2022-12-24,S1076,PP05,11.0,11.0,0.0
2022-12-31,S1076,PP05,9.0,9.0,0.0
2023-01-07,S1076,PP05,7.0,7.0,0.0
2023-01-14,S1076,PP05,6.0,6.0,0.0
2023-01-21,S1076,PP05,6.0,6.0,0.0
2023-01-28,S1076,PP05,6.0,6.0,0.0
2023-02-04,S1076,PP05,7.0,7.0,0.0
2023-02-11,S1076,PP05,7.0,7.0,0.0
2023-02-18,S1076,PP05,6.0,6.0,0.0
2023-02-25,S1076,PP05,8.0,8.0,0.0
2023-03-04,S1076,PP05,7.0,7.0,0.0
2023-03-11,S1076,PP05,8.0,8.0,0.0
2023-03-18,S1076,PP05,8.0,8.0,0.0
2023-03-25,S1076,PP05,8.0,8.0,0.0
2023-04-01,S1076,PP05,8.0,8.0,0.0
2023-04-08,S1076,PP05,7.0,7.0,0.0
2023-04-15,S1076,PP05,8.0,8.0,0.0
2023-04-22,S1076,PP05,8.0,8.0,0.0
2023-04-29,S1076,PP05,8.0,8.0,0.0
2023-05-06,S1076,PP05,9.0,9.0,0.0
2023-05-13,S1076,PP05,8.0,8.0,0.0
2023-05-20,S1076,PP05,9.0,9.0,0.0
2023-05-27,S1076,PP05,7.0,7.0,0.0
2023-06-03,S1076,PP05,8.0,8.0,0.0
2023-06-10,S1076,PP05,8.0,8.0,0.0
2023-06-17,S1076,PP05,9.0,9.0,0.0
2023-06-24,S1076,PP05,8.0,8.0,0.0
2023-07-01,S1076,PP05,8.0,8.0,0.0
2023-07-08,S1076,PP05,7.0,7.0,0.0
2023-07-15,S1076,PP05,8.0,8.0,0.0
2023-07-22,S1076,PP05,7.0,7.0,0.0
2023-07-29,S1076,PP05,10.0,10.0,0.0
2023-08-05,S1076,PP05,8.0,8.0,0.0
2023-08-12,S1076,PP05,8.0,8.0,0.0
2023-08-19,S1076,PP05,8.0,8.0,0.0
2023-08-26,S1076,PP05,7.0,7.0,0.0
2023-09-02,S1076,PP05,7.0,7.0,0.0
2023-09-09,S1076,PP05,8.0,8.0,0.0
2023-09-16,S1076,PP05,8.0,8.0,0.0
2023-09-23,S1076,PP05,6.0,6.0,0.0
2023-09-30,S1076,PP05,7.0,7.0,0.0
2023-10-07,S1076,PP05,8.0,8.0,0.0
2023-10-14,S1076,PP05,8.0,8.0,0.0
2023-10-21,S1076,PP05,9.0,9.0,0.0
2023-10-28,S1076,PP05,8.0,8.0,0.0
2023-11-04,S1076,PP05,10.0,10.0,0.0
2023-11-11,S1076,PP05,9.0,9.0,0.0
2023-11-18,S1076,PP05,12.0,12.0,0.0
2023-11-25,S1076,PP05,11.0,11.0,0.0
2023-12-02,S1076,PP05,9.0,9.0,0.0
2023-12-09,S1076,PP05,14.0,12.0,2.0
2023-12-16,S1076,PP05,11.0,12.0,1.0
2023-12-23,S1076,PP05,10.0,11.0,0.0
2023-12-30,S1076,PP05,8.0,8.0,0.0
2024-01-06,S1076,PP05,9.0,9.0,0.0
2024-01-13,S1076,PP05,6.0,6.0,0.0
2024-01-20,S1076,PP05,7.0,7.0,0.0
2024-01-27,S1076,PP05,6.0,6.0,0.0
2024-02-03,S1076,PP05,6.0,6.0,0.0
2024-02-10,S1076,PP05,8.0,8.0,0.0
2024-02-17,S1076,PP05,7.0,7.0,0.0
2024-02-24,S1076,PP05,8.0,8.0,0.0
2024-03-02,S1076,PP05,7.0,7.0,0.0
2024-03-09,S1076,PP05,7.0,7.0,0.0
2024-03-16,S1076,PP05,8.0,8.0,0.0
2024-03-23,S1076,PP05,7.0,7.0,0.0
2024-03-30,S1076,PP05,7.0,7.0,0.0
2024-04-06,S1076,PP05,7.0,7.0,0.0
2024-04-13,S1076,PP05,8.0,8.0,0.0
2024-04-20,S1076,PP05,9.0,9.0,0.0
2024-04-27,S1076,PP05,8.0,8.0,0.0
2024-05-04,S1076,PP05,8.0,8.0,0.0
2024-05-11,S1076,PP05,11.0,11.0,0.0
2024-05-18,S1076,PP05,8.0,8.0,0.0
2024-05-25,S1076,PP05,8.0,8.0,0.0
2024-06-01,S1076,PP05,8.0,8.0,0.0
2024-06-08,S1076,PP05,8.0,8.0,0.0
2024-06-15,S1076,PP05,8.0,8.0,0.0
2024-06-22,S1076,PP05,9.0,9.0,0.0
2024-06-29,S1076,PP05,8.0,8.0,0.0
2024-07-06,S1076,PP05,9.0,9.0,0.0
2024-07-13,S1076,PP05,9.0,9.0,0.0
2024-07-20,S1076,PP05,8.0,8.0,0.0
2024-07-27,S1076,PP05,9.0,9.0,0.0
2024-08-03,S1076,PP05,9.0,9.0,0.0
2024-08-10,S1076,PP05,8.0,8.0,0.0
2024-08-17,S1076,PP05,11.0,11.0,0.0
2024-08-24,S1076,PP05,8.0,8.0,0.0
2024-08-31,S1076,PP05,8.0,8.0,0.0
2024-09-07,S1076,PP05,7.0,7.0,0.0
2024-09-14,S1076,PP05,7.0,7.0,0.0
2024-09-21,S1076,PP05,8.0,8.0,0.0
2024-09-28,S1076,PP05,10.0,10.0,0.0
2024-10-05,S1076,PP05,7.0,7.0,0.0
2024-10-12,S1076,PP05,8.0,8.0,0.0
2024-10-19,S1076,PP05,8.0,8.0,0.0
2024-10-26,S1076,PP05,10.0,10.0,0.0
2024-11-02,S1076,PP05,11.0,11.0,0.0
2024-11-09,S1076,PP05,11.0,11.0,0.0
2024-11-16,S1076,PP05,10.0,10.0,0.0
2024-11-23,S1076,PP05,11.0,11.0,0.0
2024-11-30,S1076,PP05,12.0,12.0,0.0
2024-12-07,S1076,PP05,12.0,12.0,0.0
2024-12-14,S1076,PP05,11.0,11.0,0.0
2024-12-21,S1076,PP05,10.0,10.0,0.0
2024-12-28,S1076,PP05,11.0,11.0,0.0
2025-01-04,S1076,PP05,9.0,9.0,0.0
2025-01-11,S1076,PP05,6.0,6.0,0.0
2025-01-18,S1076,PP05,7.0,7.0,0.0
2025-01-25,S1076,PP05,8.0,8.0,0.0
2025-02-01,S1076,PP05,6.0,6.0,0.0
2025-02-08,S1076,PP05,7.0,7.0,0.0
2025-02-15,S1076,PP05,9.0,9.0,0.0
2025-02-22,S1076,PP05,8.0,8.0,0.0
2025-03-01,S1076,PP05,7.0,7.0,0.0
2025-03-08,S1076,PP05,8.0,8.0,0.0
2025-03-15,S1076,PP05,9.0,9.0,0.0
2025-03-22,S1076,PP05,6.0,6.0,0.0
2025-03-29,S1076,PP05,8.0,8.0,0.0
2025-04-05,S1076,PP05,8.0,8.0,0.0
2025-04-12,S1076,PP05,7.0,7.0,0.0
2025-04-19,S1076,PP05,9.0,9.0,0.0
2025-04-26,S1076,PP05,9.0,9.0,0.0
2025-05-03,S1076,PP05,9.0,9.0,0.0
2025-05-10,S1076,PP05,9.0,9.0,0.0
2025-05-17,S1076,PP05,8.0,8.0,0.0
2025-05-24,S1076,PP05,8.0,8.0,0.0
2025-05-31,S1076,PP05,8.0,8.0,0.0
2025-06-07,S1076,PP05,9.0,9.0,0.0
2025-06-14,S1076,PP05,9.0,9.0,0.0
2025-06-21,S1076,PP05,8.0,8.0,0.0
2025-06-28,S1076,PP05,8.0,8.0,0.0
2025-07-05,S1076,PP05,8.0,8.0,0.0
2025-07-12,S1076,PP05,9.0,9.0,0.0
2025-07-19,S1076,PP05,9.0,9.0,0.0
2025-07-26,S1076,PP05,8.0,8.0,0.0
2025-08-02,S1076,PP05,7.0,7.0,0.0
2025-08-09,S1076,PP05,9.0,9.0,0.0
2025-08-16,S1076,PP05,9.0,9.0,0.0
2025-08-23,S1076,PP05,8.0,8.0,0.0
2025-08-30,S1076,PP05,8.0,8.0,0.0
2025-09-06,S1076,PP05,9.0,9.0,0.0
2025-09-13,S1076,PP05,8.0,8.0,0.0
2025-09-20,S1076,PP05,9.0,9.0,0.0
2025-09-27,S1076,PP05,7.0,7.0,0.0
2025-10-04,S1076,PP05,8.0,8.0,0.0
2025-10-11,S1076,PP05,7.0,7.0,0.0
2025-10-18,S1076,PP05,8.0,8.0,0.0
2025-10-25,S1076,PP05,8.0,8.0,0.0
2025-11-01,S1076,PP05,11.0,11.0,0.0
2025-11-08,S1076,PP05,11.0,11.0,0.0
2025-11-15,S1076,PP05,12.0,12.0,0.0
2025-11-22,S1076,PP05,11.0,11.0,0.0
2025-11-29,S1076,PP05,11.0,11.0,0.0
2025-12-06,S1076,PP05,12.0,12.0,0.0
2025-12-13,S1076,PP05,14.0,12.0,2.0
2025-12-20,S1076,PP05,14.0,12.0,4.0
2025-12-27,S1076,PP05,11.0,12.0,3.0
2026-01-03,S1076,PP05,8.0,11.0,0.0
2026-01-10,S1076,PP05,7.0,7.0,0.0
2026-01-17,S1076,PP05,7.0,7.0,0.0
2026-01-24,S1076,PP05,9.0,9.0,0.0
2026-01-31,S1076,PP05,9.0,9.0,0.0
2026-02-07,S1076,PP05,8.0,8.0,0.0
2026-02-14,S1076,PP05,8.0,8.0,0.0
2026-02-21,S1076,PP05,9.0,9.0,0.0
2026-02-28,S1076,PP05,9.0,9.0,0.0
2026-03-07,S1076,PP05,8.0,8.0,0.0
2026-03-14,S1076,PP05,8.0,8.0,0.0
2026-03-21,S1076,PP05,10.0,10.0,0.0
2026-03-28,S1076,PP05,9.0,9.0,0.0
2026-04-04,S1076,PP05,10.0,10.0,0.0
2026-04-11,S1076,PP05,10.0,10.0,0.0
2026-04-18,S1076,PP05,9.0,9.0,0.0
2026-04-25,S1076,PP05,9.0,9.0,0.0
2026-05-02,S1076,PP05,13.0,12.0,1.0
2026-05-09,S1076,PP05,10.0,11.0,0.0
2026-05-16,S1076,PP05,8.0,8.0,0.0
2026-05-23,S1076,PP05,9.0,9.0,0.0
2026-05-30,S1076,PP05,11.0,11.0,0.0
2026-06-06,S1076,PP05,8.0,8.0,0.0
2026-06-13,S1076,PP05,8.0,8.0,0.0
2026-06-20,S1076,PP05,10.0,10.0,0.0
2026-06-27,S1076,PP05,9.0,9.0,0.0
2026-07-04,S1076,PP05,9.0,9.0,0.0
2026-07-11,S1076,PP05,10.0,10.0,0.0
2026-07-18,S1076,PP05,8.0,8.0,0.0
2026-07-25,S1076,PP05,8.0,8.0,0.0
2022-08-06,S1077,PP05,15.0,15.0,0.0
2022-08-13,S1077,PP05,18.0,18.0,0.0
2022-08-20,S1077,PP05,17.0,17.0,0.0
2022-08-27,S1077,PP05,15.0,15.0,0.0
2022-09-03,S1077,PP05,15.0,15.0,0.0
2022-09-10,S1077,PP05,16.0,16.0,0.0
2022-09-17,S1077,PP05,18.0,18.0,0.0
2022-09-24,S1077,PP05,15.0,15.0,0.0
2022-10-01,S1077,PP05,15.0,15.0,0.0
2022-10-08,S1077,PP05,14.0,14.0,0.0
2022-10-15,S1077,PP05,16.0,16.0,0.0
2022-10-22,S1077,PP05,18.0,18.0,0.0
2022-10-29,S1077,PP05,22.0,22.0,0.0
2022-11-05,S1077,PP05,19.0,19.0,0.0
2022-11-12,S1077,PP05,19.0,19.0,0.0
2022-11-19,S1077,PP05,23.0,23.0,0.0
2022-11-26,S1077,PP05,24.0,24.0,0.0
2022-12-03,S1077,PP05,23.0,23.0,0.0
2022-12-10,S1077,PP05,32.0,24.0,8.0
2022-12-17,S1077,PP05,24.0,24.0,8.0
2022-12-24,S1077,PP05,22.0,24.0,6.0
2022-12-31,S1077,PP05,19.0,24.0,1.0
2023-01-07,S1077,PP05,15.0,16.0,0.0
2023-01-14,S1077,PP05,15.0,15.0,0.0
2023-01-21,S1077,PP05,13.0,13.0,0.0
2023-01-28,S1077,PP05,15.0,15.0,0.0
2023-02-04,S1077,PP05,15.0,15.0,0.0
2023-02-11,S1077,PP05,17.0,17.0,0.0
2023-02-18,S1077,PP05,15.0,15.0,0.0
2023-02-25,S1077,PP05,15.0,15.0,0.0
2023-03-04,S1077,PP05,17.0,17.0,0.0
2023-03-11,S1077,PP05,17.0,17.0,0.0
2023-03-18,S1077,PP05,15.0,15.0,0.0
2023-03-25,S1077,PP05,19.0,19.0,0.0
2023-04-01,S1077,PP05,18.0,18.0,0.0
2023-04-08,S1077,PP05,17.0,17.0,0.0
2023-04-15,S1077,PP05,16.0,16.0,0.0
2023-04-22,S1077,PP05,18.0,18.0,0.0
2023-04-29,S1077,PP05,18.0,18.0,0.0
2023-05-06,S1077,PP05,15.0,15.0,0.0
2023-05-13,S1077,PP05,18.0,18.0,0.0
2023-05-20,S1077,PP05,18.0,18.0,0.0
2023-05-27,S1077,PP05,14.0,14.0,0.0
2023-06-03,S1077,PP05,17.0,17.0,0.0
2023-06-10,S1077,PP05,18.0,18.0,0.0
2023-06-17,S1077,PP05,18.0,18.0,0.0
2023-06-24,S1077,PP05,18.0,18.0,0.0
2023-07-01,S1077,PP05,16.0,16.0,0.0
2023-07-08,S1077,PP05,15.0,15.0,0.0
2023-07-15,S1077,PP05,14.0,14.0,0.0
2023-07-22,S1077,PP05,19.0,19.0,0.0
2023-07-29,S1077,PP05,19.0,19.0,0.0
2023-08-05,S1077,PP05,20.0,20.0,0.0
2023-08-12,S1077,PP05,17.0,17.0,0.0
2023-08-19,S1077,PP05,19.0,19.0,0.0
2023-08-26,S1077,PP05,15.0,15.0,0.0
2023-09-02,S1077,PP05,15.0,15.0,0.0
2023-09-09,S1077,PP05,17.0,17.0,0.0
2023-09-16,S1077,PP05,17.0,17.0,0.0
2023-09-23,S1077,PP05,19.0,19.0,0.0
2023-09-30,S1077,PP05,16.0,16.0,0.0
2023-10-07,S1077,PP05,15.0,15.0,0.0
2023-10-14,S1077,PP05,15.0,15.0,0.0
2023-10-21,S1077,PP05,16.0,16.0,0.0
2023-10-28,S1077,PP05,22.0,22.0,0.0
2023-11-04,S1077,PP05,20.0,20.0,0.0
2023-11-11,S1077,PP05,22.0,22.0,0.0
2023-11-18,S1077,PP05,21.0,21.0,0.0
2023-11-25,S1077,PP05,23.0,23.0,0.0
2023-12-02,S1077,PP05,27.0,24.0,3.0
2023-12-09,S1077,PP05,25.0,24.0,4.0
2023-12-16,S1077,PP05,25.0,24.0,5.0
2023-12-23,S1077,PP05,21.0,24.0,2.0
2023-12-30,S1077,PP05,18.0,20.0,0.0
2024-01-06,S1077,PP05,16.0,16.0,0.0
2024-01-13,S1077,PP05,12.0,12.0,0.0
2024-01-20,S1077,PP05,14.0,14.0,0.0
2024-01-27,S1077,PP05,15.0,15.0,0.0
2024-02-03,S1077,PP05,15.0,15.0,0.0
2024-02-10,S1077,PP05,14.0,14.0,0.0
2024-02-17,S1077,PP05,16.0,16.0,0.0
2024-02-24,S1077,PP05,15.0,15.0,0.0
2024-03-02,S1077,PP05,16.0,16.0,0.0
2024-03-09,S1077,PP05,19.0,19.0,0.0
2024-03-16,S1077,PP05,15.0,15.0,0.0
2024-03-23,S1077,PP05,21.0,21.0,0.0
2024-03-30,S1077,PP05,17.0,17.0,0.0
2024-04-06,S1077,PP05,17.0,17.0,0.0
2024-04-13,S1077,PP05,15.0,15.0,0.0
2024-04-20,S1077,PP05,19.0,19.0,0.0
2024-04-27,S1077,PP05,17.0,17.0,0.0
2024-05-04,S1077,PP05,17.0,17.0,0.0
2024-05-11,S1077,PP05,17.0,17.0,0.0
2024-05-18,S1077,PP05,18.0,18.0,0.0
2024-05-25,S1077,PP05,19.0,19.0,0.0
2024-06-01,S1077,PP05,18.0,18.0,0.0
2024-06-08,S1077,PP05,17.0,17.0,0.0
2024-06-15,S1077,PP05,16.0,16.0,0.0
2024-06-22,S1077,PP05,16.0,16.0,0.0
2024-06-29,S1077,PP05,16.0,16.0,0.0
2024-07-06,S1077,PP05,18.0,18.0,0.0
2024-07-13,S1077,PP05,18.0,18.0,0.0
2024-07-20,S1077,PP05,19.0,19.0,0.0
2024-07-27,S1077,PP05,18.0,18.0,0.0
2024-08-03,S1077,PP05,19.0,19.0,0.0
2024-08-10,S1077,PP05,18.0,18.0,0.0
2024-08-17,S1077,PP05,15.0,15.0,0.0
2024-08-24,S1077,PP05,17.0,17.0,0.0
2024-08-31,S1077,PP05,16.0,16.0,0.0
2024-09-07,S1077,PP05,15.0,15.0,0.0
2024-09-14,S1077,PP05,15.0,15.0,0.0
2024-09-21,S1077,PP05,16.0,16.0,0.0
2024-09-28,S1077,PP05,15.0,15.0,0.0
2024-10-05,S1077,PP05,16.0,16.0,0.0
2024-10-12,S1077,PP05,20.0,20.0,0.0
2024-10-19,S1077,PP05,15.0,15.0,0.0
2024-10-26,S1077,PP05,18.0,18.0,0.0
2024-11-02,S1077,PP05,17.0,17.0,0.0
2024-11-09,S1077,PP05,19.0,19.0,0.0
2024-11-16,S1077,PP05,21.0,21.0,0.0
2024-11-23,S1077,PP05,21.0,21.0,0.0
2024-11-30,S1077,PP05,26.0,24.0,2.0
2024-12-07,S1077,PP05,30.0,24.0,8.0
2024-12-14,S1077,PP05,29.0,24.0,13.0
2024-12-21,S1077,PP05,26.0,24.0,15.0
2024-12-28,S1077,PP05,18.0,24.0,9.0
2025-01-04,S1077,PP05,17.0,24.0,2.0
2025-01-11,S1077,PP05,15.0,17.0,0.0
2025-01-18,S1077,PP05,15.0,15.0,0.0
2025-01-25,S1077,PP05,17.0,17.0,0.0
2025-02-01,S1077,PP05,17.0,17.0,0.0
2025-02-08,S1077,PP05,17.0,17.0,0.0
2025-02-15,S1077,PP05,21.0,21.0,0.0
2025-02-22,S1077,PP05,17.0,17.0,0.0
2025-03-01,S1077,PP05,16.0,16.0,0.0
2025-03-08,S1077,PP05,17.0,17.0,0.0
2025-03-15,S1077,PP05,16.0,16.0,0.0
2025-03-22,S1077,PP05,18.0,18.0,0.0
2025-03-29,S1077,PP05,15.0,15.0,0.0
2025-04-05,S1077,PP05,17.0,17.0,0.0
2025-04-12,S1077,PP05,18.0,18.0,0.0
2025-04-19,S1077,PP05,20.0,20.0,0.0
2025-04-26,S1077,PP05,21.0,21.0,0.0
2025-05-03,S1077,PP05,17.0,17.0,0.0
2025-05-10,S1077,PP05,24.0,24.0,0.0
2025-05-17,S1077,PP05,19.0,19.0,0.0
2025-05-24,S1077,PP05,19.0,19.0,0.0
2025-05-31,S1077,PP05,16.0,16.0,0.0
2025-06-07,S1077,PP05,17.0,17.0,0.0
2025-06-14,S1077,PP05,20.0,20.0,0.0
2025-06-21,S1077,PP05,18.0,18.0,0.0
2025-06-28,S1077,PP05,18.0,18.0,0.0
2025-07-05,S1077,PP05,19.0,19.0,0.0
2025-07-12,S1077,PP05,16.0,16.0,0.0
2025-07-19,S1077,PP05,19.0,19.0,0.0
2025-07-26,S1077,PP05,22.0,22.0,0.0
2025-08-02,S1077,PP05,21.0,21.0,0.0
2025-08-09,S1077,PP05,19.0,19.0,0.0
2025-08-16,S1077,PP05,22.0,22.0,0.0
2025-08-23,S1077,PP05,16.0,16.0,0.0
2025-08-30,S1077,PP05,16.0,16.0,0.0
2025-09-06,S1077,PP05,21.0,21.0,0.0
2025-09-13,S1077,PP05,18.0,18.0,0.0
2025-09-20,S1077,PP05,17.0,17.0,0.0
2025-09-27,S1077,PP05,17.0,17.0,0.0
2025-10-04,S1077,PP05,16.0,16.0,0.0
2025-10-11,S1077,PP05,19.0,19.0,0.0
2025-10-18,S1077,PP05,19.0,19.0,0.0
2025-10-25,S1077,PP05,20.0,20.0,0.0
2025-11-01,S1077,PP05,18.0,18.0,0.0
2025-11-08,S1077,PP05,22.0,22.0,0.0
2025-11-15,S1077,PP05,22.0,22.0,0.0
2025-11-22,S1077,PP05,22.0,22.0,0.0
2025-11-29,S1077,PP05,30.0,24.0,6.0
2025-12-06,S1077,PP05,34.0,24.0,16.0
2025-12-13,S1077,PP05,35.0,24.0,27.0
2025-12-20,S1077,PP05,27.0,24.0,30.0
2025-12-27,S1077,PP05,21.0,24.0,27.0
2026-01-03,S1077,PP05,18.0,24.0,21.0
2026-01-10,S1077,PP05,16.0,24.0,13.0
2026-01-17,S1077,PP05,14.0,24.0,3.0
2026-01-24,S1077,PP05,18.0,21.0,0.0
2026-01-31,S1077,PP05,13.0,13.0,0.0
2026-02-07,S1077,PP05,16.0,16.0,0.0
2026-02-14,S1077,PP05,19.0,19.0,0.0
2026-02-21,S1077,PP05,16.0,16.0,0.0
2026-02-28,S1077,PP05,18.0,18.0,0.0
2026-03-07,S1077,PP05,19.0,19.0,0.0
2026-03-14,S1077,PP05,22.0,22.0,0.0
2026-03-21,S1077,PP05,16.0,16.0,0.0
2026-03-28,S1077,PP05,16.0,16.0,0.0
2026-04-04,S1077,PP05,17.0,17.0,0.0
2026-04-11,S1077,PP05,16.0,16.0,0.0
2026-04-18,S1077,PP05,16.0,16.0,0.0
2026-04-25,S1077,PP05,17.0,17.0,0.0
2026-05-02,S1077,PP05,22.0,22.0,0.0
2026-05-09,S1077,PP05,19.0,19.0,0.0
2026-05-16,S1077,PP05,20.0,20.0,0.0
2026-05-23,S1077,PP05,18.0,18.0,0.0
2026-05-30,S1077,PP05,21.0,21.0,0.0
2026-06-06,S1077,PP05,23.0,23.0,0.0
2026-06-13,S1077,PP05,17.0,17.0,0.0
2026-06-20,S1077,PP05,23.0,23.0,0.0
2026-06-27,S1077,PP05,20.0,20.0,0.0
2026-07-04,S1077,PP05,19.0,19.0,0.0
2026-07-11,S1077,PP05,20.0,20.0,0.0
2026-07-18,S1077,PP05,20.0,20.0,0.0
2026-07-25,S1077,PP05,23.0,23.0,0.0
2022-08-06,S1078,PP05,12.0,12.0,0.0
2022-08-13,S1078,PP05,12.0,12.0,0.0
2022-08-20,S1078,PP05,11.0,11.0,0.0
2022-08-27,S1078,PP05,12.0,12.0,0.0
2022-09-03,S1078,PP05,10.0,10.0,0.0
2022-09-10,S1078,PP05,11.0,11.0,0.0
2022-09-17,S1078,PP05,14.0,14.0,0.0
2022-09-24,S1078,PP05,8.0,8.0,0.0
2022-10-01,S1078,PP05,11.0,11.0,0.0
2022-10-08,S1078,PP05,11.0,11.0,0.0
2022-10-15,S1078,PP05,11.0,11.0,0.0
2022-10-22,S1078,PP05,11.0,11.0,0.0
2022-10-29,S1078,PP05,12.0,12.0,0.0
2022-11-05,S1078,PP05,12.0,12.0,0.0
2022-11-12,S1078,PP05,13.0,13.0,0.0
2022-11-19,S1078,PP05,13.0,13.0,0.0
2022-11-26,S1078,PP05,18.0,18.0,0.0
2022-12-03,S1078,PP05,16.0,16.0,0.0
2022-12-10,S1078,PP05,18.0,18.0,0.0
2022-12-17,S1078,PP05,15.0,15.0,0.0
2022-12-24,S1078,PP05,15.0,15.0,0.0
2022-12-31,S1078,PP05,13.0,13.0,0.0
2023-01-07,S1078,PP05,10.0,10.0,0.0
2023-01-14,S1078,PP05,8.0,8.0,0.0
2023-01-21,S1078,PP05,8.0,8.0,0.0
2023-01-28,S1078,PP05,11.0,11.0,0.0
2023-02-04,S1078,PP05,9.0,9.0,0.0
2023-02-11,S1078,PP05,11.0,11.0,0.0
2023-02-18,S1078,PP05,9.0,9.0,0.0
2023-02-25,S1078,PP05,12.0,12.0,0.0
2023-03-04,S1078,PP05,10.0,10.0,0.0
2023-03-11,S1078,PP05,10.0,10.0,0.0
2023-03-18,S1078,PP05,10.0,10.0,0.0
2023-03-25,S1078,PP05,10.0,10.0,0.0
2023-04-01,S1078,PP05,11.0,11.0,0.0
2023-04-08,S1078,PP05,11.0,11.0,0.0
2023-04-15,S1078,PP05,10.0,10.0,0.0
2023-04-22,S1078,PP05,11.0,11.0,0.0
2023-04-29,S1078,PP05,10.0,10.0,0.0
2023-05-06,S1078,PP05,12.0,12.0,0.0
2023-05-13,S1078,PP05,12.0,12.0,0.0
2023-05-20,S1078,PP05,11.0,11.0,0.0
2023-05-27,S1078,PP05,12.0,12.0,0.0
2023-06-03,S1078,PP05,13.0,13.0,0.0
2023-06-10,S1078,PP05,11.0,11.0,0.0
2023-06-17,S1078,PP05,10.0,10.0,0.0
2023-06-24,S1078,PP05,12.0,12.0,0.0
2023-07-01,S1078,PP05,10.0,10.0,0.0
2023-07-08,S1078,PP05,11.0,11.0,0.0
2023-07-15,S1078,PP05,10.0,10.0,0.0
2023-07-22,S1078,PP05,10.0,10.0,0.0
2023-07-29,S1078,PP05,11.0,11.0,0.0
2023-08-05,S1078,PP05,13.0,13.0,0.0
2023-08-12,S1078,PP05,13.0,13.0,0.0
2023-08-19,S1078,PP05,13.0,13.0,0.0
2023-08-26,S1078,PP05,12.0,12.0,0.0
2023-09-02,S1078,PP05,11.0,11.0,0.0
2023-09-09,S1078,PP05,8.0,8.0,0.0
2023-09-16,S1078,PP05,11.0,11.0,0.0
2023-09-23,S1078,PP05,8.0,8.0,0.0
2023-09-30,S1078,PP05,9.0,9.0,0.0
2023-10-07,S1078,PP05,10.0,10.0,0.0
2023-10-14,S1078,PP05,11.0,11.0,0.0
2023-10-21,S1078,PP05,11.0,11.0,0.0
2023-10-28,S1078,PP05,14.0,14.0,0.0
2023-11-04,S1078,PP05,13.0,13.0,0.0
2023-11-11,S1078,PP05,13.0,13.0,0.0
2023-11-18,S1078,PP05,16.0,16.0,0.0
2023-11-25,S1078,PP05,18.0,18.0,0.0
2023-12-02,S1078,PP05,17.0,17.0,0.0
2023-12-09,S1078,PP05,16.0,16.0,0.0
2023-12-16,S1078,PP05,16.0,16.0,0.0
2023-12-23,S1078,PP05,13.0,13.0,0.0
2023-12-30,S1078,PP05,12.0,12.0,0.0
2024-01-06,S1078,PP05,9.0,9.0,0.0
2024-01-13,S1078,PP05,8.0,8.0,0.0
2024-01-20,S1078,PP05,9.0,9.0,0.0
2024-01-27,S1078,PP05,8.0,8.0,0.0
2024-02-03,S1078,PP05,9.0,9.0,0.0
2024-02-10,S1078,PP05,10.0,10.0,0.0
2024-02-17,S1078,PP05,10.0,10.0,0.0
2024-02-24,S1078,PP05,10.0,10.0,0.0
2024-03-02,S1078,PP05,10.0,10.0,0.0
2024-03-09,S1078,PP05,10.0,10.0,0.0
2024-03-16,S1078,PP05,10.0,10.0,0.0
2024-03-23,S1078,PP05,10.0,10.0,0.0
2024-03-30,S1078,PP05,11.0,11.0,0.0
2024-04-06,S1078,PP05,11.0,11.0,0.0
2024-04-13,S1078,PP05,11.0,11.0,0.0
2024-04-20,S1078,PP05,12.0,12.0,0.0
2024-04-27,S1078,PP05,12.0,12.0,0.0
2024-05-04,S1078,PP05,11.0,11.0,0.0
2024-05-11,S1078,PP05,10.0,10.0,0.0
2024-05-18,S1078,PP05,14.0,14.0,0.0
2024-05-25,S1078,PP05,12.0,12.0,0.0
2024-06-01,S1078,PP05,11.0,11.0,0.0
2024-06-08,S1078,PP05,12.0,12.0,0.0
2024-06-15,S1078,PP05,13.0,13.0,0.0
2024-06-22,S1078,PP05,14.0,14.0,0.0
2024-06-29,S1078,PP05,12.0,12.0,0.0
2024-07-06,S1078,PP05,13.0,13.0,0.0
2024-07-13,S1078,PP05,10.0,10.0,0.0
2024-07-20,S1078,PP05,11.0,11.0,0.0
2024-07-27,S1078,PP05,11.0,11.0,0.0
2024-08-03,S1078,PP05,12.0,12.0,0.0
2024-08-10,S1078,PP05,14.0,14.0,0.0
2024-08-17,S1078,PP05,12.0,12.0,0.0
2024-08-24,S1078,PP05,10.0,10.0,0.0
2024-08-31,S1078,PP05,10.0,10.0,0.0
2024-09-07,S1078,PP05,13.0,13.0,0.0
2024-09-14,S1078,PP05,11.0,11.0,0.0
2024-09-21,S1078,PP05,11.0,11.0,0.0
2024-09-28,S1078,PP05,10.0,10.0,0.0
2024-10-05,S1078,PP05,11.0,11.0,0.0
2024-10-12,S1078,PP05,10.0,10.0,0.0
2024-10-19,S1078,PP05,12.0,12.0,0.0
2024-10-26,S1078,PP05,11.0,11.0,0.0
2024-11-02,S1078,PP05,12.0,12.0,0.0
2024-11-09,S1078,PP05,12.0,12.0,0.0
2024-11-16,S1078,PP05,10.0,10.0,0.0
2024-11-23,S1078,PP05,15.0,15.0,0.0
2024-11-30,S1078,PP05,15.0,15.0,0.0
2024-12-07,S1078,PP05,17.0,17.0,0.0
2024-12-14,S1078,PP05,18.0,18.0,0.0
2024-12-21,S1078,PP05,18.0,18.0,0.0
2024-12-28,S1078,PP05,14.0,14.0,0.0
2025-01-04,S1078,PP05,12.0,12.0,0.0
2025-01-11,S1078,PP05,10.0,10.0,0.0
2025-01-18,S1078,PP05,10.0,10.0,0.0
2025-01-25,S1078,PP05,10.0,10.0,0.0
2025-02-01,S1078,PP05,10.0,10.0,0.0
2025-02-08,S1078,PP05,11.0,11.0,0.0
2025-02-15,S1078,PP05,8.0,8.0,0.0
2025-02-22,S1078,PP05,13.0,13.0,0.0
2025-03-01,S1078,PP05,13.0,13.0,0.0
2025-03-08,S1078,PP05,11.0,11.0,0.0
2025-03-15,S1078,PP05,10.0,10.0,0.0
2025-03-22,S1078,PP05,13.0,13.0,0.0
2025-03-29,S1078,PP05,11.0,11.0,0.0
2025-04-05,S1078,PP05,12.0,12.0,0.0
2025-04-12,S1078,PP05,10.0,10.0,0.0
2025-04-19,S1078,PP05,15.0,15.0,0.0
2025-04-26,S1078,PP05,11.0,11.0,0.0
2025-05-03,S1078,PP05,13.0,13.0,0.0
2025-05-10,S1078,PP05,10.0,10.0,0.0
2025-05-17,S1078,PP05,13.0,13.0,0.0
2025-05-24,S1078,PP05,12.0,12.0,0.0
2025-05-31,S1078,PP05,14.0,14.0,0.0
2025-06-07,S1078,PP05,11.0,11.0,0.0
2025-06-14,S1078,PP05,13.0,13.0,0.0
2025-06-21,S1078,PP05,11.0,11.0,0.0
2025-06-28,S1078,PP05,12.0,12.0,0.0
2025-07-05,S1078,PP05,12.0,12.0,0.0
2025-07-12,S1078,PP05,13.0,13.0,0.0
2025-07-19,S1078,PP05,13.0,13.0,0.0
2025-07-26,S1078,PP05,13.0,13.0,0.0
2025-08-02,S1078,PP05,13.0,13.0,0.0
2025-08-09,S1078,PP05,14.0,14.0,0.0
2025-08-16,S1078,PP05,12.0,12.0,0.0
2025-08-23,S1078,PP05,13.0,13.0,0.0
2025-08-30,S1078,PP05,14.0,14.0,0.0
2025-09-06,S1078,PP05,10.0,10.0,0.0
2025-09-13,S1078,PP05,12.0,12.0,0.0
2025-09-20,S1078,PP05,12.0,12.0,0.0
2025-09-27,S1078,PP05,13.0,13.0,0.0
2025-10-04,S1078,PP05,13.0,13.0,0.0
2025-10-11,S1078,PP05,12.0,12.0,0.0
2025-10-18,S1078,PP05,13.0,13.0,0.0
2025-10-25,S1078,PP05,12.0,12.0,0.0
2025-11-01,S1078,PP05,13.0,13.0,0.0
2025-11-08,S1078,PP05,12.0,12.0,0.0
2025-11-15,S1078,PP05,17.0,17.0,0.0
2025-11-22,S1078,PP05,17.0,17.0,0.0
2025-11-29,S1078,PP05,16.0,16.0,0.0
2025-12-06,S1078,PP05,19.0,18.0,1.0
2025-12-13,S1078,PP05,21.0,18.0,4.0
2025-12-20,S1078,PP05,18.0,18.0,4.0
2025-12-27,S1078,PP05,13.0,17.0,0.0
2026-01-03,S1078,PP05,9.0,9.0,0.0
2026-01-10,S1078,PP05,10.0,10.0,0.0
2026-01-17,S1078,PP05,9.0,9.0,0.0
2026-01-24,S1078,PP05,11.0,11.0,0.0
2026-01-31,S1078,PP05,12.0,12.0,0.0
2026-02-07,S1078,PP05,12.0,12.0,0.0
2026-02-14,S1078,PP05,14.0,14.0,0.0
2026-02-21,S1078,PP05,13.0,13.0,0.0
2026-02-28,S1078,PP05,14.0,14.0,0.0
2026-03-07,S1078,PP05,14.0,14.0,0.0
2026-03-14,S1078,PP05,14.0,14.0,0.0
2026-03-21,S1078,PP05,12.0,12.0,0.0
2026-03-28,S1078,PP05,11.0,11.0,0.0
2026-04-04,S1078,PP05,16.0,16.0,0.0
2026-04-11,S1078,PP05,12.0,12.0,0.0
2026-04-18,S1078,PP05,14.0,14.0,0.0
2026-04-25,S1078,PP05,12.0,12.0,0.0
2026-05-02,S1078,PP05,14.0,14.0,0.0
2026-05-09,S1078,PP05,10.0,10.0,0.0
2026-05-16,S1078,PP05,13.0,13.0,0.0
2026-05-23,S1078,PP05,13.0,13.0,0.0
2026-05-30,S1078,PP05,13.0,13.0,0.0
2026-06-06,S1078,PP05,14.0,14.0,0.0
2026-06-13,S1078,PP05,11.0,11.0,0.0
2026-06-20,S1078,PP05,13.0,13.0,0.0
2026-06-27,S1078,PP05,14.0,14.0,0.0
2026-07-04,S1078,PP05,16.0,16.0,0.0
2026-07-11,S1078,PP05,14.0,14.0,0.0
2026-07-18,S1078,PP05,12.0,12.0,0.0
2026-07-25,S1078,PP05,11.0,11.0,0.0
2022-08-06,S1079,PP05,31.0,31.0,0.0
2022-08-13,S1079,PP05,28.0,28.0,0.0
2022-08-20,S1079,PP05,25.0,25.0,0.0
2022-08-27,S1079,PP05,21.0,21.0,0.0
2022-09-03,S1079,PP05,22.0,22.0,0.0
2022-09-10,S1079,PP05,26.0,26.0,0.0
2022-09-17,S1079,PP05,25.0,25.0,0.0
2022-09-24,S1079,PP05,20.0,20.0,0.0
2022-10-01,S1079,PP05,26.0,26.0,0.0
2022-10-08,S1079,PP05,21.0,21.0,0.0
2022-10-15,S1079,PP05,28.0,28.0,0.0
2022-10-22,S1079,PP05,26.0,26.0,0.0
2022-10-29,S1079,PP05,26.0,26.0,0.0
2022-11-05,S1079,PP05,31.0,31.0,0.0
2022-11-12,S1079,PP05,30.0,30.0,0.0
2022-11-19,S1079,PP05,36.0,36.0,0.0
2022-11-26,S1079,PP05,34.0,34.0,0.0
2022-12-03,S1079,PP05,37.0,36.0,1.0
2022-12-10,S1079,PP05,38.0,36.0,3.0
2022-12-17,S1079,PP05,37.0,36.0,4.0
2022-12-24,S1079,PP05,37.0,36.0,5.0
2022-12-31,S1079,PP05,26.0,31.0,0.0
2023-01-07,S1079,PP05,24.0,24.0,0.0
2023-01-14,S1079,PP05,18.0,18.0,0.0
2023-01-21,S1079,PP05,16.0,16.0,0.0
2023-01-28,S1079,PP05,22.0,22.0,0.0
2023-02-04,S1079,PP05,23.0,23.0,0.0
2023-02-11,S1079,PP05,23.0,23.0,0.0
2023-02-18,S1079,PP05,20.0,20.0,0.0
2023-02-25,S1079,PP05,24.0,24.0,0.0
2023-03-04,S1079,PP05,25.0,25.0,0.0
2023-03-11,S1079,PP05,22.0,22.0,0.0
2023-03-18,S1079,PP05,22.0,22.0,0.0
2023-03-25,S1079,PP05,24.0,24.0,0.0
2023-04-01,S1079,PP05,27.0,27.0,0.0
2023-04-08,S1079,PP05,26.0,26.0,0.0
2023-04-15,S1079,PP05,23.0,23.0,0.0
2023-04-22,S1079,PP05,26.0,26.0,0.0
2023-04-29,S1079,PP05,28.0,28.0,0.0
2023-05-06,S1079,PP05,23.0,23.0,0.0
2023-05-13,S1079,PP05,26.0,26.0,0.0
2023-05-20,S1079,PP05,30.0,30.0,0.0
2023-05-27,S1079,PP05,23.0,23.0,0.0
2023-06-03,S1079,PP05,29.0,29.0,0.0
2023-06-10,S1079,PP05,30.0,30.0,0.0
2023-06-17,S1079,PP05,25.0,25.0,0.0
2023-06-24,S1079,PP05,24.0,24.0,0.0
2023-07-01,S1079,PP05,28.0,28.0,0.0
2023-07-08,S1079,PP05,25.0,25.0,0.0
2023-07-15,S1079,PP05,20.0,20.0,0.0
2023-07-22,S1079,PP05,25.0,25.0,0.0
2023-07-29,S1079,PP05,27.0,27.0,0.0
2023-08-05,S1079,PP05,28.0,28.0,0.0
2023-08-12,S1079,PP05,25.0,25.0,0.0
2023-08-19,S1079,PP05,26.0,26.0,0.0
2023-08-26,S1079,PP05,28.0,28.0,0.0
2023-09-02,S1079,PP05,25.0,25.0,0.0
2023-09-09,S1079,PP05,21.0,21.0,0.0
2023-09-16,S1079,PP05,27.0,27.0,0.0
2023-09-23,S1079,PP05,24.0,24.0,0.0
2023-09-30,S1079,PP05,27.0,27.0,0.0
2023-10-07,S1079,PP05,21.0,21.0,0.0
2023-10-14,S1079,PP05,24.0,24.0,0.0
2023-10-21,S1079,PP05,27.0,27.0,0.0
2023-10-28,S1079,PP05,27.0,27.0,0.0
2023-11-04,S1079,PP05,25.0,25.0,0.0
2023-11-11,S1079,PP05,23.0,23.0,0.0
2023-11-18,S1079,PP05,37.0,36.0,1.0
2023-11-25,S1079,PP05,35.0,36.0,0.0
2023-12-02,S1079,PP05,42.0,36.0,6.0
2023-12-09,S1079,PP05,44.0,36.0,14.0
2023-12-16,S1079,PP05,40.0,36.0,18.0
2023-12-23,S1079,PP05,32.0,36.0,14.0
2023-12-30,S1079,PP05,30.0,36.0,8.0
2024-01-06,S1079,PP05,27.0,35.0,0.0
2024-01-13,S1079,PP05,20.0,20.0,0.0
2024-01-20,S1079,PP05,25.0,25.0,0.0
2024-01-27,S1079,PP05,18.0,18.0,0.0
2024-02-03,S1079,PP05,19.0,19.0,0.0
2024-02-10,S1079,PP05,26.0,26.0,0.0
2024-02-17,S1079,PP05,22.0,22.0,0.0
2024-02-24,S1079,PP05,30.0,30.0,0.0
2024-03-02,S1079,PP05,28.0,28.0,0.0
2024-03-09,S1079,PP05,29.0,29.0,0.0
2024-03-16,S1079,PP05,27.0,27.0,0.0
2024-03-23,S1079,PP05,23.0,23.0,0.0
2024-03-30,S1079,PP05,21.0,21.0,0.0
2024-04-06,S1079,PP05,29.0,29.0,0.0
2024-04-13,S1079,PP05,21.0,21.0,0.0
2024-04-20,S1079,PP05,30.0,30.0,0.0
2024-04-27,S1079,PP05,28.0,28.0,0.0
2024-05-04,S1079,PP05,27.0,27.0,0.0
2024-05-11,S1079,PP05,29.0,29.0,0.0
2024-05-18,S1079,PP05,29.0,29.0,0.0
2024-05-25,S1079,PP05,26.0,26.0,0.0
2024-06-01,S1079,PP05,31.0,31.0,0.0
2024-06-08,S1079,PP05,30.0,30.0,0.0
2024-06-15,S1079,PP05,26.0,26.0,0.0
2024-06-22,S1079,PP05,24.0,24.0,0.0
2024-06-29,S1079,PP05,29.0,29.0,0.0
2024-07-06,S1079,PP05,21.0,21.0,0.0
2024-07-13,S1079,PP05,27.0,27.0,0.0
2024-07-20,S1079,PP05,28.0,28.0,0.0
2024-07-27,S1079,PP05,24.0,24.0,0.0
2024-08-03,S1079,PP05,30.0,30.0,0.0
2024-08-10,S1079,PP05,27.0,27.0,0.0
2024-08-17,S1079,PP05,25.0,25.0,0.0
2024-08-24,S1079,PP05,29.0,29.0,0.0
2024-08-31,S1079,PP05,23.0,23.0,0.0
2024-09-07,S1079,PP05,27.0,27.0,0.0
2024-09-14,S1079,PP05,20.0,20.0,0.0
2024-09-21,S1079,PP05,25.0,25.0,0.0
2024-09-28,S1079,PP05,25.0,25.0,0.0
2024-10-05,S1079,PP05,24.0,24.0,0.0
2024-10-12,S1079,PP05,26.0,26.0,0.0
2024-10-19,S1079,PP05,26.0,26.0,0.0
2024-10-26,S1079,PP05,31.0,31.0,0.0
2024-11-02,S1079,PP05,31.0,31.0,0.0
2024-11-09,S1079,PP05,32.0,32.0,0.0
2024-11-16,S1079,PP05,33.0,33.0,0.0
2024-11-23,S1079,PP05,33.0,33.0,0.0
2024-11-30,S1079,PP05,36.0,36.0,0.0
2024-12-07,S1079,PP05,41.0,36.0,5.0
2024-12-14,S1079,PP05,39.0,36.0,8.0
2024-12-21,S1079,PP05,39.0,36.0,11.0
2024-12-28,S1079,PP05,31.0,36.0,6.0
2025-01-04,S1079,PP05,27.0,33.0,0.0
2025-01-11,S1079,PP05,18.0,18.0,0.0
2025-01-18,S1079,PP05,23.0,23.0,0.0
2025-01-25,S1079,PP05,21.0,21.0,0.0
2025-02-01,S1079,PP05,20.0,20.0,0.0
2025-02-08,S1079,PP05,28.0,28.0,0.0
2025-02-15,S1079,PP05,26.0,26.0,0.0
2025-02-22,S1079,PP05,27.0,27.0,0.0
2025-03-01,S1079,PP05,26.0,26.0,0.0
2025-03-08,S1079,PP05,25.0,25.0,0.0
2025-03-15,S1079,PP05,25.0,25.0,0.0
2025-03-22,S1079,PP05,28.0,28.0,0.0
2025-03-29,S1079,PP05,29.0,29.0,0.0
2025-04-05,S1079,PP05,26.0,26.0,0.0
2025-04-12,S1079,PP05,33.0,33.0,0.0
2025-04-19,S1079,PP05,27.0,27.0,0.0
2025-04-26,S1079,PP05,24.0,24.0,0.0
2025-05-03,S1079,PP05,24.0,24.0,0.0
2025-05-10,S1079,PP05,24.0,24.0,0.0
2025-05-17,S1079,PP05,28.0,28.0,0.0
2025-05-24,S1079,PP05,28.0,28.0,0.0
2025-05-31,S1079,PP05,30.0,30.0,0.0
2025-06-07,S1079,PP05,27.0,27.0,0.0
2025-06-14,S1079,PP05,29.0,29.0,0.0
2025-06-21,S1079,PP05,27.0,27.0,0.0
2025-06-28,S1079,PP05,27.0,27.0,0.0
2025-07-05,S1079,PP05,26.0,26.0,0.0
2025-07-12,S1079,PP05,32.0,32.0,0.0
2025-07-19,S1079,PP05,24.0,24.0,0.0
2025-07-26,S1079,PP05,29.0,29.0,0.0
2025-08-02,S1079,PP05,28.0,28.0,0.0
2025-08-09,S1079,PP05,32.0,32.0,0.0
2025-08-16,S1079,PP05,29.0,29.0,0.0
2025-08-23,S1079,PP05,28.0,28.0,0.0
2025-08-30,S1079,PP05,26.0,26.0,0.0
2025-09-06,S1079,PP05,30.0,30.0,0.0
2025-09-13,S1079,PP05,26.0,26.0,0.0
2025-09-20,S1079,PP05,32.0,32.0,0.0
2025-09-27,S1079,PP05,27.0,27.0,0.0
2025-10-04,S1079,PP05,27.0,27.0,0.0
2025-10-11,S1079,PP05,27.0,27.0,0.0
2025-10-18,S1079,PP05,30.0,30.0,0.0
2025-10-25,S1079,PP05,28.0,28.0,0.0
2025-11-01,S1079,PP05,31.0,31.0,0.0
2025-11-08,S1079,PP05,32.0,32.0,0.0
2025-11-15,S1079,PP05,35.0,35.0,0.0
2025-11-22,S1079,PP05,38.0,36.0,2.0
2025-11-29,S1079,PP05,41.0,36.0,7.0
2025-12-06,S1079,PP05,42.0,36.0,13.0
2025-12-13,S1079,PP05,50.0,36.0,27.0
2025-12-20,S1079,PP05,39.0,36.0,30.0
2025-12-27,S1079,PP05,43.0,36.0,37.0
2026-01-03,S1079,PP05,28.0,36.0,29.0
2026-01-10,S1079,PP05,25.0,36.0,18.0
2026-01-17,S1079,PP05,21.0,36.0,3.0
2026-01-24,S1079,PP05,27.0,30.0,0.0
2026-01-31,S1079,PP05,23.0,23.0,0.0
2026-02-07,S1079,PP05,26.0,26.0,0.0
2026-02-14,S1079,PP05,25.0,25.0,0.0
2026-02-21,S1079,PP05,28.0,28.0,0.0
2026-02-28,S1079,PP05,26.0,26.0,0.0
2026-03-07,S1079,PP05,25.0,25.0,0.0
2026-03-14,S1079,PP05,27.0,27.0,0.0
2026-03-21,S1079,PP05,32.0,32.0,0.0
2026-03-28,S1079,PP05,29.0,29.0,0.0
2026-04-04,S1079,PP05,24.0,24.0,0.0
2026-04-11,S1079,PP05,31.0,31.0,0.0
2026-04-18,S1079,PP05,26.0,26.0,0.0
2026-04-25,S1079,PP05,31.0,31.0,0.0
2026-05-02,S1079,PP05,31.0,31.0,0.0
2026-05-09,S1079,PP05,32.0,32.0,0.0
2026-05-16,S1079,PP05,36.0,36.0,0.0
2026-05-23,S1079,PP05,27.0,27.0,0.0
2026-05-30,S1079,PP05,31.0,31.0,0.0
2026-06-06,S1079,PP05,33.0,33.0,0.0
2026-06-13,S1079,PP05,27.0,27.0,0.0
2026-06-20,S1079,PP05,26.0,26.0,0.0
2026-06-27,S1079,PP05,28.0,28.0,0.0
2026-07-04,S1079,PP05,30.0,30.0,0.0
2026-07-11,S1079,PP05,25.0,25.0,0.0
2026-07-18,S1079,PP05,31.0,31.0,0.0
2026-07-25,S1079,PP05,25.0,25.0,0.0
2022-08-06,S1080,PP05,24.0,24.0,0.0
2022-08-13,S1080,PP05,22.0,22.0,0.0
2022-08-20,S1080,PP05,25.0,25.0,0.0
2022-08-27,S1080,PP05,22.0,22.0,0.0
2022-09-03,S1080,PP05,20.0,20.0,0.0
2022-09-10,S1080,PP05,18.0,18.0,0.0
2022-09-17,S1080,PP05,20.0,20.0,0.0
2022-09-24,S1080,PP05,20.0,20.0,0.0
2022-10-01,S1080,PP05,22.0,22.0,0.0
2022-10-08,S1080,PP05,18.0,18.0,0.0
2022-10-15,S1080,PP05,25.0,25.0,0.0
2022-10-22,S1080,PP05,24.0,24.0,0.0
2022-10-29,S1080,PP05,22.0,22.0,0.0
2022-11-05,S1080,PP05,28.0,28.0,0.0
2022-11-12,S1080,PP05,22.0,22.0,0.0
2022-11-19,S1080,PP05,26.0,26.0,0.0
2022-11-26,S1080,PP05,25.0,25.0,0.0
2022-12-03,S1080,PP05,36.0,30.0,6.0
2022-12-10,S1080,PP05,27.0,30.0,3.0
2022-12-17,S1080,PP05,26.0,29.0,0.0
2022-12-24,S1080,PP05,24.0,24.0,0.0
2022-12-31,S1080,PP05,25.0,25.0,0.0
2023-01-07,S1080,PP05,20.0,20.0,0.0
2023-01-14,S1080,PP05,16.0,16.0,0.0
2023-01-21,S1080,PP05,19.0,19.0,0.0
2023-01-28,S1080,PP05,17.0,17.0,0.0
2023-02-04,S1080,PP05,19.0,19.0,0.0
2023-02-11,S1080,PP05,22.0,22.0,0.0
2023-02-18,S1080,PP05,19.0,19.0,0.0
2023-02-25,S1080,PP05,18.0,18.0,0.0
2023-03-04,S1080,PP05,21.0,21.0,0.0
2023-03-11,S1080,PP05,22.0,22.0,0.0
2023-03-18,S1080,PP05,21.0,21.0,0.0
2023-03-25,S1080,PP05,23.0,23.0,0.0
2023-04-01,S1080,PP05,20.0,20.0,0.0
2023-04-08,S1080,PP05,21.0,21.0,0.0
2023-04-15,S1080,PP05,22.0,22.0,0.0
2023-04-22,S1080,PP05,22.0,22.0,0.0
2023-04-29,S1080,PP05,25.0,25.0,0.0
2023-05-06,S1080,PP05,22.0,22.0,0.0
2023-05-13,S1080,PP05,21.0,21.0,0.0
2023-05-20,S1080,PP05,23.0,23.0,0.0
2023-05-27,S1080,PP05,23.0,23.0,0.0
2023-06-03,S1080,PP05,23.0,23.0,0.0
2023-06-10,S1080,PP05,22.0,22.0,0.0
2023-06-17,S1080,PP05,18.0,18.0,0.0
2023-06-24,S1080,PP05,16.0,16.0,0.0
2023-07-01,S1080,PP05,24.0,24.0,0.0
2023-07-08,S1080,PP05,22.0,22.0,0.0
2023-07-15,S1080,PP05,21.0,21.0,0.0
2023-07-22,S1080,PP05,23.0,23.0,0.0
2023-07-29,S1080,PP05,26.0,26.0,0.0
2023-08-05,S1080,PP05,25.0,25.0,0.0
2023-08-12,S1080,PP05,24.0,24.0,0.0
2023-08-19,S1080,PP05,20.0,20.0,0.0
2023-08-26,S1080,PP05,20.0,20.0,0.0
2023-09-02,S1080,PP05,16.0,16.0,0.0
2023-09-09,S1080,PP05,21.0,21.0,0.0
2023-09-16,S1080,PP05,22.0,22.0,0.0
2023-09-23,S1080,PP05,22.0,22.0,0.0
2023-09-30,S1080,PP05,21.0,21.0,0.0
2023-10-07,S1080,PP05,20.0,20.0,0.0
2023-10-14,S1080,PP05,19.0,19.0,0.0
2023-10-21,S1080,PP05,19.0,19.0,0.0
2023-10-28,S1080,PP05,22.0,22.0,0.0
2023-11-04,S1080,PP05,21.0,21.0,0.0
2023-11-11,S1080,PP05,29.0,29.0,0.0
2023-11-18,S1080,PP05,23.0,23.0,0.0
2023-11-25,S1080,PP05,28.0,28.0,0.0
2023-12-02,S1080,PP05,25.0,25.0,0.0
2023-12-09,S1080,PP05,34.0,30.0,4.0
2023-12-16,S1080,PP05,31.0,30.0,5.0
2023-12-23,S1080,PP05,26.0,30.0,1.0
2023-12-30,S1080,PP05,21.0,22.0,0.0
2024-01-06,S1080,PP05,19.0,19.0,0.0
2024-01-13,S1080,PP05,15.0,15.0,0.0
2024-01-20,S1080,PP05,17.0,17.0,0.0
2024-01-27,S1080,PP05,21.0,21.0,0.0
2024-02-03,S1080,PP05,19.0,19.0,0.0
2024-02-10,S1080,PP05,20.0,20.0,0.0
2024-02-17,S1080,PP05,19.0,19.0,0.0
2024-02-24,S1080,PP05,18.0,18.0,0.0
2024-03-02,S1080,PP05,20.0,20.0,0.0
2024-03-09,S1080,PP05,26.0,26.0,0.0
2024-03-16,S1080,PP05,20.0,20.0,0.0
2024-03-23,S1080,PP05,21.0,21.0,0.0
2024-03-30,S1080,PP05,19.0,19.0,0.0
2024-04-06,S1080,PP05,16.0,16.0,0.0
2024-04-13,S1080,PP05,19.0,19.0,0.0
2024-04-20,S1080,PP05,27.0,27.0,0.0
2024-04-27,S1080,PP05,23.0,23.0,0.0
2024-05-04,S1080,PP05,26.0,26.0,0.0
2024-05-11,S1080,PP05,22.0,22.0,0.0
2024-05-18,S1080,PP05,18.0,18.0,0.0
2024-05-25,S1080,PP05,20.0,20.0,0.0
2024-06-01,S1080,PP05,23.0,23.0,0.0
2024-06-08,S1080,PP05,22.0,22.0,0.0
2024-06-15,S1080,PP05,21.0,21.0,0.0
2024-06-22,S1080,PP05,20.0,20.0,0.0
2024-06-29,S1080,PP05,23.0,23.0,0.0
2024-07-06,S1080,PP05,20.0,20.0,0.0
2024-07-13,S1080,PP05,22.0,22.0,0.0
2024-07-20,S1080,PP05,22.0,22.0,0.0
2024-07-27,S1080,PP05,21.0,21.0,0.0
2024-08-03,S1080,PP05,20.0,20.0,0.0
2024-08-10,S1080,PP05,21.0,21.0,0.0
2024-08-17,S1080,PP05,27.0,27.0,0.0
2024-08-24,S1080,PP05,24.0,24.0,0.0
2024-08-31,S1080,PP05,23.0,23.0,0.0
2024-09-07,S1080,PP05,19.0,19.0,0.0
2024-09-14,S1080,PP05,17.0,17.0,0.0
2024-09-21,S1080,PP05,22.0,22.0,0.0
2024-09-28,S1080,PP05,22.0,22.0,0.0
2024-10-05,S1080,PP05,21.0,21.0,0.0
2024-10-12,S1080,PP05,20.0,20.0,0.0
2024-10-19,S1080,PP05,19.0,19.0,0.0
2024-10-26,S1080,PP05,25.0,25.0,0.0
2024-11-02,S1080,PP05,27.0,27.0,0.0
2024-11-09,S1080,PP05,23.0,23.0,0.0
2024-11-16,S1080,PP05,25.0,25.0,0.0
2024-11-23,S1080,PP05,32.0,30.0,2.0
2024-11-30,S1080,PP05,29.0,30.0,1.0
2024-12-07,S1080,PP05,39.0,30.0,10.0
2024-12-14,S1080,PP05,33.0,30.0,13.0
2024-12-21,S1080,PP05,28.0,30.0,11.0
2024-12-28,S1080,PP05,25.0,30.0,6.0
2025-01-04,S1080,PP05,20.0,26.0,0.0
2025-01-11,S1080,PP05,19.0,19.0,0.0
2025-01-18,S1080,PP05,19.0,19.0,0.0
2025-01-25,S1080,PP05,20.0,20.0,0.0
2025-02-01,S1080,PP05,19.0,19.0,0.0
2025-02-08,S1080,PP05,18.0,18.0,0.0
2025-02-15,S1080,PP05,20.0,20.0,0.0
2025-02-22,S1080,PP05,19.0,19.0,0.0
2025-03-01,S1080,PP05,24.0,24.0,0.0
2025-03-08,S1080,PP05,23.0,23.0,0.0
2025-03-15,S1080,PP05,21.0,21.0,0.0
2025-03-22,S1080,PP05,20.0,20.0,0.0
2025-03-29,S1080,PP05,25.0,25.0,0.0
2025-04-05,S1080,PP05,22.0,22.0,0.0
2025-04-12,S1080,PP05,22.0,22.0,0.0
2025-04-19,S1080,PP05,26.0,26.0,0.0
2025-04-26,S1080,PP05,22.0,22.0,0.0
2025-05-03,S1080,PP05,23.0,23.0,0.0
2025-05-10,S1080,PP05,23.0,23.0,0.0
2025-05-17,S1080,PP05,21.0,21.0,0.0
2025-05-24,S1080,PP05,24.0,24.0,0.0
2025-05-31,S1080,PP05,21.0,21.0,0.0
2025-06-07,S1080,PP05,21.0,21.0,0.0
2025-06-14,S1080,PP05,21.0,21.0,0.0
2025-06-21,S1080,PP05,21.0,21.0,0.0
2025-06-28,S1080,PP05,21.0,21.0,0.0
2025-07-05,S1080,PP05,23.0,23.0,0.0
2025-07-12,S1080,PP05,22.0,22.0,0.0
2025-07-19,S1080,PP05,23.0,23.0,0.0
2025-07-26,S1080,PP05,30.0,30.0,0.0
2025-08-02,S1080,PP05,23.0,23.0,0.0
2025-08-09,S1080,PP05,26.0,26.0,0.0
2025-08-16,S1080,PP05,26.0,26.0,0.0
2025-08-23,S1080,PP05,23.0,23.0,0.0
2025-08-30,S1080,PP05,23.0,23.0,0.0
2025-09-06,S1080,PP05,22.0,22.0,0.0
2025-09-13,S1080,PP05,22.0,22.0,0.0
2025-09-20,S1080,PP05,20.0,20.0,0.0
2025-09-27,S1080,PP05,21.0,21.0,0.0
2025-10-04,S1080,PP05,22.0,22.0,0.0
2025-10-11,S1080,PP05,18.0,18.0,0.0
2025-10-18,S1080,PP05,27.0,27.0,0.0
2025-10-25,S1080,PP05,30.0,30.0,0.0
2025-11-01,S1080,PP05,26.0,26.0,0.0
2025-11-08,S1080,PP05,28.0,28.0,0.0
2025-11-15,S1080,PP05,31.0,30.0,1.0
2025-11-22,S1080,PP05,26.0,27.0,0.0
2025-11-29,S1080,PP05,35.0,30.0,5.0
2025-12-06,S1080,PP05,33.0,30.0,8.0
2025-12-13,S1080,PP05,44.0,30.0,22.0
2025-12-20,S1080,PP05,31.0,30.0,23.0
2025-12-27,S1080,PP05,30.0,30.0,23.0
2026-01-03,S1080,PP05,22.0,30.0,15.0
2026-01-10,S1080,PP05,23.0,30.0,8.0
2026-01-17,S1080,PP05,17.0,25.0,0.0
2026-01-24,S1080,PP05,21.0,21.0,0.0
2026-01-31,S1080,PP05,21.0,21.0,0.0
2026-02-07,S1080,PP05,22.0,22.0,0.0
2026-02-14,S1080,PP05,22.0,22.0,0.0
2026-02-21,S1080,PP05,20.0,20.0,0.0
2026-02-28,S1080,PP05,17.0,17.0,0.0
2026-03-07,S1080,PP05,25.0,25.0,0.0
2026-03-14,S1080,PP05,22.0,22.0,0.0
2026-03-21,S1080,PP05,26.0,26.0,0.0
2026-03-28,S1080,PP05,24.0,24.0,0.0
2026-04-04,S1080,PP05,26.0,26.0,0.0
2026-04-11,S1080,PP05,25.0,25.0,0.0
2026-04-18,S1080,PP05,18.0,18.0,0.0
2026-04-25,S1080,PP05,25.0,25.0,0.0
2026-05-02,S1080,PP05,24.0,24.0,0.0
2026-05-09,S1080,PP05,28.0,28.0,0.0
2026-05-16,S1080,PP05,26.0,26.0,0.0
2026-05-23,S1080,PP05,26.0,26.0,0.0
2026-05-30,S1080,PP05,23.0,23.0,0.0
2026-06-06,S1080,PP05,22.0,22.0,0.0
2026-06-13,S1080,PP05,22.0,22.0,0.0
2026-06-20,S1080,PP05,20.0,20.0,0.0
2026-06-27,S1080,PP05,22.0,22.0,0.0
2026-07-04,S1080,PP05,21.0,21.0,0.0
2026-07-11,S1080,PP05,21.0,21.0,0.0
2026-07-18,S1080,PP05,24.0,24.0,0.0
2026-07-25,S1080,PP05,25.0,25.0,0.0
2022-08-06,S1081,PP05,13.0,13.0,0.0
2022-08-13,S1081,PP05,13.0,13.0,0.0
2022-08-20,S1081,PP05,12.0,12.0,0.0
2022-08-27,S1081,PP05,13.0,13.0,0.0
2022-09-03,S1081,PP05,12.0,12.0,0.0
2022-09-10,S1081,PP05,12.0,12.0,0.0
2022-09-17,S1081,PP05,11.0,11.0,0.0
2022-09-24,S1081,PP05,13.0,13.0,0.0
2022-10-01,S1081,PP05,12.0,12.0,0.0
2022-10-08,S1081,PP05,13.0,13.0,0.0
2022-10-15,S1081,PP05,14.0,14.0,0.0
2022-10-22,S1081,PP05,14.0,14.0,0.0
2022-10-29,S1081,PP05,15.0,15.0,0.0
2022-11-05,S1081,PP05,12.0,12.0,0.0
2022-11-12,S1081,PP05,14.0,14.0,0.0
2022-11-19,S1081,PP05,18.0,18.0,0.0
2022-11-26,S1081,PP05,19.0,19.0,0.0
2022-12-03,S1081,PP05,23.0,21.0,2.0
2022-12-10,S1081,PP05,24.0,21.0,5.0
2022-12-17,S1081,PP05,19.0,21.0,3.0
2022-12-24,S1081,PP05,16.0,19.0,0.0
2022-12-31,S1081,PP05,13.0,13.0,0.0
2023-01-07,S1081,PP05,11.0,11.0,0.0
2023-01-14,S1081,PP05,10.0,10.0,0.0
2023-01-21,S1081,PP05,10.0,10.0,0.0
2023-01-28,S1081,PP05,10.0,10.0,0.0
2023-02-04,S1081,PP05,12.0,12.0,0.0
2023-02-11,S1081,PP05,14.0,14.0,0.0
2023-02-18,S1081,PP05,13.0,13.0,0.0
2023-02-25,S1081,PP05,12.0,12.0,0.0
2023-03-04,S1081,PP05,14.0,14.0,0.0
2023-03-11,S1081,PP05,13.0,13.0,0.0
2023-03-18,S1081,PP05,13.0,13.0,0.0
2023-03-25,S1081,PP05,13.0,13.0,0.0
2023-04-01,S1081,PP05,13.0,13.0,0.0
2023-04-08,S1081,PP05,14.0,14.0,0.0
2023-04-15,S1081,PP05,13.0,13.0,0.0
2023-04-22,S1081,PP05,12.0,12.0,0.0
2023-04-29,S1081,PP05,12.0,12.0,0.0
2023-05-06,S1081,PP05,14.0,14.0,0.0
2023-05-13,S1081,PP05,14.0,14.0,0.0
2023-05-20,S1081,PP05,13.0,13.0,0.0
2023-05-27,S1081,PP05,12.0,12.0,0.0
2023-06-03,S1081,PP05,15.0,15.0,0.0
2023-06-10,S1081,PP05,15.0,15.0,0.0
2023-06-17,S1081,PP05,11.0,11.0,0.0
2023-06-24,S1081,PP05,15.0,15.0,0.0
2023-07-01,S1081,PP05,13.0,13.0,0.0
2023-07-08,S1081,PP05,13.0,13.0,0.0
2023-07-15,S1081,PP05,15.0,15.0,0.0
2023-07-22,S1081,PP05,16.0,16.0,0.0
2023-07-29,S1081,PP05,15.0,15.0,0.0
2023-08-05,S1081,PP05,14.0,14.0,0.0
2023-08-12,S1081,PP05,12.0,12.0,0.0
2023-08-19,S1081,PP05,11.0,11.0,0.0
2023-08-26,S1081,PP05,15.0,15.0,0.0
2023-09-02,S1081,PP05,15.0,15.0,0.0
2023-09-09,S1081,PP05,12.0,12.0,0.0
2023-09-16,S1081,PP05,12.0,12.0,0.0
2023-09-23,S1081,PP05,12.0,12.0,0.0
2023-09-30,S1081,PP05,12.0,12.0,0.0
2023-10-07,S1081,PP05,14.0,14.0,0.0
2023-10-14,S1081,PP05,13.0,13.0,0.0
2023-10-21,S1081,PP05,13.0,13.0,0.0
2023-10-28,S1081,PP05,18.0,18.0,0.0
2023-11-04,S1081,PP05,13.0,13.0,0.0
2023-11-11,S1081,PP05,16.0,16.0,0.0
2023-11-18,S1081,PP05,15.0,15.0,0.0
2023-11-25,S1081,PP05,18.0,18.0,0.0
2023-12-02,S1081,PP05,20.0,20.0,0.0
2023-12-09,S1081,PP05,22.0,21.0,1.0
2023-12-16,S1081,PP05,19.0,20.0,0.0
2023-12-23,S1081,PP05,17.0,17.0,0.0
2023-12-30,S1081,PP05,14.0,14.0,0.0
2024-01-06,S1081,PP05,11.0,11.0,0.0
2024-01-13,S1081,PP05,11.0,11.0,0.0
2024-01-20,S1081,PP05,11.0,11.0,0.0
2024-01-27,S1081,PP05,12.0,12.0,0.0
2024-02-03,S1081,PP05,12.0,12.0,0.0
2024-02-10,S1081,PP05,12.0,12.0,0.0
2024-02-17,S1081,PP05,14.0,14.0,0.0
2024-02-24,S1081,PP05,14.0,14.0,0.0
2024-03-02,S1081,PP05,15.0,15.0,0.0
2024-03-09,S1081,PP05,13.0,13.0,0.0
2024-03-16,S1081,PP05,15.0,15.0,0.0
2024-03-23,S1081,PP05,12.0,12.0,0.0
2024-03-30,S1081,PP05,13.0,13.0,0.0
2024-04-06,S1081,PP05,15.0,15.0,0.0
2024-04-13,S1081,PP05,14.0,14.0,0.0
2024-04-20,S1081,PP05,13.0,13.0,0.0
2024-04-27,S1081,PP05,12.0,12.0,0.0
2024-05-04,S1081,PP05,14.0,14.0,0.0
2024-05-11,S1081,PP05,13.0,13.0,0.0
2024-05-18,S1081,PP05,17.0,17.0,0.0
2024-05-25,S1081,PP05,15.0,15.0,0.0
2024-06-01,S1081,PP05,13.0,13.0,0.0
2024-06-08,S1081,PP05,12.0,12.0,0.0
2024-06-15,S1081,PP05,13.0,13.0,0.0
2024-06-22,S1081,PP05,13.0,13.0,0.0
2024-06-29,S1081,PP05,13.0,13.0,0.0
2024-07-06,S1081,PP05,15.0,15.0,0.0
2024-07-13,S1081,PP05,12.0,12.0,0.0
2024-07-20,S1081,PP05,17.0,17.0,0.0
2024-07-27,S1081,PP05,12.0,12.0,0.0
2024-08-03,S1081,PP05,12.0,12.0,0.0
2024-08-10,S1081,PP05,17.0,17.0,0.0
2024-08-17,S1081,PP05,16.0,16.0,0.0
2024-08-24,S1081,PP05,13.0,13.0,0.0
2024-08-31,S1081,PP05,14.0,14.0,0.0
2024-09-07,S1081,PP05,13.0,13.0,0.0
2024-09-14,S1081,PP05,13.0,13.0,0.0
2024-09-21,S1081,PP05,11.0,11.0,0.0
2024-09-28,S1081,PP05,10.0,10.0,0.0
2024-10-05,S1081,PP05,12.0,12.0,0.0
2024-10-12,S1081,PP05,16.0,16.0,0.0
2024-10-19,S1081,PP05,17.0,17.0,0.0
2024-10-26,S1081,PP05,14.0,14.0,0.0
2024-11-02,S1081,PP05,14.0,14.0,0.0
2024-11-09,S1081,PP05,16.0,16.0,0.0
2024-11-16,S1081,PP05,18.0,18.0,0.0
2024-11-23,S1081,PP05,19.0,19.0,0.0
2024-11-30,S1081,PP05,15.0,15.0,0.0
2024-12-07,S1081,PP05,28.0,21.0,7.0
2024-12-14,S1081,PP05,23.0,21.0,9.0
2024-12-21,S1081,PP05,18.0,21.0,6.0
2024-12-28,S1081,PP05,15.0,21.0,0.0
2025-01-04,S1081,PP05,15.0,15.0,0.0
2025-01-11,S1081,PP05,11.0,11.0,0.0
2025-01-18,S1081,PP05,11.0,11.0,0.0
2025-01-25,S1081,PP05,12.0,12.0,0.0
2025-02-01,S1081,PP05,12.0,12.0,0.0
2025-02-08,S1081,PP05,13.0,13.0,0.0
2025-02-15,S1081,PP05,13.0,13.0,0.0
2025-02-22,S1081,PP05,13.0,13.0,0.0
2025-03-01,S1081,PP05,13.0,13.0,0.0
2025-03-08,S1081,PP05,15.0,15.0,0.0
2025-03-15,S1081,PP05,12.0,12.0,0.0
2025-03-22,S1081,PP05,13.0,13.0,0.0
2025-03-29,S1081,PP05,14.0,14.0,0.0
2025-04-05,S1081,PP05,13.0,13.0,0.0
2025-04-12,S1081,PP05,13.0,13.0,0.0
2025-04-19,S1081,PP05,16.0,16.0,0.0
2025-04-26,S1081,PP05,14.0,14.0,0.0
2025-05-03,S1081,PP05,12.0,12.0,0.0
2025-05-10,S1081,PP05,14.0,14.0,0.0
2025-05-17,S1081,PP05,15.0,15.0,0.0
2025-05-24,S1081,PP05,15.0,15.0,0.0
2025-05-31,S1081,PP05,15.0,15.0,0.0
2025-06-07,S1081,PP05,15.0,15.0,0.0
2025-06-14,S1081,PP05,14.0,14.0,0.0
2025-06-21,S1081,PP05,12.0,12.0,0.0
2025-06-28,S1081,PP05,14.0,14.0,0.0
2025-07-05,S1081,PP05,13.0,13.0,0.0
2025-07-12,S1081,PP05,14.0,14.0,0.0
2025-07-19,S1081,PP05,16.0,16.0,0.0
2025-07-26,S1081,PP05,15.0,15.0,0.0
2025-08-02,S1081,PP05,16.0,16.0,0.0
2025-08-09,S1081,PP05,15.0,15.0,0.0
2025-08-16,S1081,PP05,17.0,17.0,0.0
2025-08-23,S1081,PP05,16.0,16.0,0.0
2025-08-30,S1081,PP05,14.0,14.0,0.0
2025-09-06,S1081,PP05,15.0,15.0,0.0
2025-09-13,S1081,PP05,12.0,12.0,0.0
2025-09-20,S1081,PP05,11.0,11.0,0.0
2025-09-27,S1081,PP05,13.0,13.0,0.0
2025-10-04,S1081,PP05,15.0,15.0,0.0
2025-10-11,S1081,PP05,14.0,14.0,0.0
2025-10-18,S1081,PP05,14.0,14.0,0.0
2025-10-25,S1081,PP05,14.0,14.0,0.0
2025-11-01,S1081,PP05,13.0,13.0,0.0
2025-11-08,S1081,PP05,19.0,19.0,0.0
2025-11-15,S1081,PP05,17.0,17.0,0.0
2025-11-22,S1081,PP05,18.0,18.0,0.0
2025-11-29,S1081,PP05,19.0,19.0,0.0
2025-12-06,S1081,PP05,24.0,21.0,3.0
2025-12-13,S1081,PP05,24.0,21.0,6.0
2025-12-20,S1081,PP05,18.0,21.0,3.0
2025-12-27,S1081,PP05,19.0,21.0,1.0
2026-01-03,S1081,PP05,14.0,15.0,0.0
2026-01-10,S1081,PP05,11.0,11.0,0.0
2026-01-17,S1081,PP05,11.0,11.0,0.0
2026-01-24,S1081,PP05,11.0,11.0,0.0
2026-01-31,S1081,PP05,11.0,11.0,0.0
2026-02-07,S1081,PP05,14.0,14.0,0.0
2026-02-14,S1081,PP05,13.0,13.0,0.0
2026-02-21,S1081,PP05,15.0,15.0,0.0
2026-02-28,S1081,PP05,14.0,14.0,0.0
2026-03-07,S1081,PP05,15.0,15.0,0.0
2026-03-14,S1081,PP05,12.0,12.0,0.0
2026-03-21,S1081,PP05,13.0,13.0,0.0
2026-03-28,S1081,PP05,15.0,15.0,0.0
2026-04-04,S1081,PP05,13.0,13.0,0.0
2026-04-11,S1081,PP05,15.0,15.0,0.0
2026-04-18,S1081,PP05,13.0,13.0,0.0
2026-04-25,S1081,PP05,15.0,15.0,0.0
2026-05-02,S1081,PP05,18.0,18.0,0.0
2026-05-09,S1081,PP05,17.0,17.0,0.0
2026-05-16,S1081,PP05,13.0,13.0,0.0
2026-05-23,S1081,PP05,17.0,17.0,0.0
2026-05-30,S1081,PP05,18.0,18.0,0.0
2026-06-06,S1081,PP05,20.0,20.0,0.0
2026-06-13,S1081,PP05,15.0,15.0,0.0
2026-06-20,S1081,PP05,13.0,13.0,0.0
2026-06-27,S1081,PP05,16.0,16.0,0.0
2026-07-04,S1081,PP05,18.0,18.0,0.0
2026-07-11,S1081,PP05,15.0,15.0,0.0
2026-07-18,S1081,PP05,17.0,17.0,0.0
2026-07-25,S1081,PP05,14.0,14.0,0.0
2022-08-06,S1082,PP05,13.0,13.0,0.0
2022-08-13,S1082,PP05,10.0,10.0,0.0
2022-08-20,S1082,PP05,12.0,12.0,0.0
2022-08-27,S1082,PP05,12.0,12.0,0.0
2022-09-03,S1082,PP05,12.0,12.0,0.0
2022-09-10,S1082,PP05,11.0,11.0,0.0
2022-09-17,S1082,PP05,11.0,11.0,0.0
2022-09-24,S1082,PP05,12.0,12.0,0.0
2022-10-01,S1082,PP05,12.0,12.0,0.0
2022-10-08,S1082,PP05,12.0,12.0,0.0
2022-10-15,S1082,PP05,13.0,13.0,0.0
2022-10-22,S1082,PP05,12.0,12.0,0.0
2022-10-29,S1082,PP05,15.0,15.0,0.0
2022-11-05,S1082,PP05,13.0,13.0,0.0
2022-11-12,S1082,PP05,18.0,18.0,0.0
2022-11-19,S1082,PP05,18.0,18.0,0.0
2022-11-26,S1082,PP05,16.0,16.0,0.0
2022-12-03,S1082,PP05,18.0,18.0,0.0
2022-12-10,S1082,PP05,20.0,18.0,2.0
2022-12-17,S1082,PP05,19.0,18.0,3.0
2022-12-24,S1082,PP05,18.0,18.0,3.0
2022-12-31,S1082,PP05,12.0,15.0,0.0
2023-01-07,S1082,PP05,12.0,12.0,0.0
2023-01-14,S1082,PP05,8.0,8.0,0.0
2023-01-21,S1082,PP05,10.0,10.0,0.0
2023-01-28,S1082,PP05,12.0,12.0,0.0
2023-02-04,S1082,PP05,10.0,10.0,0.0
2023-02-11,S1082,PP05,10.0,10.0,0.0
2023-02-18,S1082,PP05,12.0,12.0,0.0
2023-02-25,S1082,PP05,14.0,14.0,0.0
2023-03-04,S1082,PP05,12.0,12.0,0.0
2023-03-11,S1082,PP05,10.0,10.0,0.0
2023-03-18,S1082,PP05,10.0,10.0,0.0
2023-03-25,S1082,PP05,13.0,13.0,0.0
2023-04-01,S1082,PP05,11.0,11.0,0.0
2023-04-08,S1082,PP05,13.0,13.0,0.0
2023-04-15,S1082,PP05,13.0,13.0,0.0
2023-04-22,S1082,PP05,12.0,12.0,0.0
2023-04-29,S1082,PP05,15.0,15.0,0.0
2023-05-06,S1082,PP05,14.0,14.0,0.0
2023-05-13,S1082,PP05,15.0,15.0,0.0
2023-05-20,S1082,PP05,14.0,14.0,0.0
2023-05-27,S1082,PP05,13.0,13.0,0.0
2023-06-03,S1082,PP05,13.0,13.0,0.0
2023-06-10,S1082,PP05,12.0,12.0,0.0
2023-06-17,S1082,PP05,14.0,14.0,0.0
2023-06-24,S1082,PP05,12.0,12.0,0.0
2023-07-01,S1082,PP05,15.0,15.0,0.0
2023-07-08,S1082,PP05,12.0,12.0,0.0
2023-07-15,S1082,PP05,13.0,13.0,0.0
2023-07-22,S1082,PP05,13.0,13.0,0.0
2023-07-29,S1082,PP05,12.0,12.0,0.0
2023-08-05,S1082,PP05,16.0,16.0,0.0
2023-08-12,S1082,PP05,13.0,13.0,0.0
2023-08-19,S1082,PP05,13.0,13.0,0.0
2023-08-26,S1082,PP05,12.0,12.0,0.0
2023-09-02,S1082,PP05,13.0,13.0,0.0
2023-09-09,S1082,PP05,12.0,12.0,0.0
2023-09-16,S1082,PP05,11.0,11.0,0.0
2023-09-23,S1082,PP05,12.0,12.0,0.0
2023-09-30,S1082,PP05,13.0,13.0,0.0
2023-10-07,S1082,PP05,13.0,13.0,0.0
2023-10-14,S1082,PP05,12.0,12.0,0.0
2023-10-21,S1082,PP05,13.0,13.0,0.0
2023-10-28,S1082,PP05,13.0,13.0,0.0
2023-11-04,S1082,PP05,13.0,13.0,0.0
2023-11-11,S1082,PP05,13.0,13.0,0.0
2023-11-18,S1082,PP05,14.0,14.0,0.0
2023-11-25,S1082,PP05,16.0,16.0,0.0
2023-12-02,S1082,PP05,20.0,18.0,2.0
2023-12-09,S1082,PP05,19.0,18.0,3.0
2023-12-16,S1082,PP05,18.0,18.0,3.0
2023-12-23,S1082,PP05,16.0,18.0,1.0
2023-12-30,S1082,PP05,16.0,17.0,0.0
2024-01-06,S1082,PP05,11.0,11.0,0.0
2024-01-13,S1082,PP05,10.0,10.0,0.0
2024-01-20,S1082,PP05,10.0,10.0,0.0
2024-01-27,S1082,PP05,11.0,11.0,0.0
2024-02-03,S1082,PP05,11.0,11.0,0.0
2024-02-10,S1082,PP05,12.0,12.0,0.0
2024-02-17,S1082,PP05,13.0,13.0,0.0
2024-02-24,S1082,PP05,12.0,12.0,0.0
2024-03-02,S1082,PP05,15.0,15.0,0.0
2024-03-09,S1082,PP05,13.0,13.0,0.0
2024-03-16,S1082,PP05,11.0,11.0,0.0
2024-03-23,S1082,PP05,13.0,13.0,0.0
2024-03-30,S1082,PP05,13.0,13.0,0.0
2024-04-06,S1082,PP05,12.0,12.0,0.0
2024-04-13,S1082,PP05,12.0,12.0,0.0
2024-04-20,S1082,PP05,10.0,10.0,0.0
2024-04-27,S1082,PP05,11.0,11.0,0.0
2024-05-04,S1082,PP05,16.0,16.0,0.0
2024-05-11,S1082,PP05,13.0,13.0,0.0
2024-05-18,S1082,PP05,15.0,15.0,0.0
2024-05-25,S1082,PP05,11.0,11.0,0.0
2024-06-01,S1082,PP05,12.0,12.0,0.0
2024-06-08,S1082,PP05,14.0,14.0,0.0
2024-06-15,S1082,PP05,13.0,13.0,0.0
2024-06-22,S1082,PP05,14.0,14.0,0.0
2024-06-29,S1082,PP05,13.0,13.0,0.0
2024-07-06,S1082,PP05,13.0,13.0,0.0
2024-07-13,S1082,PP05,12.0,12.0,0.0
2024-07-20,S1082,PP05,12.0,12.0,0.0
2024-07-27,S1082,PP05,15.0,15.0,0.0
2024-08-03,S1082,PP05,16.0,16.0,0.0
2024-08-10,S1082,PP05,12.0,12.0,0.0
2024-08-17,S1082,PP05,12.0,12.0,0.0
2024-08-24,S1082,PP05,13.0,13.0,0.0
2024-08-31,S1082,PP05,13.0,13.0,0.0
2024-09-07,S1082,PP05,12.0,12.0,0.0
2024-09-14,S1082,PP05,13.0,13.0,0.0
2024-09-21,S1082,PP05,12.0,12.0,0.0
2024-09-28,S1082,PP05,12.0,12.0,0.0
2024-10-05,S1082,PP05,16.0,16.0,0.0
2024-10-12,S1082,PP05,12.0,12.0,0.0
2024-10-19,S1082,PP05,16.0,16.0,0.0
2024-10-26,S1082,PP05,16.0,16.0,0.0
2024-11-02,S1082,PP05,15.0,15.0,0.0
2024-11-09,S1082,PP05,12.0,12.0,0.0
2024-11-16,S1082,PP05,16.0,16.0,0.0
2024-11-23,S1082,PP05,16.0,16.0,0.0
2024-11-30,S1082,PP05,19.0,18.0,1.0
2024-12-07,S1082,PP05,18.0,18.0,1.0
2024-12-14,S1082,PP05,22.0,18.0,5.0
2024-12-21,S1082,PP05,19.0,18.0,6.0
2024-12-28,S1082,PP05,17.0,18.0,5.0
2025-01-04,S1082,PP05,12.0,17.0,0.0
2025-01-11,S1082,PP05,9.0,9.0,0.0
2025-01-18,S1082,PP05,11.0,11.0,0.0
2025-01-25,S1082,PP05,13.0,13.0,0.0
2025-02-01,S1082,PP05,11.0,11.0,0.0
2025-02-08,S1082,PP05,12.0,12.0,0.0
2025-02-15,S1082,PP05,12.0,12.0,0.0
2025-02-22,S1082,PP05,12.0,12.0,0.0
2025-03-01,S1082,PP05,13.0,13.0,0.0
2025-03-08,S1082,PP05,13.0,13.0,0.0
2025-03-15,S1082,PP05,14.0,14.0,0.0
2025-03-22,S1082,PP05,14.0,14.0,0.0
2025-03-29,S1082,PP05,14.0,14.0,0.0
2025-04-05,S1082,PP05,14.0,14.0,0.0
2025-04-12,S1082,PP05,12.0,12.0,0.0
2025-04-19,S1082,PP05,12.0,12.0,0.0
2025-04-26,S1082,PP05,14.0,14.0,0.0
2025-05-03,S1082,PP05,14.0,14.0,0.0
2025-05-10,S1082,PP05,14.0,14.0,0.0
2025-05-17,S1082,PP05,15.0,15.0,0.0
2025-05-24,S1082,PP05,15.0,15.0,0.0
2025-05-31,S1082,PP05,16.0,16.0,0.0
2025-06-07,S1082,PP05,16.0,16.0,0.0
2025-06-14,S1082,PP05,12.0,12.0,0.0
2025-06-21,S1082,PP05,12.0,12.0,0.0
2025-06-28,S1082,PP05,13.0,13.0,0.0
2025-07-05,S1082,PP05,14.0,14.0,0.0
2025-07-12,S1082,PP05,14.0,14.0,0.0
2025-07-19,S1082,PP05,13.0,13.0,0.0
2025-07-26,S1082,PP05,14.0,14.0,0.0
2025-08-02,S1082,PP05,15.0,15.0,0.0
2025-08-09,S1082,PP05,13.0,13.0,0.0
2025-08-16,S1082,PP05,18.0,18.0,0.0
2025-08-23,S1082,PP05,14.0,14.0,0.0
2025-08-30,S1082,PP05,15.0,15.0,0.0
2025-09-06,S1082,PP05,12.0,12.0,0.0
2025-09-13,S1082,PP05,14.0,14.0,0.0
2025-09-20,S1082,PP05,13.0,13.0,0.0
2025-09-27,S1082,PP05,14.0,14.0,0.0
2025-10-04,S1082,PP05,13.0,13.0,0.0
2025-10-11,S1082,PP05,16.0,16.0,0.0
2025-10-18,S1082,PP05,12.0,12.0,0.0
2025-10-25,S1082,PP05,16.0,16.0,0.0
2025-11-01,S1082,PP05,16.0,16.0,0.0
2025-11-08,S1082,PP05,15.0,15.0,0.0
2025-11-15,S1082,PP05,21.0,18.0,3.0
2025-11-22,S1082,PP05,22.0,18.0,7.0
2025-11-29,S1082,PP05,16.0,18.0,5.0
2025-12-06,S1082,PP05,21.0,18.0,8.0
2025-12-13,S1082,PP05,23.0,18.0,13.0
2025-12-20,S1082,PP05,20.0,18.0,15.0
2025-12-27,S1082,PP05,19.0,18.0,16.0
2026-01-03,S1082,PP05,16.0,18.0,14.0
2026-01-10,S1082,PP05,12.0,18.0,8.0
2026-01-17,S1082,PP05,14.0,18.0,4.0
2026-01-24,S1082,PP05,13.0,17.0,0.0
2026-01-31,S1082,PP05,12.0,12.0,0.0
2026-02-07,S1082,PP05,12.0,12.0,0.0
2026-02-14,S1082,PP05,15.0,15.0,0.0
2026-02-21,S1082,PP05,12.0,12.0,0.0
2026-02-28,S1082,PP05,13.0,13.0,0.0
2026-03-07,S1082,PP05,13.0,13.0,0.0
2026-03-14,S1082,PP05,14.0,14.0,0.0
2026-03-21,S1082,PP05,14.0,14.0,0.0
2026-03-28,S1082,PP05,12.0,12.0,0.0
2026-04-04,S1082,PP05,16.0,16.0,0.0
2026-04-11,S1082,PP05,13.0,13.0,0.0
2026-04-18,S1082,PP05,17.0,17.0,0.0
2026-04-25,S1082,PP05,15.0,15.0,0.0
2026-05-02,S1082,PP05,17.0,17.0,0.0
2026-05-09,S1082,PP05,16.0,16.0,0.0
2026-05-16,S1082,PP05,17.0,17.0,0.0
2026-05-23,S1082,PP05,16.0,16.0,0.0
2026-05-30,S1082,PP05,15.0,15.0,0.0
2026-06-06,S1082,PP05,16.0,16.0,0.0
2026-06-13,S1082,PP05,18.0,18.0,0.0
2026-06-20,S1082,PP05,14.0,14.0,0.0
2026-06-27,S1082,PP05,16.0,16.0,0.0
2026-07-04,S1082,PP05,14.0,14.0,0.0
2026-07-11,S1082,PP05,15.0,15.0,0.0
2026-07-18,S1082,PP05,15.0,15.0,0.0
2026-07-25,S1082,PP05,12.0,12.0,0.0
2022-08-06,S1083,PP05,14.0,14.0,0.0
2022-08-13,S1083,PP05,16.0,16.0,0.0
2022-08-20,S1083,PP05,13.0,13.0,0.0
2022-08-27,S1083,PP05,16.0,16.0,0.0
2022-09-03,S1083,PP05,14.0,14.0,0.0
2022-09-10,S1083,PP05,14.0,14.0,0.0
2022-09-17,S1083,PP05,15.0,15.0,0.0
2022-09-24,S1083,PP05,15.0,15.0,0.0
2022-10-01,S1083,PP05,14.0,14.0,0.0
2022-10-08,S1083,PP05,15.0,15.0,0.0
2022-10-15,S1083,PP05,15.0,15.0,0.0
2022-10-22,S1083,PP05,13.0,13.0,0.0
2022-10-29,S1083,PP05,15.0,15.0,0.0
2022-11-05,S1083,PP05,13.0,13.0,0.0
2022-11-12,S1083,PP05,18.0,18.0,0.0
2022-11-19,S1083,PP05,20.0,20.0,0.0
2022-11-26,S1083,PP05,21.0,21.0,0.0
2022-12-03,S1083,PP05,22.0,22.0,0.0
2022-12-10,S1083,PP05,24.0,22.0,2.0
2022-12-17,S1083,PP05,18.0,20.0,0.0
2022-12-24,S1083,PP05,18.0,18.0,0.0
2022-12-31,S1083,PP05,13.0,13.0,0.0
2023-01-07,S1083,PP05,12.0,12.0,0.0
2023-01-14,S1083,PP05,13.0,13.0,0.0
2023-01-21,S1083,PP05,13.0,13.0,0.0
2023-01-28,S1083,PP05,13.0,13.0,0.0
2023-02-04,S1083,PP05,12.0,12.0,0.0
2023-02-11,S1083,PP05,12.0,12.0,0.0
2023-02-18,S1083,PP05,14.0,14.0,0.0
2023-02-25,S1083,PP05,15.0,15.0,0.0
2023-03-04,S1083,PP05,14.0,14.0,0.0
2023-03-11,S1083,PP05,12.0,12.0,0.0
2023-03-18,S1083,PP05,14.0,14.0,0.0
2023-03-25,S1083,PP05,12.0,12.0,0.0
2023-04-01,S1083,PP05,16.0,16.0,0.0
2023-04-08,S1083,PP05,13.0,13.0,0.0
2023-04-15,S1083,PP05,13.0,13.0,0.0
2023-04-22,S1083,PP05,16.0,16.0,0.0
2023-04-29,S1083,PP05,16.0,16.0,0.0
2023-05-06,S1083,PP05,15.0,15.0,0.0
2023-05-13,S1083,PP05,19.0,19.0,0.0
2023-05-20,S1083,PP05,16.0,16.0,0.0
2023-05-27,S1083,PP05,14.0,14.0,0.0
2023-06-03,S1083,PP05,15.0,15.0,0.0
2023-06-10,S1083,PP05,14.0,14.0,0.0
2023-06-17,S1083,PP05,16.0,16.0,0.0
2023-06-24,S1083,PP05,15.0,15.0,0.0
2023-07-01,S1083,PP05,15.0,15.0,0.0
2023-07-08,S1083,PP05,12.0,12.0,0.0
2023-07-15,S1083,PP05,15.0,15.0,0.0
2023-07-22,S1083,PP05,15.0,15.0,0.0
2023-07-29,S1083,PP05,13.0,13.0,0.0
2023-08-05,S1083,PP05,15.0,15.0,0.0
2023-08-12,S1083,PP05,16.0,16.0,0.0
2023-08-19,S1083,PP05,15.0,15.0,0.0
2023-08-26,S1083,PP05,13.0,13.0,0.0
2023-09-02,S1083,PP05,14.0,14.0,0.0
2023-09-09,S1083,PP05,13.0,13.0,0.0
2023-09-16,S1083,PP05,14.0,14.0,0.0
2023-09-23,S1083,PP05,14.0,14.0,0.0
2023-09-30,S1083,PP05,13.0,13.0,0.0
2023-10-07,S1083,PP05,13.0,13.0,0.0
2023-10-14,S1083,PP05,14.0,14.0,0.0
2023-10-21,S1083,PP05,16.0,16.0,0.0
2023-10-28,S1083,PP05,16.0,16.0,0.0
2023-11-04,S1083,PP05,19.0,19.0,0.0
2023-11-11,S1083,PP05,19.0,19.0,0.0
2023-11-18,S1083,PP05,21.0,21.0,0.0
2023-11-25,S1083,PP05,23.0,22.0,1.0
2023-12-02,S1083,PP05,25.0,22.0,4.0
2023-12-09,S1083,PP05,20.0,22.0,2.0
2023-12-16,S1083,PP05,23.0,22.0,3.0
2023-12-23,S1083,PP05,22.0,22.0,3.0
2023-12-30,S1083,PP05,19.0,22.0,0.0
2024-01-06,S1083,PP05,12.0,12.0,0.0
2024-01-13,S1083,PP05,12.0,12.0,0.0
2024-01-20,S1083,PP05,12.0,12.0,0.0
2024-01-27,S1083,PP05,15.0,15.0,0.0
2024-02-03,S1083,PP05,11.0,11.0,0.0
2024-02-10,S1083,PP05,12.0,12.0,0.0
2024-02-17,S1083,PP05,11.0,11.0,0.0
2024-02-24,S1083,PP05,14.0,14.0,0.0
2024-03-02,S1083,PP05,18.0,18.0,0.0
2024-03-09,S1083,PP05,14.0,14.0,0.0
2024-03-16,S1083,PP05,15.0,15.0,0.0
2024-03-23,S1083,PP05,15.0,15.0,0.0
2024-03-30,S1083,PP05,14.0,14.0,0.0
2024-04-06,S1083,PP05,15.0,15.0,0.0
2024-04-13,S1083,PP05,15.0,15.0,0.0
2024-04-20,S1083,PP05,13.0,13.0,0.0
2024-04-27,S1083,PP05,15.0,15.0,0.0
2024-05-04,S1083,PP05,17.0,17.0,0.0
2024-05-11,S1083,PP05,17.0,17.0,0.0
2024-05-18,S1083,PP05,18.0,18.0,0.0
2024-05-25,S1083,PP05,16.0,16.0,0.0
2024-06-01,S1083,PP05,16.0,16.0,0.0
2024-06-08,S1083,PP05,16.0,16.0,0.0
2024-06-15,S1083,PP05,14.0,14.0,0.0
2024-06-22,S1083,PP05,14.0,14.0,0.0
2024-06-29,S1083,PP05,15.0,15.0,0.0
2024-07-06,S1083,PP05,13.0,13.0,0.0
2024-07-13,S1083,PP05,15.0,15.0,0.0
2024-07-20,S1083,PP05,17.0,17.0,0.0
2024-07-27,S1083,PP05,14.0,14.0,0.0
2024-08-03,S1083,PP05,16.0,16.0,0.0
2024-08-10,S1083,PP05,15.0,15.0,0.0
2024-08-17,S1083,PP05,14.0,14.0,0.0
2024-08-24,S1083,PP05,18.0,18.0,0.0
2024-08-31,S1083,PP05,13.0,13.0,0.0
2024-09-07,S1083,PP05,12.0,12.0,0.0
2024-09-14,S1083,PP05,14.0,14.0,0.0
2024-09-21,S1083,PP05,14.0,14.0,0.0
2024-09-28,S1083,PP05,15.0,15.0,0.0
2024-10-05,S1083,PP05,18.0,18.0,0.0
2024-10-12,S1083,PP05,13.0,13.0,0.0
2024-10-19,S1083,PP05,14.0,14.0,0.0
2024-10-26,S1083,PP05,19.0,19.0,0.0
2024-11-02,S1083,PP05,18.0,18.0,0.0
2024-11-09,S1083,PP05,19.0,19.0,0.0
2024-11-16,S1083,PP05,17.0,17.0,0.0
2024-11-23,S1083,PP05,22.0,22.0,0.0
2024-11-30,S1083,PP05,23.0,22.0,1.0
2024-12-07,S1083,PP05,23.0,22.0,2.0
2024-12-14,S1083,PP05,22.0,22.0,2.0
2024-12-21,S1083,PP05,20.0,22.0,0.0
2024-12-28,S1083,PP05,21.0,21.0,0.0
2025-01-04,S1083,PP05,13.0,13.0,0.0
2025-01-11,S1083,PP05,11.0,11.0,0.0
2025-01-18,S1083,PP05,11.0,11.0,0.0
2025-01-25,S1083,PP05,12.0,12.0,0.0
2025-02-01,S1083,PP05,13.0,13.0,0.0
2025-02-08,S1083,PP05,15.0,15.0,0.0
2025-02-15,S1083,PP05,14.0,14.0,0.0
2025-02-22,S1083,PP05,14.0,14.0,0.0
2025-03-01,S1083,PP05,15.0,15.0,0.0
2025-03-08,S1083,PP05,16.0,16.0,0.0
2025-03-15,S1083,PP05,13.0,13.0,0.0
2025-03-22,S1083,PP05,17.0,17.0,0.0
2025-03-29,S1083,PP05,14.0,14.0,0.0
2025-04-05,S1083,PP05,15.0,15.0,0.0
2025-04-12,S1083,PP05,16.0,16.0,0.0
2025-04-19,S1083,PP05,15.0,15.0,0.0
2025-04-26,S1083,PP05,17.0,17.0,0.0
2025-05-03,S1083,PP05,16.0,16.0,0.0
2025-05-10,S1083,PP05,16.0,16.0,0.0
2025-05-17,S1083,PP05,19.0,19.0,0.0
2025-05-24,S1083,PP05,17.0,17.0,0.0
2025-05-31,S1083,PP05,16.0,16.0,0.0
2025-06-07,S1083,PP05,17.0,17.0,0.0
2025-06-14,S1083,PP05,14.0,14.0,0.0
2025-06-21,S1083,PP05,19.0,19.0,0.0
2025-06-28,S1083,PP05,14.0,14.0,0.0
2025-07-05,S1083,PP05,16.0,16.0,0.0
2025-07-12,S1083,PP05,15.0,15.0,0.0
2025-07-19,S1083,PP05,16.0,16.0,0.0
2025-07-26,S1083,PP05,16.0,16.0,0.0
2025-08-02,S1083,PP05,15.0,15.0,0.0
2025-08-09,S1083,PP05,19.0,19.0,0.0
2025-08-16,S1083,PP05,15.0,15.0,0.0
2025-08-23,S1083,PP05,18.0,18.0,0.0
2025-08-30,S1083,PP05,17.0,17.0,0.0
2025-09-06,S1083,PP05,15.0,15.0,0.0
2025-09-13,S1083,PP05,16.0,16.0,0.0
2025-09-20,S1083,PP05,15.0,15.0,0.0
2025-09-27,S1083,PP05,14.0,14.0,0.0
2025-10-04,S1083,PP05,14.0,14.0,0.0
2025-10-11,S1083,PP05,17.0,17.0,0.0
2025-10-18,S1083,PP05,17.0,17.0,0.0
2025-10-25,S1083,PP05,17.0,17.0,0.0
2025-11-01,S1083,PP05,17.0,17.0,0.0
2025-11-08,S1083,PP05,18.0,18.0,0.0
2025-11-15,S1083,PP05,19.0,19.0,0.0
2025-11-22,S1083,PP05,18.0,18.0,0.0
2025-11-29,S1083,PP05,23.0,22.0,1.0
2025-12-06,S1083,PP05,25.0,22.0,4.0
2025-12-13,S1083,PP05,25.0,22.0,7.0
2025-12-20,S1083,PP05,26.0,22.0,11.0
2025-12-27,S1083,PP05,17.0,22.0,6.0
2026-01-03,S1083,PP05,15.0,21.0,0.0
2026-01-10,S1083,PP05,13.0,13.0,0.0
2026-01-17,S1083,PP05,13.0,13.0,0.0
2026-01-24,S1083,PP05,11.0,11.0,0.0
2026-01-31,S1083,PP05,15.0,15.0,0.0
2026-02-07,S1083,PP05,15.0,15.0,0.0
2026-02-14,S1083,PP05,12.0,12.0,0.0
2026-02-21,S1083,PP05,15.0,15.0,0.0
2026-02-28,S1083,PP05,14.0,14.0,0.0
2026-03-07,S1083,PP05,15.0,15.0,0.0
2026-03-14,S1083,PP05,14.0,14.0,0.0
2026-03-21,S1083,PP05,17.0,17.0,0.0
2026-03-28,S1083,PP05,19.0,19.0,0.0
2026-04-04,S1083,PP05,16.0,16.0,0.0
2026-04-11,S1083,PP05,13.0,13.0,0.0
2026-04-18,S1083,PP05,17.0,17.0,0.0
2026-04-25,S1083,PP05,16.0,16.0,0.0
2026-05-02,S1083,PP05,15.0,15.0,0.0
2026-05-09,S1083,PP05,18.0,18.0,0.0
2026-05-16,S1083,PP05,19.0,19.0,0.0
2026-05-23,S1083,PP05,16.0,16.0,0.0
2026-05-30,S1083,PP05,14.0,14.0,0.0
2026-06-06,S1083,PP05,13.0,13.0,0.0
2026-06-13,S1083,PP05,15.0,15.0,0.0
2026-06-20,S1083,PP05,16.0,16.0,0.0
2026-06-27,S1083,PP05,16.0,16.0,0.0
2026-07-04,S1083,PP05,15.0,15.0,0.0
2026-07-11,S1083,PP05,18.0,18.0,0.0
2026-07-18,S1083,PP05,17.0,17.0,0.0
2026-07-25,S1083,PP05,17.0,17.0,0.0
2022-08-06,S1084,PP05,27.0,27.0,0.0
2022-08-13,S1084,PP05,23.0,23.0,0.0
2022-08-20,S1084,PP05,22.0,22.0,0.0
2022-08-27,S1084,PP05,23.0,23.0,0.0
2022-09-03,S1084,PP05,22.0,22.0,0.0
2022-09-10,S1084,PP05,19.0,19.0,0.0
2022-09-17,S1084,PP05,22.0,22.0,0.0
2022-09-24,S1084,PP05,26.0,26.0,0.0
2022-10-01,S1084,PP05,25.0,25.0,0.0
2022-10-08,S1084,PP05,25.0,25.0,0.0
2022-10-15,S1084,PP05,24.0,24.0,0.0
2022-10-22,S1084,PP05,29.0,29.0,0.0
2022-10-29,S1084,PP05,23.0,23.0,0.0
2022-11-05,S1084,PP05,25.0,25.0,0.0
2022-11-12,S1084,PP05,31.0,31.0,0.0
2022-11-19,S1084,PP05,30.0,30.0,0.0
2022-11-26,S1084,PP05,31.0,31.0,0.0
2022-12-03,S1084,PP05,37.0,36.0,1.0
2022-12-10,S1084,PP05,36.0,36.0,1.0
2022-12-17,S1084,PP05,32.0,33.0,0.0
2022-12-24,S1084,PP05,28.0,28.0,0.0
2022-12-31,S1084,PP05,27.0,27.0,0.0
2023-01-07,S1084,PP05,22.0,22.0,0.0
2023-01-14,S1084,PP05,22.0,22.0,0.0
2023-01-21,S1084,PP05,19.0,19.0,0.0
2023-01-28,S1084,PP05,20.0,20.0,0.0
2023-02-04,S1084,PP05,25.0,25.0,0.0
2023-02-11,S1084,PP05,24.0,24.0,0.0
2023-02-18,S1084,PP05,23.0,23.0,0.0
2023-02-25,S1084,PP05,20.0,20.0,0.0
2023-03-04,S1084,PP05,22.0,22.0,0.0
2023-03-11,S1084,PP05,21.0,21.0,0.0
2023-03-18,S1084,PP05,24.0,24.0,0.0
2023-03-25,S1084,PP05,23.0,23.0,0.0
2023-04-01,S1084,PP05,28.0,28.0,0.0
2023-04-08,S1084,PP05,21.0,21.0,0.0
2023-04-15,S1084,PP05,22.0,22.0,0.0
2023-04-22,S1084,PP05,25.0,25.0,0.0
2023-04-29,S1084,PP05,26.0,26.0,0.0
2023-05-06,S1084,PP05,19.0,19.0,0.0
2023-05-13,S1084,PP05,21.0,21.0,0.0
2023-05-20,S1084,PP05,24.0,24.0,0.0
2023-05-27,S1084,PP05,29.0,29.0,0.0
2023-06-03,S1084,PP05,30.0,30.0,0.0
2023-06-10,S1084,PP05,24.0,24.0,0.0
2023-06-17,S1084,PP05,24.0,24.0,0.0
2023-06-24,S1084,PP05,22.0,22.0,0.0
2023-07-01,S1084,PP05,26.0,26.0,0.0
2023-07-08,S1084,PP05,28.0,28.0,0.0
2023-07-15,S1084,PP05,28.0,28.0,0.0
2023-07-22,S1084,PP05,25.0,25.0,0.0
2023-07-29,S1084,PP05,23.0,23.0,0.0
2023-08-05,S1084,PP05,26.0,26.0,0.0
2023-08-12,S1084,PP05,30.0,30.0,0.0
2023-08-19,S1084,PP05,24.0,24.0,0.0
2023-08-26,S1084,PP05,21.0,21.0,0.0
2023-09-02,S1084,PP05,23.0,23.0,0.0
2023-09-09,S1084,PP05,23.0,23.0,0.0
2023-09-16,S1084,PP05,20.0,20.0,0.0
2023-09-23,S1084,PP05,24.0,24.0,0.0
2023-09-30,S1084,PP05,25.0,25.0,0.0
2023-10-07,S1084,PP05,28.0,28.0,0.0
2023-10-14,S1084,PP05,21.0,21.0,0.0
2023-10-21,S1084,PP05,27.0,27.0,0.0
2023-10-28,S1084,PP05,29.0,29.0,0.0
2023-11-04,S1084,PP05,29.0,29.0,0.0
2023-11-11,S1084,PP05,26.0,26.0,0.0
2023-11-18,S1084,PP05,28.0,28.0,0.0
2023-11-25,S1084,PP05,34.0,34.0,0.0
2023-12-02,S1084,PP05,36.0,36.0,0.0
2023-12-09,S1084,PP05,36.0,36.0,0.0
2023-12-16,S1084,PP05,42.0,36.0,6.0
2023-12-23,S1084,PP05,31.0,36.0,1.0
2023-12-30,S1084,PP05,23.0,24.0,0.0
2024-01-06,S1084,PP05,22.0,22.0,0.0
2024-01-13,S1084,PP05,20.0,20.0,0.0
2024-01-20,S1084,PP05,20.0,20.0,0.0
2024-01-27,S1084,PP05,21.0,21.0,0.0
2024-02-03,S1084,PP05,25.0,25.0,0.0
2024-02-10,S1084,PP05,20.0,20.0,0.0
2024-02-17,S1084,PP05,22.0,22.0,0.0
2024-02-24,S1084,PP05,27.0,27.0,0.0
2024-03-02,S1084,PP05,20.0,20.0,0.0
2024-03-09,S1084,PP05,24.0,24.0,0.0
2024-03-16,S1084,PP05,27.0,27.0,0.0
2024-03-23,S1084,PP05,27.0,27.0,0.0
2024-03-30,S1084,PP05,26.0,26.0,0.0
2024-04-06,S1084,PP05,26.0,26.0,0.0
2024-04-13,S1084,PP05,22.0,22.0,0.0
2024-04-20,S1084,PP05,28.0,28.0,0.0
2024-04-27,S1084,PP05,22.0,22.0,0.0
2024-05-04,S1084,PP05,23.0,23.0,0.0
2024-05-11,S1084,PP05,28.0,28.0,0.0
2024-05-18,S1084,PP05,25.0,25.0,0.0
2024-05-25,S1084,PP05,27.0,27.0,0.0
2024-06-01,S1084,PP05,27.0,27.0,0.0
2024-06-08,S1084,PP05,30.0,30.0,0.0
2024-06-15,S1084,PP05,26.0,26.0,0.0
2024-06-22,S1084,PP05,24.0,24.0,0.0
2024-06-29,S1084,PP05,27.0,27.0,0.0
2024-07-06,S1084,PP05,23.0,23.0,0.0
2024-07-13,S1084,PP05,27.0,27.0,0.0
2024-07-20,S1084,PP05,25.0,25.0,0.0
2024-07-27,S1084,PP05,27.0,27.0,0.0
2024-08-03,S1084,PP05,22.0,22.0,0.0
2024-08-10,S1084,PP05,21.0,21.0,0.0
2024-08-17,S1084,PP05,22.0,22.0,0.0
2024-08-24,S1084,PP05,30.0,30.0,0.0
2024-08-31,S1084,PP05,22.0,22.0,0.0
2024-09-07,S1084,PP05,25.0,25.0,0.0
2024-09-14,S1084,PP05,22.0,22.0,0.0
2024-09-21,S1084,PP05,23.0,23.0,0.0
2024-09-28,S1084,PP05,24.0,24.0,0.0
2024-10-05,S1084,PP05,29.0,29.0,0.0
2024-10-12,S1084,PP05,26.0,26.0,0.0
2024-10-19,S1084,PP05,27.0,27.0,0.0
2024-10-26,S1084,PP05,31.0,31.0,0.0
2024-11-02,S1084,PP05,26.0,26.0,0.0
2024-11-09,S1084,PP05,33.0,33.0,0.0
2024-11-16,S1084,PP05,34.0,34.0,0.0
2024-11-23,S1084,PP05,37.0,36.0,1.0
2024-11-30,S1084,PP05,35.0,36.0,0.0
2024-12-07,S1084,PP05,37.0,36.0,1.0
2024-12-14,S1084,PP05,36.0,36.0,1.0
2024-12-21,S1084,PP05,31.0,32.0,0.0
2024-12-28,S1084,PP05,27.0,27.0,0.0
2025-01-04,S1084,PP05,26.0,26.0,0.0
2025-01-11,S1084,PP05,20.0,20.0,0.0
2025-01-18,S1084,PP05,21.0,21.0,0.0
2025-01-25,S1084,PP05,22.0,22.0,0.0
2025-02-01,S1084,PP05,20.0,20.0,0.0
2025-02-08,S1084,PP05,20.0,20.0,0.0
2025-02-15,S1084,PP05,23.0,23.0,0.0
2025-02-22,S1084,PP05,22.0,22.0,0.0
2025-03-01,S1084,PP05,22.0,22.0,0.0
2025-03-08,S1084,PP05,29.0,29.0,0.0
2025-03-15,S1084,PP05,22.0,22.0,0.0
2025-03-22,S1084,PP05,31.0,31.0,0.0
2025-03-29,S1084,PP05,26.0,26.0,0.0
2025-04-05,S1084,PP05,28.0,28.0,0.0
2025-04-12,S1084,PP05,28.0,28.0,0.0
2025-04-19,S1084,PP05,28.0,28.0,0.0
2025-04-26,S1084,PP05,32.0,32.0,0.0
2025-05-03,S1084,PP05,25.0,25.0,0.0
2025-05-10,S1084,PP05,27.0,27.0,0.0
2025-05-17,S1084,PP05,25.0,25.0,0.0
2025-05-24,S1084,PP05,23.0,23.0,0.0
2025-05-31,S1084,PP05,25.0,25.0,0.0
2025-06-07,S1084,PP05,32.0,32.0,0.0
2025-06-14,S1084,PP05,26.0,26.0,0.0
2025-06-21,S1084,PP05,32.0,32.0,0.0
2025-06-28,S1084,PP05,33.0,33.0,0.0
2025-07-05,S1084,PP05,36.0,36.0,0.0
2025-07-12,S1084,PP05,32.0,32.0,0.0
2025-07-19,S1084,PP05,34.0,34.0,0.0
2025-07-26,S1084,PP05,28.0,28.0,0.0
2025-08-02,S1084,PP05,29.0,29.0,0.0
2025-08-09,S1084,PP05,29.0,29.0,0.0
2025-08-16,S1084,PP05,28.0,28.0,0.0
2025-08-23,S1084,PP05,28.0,28.0,0.0
2025-08-30,S1084,PP05,28.0,28.0,0.0
2025-09-06,S1084,PP05,24.0,24.0,0.0
2025-09-13,S1084,PP05,22.0,22.0,0.0
2025-09-20,S1084,PP05,26.0,26.0,0.0
2025-09-27,S1084,PP05,24.0,24.0,0.0
2025-10-04,S1084,PP05,24.0,24.0,0.0
2025-10-11,S1084,PP05,26.0,26.0,0.0
2025-10-18,S1084,PP05,26.0,26.0,0.0
2025-10-25,S1084,PP05,32.0,32.0,0.0
2025-11-01,S1084,PP05,29.0,29.0,0.0
2025-11-08,S1084,PP05,35.0,35.0,0.0
2025-11-15,S1084,PP05,34.0,34.0,0.0
2025-11-22,S1084,PP05,35.0,35.0,0.0
2025-11-29,S1084,PP05,38.0,36.0,2.0
2025-12-06,S1084,PP05,35.0,36.0,1.0
2025-12-13,S1084,PP05,43.0,36.0,8.0
2025-12-20,S1084,PP05,40.0,36.0,12.0
2025-12-27,S1084,PP05,35.0,36.0,11.0
2026-01-03,S1084,PP05,23.0,34.0,0.0
2026-01-10,S1084,PP05,19.0,19.0,0.0
2026-01-17,S1084,PP05,20.0,20.0,0.0
2026-01-24,S1084,PP05,26.0,26.0,0.0
2026-01-31,S1084,PP05,24.0,24.0,0.0
2026-02-07,S1084,PP05,23.0,23.0,0.0
2026-02-14,S1084,PP05,22.0,22.0,0.0
2026-02-21,S1084,PP05,24.0,24.0,0.0
2026-02-28,S1084,PP05,24.0,24.0,0.0
2026-03-07,S1084,PP05,29.0,29.0,0.0
2026-03-14,S1084,PP05,30.0,30.0,0.0
2026-03-21,S1084,PP05,24.0,24.0,0.0
2026-03-28,S1084,PP05,29.0,29.0,0.0
2026-04-04,S1084,PP05,29.0,29.0,0.0
2026-04-11,S1084,PP05,24.0,24.0,0.0
2026-04-18,S1084,PP05,27.0,27.0,0.0
2026-04-25,S1084,PP05,29.0,29.0,0.0
2026-05-02,S1084,PP05,29.0,29.0,0.0
2026-05-09,S1084,PP05,25.0,25.0,0.0
2026-05-16,S1084,PP05,30.0,30.0,0.0
2026-05-23,S1084,PP05,31.0,31.0,0.0
2026-05-30,S1084,PP05,33.0,33.0,0.0
2026-06-06,S1084,PP05,26.0,26.0,0.0
2026-06-13,S1084,PP05,26.0,26.0,0.0
2026-06-20,S1084,PP05,27.0,27.0,0.0
2026-06-27,S1084,PP05,29.0,29.0,0.0
2026-07-04,S1084,PP05,28.0,28.0,0.0
2026-07-11,S1084,PP05,30.0,30.0,0.0
2026-07-18,S1084,PP05,25.0,25.0,0.0
2026-07-25,S1084,PP05,29.0,29.0,0.0
2022-08-06,S1085,PP06,18.0,18.0,0.0
2022-08-13,S1085,PP06,20.0,20.0,0.0
2022-08-20,S1085,PP06,23.0,23.0,0.0
2022-08-27,S1085,PP06,17.0,17.0,0.0
2022-09-03,S1085,PP06,18.0,18.0,0.0
2022-09-10,S1085,PP06,16.0,16.0,0.0
2022-09-17,S1085,PP06,19.0,19.0,0.0
2022-09-24,S1085,PP06,21.0,21.0,0.0
2022-10-01,S1085,PP06,19.0,19.0,0.0
2022-10-08,S1085,PP06,19.0,19.0,0.0
2022-10-15,S1085,PP06,22.0,22.0,0.0
2022-10-22,S1085,PP06,21.0,21.0,0.0
2022-10-29,S1085,PP06,23.0,23.0,0.0
2022-11-05,S1085,PP06,23.0,23.0,0.0
2022-11-12,S1085,PP06,17.0,17.0,0.0
2022-11-19,S1085,PP06,24.0,24.0,0.0
2022-11-26,S1085,PP06,24.0,24.0,0.0
2022-12-03,S1085,PP06,26.0,26.0,0.0
2022-12-10,S1085,PP06,35.0,30.0,5.0
2022-12-17,S1085,PP06,27.0,30.0,2.0
2022-12-24,S1085,PP06,30.0,30.0,2.0
2022-12-31,S1085,PP06,18.0,20.0,0.0
2023-01-07,S1085,PP06,16.0,16.0,0.0
2023-01-14,S1085,PP06,16.0,16.0,0.0
2023-01-21,S1085,PP06,15.0,15.0,0.0
2023-01-28,S1085,PP06,17.0,17.0,0.0
2023-02-04,S1085,PP06,17.0,17.0,0.0
2023-02-11,S1085,PP06,18.0,18.0,0.0
2023-02-18,S1085,PP06,18.0,18.0,0.0
2023-02-25,S1085,PP06,19.0,19.0,0.0
2023-03-04,S1085,PP06,20.0,20.0,0.0
2023-03-11,S1085,PP06,22.0,22.0,0.0
2023-03-18,S1085,PP06,19.0,19.0,0.0
2023-03-25,S1085,PP06,18.0,18.0,0.0
2023-04-01,S1085,PP06,18.0,18.0,0.0
2023-04-08,S1085,PP06,23.0,23.0,0.0
2023-04-15,S1085,PP06,21.0,21.0,0.0
2023-04-22,S1085,PP06,16.0,16.0,0.0
2023-04-29,S1085,PP06,16.0,16.0,0.0
2023-05-06,S1085,PP06,19.0,19.0,0.0
2023-05-13,S1085,PP06,21.0,21.0,0.0
2023-05-20,S1085,PP06,20.0,20.0,0.0
2023-05-27,S1085,PP06,21.0,21.0,0.0
2023-06-03,S1085,PP06,19.0,19.0,0.0
2023-06-10,S1085,PP06,23.0,23.0,0.0
2023-06-17,S1085,PP06,21.0,21.0,0.0
2023-06-24,S1085,PP06,20.0,20.0,0.0
2023-07-01,S1085,PP06,22.0,22.0,0.0
2023-07-08,S1085,PP06,16.0,16.0,0.0
2023-07-15,S1085,PP06,19.0,19.0,0.0
2023-07-22,S1085,PP06,20.0,20.0,0.0
2023-07-29,S1085,PP06,21.0,21.0,0.0
2023-08-05,S1085,PP06,17.0,17.0,0.0
2023-08-12,S1085,PP06,20.0,20.0,0.0
2023-08-19,S1085,PP06,21.0,21.0,0.0
2023-08-26,S1085,PP06,21.0,21.0,0.0
2023-09-02,S1085,PP06,22.0,22.0,0.0
2023-09-09,S1085,PP06,20.0,20.0,0.0
2023-09-16,S1085,PP06,19.0,19.0,0.0
2023-09-23,S1085,PP06,20.0,20.0,0.0
2023-09-30,S1085,PP06,18.0,18.0,0.0
2023-10-07,S1085,PP06,19.0,19.0,0.0
2023-10-14,S1085,PP06,20.0,20.0,0.0
2023-10-21,S1085,PP06,20.0,20.0,0.0
2023-10-28,S1085,PP06,22.0,22.0,0.0
2023-11-04,S1085,PP06,24.0,24.0,0.0
2023-11-11,S1085,PP06,24.0,24.0,0.0
2023-11-18,S1085,PP06,28.0,28.0,0.0
2023-11-25,S1085,PP06,34.0,30.0,4.0
2023-12-02,S1085,PP06,31.0,30.0,5.0
2023-12-09,S1085,PP06,29.0,30.0,4.0
2023-12-16,S1085,PP06,31.0,30.0,5.0
2023-12-23,S1085,PP06,27.0,30.0,2.0
2023-12-30,S1085,PP06,23.0,25.0,0.0
2024-01-06,S1085,PP06,21.0,21.0,0.0
2024-01-13,S1085,PP06,13.0,13.0,0.0
2024-01-20,S1085,PP06,18.0,18.0,0.0
2024-01-27,S1085,PP06,20.0,20.0,0.0
2024-02-03,S1085,PP06,18.0,18.0,0.0
2024-02-10,S1085,PP06,19.0,19.0,0.0
2024-02-17,S1085,PP06,18.0,18.0,0.0
2024-02-24,S1085,PP06,19.0,19.0,0.0
2024-03-02,S1085,PP06,20.0,20.0,0.0
2024-03-09,S1085,PP06,21.0,21.0,0.0
2024-03-16,S1085,PP06,21.0,21.0,0.0
2024-03-23,S1085,PP06,21.0,21.0,0.0
2024-03-30,S1085,PP06,21.0,21.0,0.0
2024-04-06,S1085,PP06,21.0,21.0,0.0
2024-04-13,S1085,PP06,17.0,17.0,0.0
2024-04-20,S1085,PP06,22.0,22.0,0.0
2024-04-27,S1085,PP06,24.0,24.0,0.0
2024-05-04,S1085,PP06,21.0,21.0,0.0
2024-05-11,S1085,PP06,25.0,25.0,0.0
2024-05-18,S1085,PP06,19.0,19.0,0.0
2024-05-25,S1085,PP06,21.0,21.0,0.0
2024-06-01,S1085,PP06,19.0,19.0,0.0
2024-06-08,S1085,PP06,23.0,23.0,0.0
2024-06-15,S1085,PP06,24.0,24.0,0.0
2024-06-22,S1085,PP06,20.0,20.0,0.0
2024-06-29,S1085,PP06,22.0,22.0,0.0
2024-07-06,S1085,PP06,23.0,23.0,0.0
2024-07-13,S1085,PP06,20.0,20.0,0.0
2024-07-20,S1085,PP06,20.0,20.0,0.0
2024-07-27,S1085,PP06,22.0,22.0,0.0
2024-08-03,S1085,PP06,19.0,19.0,0.0
2024-08-10,S1085,PP06,21.0,21.0,0.0
2024-08-17,S1085,PP06,26.0,26.0,0.0
2024-08-24,S1085,PP06,19.0,19.0,0.0
2024-08-31,S1085,PP06,21.0,21.0,0.0
2024-09-07,S1085,PP06,20.0,20.0,0.0
2024-09-14,S1085,PP06,18.0,18.0,0.0
2024-09-21,S1085,PP06,19.0,19.0,0.0
2024-09-28,S1085,PP06,23.0,23.0,0.0
2024-10-05,S1085,PP06,20.0,20.0,0.0
2024-10-12,S1085,PP06,21.0,21.0,0.0
2024-10-19,S1085,PP06,24.0,24.0,0.0
2024-10-26,S1085,PP06,21.0,21.0,0.0
2024-11-02,S1085,PP06,20.0,20.0,0.0
2024-11-09,S1085,PP06,28.0,28.0,0.0
2024-11-16,S1085,PP06,25.0,25.0,0.0
2024-11-23,S1085,PP06,29.0,29.0,0.0
2024-11-30,S1085,PP06,27.0,27.0,0.0
2024-12-07,S1085,PP06,32.0,30.0,2.0
2024-12-14,S1085,PP06,28.0,30.0,0.0
2024-12-21,S1085,PP06,28.0,28.0,0.0
2024-12-28,S1085,PP06,22.0,22.0,0.0
2025-01-04,S1085,PP06,18.0,18.0,0.0
2025-01-11,S1085,PP06,16.0,16.0,0.0
2025-01-18,S1085,PP06,13.0,13.0,0.0
2025-01-25,S1085,PP06,15.0,15.0,0.0
2025-02-01,S1085,PP06,19.0,19.0,0.0
2025-02-08,S1085,PP06,19.0,19.0,0.0
2025-02-15,S1085,PP06,17.0,17.0,0.0
2025-02-22,S1085,PP06,20.0,20.0,0.0
2025-03-01,S1085,PP06,18.0,18.0,0.0
2025-03-08,S1085,PP06,21.0,21.0,0.0
2025-03-15,S1085,PP06,20.0,20.0,0.0
2025-03-22,S1085,PP06,20.0,20.0,0.0
2025-03-29,S1085,PP06,20.0,20.0,0.0
2025-04-05,S1085,PP06,26.0,26.0,0.0
2025-04-12,S1085,PP06,19.0,19.0,0.0
2025-04-19,S1085,PP06,22.0,22.0,0.0
2025-04-26,S1085,PP06,23.0,23.0,0.0
2025-05-03,S1085,PP06,20.0,20.0,0.0
2025-05-10,S1085,PP06,19.0,19.0,0.0
2025-05-17,S1085,PP06,21.0,21.0,0.0
2025-05-24,S1085,PP06,24.0,24.0,0.0
2025-05-31,S1085,PP06,21.0,21.0,0.0
2025-06-07,S1085,PP06,21.0,21.0,0.0
2025-06-14,S1085,PP06,23.0,23.0,0.0
2025-06-21,S1085,PP06,19.0,19.0,0.0
2025-06-28,S1085,PP06,21.0,21.0,0.0
2025-07-05,S1085,PP06,18.0,18.0,0.0
2025-07-12,S1085,PP06,22.0,22.0,0.0
2025-07-19,S1085,PP06,22.0,22.0,0.0
2025-07-26,S1085,PP06,24.0,24.0,0.0
2025-08-02,S1085,PP06,20.0,20.0,0.0
2025-08-09,S1085,PP06,22.0,22.0,0.0
2025-08-16,S1085,PP06,20.0,20.0,0.0
2025-08-23,S1085,PP06,21.0,21.0,0.0
2025-08-30,S1085,PP06,24.0,24.0,0.0
2025-09-06,S1085,PP06,20.0,20.0,0.0
2025-09-13,S1085,PP06,17.0,17.0,0.0
2025-09-20,S1085,PP06,19.0,19.0,0.0
2025-09-27,S1085,PP06,17.0,17.0,0.0
2025-10-04,S1085,PP06,18.0,18.0,0.0
2025-10-11,S1085,PP06,22.0,22.0,0.0
2025-10-18,S1085,PP06,19.0,19.0,0.0
2025-10-25,S1085,PP06,24.0,24.0,0.0
2025-11-01,S1085,PP06,24.0,24.0,0.0
2025-11-08,S1085,PP06,24.0,24.0,0.0
2025-11-15,S1085,PP06,27.0,27.0,0.0
2025-11-22,S1085,PP06,26.0,26.0,0.0
2025-11-29,S1085,PP06,33.0,30.0,3.0
2025-12-06,S1085,PP06,30.0,30.0,3.0
2025-12-13,S1085,PP06,32.0,30.0,5.0
2025-12-20,S1085,PP06,28.0,30.0,3.0
2025-12-27,S1085,PP06,27.0,30.0,0.0
2026-01-03,S1085,PP06,23.0,23.0,0.0
2026-01-10,S1085,PP06,14.0,14.0,0.0
2026-01-17,S1085,PP06,18.0,18.0,0.0
2026-01-24,S1085,PP06,15.0,15.0,0.0
2026-01-31,S1085,PP06,18.0,18.0,0.0
2026-02-07,S1085,PP06,19.0,19.0,0.0
2026-02-14,S1085,PP06,19.0,19.0,0.0
2026-02-21,S1085,PP06,22.0,22.0,0.0
2026-02-28,S1085,PP06,22.0,22.0,0.0
2026-03-07,S1085,PP06,20.0,20.0,0.0
2026-03-14,S1085,PP06,20.0,20.0,0.0
2026-03-21,S1085,PP06,21.0,21.0,0.0
2026-03-28,S1085,PP06,18.0,18.0,0.0
2026-04-04,S1085,PP06,21.0,21.0,0.0
2026-04-11,S1085,PP06,25.0,25.0,0.0
2026-04-18,S1085,PP06,19.0,19.0,0.0
2026-04-25,S1085,PP06,22.0,22.0,0.0
2026-05-02,S1085,PP06,22.0,22.0,0.0
2026-05-09,S1085,PP06,29.0,29.0,0.0
2026-05-16,S1085,PP06,22.0,22.0,0.0
2026-05-23,S1085,PP06,22.0,22.0,0.0
2026-05-30,S1085,PP06,20.0,20.0,0.0
2026-06-06,S1085,PP06,22.0,22.0,0.0
2026-06-13,S1085,PP06,23.0,23.0,0.0
2026-06-20,S1085,PP06,20.0,20.0,0.0
2026-06-27,S1085,PP06,25.0,25.0,0.0
2026-07-04,S1085,PP06,23.0,23.0,0.0
2026-07-11,S1085,PP06,24.0,24.0,0.0
2026-07-18,S1085,PP06,22.0,22.0,0.0
2026-07-25,S1085,PP06,23.0,23.0,0.0
2022-08-06,S1086,PP06,9.0,9.0,0.0
2022-08-13,S1086,PP06,10.0,10.0,0.0
2022-08-20,S1086,PP06,9.0,9.0,0.0
2022-08-27,S1086,PP06,9.0,9.0,0.0
2022-09-03,S1086,PP06,8.0,8.0,0.0
2022-09-10,S1086,PP06,8.0,8.0,0.0
2022-09-17,S1086,PP06,9.0,9.0,0.0
2022-09-24,S1086,PP06,9.0,9.0,0.0
2022-10-01,S1086,PP06,8.0,8.0,0.0
2022-10-08,S1086,PP06,9.0,9.0,0.0
2022-10-15,S1086,PP06,9.0,9.0,0.0
2022-10-22,S1086,PP06,9.0,9.0,0.0
2022-10-29,S1086,PP06,8.0,8.0,0.0
2022-11-05,S1086,PP06,9.0,9.0,0.0
2022-11-12,S1086,PP06,9.0,9.0,0.0
2022-11-19,S1086,PP06,11.0,11.0,0.0
2022-11-26,S1086,PP06,11.0,11.0,0.0
2022-12-03,S1086,PP06,12.0,12.0,0.0
2022-12-10,S1086,PP06,12.0,12.0,0.0
2022-12-17,S1086,PP06,12.0,12.0,0.0
2022-12-24,S1086,PP06,10.0,10.0,0.0
2022-12-31,S1086,PP06,10.0,10.0,0.0
2023-01-07,S1086,PP06,8.0,8.0,0.0
2023-01-14,S1086,PP06,7.0,7.0,0.0
2023-01-21,S1086,PP06,7.0,7.0,0.0
2023-01-28,S1086,PP06,6.0,6.0,0.0
2023-02-04,S1086,PP06,7.0,7.0,0.0
2023-02-11,S1086,PP06,7.0,7.0,0.0
2023-02-18,S1086,PP06,8.0,8.0,0.0
2023-02-25,S1086,PP06,9.0,9.0,0.0
2023-03-04,S1086,PP06,9.0,9.0,0.0
2023-03-11,S1086,PP06,10.0,10.0,0.0
2023-03-18,S1086,PP06,8.0,8.0,0.0
2023-03-25,S1086,PP06,8.0,8.0,0.0
2023-04-01,S1086,PP06,10.0,10.0,0.0
2023-04-08,S1086,PP06,9.0,9.0,0.0
2023-04-15,S1086,PP06,9.0,9.0,0.0
2023-04-22,S1086,PP06,11.0,11.0,0.0
2023-04-29,S1086,PP06,9.0,9.0,0.0
2023-05-06,S1086,PP06,9.0,9.0,0.0
2023-05-13,S1086,PP06,8.0,8.0,0.0
2023-05-20,S1086,PP06,10.0,10.0,0.0
2023-05-27,S1086,PP06,9.0,9.0,0.0
2023-06-03,S1086,PP06,9.0,9.0,0.0
2023-06-10,S1086,PP06,9.0,9.0,0.0
2023-06-17,S1086,PP06,10.0,10.0,0.0
2023-06-24,S1086,PP06,9.0,9.0,0.0
2023-07-01,S1086,PP06,10.0,10.0,0.0
2023-07-08,S1086,PP06,9.0,9.0,0.0
2023-07-15,S1086,PP06,9.0,9.0,0.0
2023-07-22,S1086,PP06,8.0,8.0,0.0
2023-07-29,S1086,PP06,11.0,11.0,0.0
2023-08-05,S1086,PP06,8.0,8.0,0.0
2023-08-12,S1086,PP06,10.0,10.0,0.0
2023-08-19,S1086,PP06,8.0,8.0,0.0
2023-08-26,S1086,PP06,9.0,9.0,0.0
2023-09-02,S1086,PP06,8.0,8.0,0.0
2023-09-09,S1086,PP06,9.0,9.0,0.0
2023-09-16,S1086,PP06,9.0,9.0,0.0
2023-09-23,S1086,PP06,8.0,8.0,0.0
2023-09-30,S1086,PP06,8.0,8.0,0.0
2023-10-07,S1086,PP06,10.0,10.0,0.0
2023-10-14,S1086,PP06,7.0,7.0,0.0
2023-10-21,S1086,PP06,8.0,8.0,0.0
2023-10-28,S1086,PP06,10.0,10.0,0.0
2023-11-04,S1086,PP06,10.0,10.0,0.0
2023-11-11,S1086,PP06,10.0,10.0,0.0
2023-11-18,S1086,PP06,12.0,12.0,0.0
2023-11-25,S1086,PP06,11.0,11.0,0.0
2023-12-02,S1086,PP06,12.0,12.0,0.0
2023-12-09,S1086,PP06,13.0,13.0,0.0
2023-12-16,S1086,PP06,13.0,13.0,0.0
2023-12-23,S1086,PP06,13.0,13.0,0.0
2023-12-30,S1086,PP06,8.0,8.0,0.0
2024-01-06,S1086,PP06,7.0,7.0,0.0
2024-01-13,S1086,PP06,6.0,6.0,0.0
2024-01-20,S1086,PP06,8.0,8.0,0.0
2024-01-27,S1086,PP06,7.0,7.0,0.0
2024-02-03,S1086,PP06,7.0,7.0,0.0
2024-02-10,S1086,PP06,7.0,7.0,0.0
2024-02-17,S1086,PP06,8.0,8.0,0.0
2024-02-24,S1086,PP06,9.0,9.0,0.0
2024-03-02,S1086,PP06,9.0,9.0,0.0
2024-03-09,S1086,PP06,9.0,9.0,0.0
2024-03-16,S1086,PP06,7.0,7.0,0.0
2024-03-23,S1086,PP06,8.0,8.0,0.0
2024-03-30,S1086,PP06,9.0,9.0,0.0
2024-04-06,S1086,PP06,8.0,8.0,0.0
2024-04-13,S1086,PP06,9.0,9.0,0.0
2024-04-20,S1086,PP06,10.0,10.0,0.0
2024-04-27,S1086,PP06,9.0,9.0,0.0
2024-05-04,S1086,PP06,10.0,10.0,0.0
2024-05-11,S1086,PP06,9.0,9.0,0.0
2024-05-18,S1086,PP06,11.0,11.0,0.0
2024-05-25,S1086,PP06,11.0,11.0,0.0
2024-06-01,S1086,PP06,8.0,8.0,0.0
2024-06-08,S1086,PP06,10.0,10.0,0.0
2024-06-15,S1086,PP06,10.0,10.0,0.0
2024-06-22,S1086,PP06,8.0,8.0,0.0
2024-06-29,S1086,PP06,8.0,8.0,0.0
2024-07-06,S1086,PP06,8.0,8.0,0.0
2024-07-13,S1086,PP06,9.0,9.0,0.0
2024-07-20,S1086,PP06,9.0,9.0,0.0
2024-07-27,S1086,PP06,9.0,9.0,0.0
2024-08-03,S1086,PP06,10.0,10.0,0.0
2024-08-10,S1086,PP06,8.0,8.0,0.0
2024-08-17,S1086,PP06,8.0,8.0,0.0
2024-08-24,S1086,PP06,10.0,10.0,0.0
2024-08-31,S1086,PP06,9.0,9.0,0.0
2024-09-07,S1086,PP06,8.0,8.0,0.0
2024-09-14,S1086,PP06,9.0,9.0,0.0
2024-09-21,S1086,PP06,10.0,10.0,0.0
2024-09-28,S1086,PP06,9.0,9.0,0.0
2024-10-05,S1086,PP06,8.0,8.0,0.0
2024-10-12,S1086,PP06,10.0,10.0,0.0
2024-10-19,S1086,PP06,11.0,11.0,0.0
2024-10-26,S1086,PP06,9.0,9.0,0.0
2024-11-02,S1086,PP06,10.0,10.0,0.0
2024-11-09,S1086,PP06,12.0,12.0,0.0
2024-11-16,S1086,PP06,11.0,11.0,0.0
2024-11-23,S1086,PP06,10.0,10.0,0.0
2024-11-30,S1086,PP06,13.0,13.0,0.0
2024-12-07,S1086,PP06,12.0,12.0,0.0
2024-12-14,S1086,PP06,12.0,12.0,0.0
2024-12-21,S1086,PP06,10.0,10.0,0.0
2024-12-28,S1086,PP06,12.0,12.0,0.0
2025-01-04,S1086,PP06,8.0,8.0,0.0
2025-01-11,S1086,PP06,7.0,7.0,0.0
2025-01-18,S1086,PP06,8.0,8.0,0.0
2025-01-25,S1086,PP06,8.0,8.0,0.0
2025-02-01,S1086,PP06,8.0,8.0,0.0
2025-02-08,S1086,PP06,8.0,8.0,0.0
2025-02-15,S1086,PP06,8.0,8.0,0.0
2025-02-22,S1086,PP06,8.0,8.0,0.0
2025-03-01,S1086,PP06,8.0,8.0,0.0
2025-03-08,S1086,PP06,9.0,9.0,0.0
2025-03-15,S1086,PP06,9.0,9.0,0.0
2025-03-22,S1086,PP06,9.0,9.0,0.0
2025-03-29,S1086,PP06,10.0,10.0,0.0
2025-04-05,S1086,PP06,9.0,9.0,0.0
2025-04-12,S1086,PP06,8.0,8.0,0.0
2025-04-19,S1086,PP06,8.0,8.0,0.0
2025-04-26,S1086,PP06,9.0,9.0,0.0
2025-05-03,S1086,PP06,9.0,9.0,0.0
2025-05-10,S1086,PP06,9.0,9.0,0.0
2025-05-17,S1086,PP06,10.0,10.0,0.0
2025-05-24,S1086,PP06,10.0,10.0,0.0
2025-05-31,S1086,PP06,12.0,12.0,0.0
2025-06-07,S1086,PP06,10.0,10.0,0.0
2025-06-14,S1086,PP06,11.0,11.0,0.0
2025-06-21,S1086,PP06,10.0,10.0,0.0
2025-06-28,S1086,PP06,11.0,11.0,0.0
2025-07-05,S1086,PP06,9.0,9.0,0.0
2025-07-12,S1086,PP06,9.0,9.0,0.0
2025-07-19,S1086,PP06,9.0,9.0,0.0
2025-07-26,S1086,PP06,10.0,10.0,0.0
2025-08-02,S1086,PP06,9.0,9.0,0.0
2025-08-09,S1086,PP06,9.0,9.0,0.0
2025-08-16,S1086,PP06,10.0,10.0,0.0
2025-08-23,S1086,PP06,9.0,9.0,0.0
2025-08-30,S1086,PP06,8.0,8.0,0.0
2025-09-06,S1086,PP06,8.0,8.0,0.0
2025-09-13,S1086,PP06,9.0,9.0,0.0
2025-09-20,S1086,PP06,8.0,8.0,0.0
2025-09-27,S1086,PP06,9.0,9.0,0.0
2025-10-04,S1086,PP06,10.0,10.0,0.0
2025-10-11,S1086,PP06,10.0,10.0,0.0
2025-10-18,S1086,PP06,9.0,9.0,0.0
2025-10-25,S1086,PP06,9.0,9.0,0.0
2025-11-01,S1086,PP06,10.0,10.0,0.0
2025-11-08,S1086,PP06,12.0,12.0,0.0
2025-11-15,S1086,PP06,13.0,13.0,0.0
2025-11-22,S1086,PP06,13.0,13.0,0.0
2025-11-29,S1086,PP06,15.0,14.0,1.0
2025-12-06,S1086,PP06,17.0,14.0,4.0
2025-12-13,S1086,PP06,14.0,14.0,4.0
2025-12-20,S1086,PP06,15.0,14.0,5.0
2025-12-27,S1086,PP06,11.0,14.0,2.0
2026-01-03,S1086,PP06,11.0,13.0,0.0
2026-01-10,S1086,PP06,8.0,8.0,0.0
2026-01-17,S1086,PP06,6.0,6.0,0.0
2026-01-24,S1086,PP06,7.0,7.0,0.0
2026-01-31,S1086,PP06,7.0,7.0,0.0
2026-02-07,S1086,PP06,7.0,7.0,0.0
2026-02-14,S1086,PP06,10.0,10.0,0.0
2026-02-21,S1086,PP06,11.0,11.0,0.0
2026-02-28,S1086,PP06,9.0,9.0,0.0
2026-03-07,S1086,PP06,10.0,10.0,0.0
2026-03-14,S1086,PP06,11.0,11.0,0.0
2026-03-21,S1086,PP06,10.0,10.0,0.0
2026-03-28,S1086,PP06,10.0,10.0,0.0
2026-04-04,S1086,PP06,9.0,9.0,0.0
2026-04-11,S1086,PP06,10.0,10.0,0.0
2026-04-18,S1086,PP06,11.0,11.0,0.0
2026-04-25,S1086,PP06,10.0,10.0,0.0
2026-05-02,S1086,PP06,11.0,11.0,0.0
2026-05-09,S1086,PP06,10.0,10.0,0.0
2026-05-16,S1086,PP06,9.0,9.0,0.0
2026-05-23,S1086,PP06,11.0,11.0,0.0
2026-05-30,S1086,PP06,9.0,9.0,0.0
2026-06-06,S1086,PP06,11.0,11.0,0.0
2026-06-13,S1086,PP06,11.0,11.0,0.0
2026-06-20,S1086,PP06,9.0,9.0,0.0
2026-06-27,S1086,PP06,9.0,9.0,0.0
2026-07-04,S1086,PP06,12.0,12.0,0.0
2026-07-11,S1086,PP06,10.0,10.0,0.0
2026-07-18,S1086,PP06,9.0,9.0,0.0
2026-07-25,S1086,PP06,11.0,11.0,0.0
2022-08-06,S1087,PP06,13.0,13.0,0.0
2022-08-13,S1087,PP06,11.0,11.0,0.0
2022-08-20,S1087,PP06,14.0,14.0,0.0
2022-08-27,S1087,PP06,12.0,12.0,0.0
2022-09-03,S1087,PP06,14.0,14.0,0.0
2022-09-10,S1087,PP06,12.0,12.0,0.0
2022-09-17,S1087,PP06,14.0,14.0,0.0
2022-09-24,S1087,PP06,13.0,13.0,0.0
2022-10-01,S1087,PP06,10.0,10.0,0.0
2022-10-08,S1087,PP06,14.0,14.0,0.0
2022-10-15,S1087,PP06,13.0,13.0,0.0
2022-10-22,S1087,PP06,16.0,16.0,0.0
2022-10-29,S1087,PP06,15.0,15.0,0.0
2022-11-05,S1087,PP06,16.0,16.0,0.0
2022-11-12,S1087,PP06,15.0,15.0,0.0
2022-11-19,S1087,PP06,16.0,16.0,0.0
2022-11-26,S1087,PP06,18.0,18.0,0.0
2022-12-03,S1087,PP06,19.0,19.0,0.0
2022-12-10,S1087,PP06,24.0,20.0,4.0
2022-12-17,S1087,PP06,19.0,20.0,3.0
2022-12-24,S1087,PP06,15.0,18.0,0.0
2022-12-31,S1087,PP06,13.0,13.0,0.0
2023-01-07,S1087,PP06,13.0,13.0,0.0
2023-01-14,S1087,PP06,10.0,10.0,0.0
2023-01-21,S1087,PP06,11.0,11.0,0.0
2023-01-28,S1087,PP06,13.0,13.0,0.0
2023-02-04,S1087,PP06,11.0,11.0,0.0
2023-02-11,S1087,PP06,10.0,10.0,0.0
2023-02-18,S1087,PP06,12.0,12.0,0.0
2023-02-25,S1087,PP06,13.0,13.0,0.0
2023-03-04,S1087,PP06,13.0,13.0,0.0
2023-03-11,S1087,PP06,11.0,11.0,0.0
2023-03-18,S1087,PP06,15.0,15.0,0.0
2023-03-25,S1087,PP06,14.0,14.0,0.0
2023-04-01,S1087,PP06,14.0,14.0,0.0
2023-04-08,S1087,PP06,14.0,14.0,0.0
2023-04-15,S1087,PP06,12.0,12.0,0.0
2023-04-22,S1087,PP06,14.0,14.0,0.0
2023-04-29,S1087,PP06,15.0,15.0,0.0
2023-05-06,S1087,PP06,16.0,16.0,0.0
2023-05-13,S1087,PP06,15.0,15.0,0.0
2023-05-20,S1087,PP06,15.0,15.0,0.0
2023-05-27,S1087,PP06,12.0,12.0,0.0
2023-06-03,S1087,PP06,14.0,14.0,0.0
2023-06-10,S1087,PP06,12.0,12.0,0.0
2023-06-17,S1087,PP06,15.0,15.0,0.0
2023-06-24,S1087,PP06,15.0,15.0,0.0
2023-07-01,S1087,PP06,12.0,12.0,0.0
2023-07-08,S1087,PP06,13.0,13.0,0.0
2023-07-15,S1087,PP06,14.0,14.0,0.0
2023-07-22,S1087,PP06,15.0,15.0,0.0
2023-07-29,S1087,PP06,12.0,12.0,0.0
2023-08-05,S1087,PP06,11.0,11.0,0.0
2023-08-12,S1087,PP06,14.0,14.0,0.0
2023-08-19,S1087,PP06,11.0,11.0,0.0
2023-08-26,S1087,PP06,14.0,14.0,0.0
2023-09-02,S1087,PP06,14.0,14.0,0.0
2023-09-09,S1087,PP06,15.0,15.0,0.0
2023-09-16,S1087,PP06,12.0,12.0,0.0
2023-09-23,S1087,PP06,13.0,13.0,0.0
2023-09-30,S1087,PP06,14.0,14.0,0.0
2023-10-07,S1087,PP06,12.0,12.0,0.0
2023-10-14,S1087,PP06,14.0,14.0,0.0
2023-10-21,S1087,PP06,14.0,14.0,0.0
2023-10-28,S1087,PP06,14.0,14.0,0.0
2023-11-04,S1087,PP06,15.0,15.0,0.0
2023-11-11,S1087,PP06,16.0,16.0,0.0
2023-11-18,S1087,PP06,18.0,18.0,0.0
2023-11-25,S1087,PP06,18.0,18.0,0.0
2023-12-02,S1087,PP06,20.0,20.0,0.0
2023-12-09,S1087,PP06,20.0,20.0,0.0
2023-12-16,S1087,PP06,19.0,19.0,0.0
2023-12-23,S1087,PP06,18.0,18.0,0.0
2023-12-30,S1087,PP06,14.0,14.0,0.0
2024-01-06,S1087,PP06,14.0,14.0,0.0
2024-01-13,S1087,PP06,11.0,11.0,0.0
2024-01-20,S1087,PP06,10.0,10.0,0.0
2024-01-27,S1087,PP06,12.0,12.0,0.0
2024-02-03,S1087,PP06,11.0,11.0,0.0
2024-02-10,S1087,PP06,11.0,11.0,0.0
2024-02-17,S1087,PP06,12.0,12.0,0.0
2024-02-24,S1087,PP06,13.0,13.0,0.0
2024-03-02,S1087,PP06,14.0,14.0,0.0
2024-03-09,S1087,PP06,14.0,14.0,0.0
2024-03-16,S1087,PP06,15.0,15.0,0.0
2024-03-23,S1087,PP06,12.0,12.0,0.0
2024-03-30,S1087,PP06,13.0,13.0,0.0
2024-04-06,S1087,PP06,16.0,16.0,0.0
2024-04-13,S1087,PP06,11.0,11.0,0.0
2024-04-20,S1087,PP06,13.0,13.0,0.0
2024-04-27,S1087,PP06,13.0,13.0,0.0
2024-05-04,S1087,PP06,14.0,14.0,0.0
2024-05-11,S1087,PP06,14.0,14.0,0.0
2024-05-18,S1087,PP06,16.0,16.0,0.0
2024-05-25,S1087,PP06,15.0,15.0,0.0
2024-06-01,S1087,PP06,13.0,13.0,0.0
2024-06-08,S1087,PP06,13.0,13.0,0.0
2024-06-15,S1087,PP06,14.0,14.0,0.0
2024-06-22,S1087,PP06,15.0,15.0,0.0
2024-06-29,S1087,PP06,18.0,18.0,0.0
2024-07-06,S1087,PP06,15.0,15.0,0.0
2024-07-13,S1087,PP06,12.0,12.0,0.0
2024-07-20,S1087,PP06,14.0,14.0,0.0
2024-07-27,S1087,PP06,14.0,14.0,0.0
2024-08-03,S1087,PP06,14.0,14.0,0.0
2024-08-10,S1087,PP06,15.0,15.0,0.0
2024-08-17,S1087,PP06,11.0,11.0,0.0
2024-08-24,S1087,PP06,15.0,15.0,0.0
2024-08-31,S1087,PP06,13.0,13.0,0.0
2024-09-07,S1087,PP06,13.0,13.0,0.0
2024-09-14,S1087,PP06,15.0,15.0,0.0
2024-09-21,S1087,PP06,12.0,12.0,0.0
2024-09-28,S1087,PP06,14.0,14.0,0.0
2024-10-05,S1087,PP06,15.0,15.0,0.0
2024-10-12,S1087,PP06,14.0,14.0,0.0
2024-10-19,S1087,PP06,12.0,12.0,0.0
2024-10-26,S1087,PP06,17.0,17.0,0.0
2024-11-02,S1087,PP06,15.0,15.0,0.0
2024-11-09,S1087,PP06,15.0,15.0,0.0
2024-11-16,S1087,PP06,17.0,17.0,0.0
2024-11-23,S1087,PP06,18.0,18.0,0.0
2024-11-30,S1087,PP06,18.0,18.0,0.0
2024-12-07,S1087,PP06,22.0,20.0,2.0
2024-12-14,S1087,PP06,20.0,20.0,2.0
2024-12-21,S1087,PP06,20.0,20.0,2.0
2024-12-28,S1087,PP06,17.0,19.0,0.0
2025-01-04,S1087,PP06,16.0,16.0,0.0
2025-01-11,S1087,PP06,11.0,11.0,0.0
2025-01-18,S1087,PP06,10.0,10.0,0.0
2025-01-25,S1087,PP06,10.0,10.0,0.0
2025-02-01,S1087,PP06,15.0,15.0,0.0
2025-02-08,S1087,PP06,13.0,13.0,0.0
2025-02-15,S1087,PP06,12.0,12.0,0.0
2025-02-22,S1087,PP06,16.0,16.0,0.0
2025-03-01,S1087,PP06,15.0,15.0,0.0
2025-03-08,S1087,PP06,12.0,12.0,0.0
2025-03-15,S1087,PP06,13.0,13.0,0.0
2025-03-22,S1087,PP06,14.0,14.0,0.0
2025-03-29,S1087,PP06,13.0,13.0,0.0
2025-04-05,S1087,PP06,14.0,14.0,0.0
2025-04-12,S1087,PP06,15.0,15.0,0.0
2025-04-19,S1087,PP06,13.0,13.0,0.0
2025-04-26,S1087,PP06,15.0,15.0,0.0
2025-05-03,S1087,PP06,17.0,17.0,0.0
2025-05-10,S1087,PP06,16.0,16.0,0.0
2025-05-17,S1087,PP06,15.0,15.0,0.0
2025-05-24,S1087,PP06,14.0,14.0,0.0
2025-05-31,S1087,PP06,16.0,16.0,0.0
2025-06-07,S1087,PP06,13.0,13.0,0.0
2025-06-14,S1087,PP06,15.0,15.0,0.0
2025-06-21,S1087,PP06,15.0,15.0,0.0
2025-06-28,S1087,PP06,16.0,16.0,0.0
2025-07-05,S1087,PP06,14.0,14.0,0.0
2025-07-12,S1087,PP06,14.0,14.0,0.0
2025-07-19,S1087,PP06,13.0,13.0,0.0
2025-07-26,S1087,PP06,16.0,16.0,0.0
2025-08-02,S1087,PP06,15.0,15.0,0.0
2025-08-09,S1087,PP06,14.0,14.0,0.0
2025-08-16,S1087,PP06,14.0,14.0,0.0
2025-08-23,S1087,PP06,16.0,16.0,0.0
2025-08-30,S1087,PP06,13.0,13.0,0.0
2025-09-06,S1087,PP06,13.0,13.0,0.0
2025-09-13,S1087,PP06,15.0,15.0,0.0
2025-09-20,S1087,PP06,14.0,14.0,0.0
2025-09-27,S1087,PP06,16.0,16.0,0.0
2025-10-04,S1087,PP06,14.0,14.0,0.0
2025-10-11,S1087,PP06,15.0,15.0,0.0
2025-10-18,S1087,PP06,15.0,15.0,0.0
2025-10-25,S1087,PP06,18.0,18.0,0.0
2025-11-01,S1087,PP06,19.0,19.0,0.0
2025-11-08,S1087,PP06,19.0,19.0,0.0
2025-11-15,S1087,PP06,17.0,17.0,0.0
2025-11-22,S1087,PP06,18.0,18.0,0.0
2025-11-29,S1087,PP06,23.0,20.0,3.0
2025-12-06,S1087,PP06,26.0,20.0,9.0
2025-12-13,S1087,PP06,26.0,20.0,15.0
2025-12-20,S1087,PP06,20.0,20.0,15.0
2025-12-27,S1087,PP06,19.0,20.0,14.0
2026-01-03,S1087,PP06,16.0,20.0,10.0
2026-01-10,S1087,PP06,12.0,20.0,2.0
2026-01-17,S1087,PP06,12.0,14.0,0.0
2026-01-24,S1087,PP06,13.0,13.0,0.0
2026-01-31,S1087,PP06,12.0,12.0,0.0
2026-02-07,S1087,PP06,13.0,13.0,0.0
2026-02-14,S1087,PP06,13.0,13.0,0.0
2026-02-21,S1087,PP06,12.0,12.0,0.0
2026-02-28,S1087,PP06,15.0,15.0,0.0
2026-03-07,S1087,PP06,15.0,15.0,0.0
2026-03-14,S1087,PP06,16.0,16.0,0.0
2026-03-21,S1087,PP06,17.0,17.0,0.0
2026-03-28,S1087,PP06,17.0,17.0,0.0
2026-04-04,S1087,PP06,17.0,17.0,0.0
2026-04-11,S1087,PP06,14.0,14.0,0.0
2026-04-18,S1087,PP06,13.0,13.0,0.0
2026-04-25,S1087,PP06,17.0,17.0,0.0
2026-05-02,S1087,PP06,18.0,18.0,0.0
2026-05-09,S1087,PP06,19.0,19.0,0.0
2026-05-16,S1087,PP06,17.0,17.0,0.0
2026-05-23,S1087,PP06,13.0,13.0,0.0
2026-05-30,S1087,PP06,16.0,16.0,0.0
2026-06-06,S1087,PP06,16.0,16.0,0.0
2026-06-13,S1087,PP06,17.0,17.0,0.0
2026-06-20,S1087,PP06,18.0,18.0,0.0
2026-06-27,S1087,PP06,17.0,17.0,0.0
2026-07-04,S1087,PP06,15.0,15.0,0.0
2026-07-11,S1087,PP06,14.0,14.0,0.0
2026-07-18,S1087,PP06,16.0,16.0,0.0
2026-07-25,S1087,PP06,14.0,14.0,0.0
2022-08-06,S1088,PP06,11.0,11.0,0.0
2022-08-13,S1088,PP06,8.0,8.0,0.0
2022-08-20,S1088,PP06,10.0,10.0,0.0
2022-08-27,S1088,PP06,10.0,10.0,0.0
2022-09-03,S1088,PP06,9.0,9.0,0.0
2022-09-10,S1088,PP06,8.0,8.0,0.0
2022-09-17,S1088,PP06,7.0,7.0,0.0
2022-09-24,S1088,PP06,9.0,9.0,0.0
2022-10-01,S1088,PP06,9.0,9.0,0.0
2022-10-08,S1088,PP06,10.0,10.0,0.0
2022-10-15,S1088,PP06,9.0,9.0,0.0
2022-10-22,S1088,PP06,10.0,10.0,0.0
2022-10-29,S1088,PP06,9.0,9.0,0.0
2022-11-05,S1088,PP06,11.0,11.0,0.0
2022-11-12,S1088,PP06,9.0,9.0,0.0
2022-11-19,S1088,PP06,15.0,14.0,1.0
2022-11-26,S1088,PP06,13.0,14.0,0.0
2022-12-03,S1088,PP06,10.0,10.0,0.0
2022-12-10,S1088,PP06,14.0,14.0,0.0
2022-12-17,S1088,PP06,12.0,12.0,0.0
2022-12-24,S1088,PP06,11.0,11.0,0.0
2022-12-31,S1088,PP06,10.0,10.0,0.0
2023-01-07,S1088,PP06,8.0,8.0,0.0
2023-01-14,S1088,PP06,7.0,7.0,0.0
2023-01-21,S1088,PP06,7.0,7.0,0.0
2023-01-28,S1088,PP06,9.0,9.0,0.0
2023-02-04,S1088,PP06,9.0,9.0,0.0
2023-02-11,S1088,PP06,8.0,8.0,0.0
2023-02-18,S1088,PP06,9.0,9.0,0.0
2023-02-25,S1088,PP06,8.0,8.0,0.0
2023-03-04,S1088,PP06,9.0,9.0,0.0
2023-03-11,S1088,PP06,9.0,9.0,0.0
2023-03-18,S1088,PP06,9.0,9.0,0.0
2023-03-25,S1088,PP06,10.0,10.0,0.0
2023-04-01,S1088,PP06,10.0,10.0,0.0
2023-04-08,S1088,PP06,9.0,9.0,0.0
2023-04-15,S1088,PP06,11.0,11.0,0.0
2023-04-22,S1088,PP06,9.0,9.0,0.0
2023-04-29,S1088,PP06,11.0,11.0,0.0
2023-05-06,S1088,PP06,10.0,10.0,0.0
2023-05-13,S1088,PP06,12.0,12.0,0.0
2023-05-20,S1088,PP06,11.0,11.0,0.0
2023-05-27,S1088,PP06,10.0,10.0,0.0
2023-06-03,S1088,PP06,9.0,9.0,0.0
2023-06-10,S1088,PP06,9.0,9.0,0.0
2023-06-17,S1088,PP06,10.0,10.0,0.0
2023-06-24,S1088,PP06,10.0,10.0,0.0
2023-07-01,S1088,PP06,9.0,9.0,0.0
2023-07-08,S1088,PP06,10.0,10.0,0.0
2023-07-15,S1088,PP06,10.0,10.0,0.0
2023-07-22,S1088,PP06,11.0,11.0,0.0
2023-07-29,S1088,PP06,9.0,9.0,0.0
2023-08-05,S1088,PP06,11.0,11.0,0.0
2023-08-12,S1088,PP06,11.0,11.0,0.0
2023-08-19,S1088,PP06,11.0,11.0,0.0
2023-08-26,S1088,PP06,11.0,11.0,0.0
2023-09-02,S1088,PP06,9.0,9.0,0.0
2023-09-09,S1088,PP06,9.0,9.0,0.0
2023-09-16,S1088,PP06,11.0,11.0,0.0
2023-09-23,S1088,PP06,9.0,9.0,0.0
2023-09-30,S1088,PP06,10.0,10.0,0.0
2023-10-07,S1088,PP06,9.0,9.0,0.0
2023-10-14,S1088,PP06,8.0,8.0,0.0
2023-10-21,S1088,PP06,9.0,9.0,0.0
2023-10-28,S1088,PP06,11.0,11.0,0.0
2023-11-04,S1088,PP06,11.0,11.0,0.0
2023-11-11,S1088,PP06,12.0,12.0,0.0
2023-11-18,S1088,PP06,13.0,13.0,0.0
2023-11-25,S1088,PP06,14.0,14.0,0.0
2023-12-02,S1088,PP06,13.0,13.0,0.0
2023-12-09,S1088,PP06,16.0,14.0,2.0
2023-12-16,S1088,PP06,15.0,14.0,3.0
2023-12-23,S1088,PP06,12.0,14.0,1.0
2023-12-30,S1088,PP06,11.0,12.0,0.0
2024-01-06,S1088,PP06,9.0,9.0,0.0
2024-01-13,S1088,PP06,7.0,7.0,0.0
2024-01-20,S1088,PP06,8.0,8.0,0.0
2024-01-27,S1088,PP06,9.0,9.0,0.0
2024-02-03,S1088,PP06,10.0,10.0,0.0
2024-02-10,S1088,PP06,9.0,9.0,0.0
2024-02-17,S1088,PP06,9.0,9.0,0.0
2024-02-24,S1088,PP06,8.0,8.0,0.0
2024-03-02,S1088,PP06,11.0,11.0,0.0
2024-03-09,S1088,PP06,10.0,10.0,0.0
2024-03-16,S1088,PP06,10.0,10.0,0.0
2024-03-23,S1088,PP06,8.0,8.0,0.0
2024-03-30,S1088,PP06,9.0,9.0,0.0
2024-04-06,S1088,PP06,9.0,9.0,0.0
2024-04-13,S1088,PP06,10.0,10.0,0.0
2024-04-20,S1088,PP06,9.0,9.0,0.0
2024-04-27,S1088,PP06,10.0,10.0,0.0
2024-05-04,S1088,PP06,11.0,11.0,0.0
2024-05-11,S1088,PP06,10.0,10.0,0.0
2024-05-18,S1088,PP06,10.0,10.0,0.0
2024-05-25,S1088,PP06,10.0,10.0,0.0
2024-06-01,S1088,PP06,11.0,11.0,0.0
2024-06-08,S1088,PP06,11.0,11.0,0.0
2024-06-15,S1088,PP06,11.0,11.0,0.0
2024-06-22,S1088,PP06,10.0,10.0,0.0
2024-06-29,S1088,PP06,11.0,11.0,0.0
2024-07-06,S1088,PP06,8.0,8.0,0.0
2024-07-13,S1088,PP06,12.0,12.0,0.0
2024-07-20,S1088,PP06,12.0,12.0,0.0
2024-07-27,S1088,PP06,10.0,10.0,0.0
2024-08-03,S1088,PP06,11.0,11.0,0.0
2024-08-10,S1088,PP06,10.0,10.0,0.0
2024-08-17,S1088,PP06,10.0,10.0,0.0
2024-08-24,S1088,PP06,9.0,9.0,0.0
2024-08-31,S1088,PP06,9.0,9.0,0.0
2024-09-07,S1088,PP06,10.0,10.0,0.0
2024-09-14,S1088,PP06,9.0,9.0,0.0
2024-09-21,S1088,PP06,11.0,11.0,0.0
2024-09-28,S1088,PP06,9.0,9.0,0.0
2024-10-05,S1088,PP06,8.0,8.0,0.0
2024-10-12,S1088,PP06,11.0,11.0,0.0
2024-10-19,S1088,PP06,9.0,9.0,0.0
2024-10-26,S1088,PP06,10.0,10.0,0.0
2024-11-02,S1088,PP06,11.0,11.0,0.0
2024-11-09,S1088,PP06,12.0,12.0,0.0
2024-11-16,S1088,PP06,11.0,11.0,0.0
2024-11-23,S1088,PP06,12.0,12.0,0.0
2024-11-30,S1088,PP06,12.0,12.0,0.0
2024-12-07,S1088,PP06,16.0,14.0,2.0
2024-12-14,S1088,PP06,17.0,14.0,5.0
2024-12-21,S1088,PP06,12.0,14.0,3.0
2024-12-28,S1088,PP06,13.0,14.0,2.0
2025-01-04,S1088,PP06,11.0,13.0,0.0
2025-01-11,S1088,PP06,7.0,7.0,0.0
2025-01-18,S1088,PP06,6.0,6.0,0.0
2025-01-25,S1088,PP06,7.0,7.0,0.0
2025-02-01,S1088,PP06,8.0,8.0,0.0
2025-02-08,S1088,PP06,10.0,10.0,0.0
2025-02-15,S1088,PP06,9.0,9.0,0.0
2025-02-22,S1088,PP06,8.0,8.0,0.0
2025-03-01,S1088,PP06,10.0,10.0,0.0
2025-03-08,S1088,PP06,8.0,8.0,0.0
2025-03-15,S1088,PP06,10.0,10.0,0.0
2025-03-22,S1088,PP06,9.0,9.0,0.0
2025-03-29,S1088,PP06,9.0,9.0,0.0
2025-04-05,S1088,PP06,10.0,10.0,0.0
2025-04-12,S1088,PP06,12.0,12.0,0.0
2025-04-19,S1088,PP06,13.0,13.0,0.0
2025-04-26,S1088,PP06,9.0,9.0,0.0
2025-05-03,S1088,PP06,10.0,10.0,0.0
2025-05-10,S1088,PP06,11.0,11.0,0.0
2025-05-17,S1088,PP06,12.0,12.0,0.0
2025-05-24,S1088,PP06,9.0,9.0,0.0
2025-05-31,S1088,PP06,11.0,11.0,0.0
2025-06-07,S1088,PP06,10.0,10.0,0.0
2025-06-14,S1088,PP06,8.0,8.0,0.0
2025-06-21,S1088,PP06,9.0,9.0,0.0
2025-06-28,S1088,PP06,10.0,10.0,0.0
2025-07-05,S1088,PP06,10.0,10.0,0.0
2025-07-12,S1088,PP06,12.0,12.0,0.0
2025-07-19,S1088,PP06,11.0,11.0,0.0
2025-07-26,S1088,PP06,12.0,12.0,0.0
2025-08-02,S1088,PP06,11.0,11.0,0.0
2025-08-09,S1088,PP06,10.0,10.0,0.0
2025-08-16,S1088,PP06,11.0,11.0,0.0
2025-08-23,S1088,PP06,11.0,11.0,0.0
2025-08-30,S1088,PP06,11.0,11.0,0.0
2025-09-06,S1088,PP06,10.0,10.0,0.0
2025-09-13,S1088,PP06,9.0,9.0,0.0
2025-09-20,S1088,PP06,10.0,10.0,0.0
2025-09-27,S1088,PP06,10.0,10.0,0.0
2025-10-04,S1088,PP06,11.0,11.0,0.0
2025-10-11,S1088,PP06,10.0,10.0,0.0
2025-10-18,S1088,PP06,10.0,10.0,0.0
2025-10-25,S1088,PP06,12.0,12.0,0.0
2025-11-01,S1088,PP06,11.0,11.0,0.0
2025-11-08,S1088,PP06,12.0,12.0,0.0
2025-11-15,S1088,PP06,15.0,14.0,1.0
2025-11-22,S1088,PP06,12.0,13.0,0.0
2025-11-29,S1088,PP06,18.0,14.0,4.0
2025-12-06,S1088,PP06,15.0,14.0,5.0
2025-12-13,S1088,PP06,18.0,14.0,9.0
2025-12-20,S1088,PP06,14.0,14.0,9.0
2025-12-27,S1088,PP06,13.0,14.0,8.0
2026-01-03,S1088,PP06,10.0,14.0,4.0
2026-01-10,S1088,PP06,9.0,13.0,0.0
2026-01-17,S1088,PP06,8.0,8.0,0.0
2026-01-24,S1088,PP06,8.0,8.0,0.0
2026-01-31,S1088,PP06,11.0,11.0,0.0
2026-02-07,S1088,PP06,10.0,10.0,0.0
2026-02-14,S1088,PP06,9.0,9.0,0.0
2026-02-21,S1088,PP06,9.0,9.0,0.0
2026-02-28,S1088,PP06,12.0,12.0,0.0
2026-03-07,S1088,PP06,10.0,10.0,0.0
2026-03-14,S1088,PP06,13.0,13.0,0.0
2026-03-21,S1088,PP06,11.0,11.0,0.0
2026-03-28,S1088,PP06,11.0,11.0,0.0
2026-04-04,S1088,PP06,11.0,11.0,0.0
2026-04-11,S1088,PP06,13.0,13.0,0.0
2026-04-18,S1088,PP06,9.0,9.0,0.0
2026-04-25,S1088,PP06,11.0,11.0,0.0
2026-05-02,S1088,PP06,11.0,11.0,0.0
2026-05-09,S1088,PP06,11.0,11.0,0.0
2026-05-16,S1088,PP06,12.0,12.0,0.0
2026-05-23,S1088,PP06,11.0,11.0,0.0
2026-05-30,S1088,PP06,11.0,11.0,0.0
2026-06-06,S1088,PP06,11.0,11.0,0.0
2026-06-13,S1088,PP06,9.0,9.0,0.0
2026-06-20,S1088,PP06,11.0,11.0,0.0
2026-06-27,S1088,PP06,12.0,12.0,0.0
2026-07-04,S1088,PP06,10.0,10.0,0.0
2026-07-11,S1088,PP06,13.0,13.0,0.0
2026-07-18,S1088,PP06,13.0,13.0,0.0
2026-07-25,S1088,PP06,12.0,12.0,0.0
2022-08-06,S1089,PP06,10.0,10.0,0.0
2022-08-13,S1089,PP06,9.0,9.0,0.0
2022-08-20,S1089,PP06,10.0,10.0,0.0
2022-08-27,S1089,PP06,10.0,10.0,0.0
2022-09-03,S1089,PP06,9.0,9.0,0.0
2022-09-10,S1089,PP06,8.0,8.0,0.0
2022-09-17,S1089,PP06,8.0,8.0,0.0
2022-09-24,S1089,PP06,9.0,9.0,0.0
2022-10-01,S1089,PP06,9.0,9.0,0.0
2022-10-08,S1089,PP06,8.0,8.0,0.0
2022-10-15,S1089,PP06,8.0,8.0,0.0
2022-10-22,S1089,PP06,11.0,11.0,0.0
2022-10-29,S1089,PP06,8.0,8.0,0.0
2022-11-05,S1089,PP06,9.0,9.0,0.0
2022-11-12,S1089,PP06,9.0,9.0,0.0
2022-11-19,S1089,PP06,10.0,10.0,0.0
2022-11-26,S1089,PP06,13.0,13.0,0.0
2022-12-03,S1089,PP06,14.0,14.0,0.0
2022-12-10,S1089,PP06,13.0,13.0,0.0
2022-12-17,S1089,PP06,13.0,13.0,0.0
2022-12-24,S1089,PP06,11.0,11.0,0.0
2022-12-31,S1089,PP06,8.0,8.0,0.0
2023-01-07,S1089,PP06,10.0,10.0,0.0
2023-01-14,S1089,PP06,8.0,8.0,0.0
2023-01-21,S1089,PP06,7.0,7.0,0.0
2023-01-28,S1089,PP06,7.0,7.0,0.0
2023-02-04,S1089,PP06,8.0,8.0,0.0
2023-02-11,S1089,PP06,7.0,7.0,0.0
2023-02-18,S1089,PP06,8.0,8.0,0.0
2023-02-25,S1089,PP06,9.0,9.0,0.0
2023-03-04,S1089,PP06,8.0,8.0,0.0
2023-03-11,S1089,PP06,7.0,7.0,0.0
2023-03-18,S1089,PP06,11.0,11.0,0.0
2023-03-25,S1089,PP06,9.0,9.0,0.0
2023-04-01,S1089,PP06,9.0,9.0,0.0
2023-04-08,S1089,PP06,8.0,8.0,0.0
2023-04-15,S1089,PP06,8.0,8.0,0.0
2023-04-22,S1089,PP06,9.0,9.0,0.0
2023-04-29,S1089,PP06,9.0,9.0,0.0
2023-05-06,S1089,PP06,10.0,10.0,0.0
2023-05-13,S1089,PP06,10.0,10.0,0.0
2023-05-20,S1089,PP06,10.0,10.0,0.0
2023-05-27,S1089,PP06,10.0,10.0,0.0
2023-06-03,S1089,PP06,11.0,11.0,0.0
2023-06-10,S1089,PP06,9.0,9.0,0.0
2023-06-17,S1089,PP06,10.0,10.0,0.0
2023-06-24,S1089,PP06,9.0,9.0,0.0
2023-07-01,S1089,PP06,7.0,7.0,0.0
2023-07-08,S1089,PP06,9.0,9.0,0.0
2023-07-15,S1089,PP06,8.0,8.0,0.0
2023-07-22,S1089,PP06,9.0,9.0,0.0
2023-07-29,S1089,PP06,8.0,8.0,0.0
2023-08-05,S1089,PP06,10.0,10.0,0.0
2023-08-12,S1089,PP06,10.0,10.0,0.0
2023-08-19,S1089,PP06,10.0,10.0,0.0
2023-08-26,S1089,PP06,11.0,11.0,0.0
2023-09-02,S1089,PP06,7.0,7.0,0.0
2023-09-09,S1089,PP06,8.0,8.0,0.0
2023-09-16,S1089,PP06,11.0,11.0,0.0
2023-09-23,S1089,PP06,9.0,9.0,0.0
2023-09-30,S1089,PP06,9.0,9.0,0.0
2023-10-07,S1089,PP06,8.0,8.0,0.0
2023-10-14,S1089,PP06,8.0,8.0,0.0
2023-10-21,S1089,PP06,7.0,7.0,0.0
2023-10-28,S1089,PP06,9.0,9.0,0.0
2023-11-04,S1089,PP06,10.0,10.0,0.0
2023-11-11,S1089,PP06,10.0,10.0,0.0
2023-11-18,S1089,PP06,10.0,10.0,0.0
2023-11-25,S1089,PP06,16.0,14.0,2.0
2023-12-02,S1089,PP06,13.0,14.0,1.0
2023-12-09,S1089,PP06,14.0,14.0,1.0
2023-12-16,S1089,PP06,14.0,14.0,1.0
2023-12-23,S1089,PP06,12.0,13.0,0.0
2023-12-30,S1089,PP06,9.0,9.0,0.0
2024-01-06,S1089,PP06,9.0,9.0,0.0
2024-01-13,S1089,PP06,7.0,7.0,0.0
2024-01-20,S1089,PP06,6.0,6.0,0.0
2024-01-27,S1089,PP06,7.0,7.0,0.0
2024-02-03,S1089,PP06,8.0,8.0,0.0
2024-02-10,S1089,PP06,8.0,8.0,0.0
2024-02-17,S1089,PP06,9.0,9.0,0.0
2024-02-24,S1089,PP06,9.0,9.0,0.0
2024-03-02,S1089,PP06,9.0,9.0,0.0
2024-03-09,S1089,PP06,9.0,9.0,0.0
2024-03-16,S1089,PP06,9.0,9.0,0.0
2024-03-23,S1089,PP06,7.0,7.0,0.0
2024-03-30,S1089,PP06,9.0,9.0,0.0
2024-04-06,S1089,PP06,9.0,9.0,0.0
2024-04-13,S1089,PP06,8.0,8.0,0.0
2024-04-20,S1089,PP06,9.0,9.0,0.0
2024-04-27,S1089,PP06,10.0,10.0,0.0
2024-05-04,S1089,PP06,11.0,11.0,0.0
2024-05-11,S1089,PP06,10.0,10.0,0.0
2024-05-18,S1089,PP06,10.0,10.0,0.0
2024-05-25,S1089,PP06,10.0,10.0,0.0
2024-06-01,S1089,PP06,9.0,9.0,0.0
2024-06-08,S1089,PP06,10.0,10.0,0.0
2024-06-15,S1089,PP06,9.0,9.0,0.0
2024-06-22,S1089,PP06,10.0,10.0,0.0
2024-06-29,S1089,PP06,8.0,8.0,0.0
2024-07-06,S1089,PP06,10.0,10.0,0.0
2024-07-13,S1089,PP06,9.0,9.0,0.0
2024-07-20,S1089,PP06,10.0,10.0,0.0
2024-07-27,S1089,PP06,9.0,9.0,0.0
2024-08-03,S1089,PP06,9.0,9.0,0.0
2024-08-10,S1089,PP06,10.0,10.0,0.0
2024-08-17,S1089,PP06,10.0,10.0,0.0
2024-08-24,S1089,PP06,8.0,8.0,0.0
2024-08-31,S1089,PP06,9.0,9.0,0.0
2024-09-07,S1089,PP06,7.0,7.0,0.0
2024-09-14,S1089,PP06,8.0,8.0,0.0
2024-09-21,S1089,PP06,7.0,7.0,0.0
2024-09-28,S1089,PP06,9.0,9.0,0.0
2024-10-05,S1089,PP06,9.0,9.0,0.0
2024-10-12,S1089,PP06,9.0,9.0,0.0
2024-10-19,S1089,PP06,11.0,11.0,0.0
2024-10-26,S1089,PP06,9.0,9.0,0.0
2024-11-02,S1089,PP06,11.0,11.0,0.0
2024-11-09,S1089,PP06,11.0,11.0,0.0
2024-11-16,S1089,PP06,11.0,11.0,0.0
2024-11-23,S1089,PP06,14.0,14.0,0.0
2024-11-30,S1089,PP06,16.0,14.0,2.0
2024-12-07,S1089,PP06,13.0,14.0,1.0
2024-12-14,S1089,PP06,15.0,14.0,2.0
2024-12-21,S1089,PP06,13.0,14.0,1.0
2024-12-28,S1089,PP06,11.0,12.0,0.0
2025-01-04,S1089,PP06,9.0,9.0,0.0
2025-01-11,S1089,PP06,7.0,7.0,0.0
2025-01-18,S1089,PP06,5.0,5.0,0.0
2025-01-25,S1089,PP06,9.0,9.0,0.0
2025-02-01,S1089,PP06,7.0,7.0,0.0
2025-02-08,S1089,PP06,8.0,8.0,0.0
2025-02-15,S1089,PP06,8.0,8.0,0.0
2025-02-22,S1089,PP06,8.0,8.0,0.0
2025-03-01,S1089,PP06,9.0,9.0,0.0
2025-03-08,S1089,PP06,9.0,9.0,0.0
2025-03-15,S1089,PP06,8.0,8.0,0.0
2025-03-22,S1089,PP06,9.0,9.0,0.0
2025-03-29,S1089,PP06,9.0,9.0,0.0
2025-04-05,S1089,PP06,10.0,10.0,0.0
2025-04-12,S1089,PP06,8.0,8.0,0.0
2025-04-19,S1089,PP06,9.0,9.0,0.0
2025-04-26,S1089,PP06,10.0,10.0,0.0
2025-05-03,S1089,PP06,9.0,9.0,0.0
2025-05-10,S1089,PP06,9.0,9.0,0.0
2025-05-17,S1089,PP06,9.0,9.0,0.0
2025-05-24,S1089,PP06,10.0,10.0,0.0
2025-05-31,S1089,PP06,10.0,10.0,0.0
2025-06-07,S1089,PP06,9.0,9.0,0.0
2025-06-14,S1089,PP06,8.0,8.0,0.0
2025-06-21,S1089,PP06,10.0,10.0,0.0
2025-06-28,S1089,PP06,11.0,11.0,0.0
2025-07-05,S1089,PP06,8.0,8.0,0.0
2025-07-12,S1089,PP06,8.0,8.0,0.0
2025-07-19,S1089,PP06,11.0,11.0,0.0
2025-07-26,S1089,PP06,12.0,12.0,0.0
2025-08-02,S1089,PP06,8.0,8.0,0.0
2025-08-09,S1089,PP06,11.0,11.0,0.0
2025-08-16,S1089,PP06,12.0,12.0,0.0
2025-08-23,S1089,PP06,9.0,9.0,0.0
2025-08-30,S1089,PP06,11.0,11.0,0.0
2025-09-06,S1089,PP06,9.0,9.0,0.0
2025-09-13,S1089,PP06,9.0,9.0,0.0
2025-09-20,S1089,PP06,8.0,8.0,0.0
2025-09-27,S1089,PP06,10.0,10.0,0.0
2025-10-04,S1089,PP06,10.0,10.0,0.0
2025-10-11,S1089,PP06,11.0,11.0,0.0
2025-10-18,S1089,PP06,11.0,11.0,0.0
2025-10-25,S1089,PP06,10.0,10.0,0.0
2025-11-01,S1089,PP06,15.0,14.0,1.0
2025-11-08,S1089,PP06,13.0,14.0,0.0
2025-11-15,S1089,PP06,13.0,13.0,0.0
2025-11-22,S1089,PP06,12.0,12.0,0.0
2025-11-29,S1089,PP06,12.0,12.0,0.0
2025-12-06,S1089,PP06,13.0,13.0,0.0
2025-12-13,S1089,PP06,14.0,14.0,0.0
2025-12-20,S1089,PP06,15.0,14.0,1.0
2025-12-27,S1089,PP06,12.0,13.0,0.0
2026-01-03,S1089,PP06,9.0,9.0,0.0
2026-01-10,S1089,PP06,8.0,8.0,0.0
2026-01-17,S1089,PP06,8.0,8.0,0.0
2026-01-24,S1089,PP06,9.0,9.0,0.0
2026-01-31,S1089,PP06,8.0,8.0,0.0
2026-02-07,S1089,PP06,9.0,9.0,0.0
2026-02-14,S1089,PP06,9.0,9.0,0.0
2026-02-21,S1089,PP06,8.0,8.0,0.0
2026-02-28,S1089,PP06,11.0,11.0,0.0
2026-03-07,S1089,PP06,9.0,9.0,0.0
2026-03-14,S1089,PP06,9.0,9.0,0.0
2026-03-21,S1089,PP06,11.0,11.0,0.0
2026-03-28,S1089,PP06,10.0,10.0,0.0
2026-04-04,S1089,PP06,10.0,10.0,0.0
2026-04-11,S1089,PP06,9.0,9.0,0.0
2026-04-18,S1089,PP06,11.0,11.0,0.0
2026-04-25,S1089,PP06,13.0,13.0,0.0
2026-05-02,S1089,PP06,9.0,9.0,0.0
2026-05-09,S1089,PP06,11.0,11.0,0.0
2026-05-16,S1089,PP06,10.0,10.0,0.0
2026-05-23,S1089,PP06,14.0,14.0,0.0
2026-05-30,S1089,PP06,12.0,12.0,0.0
2026-06-06,S1089,PP06,10.0,10.0,0.0
2026-06-13,S1089,PP06,9.0,9.0,0.0
2026-06-20,S1089,PP06,9.0,9.0,0.0
2026-06-27,S1089,PP06,11.0,11.0,0.0
2026-07-04,S1089,PP06,9.0,9.0,0.0
2026-07-11,S1089,PP06,9.0,9.0,0.0
2026-07-18,S1089,PP06,10.0,10.0,0.0
2026-07-25,S1089,PP06,10.0,10.0,0.0
2022-08-06,S1090,PP06,15.0,15.0,0.0
2022-08-13,S1090,PP06,14.0,14.0,0.0
2022-08-20,S1090,PP06,16.0,16.0,0.0
2022-08-27,S1090,PP06,13.0,13.0,0.0
2022-09-03,S1090,PP06,15.0,15.0,0.0
2022-09-10,S1090,PP06,14.0,14.0,0.0
2022-09-17,S1090,PP06,15.0,15.0,0.0
2022-09-24,S1090,PP06,16.0,16.0,0.0
2022-10-01,S1090,PP06,13.0,13.0,0.0
2022-10-08,S1090,PP06,13.0,13.0,0.0
2022-10-15,S1090,PP06,12.0,12.0,0.0
2022-10-22,S1090,PP06,12.0,12.0,0.0
2022-10-29,S1090,PP06,15.0,15.0,0.0
2022-11-05,S1090,PP06,16.0,16.0,0.0
2022-11-12,S1090,PP06,15.0,15.0,0.0
2022-11-19,S1090,PP06,17.0,17.0,0.0
2022-11-26,S1090,PP06,23.0,22.0,1.0
2022-12-03,S1090,PP06,23.0,22.0,2.0
2022-12-10,S1090,PP06,20.0,22.0,0.0
2022-12-17,S1090,PP06,20.0,20.0,0.0
2022-12-24,S1090,PP06,19.0,19.0,0.0
2022-12-31,S1090,PP06,15.0,15.0,0.0
2023-01-07,S1090,PP06,12.0,12.0,0.0
2023-01-14,S1090,PP06,11.0,11.0,0.0
2023-01-21,S1090,PP06,13.0,13.0,0.0
2023-01-28,S1090,PP06,14.0,14.0,0.0
2023-02-04,S1090,PP06,12.0,12.0,0.0
2023-02-11,S1090,PP06,14.0,14.0,0.0
2023-02-18,S1090,PP06,14.0,14.0,0.0
2023-02-25,S1090,PP06,12.0,12.0,0.0
2023-03-04,S1090,PP06,14.0,14.0,0.0
2023-03-11,S1090,PP06,13.0,13.0,0.0
2023-03-18,S1090,PP06,16.0,16.0,0.0
2023-03-25,S1090,PP06,17.0,17.0,0.0
2023-04-01,S1090,PP06,14.0,14.0,0.0
2023-04-08,S1090,PP06,14.0,14.0,0.0
2023-04-15,S1090,PP06,16.0,16.0,0.0
2023-04-22,S1090,PP06,17.0,17.0,0.0
2023-04-29,S1090,PP06,13.0,13.0,0.0
2023-05-06,S1090,PP06,15.0,15.0,0.0
2023-05-13,S1090,PP06,15.0,15.0,0.0
2023-05-20,S1090,PP06,14.0,14.0,0.0
2023-05-27,S1090,PP06,16.0,16.0,0.0
2023-06-03,S1090,PP06,14.0,14.0,0.0
2023-06-10,S1090,PP06,14.0,14.0,0.0
2023-06-17,S1090,PP06,15.0,15.0,0.0
2023-06-24,S1090,PP06,13.0,13.0,0.0
2023-07-01,S1090,PP06,12.0,12.0,0.0
2023-07-08,S1090,PP06,16.0,16.0,0.0
2023-07-15,S1090,PP06,14.0,14.0,0.0
2023-07-22,S1090,PP06,18.0,18.0,0.0
2023-07-29,S1090,PP06,18.0,18.0,0.0
2023-08-05,S1090,PP06,15.0,15.0,0.0
2023-08-12,S1090,PP06,20.0,20.0,0.0
2023-08-19,S1090,PP06,17.0,17.0,0.0
2023-08-26,S1090,PP06,14.0,14.0,0.0
2023-09-02,S1090,PP06,11.0,11.0,0.0
2023-09-09,S1090,PP06,15.0,15.0,0.0
2023-09-16,S1090,PP06,14.0,14.0,0.0
2023-09-23,S1090,PP06,15.0,15.0,0.0
2023-09-30,S1090,PP06,14.0,14.0,0.0
2023-10-07,S1090,PP06,12.0,12.0,0.0
2023-10-14,S1090,PP06,14.0,14.0,0.0
2023-10-21,S1090,PP06,16.0,16.0,0.0
2023-10-28,S1090,PP06,15.0,15.0,0.0
2023-11-04,S1090,PP06,16.0,16.0,0.0
2023-11-11,S1090,PP06,15.0,15.0,0.0
2023-11-18,S1090,PP06,19.0,19.0,0.0
2023-11-25,S1090,PP06,18.0,18.0,0.0
2023-12-02,S1090,PP06,24.0,22.0,2.0
2023-12-09,S1090,PP06,21.0,22.0,1.0
2023-12-16,S1090,PP06,21.0,22.0,0.0
2023-12-23,S1090,PP06,24.0,22.0,2.0
2023-12-30,S1090,PP06,16.0,18.0,0.0
2024-01-06,S1090,PP06,13.0,13.0,0.0
2024-01-13,S1090,PP06,12.0,12.0,0.0
2024-01-20,S1090,PP06,10.0,10.0,0.0
2024-01-27,S1090,PP06,14.0,14.0,0.0
2024-02-03,S1090,PP06,14.0,14.0,0.0
2024-02-10,S1090,PP06,14.0,14.0,0.0
2024-02-17,S1090,PP06,10.0,10.0,0.0
2024-02-24,S1090,PP06,14.0,14.0,0.0
2024-03-02,S1090,PP06,13.0,13.0,0.0
2024-03-09,S1090,PP06,16.0,16.0,0.0
2024-03-16,S1090,PP06,16.0,16.0,0.0
2024-03-23,S1090,PP06,15.0,15.0,0.0
2024-03-30,S1090,PP06,13.0,13.0,0.0
2024-04-06,S1090,PP06,17.0,17.0,0.0
2024-04-13,S1090,PP06,14.0,14.0,0.0
2024-04-20,S1090,PP06,18.0,18.0,0.0
2024-04-27,S1090,PP06,16.0,16.0,0.0
2024-05-04,S1090,PP06,16.0,16.0,0.0
2024-05-11,S1090,PP06,15.0,15.0,0.0
2024-05-18,S1090,PP06,18.0,18.0,0.0
2024-05-25,S1090,PP06,17.0,17.0,0.0
2024-06-01,S1090,PP06,18.0,18.0,0.0
2024-06-08,S1090,PP06,16.0,16.0,0.0
2024-06-15,S1090,PP06,15.0,15.0,0.0
2024-06-22,S1090,PP06,16.0,16.0,0.0
2024-06-29,S1090,PP06,17.0,17.0,0.0
2024-07-06,S1090,PP06,17.0,17.0,0.0
2024-07-13,S1090,PP06,15.0,15.0,0.0
2024-07-20,S1090,PP06,13.0,13.0,0.0
2024-07-27,S1090,PP06,17.0,17.0,0.0
2024-08-03,S1090,PP06,13.0,13.0,0.0
2024-08-10,S1090,PP06,16.0,16.0,0.0
2024-08-17,S1090,PP06,15.0,15.0,0.0
2024-08-24,S1090,PP06,13.0,13.0,0.0
2024-08-31,S1090,PP06,15.0,15.0,0.0
2024-09-07,S1090,PP06,18.0,18.0,0.0
2024-09-14,S1090,PP06,14.0,14.0,0.0
2024-09-21,S1090,PP06,15.0,15.0,0.0
2024-09-28,S1090,PP06,18.0,18.0,0.0
2024-10-05,S1090,PP06,16.0,16.0,0.0
2024-10-12,S1090,PP06,14.0,14.0,0.0
2024-10-19,S1090,PP06,16.0,16.0,0.0
2024-10-26,S1090,PP06,17.0,17.0,0.0
2024-11-02,S1090,PP06,19.0,19.0,0.0
2024-11-09,S1090,PP06,20.0,20.0,0.0
2024-11-16,S1090,PP06,14.0,14.0,0.0
2024-11-23,S1090,PP06,19.0,19.0,0.0
2024-11-30,S1090,PP06,21.0,21.0,0.0
2024-12-07,S1090,PP06,21.0,21.0,0.0
2024-12-14,S1090,PP06,16.0,16.0,0.0
2024-12-21,S1090,PP06,19.0,19.0,0.0
2024-12-28,S1090,PP06,18.0,18.0,0.0
2025-01-04,S1090,PP06,14.0,14.0,0.0
2025-01-11,S1090,PP06,11.0,11.0,0.0
2025-01-18,S1090,PP06,12.0,12.0,0.0
2025-01-25,S1090,PP06,13.0,13.0,0.0
2025-02-01,S1090,PP06,13.0,13.0,0.0
2025-02-08,S1090,PP06,16.0,16.0,0.0
2025-02-15,S1090,PP06,14.0,14.0,0.0
2025-02-22,S1090,PP06,13.0,13.0,0.0
2025-03-01,S1090,PP06,13.0,13.0,0.0
2025-03-08,S1090,PP06,15.0,15.0,0.0
2025-03-15,S1090,PP06,17.0,17.0,0.0
2025-03-22,S1090,PP06,14.0,14.0,0.0
2025-03-29,S1090,PP06,16.0,16.0,0.0
2025-04-05,S1090,PP06,16.0,16.0,0.0
2025-04-12,S1090,PP06,19.0,19.0,0.0
2025-04-19,S1090,PP06,16.0,16.0,0.0
2025-04-26,S1090,PP06,15.0,15.0,0.0
2025-05-03,S1090,PP06,18.0,18.0,0.0
2025-05-10,S1090,PP06,18.0,18.0,0.0
2025-05-17,S1090,PP06,16.0,16.0,0.0
2025-05-24,S1090,PP06,15.0,15.0,0.0
2025-05-31,S1090,PP06,17.0,17.0,0.0
2025-06-07,S1090,PP06,16.0,16.0,0.0
2025-06-14,S1090,PP06,13.0,13.0,0.0
2025-06-21,S1090,PP06,16.0,16.0,0.0
2025-06-28,S1090,PP06,15.0,15.0,0.0
2025-07-05,S1090,PP06,14.0,14.0,0.0
2025-07-12,S1090,PP06,16.0,16.0,0.0
2025-07-19,S1090,PP06,19.0,19.0,0.0
2025-07-26,S1090,PP06,19.0,19.0,0.0
2025-08-02,S1090,PP06,18.0,18.0,0.0
2025-08-09,S1090,PP06,17.0,17.0,0.0
2025-08-16,S1090,PP06,18.0,18.0,0.0
2025-08-23,S1090,PP06,16.0,16.0,0.0
2025-08-30,S1090,PP06,14.0,14.0,0.0
2025-09-06,S1090,PP06,14.0,14.0,0.0
2025-09-13,S1090,PP06,14.0,14.0,0.0
2025-09-20,S1090,PP06,17.0,17.0,0.0
2025-09-27,S1090,PP06,17.0,17.0,0.0
2025-10-04,S1090,PP06,14.0,14.0,0.0
2025-10-11,S1090,PP06,16.0,16.0,0.0
2025-10-18,S1090,PP06,16.0,16.0,0.0
2025-10-25,S1090,PP06,17.0,17.0,0.0
2025-11-01,S1090,PP06,17.0,17.0,0.0
2025-11-08,S1090,PP06,22.0,22.0,0.0
2025-11-15,S1090,PP06,20.0,20.0,0.0
2025-11-22,S1090,PP06,22.0,22.0,0.0
2025-11-29,S1090,PP06,23.0,22.0,1.0
2025-12-06,S1090,PP06,22.0,22.0,1.0
2025-12-13,S1090,PP06,25.0,22.0,4.0
2025-12-20,S1090,PP06,24.0,22.0,6.0
2025-12-27,S1090,PP06,22.0,22.0,6.0
2026-01-03,S1090,PP06,14.0,20.0,0.0
2026-01-10,S1090,PP06,11.0,11.0,0.0
2026-01-17,S1090,PP06,13.0,13.0,0.0
2026-01-24,S1090,PP06,15.0,15.0,0.0
2026-01-31,S1090,PP06,15.0,15.0,0.0
2026-02-07,S1090,PP06,16.0,16.0,0.0
2026-02-14,S1090,PP06,13.0,13.0,0.0
2026-02-21,S1090,PP06,15.0,15.0,0.0
2026-02-28,S1090,PP06,13.0,13.0,0.0
2026-03-07,S1090,PP06,16.0,16.0,0.0
2026-03-14,S1090,PP06,13.0,13.0,0.0
2026-03-21,S1090,PP06,18.0,18.0,0.0
2026-03-28,S1090,PP06,19.0,19.0,0.0
2026-04-04,S1090,PP06,16.0,16.0,0.0
2026-04-11,S1090,PP06,14.0,14.0,0.0
2026-04-18,S1090,PP06,17.0,17.0,0.0
2026-04-25,S1090,PP06,20.0,20.0,0.0
2026-05-02,S1090,PP06,18.0,18.0,0.0
2026-05-09,S1090,PP06,20.0,20.0,0.0
2026-05-16,S1090,PP06,17.0,17.0,0.0
2026-05-23,S1090,PP06,16.0,16.0,0.0
2026-05-30,S1090,PP06,17.0,17.0,0.0
2026-06-06,S1090,PP06,14.0,14.0,0.0
2026-06-13,S1090,PP06,21.0,21.0,0.0
2026-06-20,S1090,PP06,17.0,17.0,0.0
2026-06-27,S1090,PP06,18.0,18.0,0.0
2026-07-04,S1090,PP06,16.0,16.0,0.0
2026-07-11,S1090,PP06,14.0,14.0,0.0
2026-07-18,S1090,PP06,19.0,19.0,0.0
2026-07-25,S1090,PP06,15.0,15.0,0.0
2022-08-06,S1091,PP06,8.0,8.0,0.0
2022-08-13,S1091,PP06,8.0,8.0,0.0
2022-08-20,S1091,PP06,7.0,7.0,0.0
2022-08-27,S1091,PP06,7.0,7.0,0.0
2022-09-03,S1091,PP06,7.0,7.0,0.0
2022-09-10,S1091,PP06,6.0,6.0,0.0
2022-09-17,S1091,PP06,8.0,8.0,0.0
2022-09-24,S1091,PP06,7.0,7.0,0.0
2022-10-01,S1091,PP06,7.0,7.0,0.0
2022-10-08,S1091,PP06,7.0,7.0,0.0
2022-10-15,S1091,PP06,9.0,9.0,0.0
2022-10-22,S1091,PP06,7.0,7.0,0.0
2022-10-29,S1091,PP06,7.0,7.0,0.0
2022-11-05,S1091,PP06,8.0,8.0,0.0
2022-11-12,S1091,PP06,8.0,8.0,0.0
2022-11-19,S1091,PP06,10.0,10.0,0.0
2022-11-26,S1091,PP06,10.0,10.0,0.0
2022-12-03,S1091,PP06,11.0,11.0,0.0
2022-12-10,S1091,PP06,12.0,12.0,0.0
2022-12-17,S1091,PP06,11.0,11.0,0.0
2022-12-24,S1091,PP06,11.0,11.0,0.0
2022-12-31,S1091,PP06,8.0,8.0,0.0
2023-01-07,S1091,PP06,6.0,6.0,0.0
2023-01-14,S1091,PP06,6.0,6.0,0.0
2023-01-21,S1091,PP06,5.0,5.0,0.0
2023-01-28,S1091,PP06,6.0,6.0,0.0
2023-02-04,S1091,PP06,7.0,7.0,0.0
2023-02-11,S1091,PP06,7.0,7.0,0.0
2023-02-18,S1091,PP06,7.0,7.0,0.0
2023-02-25,S1091,PP06,7.0,7.0,0.0
2023-03-04,S1091,PP06,8.0,8.0,0.0
2023-03-11,S1091,PP06,8.0,8.0,0.0
2023-03-18,S1091,PP06,8.0,8.0,0.0
2023-03-25,S1091,PP06,7.0,7.0,0.0
2023-04-01,S1091,PP06,6.0,6.0,0.0
2023-04-08,S1091,PP06,8.0,8.0,0.0
2023-04-15,S1091,PP06,8.0,8.0,0.0
2023-04-22,S1091,PP06,8.0,8.0,0.0
2023-04-29,S1091,PP06,7.0,7.0,0.0
2023-05-06,S1091,PP06,8.0,8.0,0.0
2023-05-13,S1091,PP06,7.0,7.0,0.0
2023-05-20,S1091,PP06,8.0,8.0,0.0
2023-05-27,S1091,PP06,7.0,7.0,0.0
2023-06-03,S1091,PP06,8.0,8.0,0.0
2023-06-10,S1091,PP06,7.0,7.0,0.0
2023-06-17,S1091,PP06,8.0,8.0,0.0
2023-06-24,S1091,PP06,7.0,7.0,0.0
2023-07-01,S1091,PP06,7.0,7.0,0.0
2023-07-08,S1091,PP06,8.0,8.0,0.0
2023-07-15,S1091,PP06,7.0,7.0,0.0
2023-07-22,S1091,PP06,8.0,8.0,0.0
2023-07-29,S1091,PP06,8.0,8.0,0.0
2023-08-05,S1091,PP06,7.0,7.0,0.0
2023-08-12,S1091,PP06,9.0,9.0,0.0
2023-08-19,S1091,PP06,8.0,8.0,0.0
2023-08-26,S1091,PP06,8.0,8.0,0.0
2023-09-02,S1091,PP06,8.0,8.0,0.0
2023-09-09,S1091,PP06,8.0,8.0,0.0
2023-09-16,S1091,PP06,7.0,7.0,0.0
2023-09-23,S1091,PP06,7.0,7.0,0.0
2023-09-30,S1091,PP06,7.0,7.0,0.0
2023-10-07,S1091,PP06,7.0,7.0,0.0
2023-10-14,S1091,PP06,6.0,6.0,0.0
2023-10-21,S1091,PP06,8.0,8.0,0.0
2023-10-28,S1091,PP06,9.0,9.0,0.0
2023-11-04,S1091,PP06,9.0,9.0,0.0
2023-11-11,S1091,PP06,8.0,8.0,0.0
2023-11-18,S1091,PP06,10.0,10.0,0.0
2023-11-25,S1091,PP06,10.0,10.0,0.0
2023-12-02,S1091,PP06,9.0,9.0,0.0
2023-12-09,S1091,PP06,13.0,12.0,1.0
2023-12-16,S1091,PP06,10.0,11.0,0.0
2023-12-23,S1091,PP06,12.0,12.0,0.0
2023-12-30,S1091,PP06,9.0,9.0,0.0
2024-01-06,S1091,PP06,7.0,7.0,0.0
2024-01-13,S1091,PP06,6.0,6.0,0.0
2024-01-20,S1091,PP06,8.0,8.0,0.0
2024-01-27,S1091,PP06,7.0,7.0,0.0
2024-02-03,S1091,PP06,7.0,7.0,0.0
2024-02-10,S1091,PP06,9.0,9.0,0.0
2024-02-17,S1091,PP06,7.0,7.0,0.0
2024-02-24,S1091,PP06,7.0,7.0,0.0
2024-03-02,S1091,PP06,6.0,6.0,0.0
2024-03-09,S1091,PP06,6.0,6.0,0.0
2024-03-16,S1091,PP06,7.0,7.0,0.0
2024-03-23,S1091,PP06,7.0,7.0,0.0
2024-03-30,S1091,PP06,7.0,7.0,0.0
2024-04-06,S1091,PP06,6.0,6.0,0.0
2024-04-13,S1091,PP06,8.0,8.0,0.0
2024-04-20,S1091,PP06,7.0,7.0,0.0
2024-04-27,S1091,PP06,8.0,8.0,0.0
2024-05-04,S1091,PP06,9.0,9.0,0.0
2024-05-11,S1091,PP06,8.0,8.0,0.0
2024-05-18,S1091,PP06,7.0,7.0,0.0
2024-05-25,S1091,PP06,9.0,9.0,0.0
2024-06-01,S1091,PP06,8.0,8.0,0.0
2024-06-08,S1091,PP06,8.0,8.0,0.0
2024-06-15,S1091,PP06,9.0,9.0,0.0
2024-06-22,S1091,PP06,8.0,8.0,0.0
2024-06-29,S1091,PP06,7.0,7.0,0.0
2024-07-06,S1091,PP06,7.0,7.0,0.0
2024-07-13,S1091,PP06,7.0,7.0,0.0
2024-07-20,S1091,PP06,8.0,8.0,0.0
2024-07-27,S1091,PP06,9.0,9.0,0.0
2024-08-03,S1091,PP06,8.0,8.0,0.0
2024-08-10,S1091,PP06,9.0,9.0,0.0
2024-08-17,S1091,PP06,8.0,8.0,0.0
2024-08-24,S1091,PP06,7.0,7.0,0.0
2024-08-31,S1091,PP06,6.0,6.0,0.0
2024-09-07,S1091,PP06,7.0,7.0,0.0
2024-09-14,S1091,PP06,6.0,6.0,0.0
2024-09-21,S1091,PP06,9.0,9.0,0.0
2024-09-28,S1091,PP06,7.0,7.0,0.0
2024-10-05,S1091,PP06,7.0,7.0,0.0
2024-10-12,S1091,PP06,9.0,9.0,0.0
2024-10-19,S1091,PP06,7.0,7.0,0.0
2024-10-26,S1091,PP06,8.0,8.0,0.0
2024-11-02,S1091,PP06,10.0,10.0,0.0
2024-11-09,S1091,PP06,9.0,9.0,0.0
2024-11-16,S1091,PP06,12.0,12.0,0.0
2024-11-23,S1091,PP06,11.0,11.0,0.0
2024-11-30,S1091,PP06,12.0,12.0,0.0
2024-12-07,S1091,PP06,13.0,12.0,1.0
2024-12-14,S1091,PP06,12.0,12.0,1.0
2024-12-21,S1091,PP06,10.0,11.0,0.0
2024-12-28,S1091,PP06,9.0,9.0,0.0
2025-01-04,S1091,PP06,7.0,7.0,0.0
2025-01-11,S1091,PP06,6.0,6.0,0.0
2025-01-18,S1091,PP06,6.0,6.0,0.0
2025-01-25,S1091,PP06,7.0,7.0,0.0
2025-02-01,S1091,PP06,7.0,7.0,0.0
2025-02-08,S1091,PP06,9.0,9.0,0.0
2025-02-15,S1091,PP06,6.0,6.0,0.0
2025-02-22,S1091,PP06,6.0,6.0,0.0
2025-03-01,S1091,PP06,7.0,7.0,0.0
2025-03-08,S1091,PP06,9.0,9.0,0.0
2025-03-15,S1091,PP06,7.0,7.0,0.0
2025-03-22,S1091,PP06,7.0,7.0,0.0
2025-03-29,S1091,PP06,7.0,7.0,0.0
2025-04-05,S1091,PP06,7.0,7.0,0.0
2025-04-12,S1091,PP06,7.0,7.0,0.0
2025-04-19,S1091,PP06,10.0,10.0,0.0
2025-04-26,S1091,PP06,8.0,8.0,0.0
2025-05-03,S1091,PP06,8.0,8.0,0.0
2025-05-10,S1091,PP06,8.0,8.0,0.0
2025-05-17,S1091,PP06,8.0,8.0,0.0
2025-05-24,S1091,PP06,8.0,8.0,0.0
2025-05-31,S1091,PP06,8.0,8.0,0.0
2025-06-07,S1091,PP06,8.0,8.0,0.0
2025-06-14,S1091,PP06,9.0,9.0,0.0
2025-06-21,S1091,PP06,9.0,9.0,0.0
2025-06-28,S1091,PP06,7.0,7.0,0.0
2025-07-05,S1091,PP06,9.0,9.0,0.0
2025-07-12,S1091,PP06,8.0,8.0,0.0
2025-07-19,S1091,PP06,8.0,8.0,0.0
2025-07-26,S1091,PP06,8.0,8.0,0.0
2025-08-02,S1091,PP06,9.0,9.0,0.0
2025-08-09,S1091,PP06,9.0,9.0,0.0
2025-08-16,S1091,PP06,9.0,9.0,0.0
2025-08-23,S1091,PP06,7.0,7.0,0.0
2025-08-30,S1091,PP06,10.0,10.0,0.0
2025-09-06,S1091,PP06,6.0,6.0,0.0
2025-09-13,S1091,PP06,8.0,8.0,0.0
2025-09-20,S1091,PP06,8.0,8.0,0.0
2025-09-27,S1091,PP06,8.0,8.0,0.0
2025-10-04,S1091,PP06,7.0,7.0,0.0
2025-10-11,S1091,PP06,9.0,9.0,0.0
2025-10-18,S1091,PP06,8.0,8.0,0.0
2025-10-25,S1091,PP06,8.0,8.0,0.0
2025-11-01,S1091,PP06,8.0,8.0,0.0
2025-11-08,S1091,PP06,9.0,9.0,0.0
2025-11-15,S1091,PP06,8.0,8.0,0.0
2025-11-22,S1091,PP06,13.0,12.0,1.0
2025-11-29,S1091,PP06,13.0,12.0,2.0
2025-12-06,S1091,PP06,14.0,12.0,4.0
2025-12-13,S1091,PP06,15.0,12.0,7.0
2025-12-20,S1091,PP06,11.0,12.0,6.0
2025-12-27,S1091,PP06,9.0,12.0,3.0
2026-01-03,S1091,PP06,6.0,9.0,0.0
2026-01-10,S1091,PP06,6.0,6.0,0.0
2026-01-17,S1091,PP06,8.0,8.0,0.0
2026-01-24,S1091,PP06,6.0,6.0,0.0
2026-01-31,S1091,PP06,7.0,7.0,0.0
2026-02-07,S1091,PP06,7.0,7.0,0.0
2026-02-14,S1091,PP06,8.0,8.0,0.0
2026-02-21,S1091,PP06,9.0,9.0,0.0
2026-02-28,S1091,PP06,7.0,7.0,0.0
2026-03-07,S1091,PP06,7.0,7.0,0.0
2026-03-14,S1091,PP06,9.0,9.0,0.0
2026-03-21,S1091,PP06,9.0,9.0,0.0
2026-03-28,S1091,PP06,8.0,8.0,0.0
2026-04-04,S1091,PP06,10.0,10.0,0.0
2026-04-11,S1091,PP06,7.0,7.0,0.0
2026-04-18,S1091,PP06,9.0,9.0,0.0
2026-04-25,S1091,PP06,8.0,8.0,0.0
2026-05-02,S1091,PP06,9.0,9.0,0.0
2026-05-09,S1091,PP06,7.0,7.0,0.0
2026-05-16,S1091,PP06,9.0,9.0,0.0
2026-05-23,S1091,PP06,9.0,9.0,0.0
2026-05-30,S1091,PP06,8.0,8.0,0.0
2026-06-06,S1091,PP06,9.0,9.0,0.0
2026-06-13,S1091,PP06,9.0,9.0,0.0
2026-06-20,S1091,PP06,8.0,8.0,0.0
2026-06-27,S1091,PP06,9.0,9.0,0.0
2026-07-04,S1091,PP06,8.0,8.0,0.0
2026-07-11,S1091,PP06,8.0,8.0,0.0
2026-07-18,S1091,PP06,9.0,9.0,0.0
2026-07-25,S1091,PP06,8.0,8.0,0.0
2022-08-06,S1092,PP06,10.0,10.0,0.0
2022-08-13,S1092,PP06,9.0,9.0,0.0
2022-08-20,S1092,PP06,8.0,8.0,0.0
2022-08-27,S1092,PP06,9.0,9.0,0.0
2022-09-03,S1092,PP06,8.0,8.0,0.0
2022-09-10,S1092,PP06,8.0,8.0,0.0
2022-09-17,S1092,PP06,9.0,9.0,0.0
2022-09-24,S1092,PP06,9.0,9.0,0.0
2022-10-01,S1092,PP06,7.0,7.0,0.0
2022-10-08,S1092,PP06,9.0,9.0,0.0
2022-10-15,S1092,PP06,8.0,8.0,0.0
2022-10-22,S1092,PP06,8.0,8.0,0.0
2022-10-29,S1092,PP06,7.0,7.0,0.0
2022-11-05,S1092,PP06,11.0,11.0,0.0
2022-11-12,S1092,PP06,9.0,9.0,0.0
2022-11-19,S1092,PP06,10.0,10.0,0.0
2022-11-26,S1092,PP06,13.0,13.0,0.0
2022-12-03,S1092,PP06,14.0,14.0,0.0
2022-12-10,S1092,PP06,13.0,13.0,0.0
2022-12-17,S1092,PP06,14.0,14.0,0.0
2022-12-24,S1092,PP06,14.0,14.0,0.0
2022-12-31,S1092,PP06,11.0,11.0,0.0
2023-01-07,S1092,PP06,9.0,9.0,0.0
2023-01-14,S1092,PP06,7.0,7.0,0.0
2023-01-21,S1092,PP06,7.0,7.0,0.0
2023-01-28,S1092,PP06,7.0,7.0,0.0
2023-02-04,S1092,PP06,8.0,8.0,0.0
2023-02-11,S1092,PP06,7.0,7.0,0.0
2023-02-18,S1092,PP06,8.0,8.0,0.0
2023-02-25,S1092,PP06,7.0,7.0,0.0
2023-03-04,S1092,PP06,9.0,9.0,0.0
2023-03-11,S1092,PP06,9.0,9.0,0.0
2023-03-18,S1092,PP06,8.0,8.0,0.0
2023-03-25,S1092,PP06,9.0,9.0,0.0
2023-04-01,S1092,PP06,8.0,8.0,0.0
2023-04-08,S1092,PP06,8.0,8.0,0.0
2023-04-15,S1092,PP06,10.0,10.0,0.0
2023-04-22,S1092,PP06,10.0,10.0,0.0
2023-04-29,S1092,PP06,8.0,8.0,0.0
2023-05-06,S1092,PP06,9.0,9.0,0.0
2023-05-13,S1092,PP06,8.0,8.0,0.0
2023-05-20,S1092,PP06,9.0,9.0,0.0
2023-05-27,S1092,PP06,9.0,9.0,0.0
2023-06-03,S1092,PP06,9.0,9.0,0.0
2023-06-10,S1092,PP06,9.0,9.0,0.0
2023-06-17,S1092,PP06,9.0,9.0,0.0
2023-06-24,S1092,PP06,8.0,8.0,0.0
2023-07-01,S1092,PP06,9.0,9.0,0.0
2023-07-08,S1092,PP06,9.0,9.0,0.0
2023-07-15,S1092,PP06,9.0,9.0,0.0
2023-07-22,S1092,PP06,8.0,8.0,0.0
2023-07-29,S1092,PP06,10.0,10.0,0.0
2023-08-05,S1092,PP06,8.0,8.0,0.0
2023-08-12,S1092,PP06,9.0,9.0,0.0
2023-08-19,S1092,PP06,9.0,9.0,0.0
2023-08-26,S1092,PP06,8.0,8.0,0.0
2023-09-02,S1092,PP06,9.0,9.0,0.0
2023-09-09,S1092,PP06,9.0,9.0,0.0
2023-09-16,S1092,PP06,7.0,7.0,0.0
2023-09-23,S1092,PP06,8.0,8.0,0.0
2023-09-30,S1092,PP06,7.0,7.0,0.0
2023-10-07,S1092,PP06,10.0,10.0,0.0
2023-10-14,S1092,PP06,9.0,9.0,0.0
2023-10-21,S1092,PP06,9.0,9.0,0.0
2023-10-28,S1092,PP06,10.0,10.0,0.0
2023-11-04,S1092,PP06,10.0,10.0,0.0
2023-11-11,S1092,PP06,11.0,11.0,0.0
2023-11-18,S1092,PP06,10.0,10.0,0.0
2023-11-25,S1092,PP06,14.0,14.0,0.0
2023-12-02,S1092,PP06,15.0,14.0,1.0
2023-12-09,S1092,PP06,14.0,14.0,1.0
2023-12-16,S1092,PP06,13.0,14.0,0.0
2023-12-23,S1092,PP06,9.0,9.0,0.0
2023-12-30,S1092,PP06,9.0,9.0,0.0
2024-01-06,S1092,PP06,9.0,9.0,0.0
2024-01-13,S1092,PP06,8.0,8.0,0.0
2024-01-20,S1092,PP06,8.0,8.0,0.0
2024-01-27,S1092,PP06,7.0,7.0,0.0
2024-02-03,S1092,PP06,9.0,9.0,0.0
2024-02-10,S1092,PP06,9.0,9.0,0.0
2024-02-17,S1092,PP06,8.0,8.0,0.0
2024-02-24,S1092,PP06,11.0,11.0,0.0
2024-03-02,S1092,PP06,8.0,8.0,0.0
2024-03-09,S1092,PP06,8.0,8.0,0.0
2024-03-16,S1092,PP06,8.0,8.0,0.0
2024-03-23,S1092,PP06,8.0,8.0,0.0
2024-03-30,S1092,PP06,8.0,8.0,0.0
2024-04-06,S1092,PP06,9.0,9.0,0.0
2024-04-13,S1092,PP06,9.0,9.0,0.0
2024-04-20,S1092,PP06,9.0,9.0,0.0
2024-04-27,S1092,PP06,9.0,9.0,0.0
2024-05-04,S1092,PP06,7.0,7.0,0.0
2024-05-11,S1092,PP06,8.0,8.0,0.0
2024-05-18,S1092,PP06,9.0,9.0,0.0
2024-05-25,S1092,PP06,9.0,9.0,0.0
2024-06-01,S1092,PP06,9.0,9.0,0.0
2024-06-08,S1092,PP06,11.0,11.0,0.0
2024-06-15,S1092,PP06,9.0,9.0,0.0
2024-06-22,S1092,PP06,8.0,8.0,0.0
2024-06-29,S1092,PP06,8.0,8.0,0.0
2024-07-06,S1092,PP06,11.0,11.0,0.0
2024-07-13,S1092,PP06,10.0,10.0,0.0
2024-07-20,S1092,PP06,10.0,10.0,0.0
2024-07-27,S1092,PP06,8.0,8.0,0.0
2024-08-03,S1092,PP06,10.0,10.0,0.0
2024-08-10,S1092,PP06,10.0,10.0,0.0
2024-08-17,S1092,PP06,9.0,9.0,0.0
2024-08-24,S1092,PP06,9.0,9.0,0.0
2024-08-31,S1092,PP06,9.0,9.0,0.0
2024-09-07,S1092,PP06,8.0,8.0,0.0
2024-09-14,S1092,PP06,7.0,7.0,0.0
2024-09-21,S1092,PP06,10.0,10.0,0.0
2024-09-28,S1092,PP06,9.0,9.0,0.0
2024-10-05,S1092,PP06,9.0,9.0,0.0
2024-10-12,S1092,PP06,9.0,9.0,0.0
2024-10-19,S1092,PP06,10.0,10.0,0.0
2024-10-26,S1092,PP06,12.0,12.0,0.0
2024-11-02,S1092,PP06,11.0,11.0,0.0
2024-11-09,S1092,PP06,12.0,12.0,0.0
2024-11-16,S1092,PP06,11.0,11.0,0.0
2024-11-23,S1092,PP06,12.0,12.0,0.0
2024-11-30,S1092,PP06,15.0,14.0,1.0
2024-12-07,S1092,PP06,15.0,14.0,2.0
2024-12-14,S1092,PP06,13.0,14.0,1.0
2024-12-21,S1092,PP06,13.0,14.0,0.0
2024-12-28,S1092,PP06,12.0,12.0,0.0
2025-01-04,S1092,PP06,7.0,7.0,0.0
2025-01-11,S1092,PP06,7.0,7.0,0.0
2025-01-18,S1092,PP06,8.0,8.0,0.0
2025-01-25,S1092,PP06,6.0,6.0,0.0
2025-02-01,S1092,PP06,7.0,7.0,0.0
2025-02-08,S1092,PP06,8.0,8.0,0.0
2025-02-15,S1092,PP06,9.0,9.0,0.0
2025-02-22,S1092,PP06,9.0,9.0,0.0
2025-03-01,S1092,PP06,10.0,10.0,0.0
2025-03-08,S1092,PP06,9.0,9.0,0.0
2025-03-15,S1092,PP06,9.0,9.0,0.0
2025-03-22,S1092,PP06,8.0,8.0,0.0
2025-03-29,S1092,PP06,9.0,9.0,0.0
2025-04-05,S1092,PP06,10.0,10.0,0.0
2025-04-12,S1092,PP06,10.0,10.0,0.0
2025-04-19,S1092,PP06,10.0,10.0,0.0
2025-04-26,S1092,PP06,10.0,10.0,0.0
2025-05-03,S1092,PP06,11.0,11.0,0.0
2025-05-10,S1092,PP06,10.0,10.0,0.0
2025-05-17,S1092,PP06,12.0,12.0,0.0
2025-05-24,S1092,PP06,9.0,9.0,0.0
2025-05-31,S1092,PP06,10.0,10.0,0.0
2025-06-07,S1092,PP06,9.0,9.0,0.0
2025-06-14,S1092,PP06,10.0,10.0,0.0
2025-06-21,S1092,PP06,9.0,9.0,0.0
2025-06-28,S1092,PP06,9.0,9.0,0.0
2025-07-05,S1092,PP06,8.0,8.0,0.0
2025-07-12,S1092,PP06,10.0,10.0,0.0
2025-07-19,S1092,PP06,11.0,11.0,0.0
2025-07-26,S1092,PP06,11.0,11.0,0.0
2025-08-02,S1092,PP06,11.0,11.0,0.0
2025-08-09,S1092,PP06,11.0,11.0,0.0
2025-08-16,S1092,PP06,11.0,11.0,0.0
2025-08-23,S1092,PP06,10.0,10.0,0.0
2025-08-30,S1092,PP06,10.0,10.0,0.0
2025-09-06,S1092,PP06,9.0,9.0,0.0
2025-09-13,S1092,PP06,9.0,9.0,0.0
2025-09-20,S1092,PP06,9.0,9.0,0.0
2025-09-27,S1092,PP06,9.0,9.0,0.0
2025-10-04,S1092,PP06,8.0,8.0,0.0
2025-10-11,S1092,PP06,8.0,8.0,0.0
2025-10-18,S1092,PP06,10.0,10.0,0.0
2025-10-25,S1092,PP06,11.0,11.0,0.0
2025-11-01,S1092,PP06,11.0,11.0,0.0
2025-11-08,S1092,PP06,15.0,14.0,1.0
2025-11-15,S1092,PP06,11.0,12.0,0.0
2025-11-22,S1092,PP06,13.0,13.0,0.0
2025-11-29,S1092,PP06,16.0,14.0,2.0
2025-12-06,S1092,PP06,16.0,14.0,4.0
2025-12-13,S1092,PP06,16.0,14.0,6.0
2025-12-20,S1092,PP06,15.0,14.0,7.0
2025-12-27,S1092,PP06,12.0,14.0,5.0
2026-01-03,S1092,PP06,11.0,14.0,2.0
2026-01-10,S1092,PP06,9.0,11.0,0.0
2026-01-17,S1092,PP06,7.0,7.0,0.0
2026-01-24,S1092,PP06,8.0,8.0,0.0
2026-01-31,S1092,PP06,7.0,7.0,0.0
2026-02-07,S1092,PP06,10.0,10.0,0.0
2026-02-14,S1092,PP06,9.0,9.0,0.0
2026-02-21,S1092,PP06,11.0,11.0,0.0
2026-02-28,S1092,PP06,9.0,9.0,0.0
2026-03-07,S1092,PP06,8.0,8.0,0.0
2026-03-14,S1092,PP06,13.0,13.0,0.0
2026-03-21,S1092,PP06,10.0,10.0,0.0
2026-03-28,S1092,PP06,9.0,9.0,0.0
2026-04-04,S1092,PP06,11.0,11.0,0.0
2026-04-11,S1092,PP06,12.0,12.0,0.0
2026-04-18,S1092,PP06,10.0,10.0,0.0
2026-04-25,S1092,PP06,10.0,10.0,0.0
2026-05-02,S1092,PP06,11.0,11.0,0.0
2026-05-09,S1092,PP06,9.0,9.0,0.0
2026-05-16,S1092,PP06,10.0,10.0,0.0
2026-05-23,S1092,PP06,12.0,12.0,0.0
2026-05-30,S1092,PP06,10.0,10.0,0.0
2026-06-06,S1092,PP06,9.0,9.0,0.0
2026-06-13,S1092,PP06,9.0,9.0,0.0
2026-06-20,S1092,PP06,11.0,11.0,0.0
2026-06-27,S1092,PP06,8.0,8.0,0.0
2026-07-04,S1092,PP06,10.0,10.0,0.0
2026-07-11,S1092,PP06,13.0,13.0,0.0
2026-07-18,S1092,PP06,12.0,12.0,0.0
2026-07-25,S1092,PP06,11.0,11.0,0.0
2022-08-06,S1093,PP06,19.0,19.0,0.0
2022-08-13,S1093,PP06,19.0,19.0,0.0
2022-08-20,S1093,PP06,16.0,16.0,0.0
2022-08-27,S1093,PP06,18.0,18.0,0.0
2022-09-03,S1093,PP06,19.0,19.0,0.0
2022-09-10,S1093,PP06,14.0,14.0,0.0
2022-09-17,S1093,PP06,16.0,16.0,0.0
2022-09-24,S1093,PP06,16.0,16.0,0.0
2022-10-01,S1093,PP06,16.0,16.0,0.0
2022-10-08,S1093,PP06,16.0,16.0,0.0
2022-10-15,S1093,PP06,16.0,16.0,0.0
2022-10-22,S1093,PP06,17.0,17.0,0.0
2022-10-29,S1093,PP06,19.0,19.0,0.0
2022-11-05,S1093,PP06,19.0,19.0,0.0
2022-11-12,S1093,PP06,18.0,18.0,0.0
2022-11-19,S1093,PP06,19.0,19.0,0.0
2022-11-26,S1093,PP06,21.0,21.0,0.0
2022-12-03,S1093,PP06,24.0,24.0,0.0
2022-12-10,S1093,PP06,23.0,23.0,0.0
2022-12-17,S1093,PP06,26.0,24.0,2.0
2022-12-24,S1093,PP06,21.0,23.0,0.0
2022-12-31,S1093,PP06,19.0,19.0,0.0
2023-01-07,S1093,PP06,14.0,14.0,0.0
2023-01-14,S1093,PP06,11.0,11.0,0.0
2023-01-21,S1093,PP06,15.0,15.0,0.0
2023-01-28,S1093,PP06,14.0,14.0,0.0
2023-02-04,S1093,PP06,14.0,14.0,0.0
2023-02-11,S1093,PP06,16.0,16.0,0.0
2023-02-18,S1093,PP06,16.0,16.0,0.0
2023-02-25,S1093,PP06,13.0,13.0,0.0
2023-03-04,S1093,PP06,18.0,18.0,0.0
2023-03-11,S1093,PP06,15.0,15.0,0.0
2023-03-18,S1093,PP06,19.0,19.0,0.0
2023-03-25,S1093,PP06,14.0,14.0,0.0
2023-04-01,S1093,PP06,17.0,17.0,0.0
2023-04-08,S1093,PP06,16.0,16.0,0.0
2023-04-15,S1093,PP06,13.0,13.0,0.0
2023-04-22,S1093,PP06,17.0,17.0,0.0
2023-04-29,S1093,PP06,14.0,14.0,0.0
2023-05-06,S1093,PP06,16.0,16.0,0.0
2023-05-13,S1093,PP06,19.0,19.0,0.0
2023-05-20,S1093,PP06,16.0,16.0,0.0
2023-05-27,S1093,PP06,15.0,15.0,0.0
2023-06-03,S1093,PP06,18.0,18.0,0.0
2023-06-10,S1093,PP06,16.0,16.0,0.0
2023-06-17,S1093,PP06,16.0,16.0,0.0
2023-06-24,S1093,PP06,18.0,18.0,0.0
2023-07-01,S1093,PP06,14.0,14.0,0.0
2023-07-08,S1093,PP06,15.0,15.0,0.0
2023-07-15,S1093,PP06,18.0,18.0,0.0
2023-07-22,S1093,PP06,15.0,15.0,0.0
2023-07-29,S1093,PP06,20.0,20.0,0.0
2023-08-05,S1093,PP06,17.0,17.0,0.0
2023-08-12,S1093,PP06,19.0,19.0,0.0
2023-08-19,S1093,PP06,18.0,18.0,0.0
2023-08-26,S1093,PP06,16.0,16.0,0.0
2023-09-02,S1093,PP06,15.0,15.0,0.0
2023-09-09,S1093,PP06,16.0,16.0,0.0
2023-09-16,S1093,PP06,17.0,17.0,0.0
2023-09-23,S1093,PP06,14.0,14.0,0.0
2023-09-30,S1093,PP06,14.0,14.0,0.0
2023-10-07,S1093,PP06,18.0,18.0,0.0
2023-10-14,S1093,PP06,15.0,15.0,0.0
2023-10-21,S1093,PP06,17.0,17.0,0.0
2023-10-28,S1093,PP06,17.0,17.0,0.0
2023-11-04,S1093,PP06,18.0,18.0,0.0
2023-11-11,S1093,PP06,22.0,22.0,0.0
2023-11-18,S1093,PP06,20.0,20.0,0.0
2023-11-25,S1093,PP06,21.0,21.0,0.0
2023-12-02,S1093,PP06,23.0,23.0,0.0
2023-12-09,S1093,PP06,24.0,24.0,0.0
2023-12-16,S1093,PP06,23.0,23.0,0.0
2023-12-23,S1093,PP06,20.0,20.0,0.0
2023-12-30,S1093,PP06,21.0,21.0,0.0
2024-01-06,S1093,PP06,16.0,16.0,0.0
2024-01-13,S1093,PP06,12.0,12.0,0.0
2024-01-20,S1093,PP06,14.0,14.0,0.0
2024-01-27,S1093,PP06,12.0,12.0,0.0
2024-02-03,S1093,PP06,16.0,16.0,0.0
2024-02-10,S1093,PP06,17.0,17.0,0.0
2024-02-17,S1093,PP06,19.0,19.0,0.0
2024-02-24,S1093,PP06,17.0,17.0,0.0
2024-03-02,S1093,PP06,16.0,16.0,0.0
2024-03-09,S1093,PP06,18.0,18.0,0.0
2024-03-16,S1093,PP06,15.0,15.0,0.0
2024-03-23,S1093,PP06,15.0,15.0,0.0
2024-03-30,S1093,PP06,16.0,16.0,0.0
2024-04-06,S1093,PP06,18.0,18.0,0.0
2024-04-13,S1093,PP06,15.0,15.0,0.0
2024-04-20,S1093,PP06,15.0,15.0,0.0
2024-04-27,S1093,PP06,17.0,17.0,0.0
2024-05-04,S1093,PP06,19.0,19.0,0.0
2024-05-11,S1093,PP06,16.0,16.0,0.0
2024-05-18,S1093,PP06,19.0,19.0,0.0
2024-05-25,S1093,PP06,20.0,20.0,0.0
2024-06-01,S1093,PP06,19.0,19.0,0.0
2024-06-08,S1093,PP06,17.0,17.0,0.0
2024-06-15,S1093,PP06,17.0,17.0,0.0
2024-06-22,S1093,PP06,20.0,20.0,0.0
2024-06-29,S1093,PP06,17.0,17.0,0.0
2024-07-06,S1093,PP06,18.0,18.0,0.0
2024-07-13,S1093,PP06,20.0,20.0,0.0
2024-07-20,S1093,PP06,18.0,18.0,0.0
2024-07-27,S1093,PP06,15.0,15.0,0.0
2024-08-03,S1093,PP06,15.0,15.0,0.0
2024-08-10,S1093,PP06,17.0,17.0,0.0
2024-08-17,S1093,PP06,18.0,18.0,0.0
2024-08-24,S1093,PP06,17.0,17.0,0.0
2024-08-31,S1093,PP06,20.0,20.0,0.0
2024-09-07,S1093,PP06,16.0,16.0,0.0
2024-09-14,S1093,PP06,15.0,15.0,0.0
2024-09-21,S1093,PP06,14.0,14.0,0.0
2024-09-28,S1093,PP06,18.0,18.0,0.0
2024-10-05,S1093,PP06,16.0,16.0,0.0
2024-10-12,S1093,PP06,14.0,14.0,0.0
2024-10-19,S1093,PP06,17.0,17.0,0.0
2024-10-26,S1093,PP06,16.0,16.0,0.0
2024-11-02,S1093,PP06,18.0,18.0,0.0
2024-11-09,S1093,PP06,19.0,19.0,0.0
2024-11-16,S1093,PP06,19.0,19.0,0.0
2024-11-23,S1093,PP06,21.0,21.0,0.0
2024-11-30,S1093,PP06,22.0,22.0,0.0
2024-12-07,S1093,PP06,24.0,24.0,0.0
2024-12-14,S1093,PP06,23.0,23.0,0.0
2024-12-21,S1093,PP06,22.0,22.0,0.0
2024-12-28,S1093,PP06,18.0,18.0,0.0
2025-01-04,S1093,PP06,18.0,18.0,0.0
2025-01-11,S1093,PP06,14.0,14.0,0.0
2025-01-18,S1093,PP06,15.0,15.0,0.0
2025-01-25,S1093,PP06,17.0,17.0,0.0
2025-02-01,S1093,PP06,16.0,16.0,0.0
2025-02-08,S1093,PP06,16.0,16.0,0.0
2025-02-15,S1093,PP06,17.0,17.0,0.0
2025-02-22,S1093,PP06,17.0,17.0,0.0
2025-03-01,S1093,PP06,16.0,16.0,0.0
2025-03-08,S1093,PP06,16.0,16.0,0.0
2025-03-15,S1093,PP06,15.0,15.0,0.0
2025-03-22,S1093,PP06,18.0,18.0,0.0
2025-03-29,S1093,PP06,17.0,17.0,0.0
2025-04-05,S1093,PP06,20.0,20.0,0.0
2025-04-12,S1093,PP06,19.0,19.0,0.0
2025-04-19,S1093,PP06,16.0,16.0,0.0
2025-04-26,S1093,PP06,20.0,20.0,0.0
2025-05-03,S1093,PP06,14.0,14.0,0.0
2025-05-10,S1093,PP06,22.0,22.0,0.0
2025-05-17,S1093,PP06,16.0,16.0,0.0
2025-05-24,S1093,PP06,19.0,19.0,0.0
2025-05-31,S1093,PP06,19.0,19.0,0.0
2025-06-07,S1093,PP06,20.0,20.0,0.0
2025-06-14,S1093,PP06,17.0,17.0,0.0
2025-06-21,S1093,PP06,14.0,14.0,0.0
2025-06-28,S1093,PP06,17.0,17.0,0.0
2025-07-05,S1093,PP06,17.0,17.0,0.0
2025-07-12,S1093,PP06,15.0,15.0,0.0
2025-07-19,S1093,PP06,18.0,18.0,0.0
2025-07-26,S1093,PP06,16.0,16.0,0.0
2025-08-02,S1093,PP06,20.0,20.0,0.0
2025-08-09,S1093,PP06,18.0,18.0,0.0
2025-08-16,S1093,PP06,23.0,23.0,0.0
2025-08-23,S1093,PP06,18.0,18.0,0.0
2025-08-30,S1093,PP06,18.0,18.0,0.0
2025-09-06,S1093,PP06,17.0,17.0,0.0
2025-09-13,S1093,PP06,14.0,14.0,0.0
2025-09-20,S1093,PP06,16.0,16.0,0.0
2025-09-27,S1093,PP06,18.0,18.0,0.0
2025-10-04,S1093,PP06,18.0,18.0,0.0
2025-10-11,S1093,PP06,17.0,17.0,0.0
2025-10-18,S1093,PP06,16.0,16.0,0.0
2025-10-25,S1093,PP06,20.0,20.0,0.0
2025-11-01,S1093,PP06,21.0,21.0,0.0
2025-11-08,S1093,PP06,23.0,23.0,0.0
2025-11-15,S1093,PP06,21.0,21.0,0.0
2025-11-22,S1093,PP06,20.0,20.0,0.0
2025-11-29,S1093,PP06,26.0,24.0,2.0
2025-12-06,S1093,PP06,27.0,24.0,5.0
2025-12-13,S1093,PP06,32.0,24.0,13.0
2025-12-20,S1093,PP06,24.0,24.0,13.0
2025-12-27,S1093,PP06,21.0,24.0,10.0
2026-01-03,S1093,PP06,19.0,24.0,5.0
2026-01-10,S1093,PP06,14.0,19.0,0.0
2026-01-17,S1093,PP06,13.0,13.0,0.0
2026-01-24,S1093,PP06,15.0,15.0,0.0
2026-01-31,S1093,PP06,14.0,14.0,0.0
2026-02-07,S1093,PP06,16.0,16.0,0.0
2026-02-14,S1093,PP06,20.0,20.0,0.0
2026-02-21,S1093,PP06,19.0,19.0,0.0
2026-02-28,S1093,PP06,18.0,18.0,0.0
2026-03-07,S1093,PP06,21.0,21.0,0.0
2026-03-14,S1093,PP06,16.0,16.0,0.0
2026-03-21,S1093,PP06,23.0,23.0,0.0
2026-03-28,S1093,PP06,17.0,17.0,0.0
2026-04-04,S1093,PP06,22.0,22.0,0.0
2026-04-11,S1093,PP06,22.0,22.0,0.0
2026-04-18,S1093,PP06,15.0,15.0,0.0
2026-04-25,S1093,PP06,22.0,22.0,0.0
2026-05-02,S1093,PP06,18.0,18.0,0.0
2026-05-09,S1093,PP06,18.0,18.0,0.0
2026-05-16,S1093,PP06,20.0,20.0,0.0
2026-05-23,S1093,PP06,17.0,17.0,0.0
2026-05-30,S1093,PP06,20.0,20.0,0.0
2026-06-06,S1093,PP06,17.0,17.0,0.0
2026-06-13,S1093,PP06,18.0,18.0,0.0
2026-06-20,S1093,PP06,21.0,21.0,0.0
2026-06-27,S1093,PP06,19.0,19.0,0.0
2026-07-04,S1093,PP06,18.0,18.0,0.0
2026-07-11,S1093,PP06,20.0,20.0,0.0
2026-07-18,S1093,PP06,16.0,16.0,0.0
2026-07-25,S1093,PP06,17.0,17.0,0.0
2022-08-06,S1094,PP06,14.0,14.0,0.0
2022-08-13,S1094,PP06,16.0,16.0,0.0
2022-08-20,S1094,PP06,15.0,15.0,0.0
2022-08-27,S1094,PP06,15.0,15.0,0.0
2022-09-03,S1094,PP06,14.0,14.0,0.0
2022-09-10,S1094,PP06,13.0,13.0,0.0
2022-09-17,S1094,PP06,16.0,16.0,0.0
2022-09-24,S1094,PP06,13.0,13.0,0.0
2022-10-01,S1094,PP06,15.0,15.0,0.0
2022-10-08,S1094,PP06,14.0,14.0,0.0
2022-10-15,S1094,PP06,15.0,15.0,0.0
2022-10-22,S1094,PP06,14.0,14.0,0.0
2022-10-29,S1094,PP06,17.0,17.0,0.0
2022-11-05,S1094,PP06,19.0,19.0,0.0
2022-11-12,S1094,PP06,19.0,19.0,0.0
2022-11-19,S1094,PP06,19.0,19.0,0.0
2022-11-26,S1094,PP06,19.0,19.0,0.0
2022-12-03,S1094,PP06,28.0,22.0,6.0
2022-12-10,S1094,PP06,20.0,22.0,4.0
2022-12-17,S1094,PP06,23.0,22.0,5.0
2022-12-24,S1094,PP06,19.0,22.0,2.0
2022-12-31,S1094,PP06,16.0,18.0,0.0
2023-01-07,S1094,PP06,13.0,13.0,0.0
2023-01-14,S1094,PP06,11.0,11.0,0.0
2023-01-21,S1094,PP06,12.0,12.0,0.0
2023-01-28,S1094,PP06,13.0,13.0,0.0
2023-02-04,S1094,PP06,17.0,17.0,0.0
2023-02-11,S1094,PP06,15.0,15.0,0.0
2023-02-18,S1094,PP06,14.0,14.0,0.0
2023-02-25,S1094,PP06,15.0,15.0,0.0
2023-03-04,S1094,PP06,17.0,17.0,0.0
2023-03-11,S1094,PP06,13.0,13.0,0.0
2023-03-18,S1094,PP06,14.0,14.0,0.0
2023-03-25,S1094,PP06,12.0,12.0,0.0
2023-04-01,S1094,PP06,15.0,15.0,0.0
2023-04-08,S1094,PP06,16.0,16.0,0.0
2023-04-15,S1094,PP06,13.0,13.0,0.0
2023-04-22,S1094,PP06,17.0,17.0,0.0
2023-04-29,S1094,PP06,14.0,14.0,0.0
2023-05-06,S1094,PP06,15.0,15.0,0.0
2023-05-13,S1094,PP06,15.0,15.0,0.0
2023-05-20,S1094,PP06,18.0,18.0,0.0
2023-05-27,S1094,PP06,14.0,14.0,0.0
2023-06-03,S1094,PP06,15.0,15.0,0.0
2023-06-10,S1094,PP06,16.0,16.0,0.0
2023-06-17,S1094,PP06,16.0,16.0,0.0
2023-06-24,S1094,PP06,16.0,16.0,0.0
2023-07-01,S1094,PP06,16.0,16.0,0.0
2023-07-08,S1094,PP06,14.0,14.0,0.0
2023-07-15,S1094,PP06,17.0,17.0,0.0
2023-07-22,S1094,PP06,15.0,15.0,0.0
2023-07-29,S1094,PP06,15.0,15.0,0.0
2023-08-05,S1094,PP06,18.0,18.0,0.0
2023-08-12,S1094,PP06,15.0,15.0,0.0
2023-08-19,S1094,PP06,16.0,16.0,0.0
2023-08-26,S1094,PP06,14.0,14.0,0.0
2023-09-02,S1094,PP06,19.0,19.0,0.0
2023-09-09,S1094,PP06,18.0,18.0,0.0
2023-09-16,S1094,PP06,14.0,14.0,0.0
2023-09-23,S1094,PP06,15.0,15.0,0.0
2023-09-30,S1094,PP06,14.0,14.0,0.0
2023-10-07,S1094,PP06,14.0,14.0,0.0
2023-10-14,S1094,PP06,14.0,14.0,0.0
2023-10-21,S1094,PP06,15.0,15.0,0.0
2023-10-28,S1094,PP06,13.0,13.0,0.0
2023-11-04,S1094,PP06,17.0,17.0,0.0
2023-11-11,S1094,PP06,17.0,17.0,0.0
2023-11-18,S1094,PP06,19.0,19.0,0.0
2023-11-25,S1094,PP06,20.0,20.0,0.0
2023-12-02,S1094,PP06,21.0,21.0,0.0
2023-12-09,S1094,PP06,25.0,22.0,3.0
2023-12-16,S1094,PP06,23.0,22.0,4.0
2023-12-23,S1094,PP06,22.0,22.0,4.0
2023-12-30,S1094,PP06,17.0,21.0,0.0
2024-01-06,S1094,PP06,13.0,13.0,0.0
2024-01-13,S1094,PP06,12.0,12.0,0.0
2024-01-20,S1094,PP06,10.0,10.0,0.0
2024-01-27,S1094,PP06,15.0,15.0,0.0
2024-02-03,S1094,PP06,13.0,13.0,0.0
2024-02-10,S1094,PP06,17.0,17.0,0.0
2024-02-17,S1094,PP06,13.0,13.0,0.0
2024-02-24,S1094,PP06,13.0,13.0,0.0
2024-03-02,S1094,PP06,15.0,15.0,0.0
2024-03-09,S1094,PP06,15.0,15.0,0.0
2024-03-16,S1094,PP06,15.0,15.0,0.0
2024-03-23,S1094,PP06,15.0,15.0,0.0
2024-03-30,S1094,PP06,14.0,14.0,0.0
2024-04-06,S1094,PP06,13.0,13.0,0.0
2024-04-13,S1094,PP06,15.0,15.0,0.0
2024-04-20,S1094,PP06,13.0,13.0,0.0
2024-04-27,S1094,PP06,13.0,13.0,0.0
2024-05-04,S1094,PP06,15.0,15.0,0.0
2024-05-11,S1094,PP06,17.0,17.0,0.0
2024-05-18,S1094,PP06,19.0,19.0,0.0
2024-05-25,S1094,PP06,17.0,17.0,0.0
2024-06-01,S1094,PP06,18.0,18.0,0.0
2024-06-08,S1094,PP06,16.0,16.0,0.0
2024-06-15,S1094,PP06,16.0,16.0,0.0
2024-06-22,S1094,PP06,19.0,19.0,0.0
2024-06-29,S1094,PP06,13.0,13.0,0.0
2024-07-06,S1094,PP06,14.0,14.0,0.0
2024-07-13,S1094,PP06,14.0,14.0,0.0
2024-07-20,S1094,PP06,17.0,17.0,0.0
2024-07-27,S1094,PP06,14.0,14.0,0.0
2024-08-03,S1094,PP06,17.0,17.0,0.0
2024-08-10,S1094,PP06,17.0,17.0,0.0
2024-08-17,S1094,PP06,17.0,17.0,0.0
2024-08-24,S1094,PP06,16.0,16.0,0.0
2024-08-31,S1094,PP06,17.0,17.0,0.0
2024-09-07,S1094,PP06,14.0,14.0,0.0
2024-09-14,S1094,PP06,15.0,15.0,0.0
2024-09-21,S1094,PP06,13.0,13.0,0.0
2024-09-28,S1094,PP06,13.0,13.0,0.0
2024-10-05,S1094,PP06,17.0,17.0,0.0
2024-10-12,S1094,PP06,14.0,14.0,0.0
2024-10-19,S1094,PP06,17.0,17.0,0.0
2024-10-26,S1094,PP06,17.0,17.0,0.0
2024-11-02,S1094,PP06,19.0,19.0,0.0
2024-11-09,S1094,PP06,15.0,15.0,0.0
2024-11-16,S1094,PP06,21.0,21.0,0.0
2024-11-23,S1094,PP06,20.0,20.0,0.0
2024-11-30,S1094,PP06,20.0,20.0,0.0
2024-12-07,S1094,PP06,23.0,22.0,1.0
2024-12-14,S1094,PP06,26.0,22.0,5.0
2024-12-21,S1094,PP06,22.0,22.0,5.0
2024-12-28,S1094,PP06,18.0,22.0,1.0
2025-01-04,S1094,PP06,13.0,14.0,0.0
2025-01-11,S1094,PP06,11.0,11.0,0.0
2025-01-18,S1094,PP06,13.0,13.0,0.0
2025-01-25,S1094,PP06,11.0,11.0,0.0
2025-02-01,S1094,PP06,13.0,13.0,0.0
2025-02-08,S1094,PP06,18.0,18.0,0.0
2025-02-15,S1094,PP06,15.0,15.0,0.0
2025-02-22,S1094,PP06,15.0,15.0,0.0
2025-03-01,S1094,PP06,13.0,13.0,0.0
2025-03-08,S1094,PP06,13.0,13.0,0.0
2025-03-15,S1094,PP06,16.0,16.0,0.0
2025-03-22,S1094,PP06,15.0,15.0,0.0
2025-03-29,S1094,PP06,17.0,17.0,0.0
2025-04-05,S1094,PP06,16.0,16.0,0.0
2025-04-12,S1094,PP06,22.0,22.0,0.0
2025-04-19,S1094,PP06,15.0,15.0,0.0
2025-04-26,S1094,PP06,17.0,17.0,0.0
2025-05-03,S1094,PP06,15.0,15.0,0.0
2025-05-10,S1094,PP06,19.0,19.0,0.0
2025-05-17,S1094,PP06,18.0,18.0,0.0
2025-05-24,S1094,PP06,15.0,15.0,0.0
2025-05-31,S1094,PP06,16.0,16.0,0.0
2025-06-07,S1094,PP06,18.0,18.0,0.0
2025-06-14,S1094,PP06,18.0,18.0,0.0
2025-06-21,S1094,PP06,14.0,14.0,0.0
2025-06-28,S1094,PP06,15.0,15.0,0.0
2025-07-05,S1094,PP06,19.0,19.0,0.0
2025-07-12,S1094,PP06,16.0,16.0,0.0
2025-07-19,S1094,PP06,17.0,17.0,0.0
2025-07-26,S1094,PP06,19.0,19.0,0.0
2025-08-02,S1094,PP06,15.0,15.0,0.0
2025-08-09,S1094,PP06,16.0,16.0,0.0
2025-08-16,S1094,PP06,16.0,16.0,0.0
2025-08-23,S1094,PP06,19.0,19.0,0.0
2025-08-30,S1094,PP06,18.0,18.0,0.0
2025-09-06,S1094,PP06,17.0,17.0,0.0
2025-09-13,S1094,PP06,15.0,15.0,0.0
2025-09-20,S1094,PP06,17.0,17.0,0.0
2025-09-27,S1094,PP06,15.0,15.0,0.0
2025-10-04,S1094,PP06,17.0,17.0,0.0
2025-10-11,S1094,PP06,18.0,18.0,0.0
2025-10-18,S1094,PP06,20.0,20.0,0.0
2025-10-25,S1094,PP06,17.0,17.0,0.0
2025-11-01,S1094,PP06,18.0,18.0,0.0
2025-11-08,S1094,PP06,22.0,22.0,0.0
2025-11-15,S1094,PP06,23.0,22.0,1.0
2025-11-22,S1094,PP06,20.0,21.0,0.0
2025-11-29,S1094,PP06,21.0,21.0,0.0
2025-12-06,S1094,PP06,28.0,22.0,6.0
2025-12-13,S1094,PP06,21.0,22.0,5.0
2025-12-20,S1094,PP06,19.0,22.0,2.0
2025-12-27,S1094,PP06,19.0,21.0,0.0
2026-01-03,S1094,PP06,16.0,16.0,0.0
2026-01-10,S1094,PP06,12.0,12.0,0.0
2026-01-17,S1094,PP06,13.0,13.0,0.0
2026-01-24,S1094,PP06,14.0,14.0,0.0
2026-01-31,S1094,PP06,13.0,13.0,0.0
2026-02-07,S1094,PP06,18.0,18.0,0.0
2026-02-14,S1094,PP06,16.0,16.0,0.0
2026-02-21,S1094,PP06,17.0,17.0,0.0
2026-02-28,S1094,PP06,14.0,14.0,0.0
2026-03-07,S1094,PP06,14.0,14.0,0.0
2026-03-14,S1094,PP06,17.0,17.0,0.0
2026-03-21,S1094,PP06,20.0,20.0,0.0
2026-03-28,S1094,PP06,15.0,15.0,0.0
2026-04-04,S1094,PP06,16.0,16.0,0.0
2026-04-11,S1094,PP06,14.0,14.0,0.0
2026-04-18,S1094,PP06,15.0,15.0,0.0
2026-04-25,S1094,PP06,17.0,17.0,0.0
2026-05-02,S1094,PP06,16.0,16.0,0.0
2026-05-09,S1094,PP06,15.0,15.0,0.0
2026-05-16,S1094,PP06,15.0,15.0,0.0
2026-05-23,S1094,PP06,14.0,14.0,0.0
2026-05-30,S1094,PP06,18.0,18.0,0.0
2026-06-06,S1094,PP06,18.0,18.0,0.0
2026-06-13,S1094,PP06,18.0,18.0,0.0
2026-06-20,S1094,PP06,15.0,15.0,0.0
2026-06-27,S1094,PP06,18.0,18.0,0.0
2026-07-04,S1094,PP06,18.0,18.0,0.0
2026-07-11,S1094,PP06,17.0,17.0,0.0
2026-07-18,S1094,PP06,17.0,17.0,0.0
2026-07-25,S1094,PP06,16.0,16.0,0.0
2022-08-06,S1095,PP06,22.0,22.0,0.0
2022-08-13,S1095,PP06,25.0,25.0,0.0
2022-08-20,S1095,PP06,24.0,24.0,0.0
2022-08-27,S1095,PP06,20.0,20.0,0.0
2022-09-03,S1095,PP06,22.0,22.0,0.0
2022-09-10,S1095,PP06,18.0,18.0,0.0
2022-09-17,S1095,PP06,22.0,22.0,0.0
2022-09-24,S1095,PP06,19.0,19.0,0.0
2022-10-01,S1095,PP06,22.0,22.0,0.0
2022-10-08,S1095,PP06,27.0,27.0,0.0
2022-10-15,S1095,PP06,20.0,20.0,0.0
2022-10-22,S1095,PP06,29.0,29.0,0.0
2022-10-29,S1095,PP06,24.0,24.0,0.0
2022-11-05,S1095,PP06,22.0,22.0,0.0
2022-11-12,S1095,PP06,22.0,22.0,0.0
2022-11-19,S1095,PP06,33.0,30.0,3.0
2022-11-26,S1095,PP06,30.0,30.0,3.0
2022-12-03,S1095,PP06,29.0,30.0,2.0
2022-12-10,S1095,PP06,32.0,30.0,4.0
2022-12-17,S1095,PP06,32.0,30.0,6.0
2022-12-24,S1095,PP06,26.0,30.0,2.0
2022-12-31,S1095,PP06,23.0,25.0,0.0
2023-01-07,S1095,PP06,22.0,22.0,0.0
2023-01-14,S1095,PP06,15.0,15.0,0.0
2023-01-21,S1095,PP06,18.0,18.0,0.0
2023-01-28,S1095,PP06,18.0,18.0,0.0
2023-02-04,S1095,PP06,18.0,18.0,0.0
2023-02-11,S1095,PP06,21.0,21.0,0.0
2023-02-18,S1095,PP06,17.0,17.0,0.0
2023-02-25,S1095,PP06,16.0,16.0,0.0
2023-03-04,S1095,PP06,21.0,21.0,0.0
2023-03-11,S1095,PP06,20.0,20.0,0.0
2023-03-18,S1095,PP06,18.0,18.0,0.0
2023-03-25,S1095,PP06,18.0,18.0,0.0
2023-04-01,S1095,PP06,25.0,25.0,0.0
2023-04-08,S1095,PP06,22.0,22.0,0.0
2023-04-15,S1095,PP06,21.0,21.0,0.0
2023-04-22,S1095,PP06,27.0,27.0,0.0
2023-04-29,S1095,PP06,24.0,24.0,0.0
2023-05-06,S1095,PP06,26.0,26.0,0.0
2023-05-13,S1095,PP06,19.0,19.0,0.0
2023-05-20,S1095,PP06,19.0,19.0,0.0
2023-05-27,S1095,PP06,23.0,23.0,0.0
2023-06-03,S1095,PP06,22.0,22.0,0.0
2023-06-10,S1095,PP06,24.0,24.0,0.0
2023-06-17,S1095,PP06,18.0,18.0,0.0
2023-06-24,S1095,PP06,23.0,23.0,0.0
2023-07-01,S1095,PP06,23.0,23.0,0.0
2023-07-08,S1095,PP06,23.0,23.0,0.0
2023-07-15,S1095,PP06,20.0,20.0,0.0
2023-07-22,S1095,PP06,23.0,23.0,0.0
2023-07-29,S1095,PP06,20.0,20.0,0.0
2023-08-05,S1095,PP06,21.0,21.0,0.0
2023-08-12,S1095,PP06,20.0,20.0,0.0
2023-08-19,S1095,PP06,20.0,20.0,0.0
2023-08-26,S1095,PP06,21.0,21.0,0.0
2023-09-02,S1095,PP06,20.0,20.0,0.0
2023-09-09,S1095,PP06,19.0,19.0,0.0
2023-09-16,S1095,PP06,18.0,18.0,0.0
2023-09-23,S1095,PP06,25.0,25.0,0.0
2023-09-30,S1095,PP06,19.0,19.0,0.0
2023-10-07,S1095,PP06,21.0,21.0,0.0
2023-10-14,S1095,PP06,17.0,17.0,0.0
2023-10-21,S1095,PP06,25.0,25.0,0.0
2023-10-28,S1095,PP06,23.0,23.0,0.0
2023-11-04,S1095,PP06,23.0,23.0,0.0
2023-11-11,S1095,PP06,24.0,24.0,0.0
2023-11-18,S1095,PP06,29.0,29.0,0.0
2023-11-25,S1095,PP06,21.0,21.0,0.0
2023-12-02,S1095,PP06,29.0,29.0,0.0
2023-12-09,S1095,PP06,33.0,30.0,3.0
2023-12-16,S1095,PP06,32.0,30.0,5.0
2023-12-23,S1095,PP06,36.0,30.0,11.0
2023-12-30,S1095,PP06,23.0,30.0,4.0
2024-01-06,S1095,PP06,22.0,26.0,0.0
2024-01-13,S1095,PP06,19.0,19.0,0.0
2024-01-20,S1095,PP06,18.0,18.0,0.0
2024-01-27,S1095,PP06,17.0,17.0,0.0
2024-02-03,S1095,PP06,16.0,16.0,0.0
2024-02-10,S1095,PP06,21.0,21.0,0.0
2024-02-17,S1095,PP06,24.0,24.0,0.0
2024-02-24,S1095,PP06,21.0,21.0,0.0
2024-03-02,S1095,PP06,23.0,23.0,0.0
2024-03-09,S1095,PP06,27.0,27.0,0.0
2024-03-16,S1095,PP06,23.0,23.0,0.0
2024-03-23,S1095,PP06,19.0,19.0,0.0
2024-03-30,S1095,PP06,21.0,21.0,0.0
2024-04-06,S1095,PP06,24.0,24.0,0.0
2024-04-13,S1095,PP06,20.0,20.0,0.0
2024-04-20,S1095,PP06,25.0,25.0,0.0
2024-04-27,S1095,PP06,22.0,22.0,0.0
2024-05-04,S1095,PP06,23.0,23.0,0.0
2024-05-11,S1095,PP06,22.0,22.0,0.0
2024-05-18,S1095,PP06,23.0,23.0,0.0
2024-05-25,S1095,PP06,23.0,23.0,0.0
2024-06-01,S1095,PP06,19.0,19.0,0.0
2024-06-08,S1095,PP06,21.0,21.0,0.0
2024-06-15,S1095,PP06,19.0,19.0,0.0
2024-06-22,S1095,PP06,21.0,21.0,0.0
2024-06-29,S1095,PP06,20.0,20.0,0.0
2024-07-06,S1095,PP06,24.0,24.0,0.0
2024-07-13,S1095,PP06,24.0,24.0,0.0
2024-07-20,S1095,PP06,23.0,23.0,0.0
2024-07-27,S1095,PP06,19.0,19.0,0.0
2024-08-03,S1095,PP06,22.0,22.0,0.0
2024-08-10,S1095,PP06,20.0,20.0,0.0
2024-08-17,S1095,PP06,22.0,22.0,0.0
2024-08-24,S1095,PP06,23.0,23.0,0.0
2024-08-31,S1095,PP06,23.0,23.0,0.0
2024-09-07,S1095,PP06,21.0,21.0,0.0
2024-09-14,S1095,PP06,23.0,23.0,0.0
2024-09-21,S1095,PP06,21.0,21.0,0.0
2024-09-28,S1095,PP06,20.0,20.0,0.0
2024-10-05,S1095,PP06,23.0,23.0,0.0
2024-10-12,S1095,PP06,23.0,23.0,0.0
2024-10-19,S1095,PP06,21.0,21.0,0.0
2024-10-26,S1095,PP06,24.0,24.0,0.0
2024-11-02,S1095,PP06,24.0,24.0,0.0
2024-11-09,S1095,PP06,21.0,21.0,0.0
2024-11-16,S1095,PP06,28.0,28.0,0.0
2024-11-23,S1095,PP06,26.0,26.0,0.0
2024-11-30,S1095,PP06,32.0,30.0,2.0
2024-12-07,S1095,PP06,29.0,30.0,1.0
2024-12-14,S1095,PP06,31.0,30.0,2.0
2024-12-21,S1095,PP06,28.0,30.0,0.0
2024-12-28,S1095,PP06,29.0,29.0,0.0
2025-01-04,S1095,PP06,20.0,20.0,0.0
2025-01-11,S1095,PP06,16.0,16.0,0.0
2025-01-18,S1095,PP06,18.0,18.0,0.0
2025-01-25,S1095,PP06,18.0,18.0,0.0
2025-02-01,S1095,PP06,20.0,20.0,0.0
2025-02-08,S1095,PP06,18.0,18.0,0.0
2025-02-15,S1095,PP06,21.0,21.0,0.0
2025-02-22,S1095,PP06,26.0,26.0,0.0
2025-03-01,S1095,PP06,21.0,21.0,0.0
2025-03-08,S1095,PP06,22.0,22.0,0.0
2025-03-15,S1095,PP06,18.0,18.0,0.0
2025-03-22,S1095,PP06,20.0,20.0,0.0
2025-03-29,S1095,PP06,23.0,23.0,0.0
2025-04-05,S1095,PP06,21.0,21.0,0.0
2025-04-12,S1095,PP06,24.0,24.0,0.0
2025-04-19,S1095,PP06,24.0,24.0,0.0
2025-04-26,S1095,PP06,20.0,20.0,0.0
2025-05-03,S1095,PP06,26.0,26.0,0.0
2025-05-10,S1095,PP06,21.0,21.0,0.0
2025-05-17,S1095,PP06,22.0,22.0,0.0
2025-05-24,S1095,PP06,24.0,24.0,0.0
2025-05-31,S1095,PP06,27.0,27.0,0.0
2025-06-07,S1095,PP06,21.0,21.0,0.0
2025-06-14,S1095,PP06,23.0,23.0,0.0
2025-06-21,S1095,PP06,23.0,23.0,0.0
2025-06-28,S1095,PP06,24.0,24.0,0.0
2025-07-05,S1095,PP06,26.0,26.0,0.0
2025-07-12,S1095,PP06,22.0,22.0,0.0
2025-07-19,S1095,PP06,26.0,26.0,0.0
2025-07-26,S1095,PP06,27.0,27.0,0.0
2025-08-02,S1095,PP06,29.0,29.0,0.0
2025-08-09,S1095,PP06,26.0,26.0,0.0
2025-08-16,S1095,PP06,25.0,25.0,0.0
2025-08-23,S1095,PP06,22.0,22.0,0.0
2025-08-30,S1095,PP06,20.0,20.0,0.0
2025-09-06,S1095,PP06,21.0,21.0,0.0
2025-09-13,S1095,PP06,22.0,22.0,0.0
2025-09-20,S1095,PP06,22.0,22.0,0.0
2025-09-27,S1095,PP06,23.0,23.0,0.0
2025-10-04,S1095,PP06,19.0,19.0,0.0
2025-10-11,S1095,PP06,22.0,22.0,0.0
2025-10-18,S1095,PP06,29.0,29.0,0.0
2025-10-25,S1095,PP06,27.0,27.0,0.0
2025-11-01,S1095,PP06,28.0,28.0,0.0
2025-11-08,S1095,PP06,28.0,28.0,0.0
2025-11-15,S1095,PP06,28.0,28.0,0.0
2025-11-22,S1095,PP06,26.0,26.0,0.0
2025-11-29,S1095,PP06,34.0,30.0,4.0
2025-12-06,S1095,PP06,27.0,30.0,1.0
2025-12-13,S1095,PP06,35.0,30.0,6.0
2025-12-20,S1095,PP06,32.0,30.0,8.0
2025-12-27,S1095,PP06,26.0,30.0,4.0
2026-01-03,S1095,PP06,29.0,30.0,3.0
2026-01-10,S1095,PP06,23.0,26.0,0.0
2026-01-17,S1095,PP06,21.0,21.0,0.0
2026-01-24,S1095,PP06,18.0,18.0,0.0
2026-01-31,S1095,PP06,25.0,25.0,0.0
2026-02-07,S1095,PP06,22.0,22.0,0.0
2026-02-14,S1095,PP06,20.0,20.0,0.0
2026-02-21,S1095,PP06,22.0,22.0,0.0
2026-02-28,S1095,PP06,25.0,25.0,0.0
2026-03-07,S1095,PP06,22.0,22.0,0.0
2026-03-14,S1095,PP06,24.0,24.0,0.0
2026-03-21,S1095,PP06,24.0,24.0,0.0
2026-03-28,S1095,PP06,21.0,21.0,0.0
2026-04-04,S1095,PP06,23.0,23.0,0.0
2026-04-11,S1095,PP06,21.0,21.0,0.0
2026-04-18,S1095,PP06,26.0,26.0,0.0
2026-04-25,S1095,PP06,22.0,22.0,0.0
2026-05-02,S1095,PP06,26.0,26.0,0.0
2026-05-09,S1095,PP06,22.0,22.0,0.0
2026-05-16,S1095,PP06,23.0,23.0,0.0
2026-05-23,S1095,PP06,22.0,22.0,0.0
2026-05-30,S1095,PP06,24.0,24.0,0.0
2026-06-06,S1095,PP06,24.0,24.0,0.0
2026-06-13,S1095,PP06,25.0,25.0,0.0
2026-06-20,S1095,PP06,20.0,20.0,0.0
2026-06-27,S1095,PP06,24.0,24.0,0.0
2026-07-04,S1095,PP06,22.0,22.0,0.0
2026-07-11,S1095,PP06,26.0,26.0,0.0
2026-07-18,S1095,PP06,24.0,24.0,0.0
2026-07-25,S1095,PP06,24.0,24.0,0.0
2022-08-06,S1096,PP06,9.0,9.0,0.0
2022-08-13,S1096,PP06,12.0,12.0,0.0
2022-08-20,S1096,PP06,8.0,8.0,0.0
2022-08-27,S1096,PP06,9.0,9.0,0.0
2022-09-03,S1096,PP06,9.0,9.0,0.0
2022-09-10,S1096,PP06,9.0,9.0,0.0
2022-09-17,S1096,PP06,8.0,8.0,0.0
2022-09-24,S1096,PP06,8.0,8.0,0.0
2022-10-01,S1096,PP06,9.0,9.0,0.0
2022-10-08,S1096,PP06,8.0,8.0,0.0
2022-10-15,S1096,PP06,11.0,11.0,0.0
2022-10-22,S1096,PP06,12.0,12.0,0.0
2022-10-29,S1096,PP06,10.0,10.0,0.0
2022-11-05,S1096,PP06,9.0,9.0,0.0
2022-11-12,S1096,PP06,12.0,12.0,0.0
2022-11-19,S1096,PP06,11.0,11.0,0.0
2022-11-26,S1096,PP06,12.0,12.0,0.0
2022-12-03,S1096,PP06,13.0,13.0,0.0
2022-12-10,S1096,PP06,14.0,14.0,0.0
2022-12-17,S1096,PP06,13.0,13.0,0.0
2022-12-24,S1096,PP06,11.0,11.0,0.0
2022-12-31,S1096,PP06,10.0,10.0,0.0
2023-01-07,S1096,PP06,9.0,9.0,0.0
2023-01-14,S1096,PP06,7.0,7.0,0.0
2023-01-21,S1096,PP06,8.0,8.0,0.0
2023-01-28,S1096,PP06,6.0,6.0,0.0
2023-02-04,S1096,PP06,9.0,9.0,0.0
2023-02-11,S1096,PP06,8.0,8.0,0.0
2023-02-18,S1096,PP06,10.0,10.0,0.0
2023-02-25,S1096,PP06,9.0,9.0,0.0
2023-03-04,S1096,PP06,9.0,9.0,0.0
2023-03-11,S1096,PP06,8.0,8.0,0.0
2023-03-18,S1096,PP06,12.0,12.0,0.0
2023-03-25,S1096,PP06,10.0,10.0,0.0
2023-04-01,S1096,PP06,10.0,10.0,0.0
2023-04-08,S1096,PP06,11.0,11.0,0.0
2023-04-15,S1096,PP06,10.0,10.0,0.0
2023-04-22,S1096,PP06,11.0,11.0,0.0
2023-04-29,S1096,PP06,9.0,9.0,0.0
2023-05-06,S1096,PP06,11.0,11.0,0.0
2023-05-13,S1096,PP06,9.0,9.0,0.0
2023-05-20,S1096,PP06,9.0,9.0,0.0
2023-05-27,S1096,PP06,10.0,10.0,0.0
2023-06-03,S1096,PP06,9.0,9.0,0.0
2023-06-10,S1096,PP06,10.0,10.0,0.0
2023-06-17,S1096,PP06,9.0,9.0,0.0
2023-06-24,S1096,PP06,8.0,8.0,0.0
2023-07-01,S1096,PP06,9.0,9.0,0.0
2023-07-08,S1096,PP06,9.0,9.0,0.0
2023-07-15,S1096,PP06,10.0,10.0,0.0
2023-07-22,S1096,PP06,10.0,10.0,0.0
2023-07-29,S1096,PP06,11.0,11.0,0.0
2023-08-05,S1096,PP06,11.0,11.0,0.0
2023-08-12,S1096,PP06,10.0,10.0,0.0
2023-08-19,S1096,PP06,10.0,10.0,0.0
2023-08-26,S1096,PP06,9.0,9.0,0.0
2023-09-02,S1096,PP06,10.0,10.0,0.0
2023-09-09,S1096,PP06,9.0,9.0,0.0
2023-09-16,S1096,PP06,9.0,9.0,0.0
2023-09-23,S1096,PP06,9.0,9.0,0.0
2023-09-30,S1096,PP06,10.0,10.0,0.0
2023-10-07,S1096,PP06,8.0,8.0,0.0
2023-10-14,S1096,PP06,10.0,10.0,0.0
2023-10-21,S1096,PP06,8.0,8.0,0.0
2023-10-28,S1096,PP06,11.0,11.0,0.0
2023-11-04,S1096,PP06,11.0,11.0,0.0
2023-11-11,S1096,PP06,13.0,13.0,0.0
2023-11-18,S1096,PP06,11.0,11.0,0.0
2023-11-25,S1096,PP06,15.0,14.0,1.0
2023-12-02,S1096,PP06,16.0,14.0,3.0
2023-12-09,S1096,PP06,15.0,14.0,4.0
2023-12-16,S1096,PP06,14.0,14.0,4.0
2023-12-23,S1096,PP06,11.0,14.0,1.0
2023-12-30,S1096,PP06,9.0,10.0,0.0
2024-01-06,S1096,PP06,8.0,8.0,0.0
2024-01-13,S1096,PP06,6.0,6.0,0.0
2024-01-20,S1096,PP06,9.0,9.0,0.0
2024-01-27,S1096,PP06,7.0,7.0,0.0
2024-02-03,S1096,PP06,9.0,9.0,0.0
2024-02-10,S1096,PP06,9.0,9.0,0.0
2024-02-17,S1096,PP06,9.0,9.0,0.0
2024-02-24,S1096,PP06,10.0,10.0,0.0
2024-03-02,S1096,PP06,10.0,10.0,0.0
2024-03-09,S1096,PP06,9.0,9.0,0.0
2024-03-16,S1096,PP06,10.0,10.0,0.0
2024-03-23,S1096,PP06,9.0,9.0,0.0
2024-03-30,S1096,PP06,11.0,11.0,0.0
2024-04-06,S1096,PP06,12.0,12.0,0.0
2024-04-13,S1096,PP06,8.0,8.0,0.0
2024-04-20,S1096,PP06,8.0,8.0,0.0
2024-04-27,S1096,PP06,11.0,11.0,0.0
2024-05-04,S1096,PP06,11.0,11.0,0.0
2024-05-11,S1096,PP06,13.0,13.0,0.0
2024-05-18,S1096,PP06,11.0,11.0,0.0
2024-05-25,S1096,PP06,12.0,12.0,0.0
2024-06-01,S1096,PP06,12.0,12.0,0.0
2024-06-08,S1096,PP06,12.0,12.0,0.0
2024-06-15,S1096,PP06,11.0,11.0,0.0
2024-06-22,S1096,PP06,9.0,9.0,0.0
2024-06-29,S1096,PP06,10.0,10.0,0.0
2024-07-06,S1096,PP06,10.0,10.0,0.0
2024-07-13,S1096,PP06,10.0,10.0,0.0
2024-07-20,S1096,PP06,10.0,10.0,0.0
2024-07-27,S1096,PP06,12.0,12.0,0.0
2024-08-03,S1096,PP06,9.0,9.0,0.0
2024-08-10,S1096,PP06,11.0,11.0,0.0
2024-08-17,S1096,PP06,11.0,11.0,0.0
2024-08-24,S1096,PP06,9.0,9.0,0.0
2024-08-31,S1096,PP06,9.0,9.0,0.0
2024-09-07,S1096,PP06,8.0,8.0,0.0
2024-09-14,S1096,PP06,10.0,10.0,0.0
2024-09-21,S1096,PP06,9.0,9.0,0.0
2024-09-28,S1096,PP06,9.0,9.0,0.0
2024-10-05,S1096,PP06,8.0,8.0,0.0
2024-10-12,S1096,PP06,10.0,10.0,0.0
2024-10-19,S1096,PP06,10.0,10.0,0.0
2024-10-26,S1096,PP06,10.0,10.0,0.0
2024-11-02,S1096,PP06,10.0,10.0,0.0
2024-11-09,S1096,PP06,11.0,11.0,0.0
2024-11-16,S1096,PP06,13.0,13.0,0.0
2024-11-23,S1096,PP06,13.0,13.0,0.0
2024-11-30,S1096,PP06,13.0,13.0,0.0
2024-12-07,S1096,PP06,15.0,14.0,1.0
2024-12-14,S1096,PP06,17.0,14.0,4.0
2024-12-21,S1096,PP06,13.0,14.0,3.0
2024-12-28,S1096,PP06,12.0,14.0,1.0
2025-01-04,S1096,PP06,9.0,10.0,0.0
2025-01-11,S1096,PP06,7.0,7.0,0.0
2025-01-18,S1096,PP06,7.0,7.0,0.0
2025-01-25,S1096,PP06,7.0,7.0,0.0
2025-02-01,S1096,PP06,10.0,10.0,0.0
2025-02-08,S1096,PP06,9.0,9.0,0.0
2025-02-15,S1096,PP06,9.0,9.0,0.0
2025-02-22,S1096,PP06,10.0,10.0,0.0
2025-03-01,S1096,PP06,10.0,10.0,0.0
2025-03-08,S1096,PP06,9.0,9.0,0.0
2025-03-15,S1096,PP06,10.0,10.0,0.0
2025-03-22,S1096,PP06,9.0,9.0,0.0
2025-03-29,S1096,PP06,13.0,13.0,0.0
2025-04-05,S1096,PP06,11.0,11.0,0.0
2025-04-12,S1096,PP06,10.0,10.0,0.0
2025-04-19,S1096,PP06,12.0,12.0,0.0
2025-04-26,S1096,PP06,12.0,12.0,0.0
2025-05-03,S1096,PP06,9.0,9.0,0.0
2025-05-10,S1096,PP06,11.0,11.0,0.0
2025-05-17,S1096,PP06,11.0,11.0,0.0
2025-05-24,S1096,PP06,11.0,11.0,0.0
2025-05-31,S1096,PP06,10.0,10.0,0.0
2025-06-07,S1096,PP06,10.0,10.0,0.0
2025-06-14,S1096,PP06,10.0,10.0,0.0
2025-06-21,S1096,PP06,11.0,11.0,0.0
2025-06-28,S1096,PP06,9.0,9.0,0.0
2025-07-05,S1096,PP06,10.0,10.0,0.0
2025-07-12,S1096,PP06,9.0,9.0,0.0
2025-07-19,S1096,PP06,10.0,10.0,0.0
2025-07-26,S1096,PP06,11.0,11.0,0.0
2025-08-02,S1096,PP06,11.0,11.0,0.0
2025-08-09,S1096,PP06,11.0,11.0,0.0
2025-08-16,S1096,PP06,12.0,12.0,0.0
2025-08-23,S1096,PP06,12.0,12.0,0.0
2025-08-30,S1096,PP06,10.0,10.0,0.0
2025-09-06,S1096,PP06,10.0,10.0,0.0
2025-09-13,S1096,PP06,9.0,9.0,0.0
2025-09-20,S1096,PP06,11.0,11.0,0.0
2025-09-27,S1096,PP06,9.0,9.0,0.0
2025-10-04,S1096,PP06,12.0,12.0,0.0
2025-10-11,S1096,PP06,12.0,12.0,0.0
2025-10-18,S1096,PP06,10.0,10.0,0.0
2025-10-25,S1096,PP06,10.0,10.0,0.0
2025-11-01,S1096,PP06,12.0,12.0,0.0
2025-11-08,S1096,PP06,12.0,12.0,0.0
2025-11-15,S1096,PP06,14.0,14.0,0.0
2025-11-22,S1096,PP06,13.0,13.0,0.0
2025-11-29,S1096,PP06,17.0,14.0,3.0
2025-12-06,S1096,PP06,16.0,14.0,5.0
2025-12-13,S1096,PP06,21.0,14.0,12.0
2025-12-20,S1096,PP06,15.0,14.0,13.0
2025-12-27,S1096,PP06,11.0,14.0,10.0
2026-01-03,S1096,PP06,13.0,14.0,9.0
2026-01-10,S1096,PP06,10.0,14.0,5.0
2026-01-17,S1096,PP06,9.0,14.0,0.0
2026-01-24,S1096,PP06,9.0,9.0,0.0
2026-01-31,S1096,PP06,8.0,8.0,0.0
2026-02-07,S1096,PP06,8.0,8.0,0.0
2026-02-14,S1096,PP06,10.0,10.0,0.0
2026-02-21,S1096,PP06,12.0,12.0,0.0
2026-02-28,S1096,PP06,11.0,11.0,0.0
2026-03-07,S1096,PP06,12.0,12.0,0.0
2026-03-14,S1096,PP06,12.0,12.0,0.0
2026-03-21,S1096,PP06,11.0,11.0,0.0
2026-03-28,S1096,PP06,12.0,12.0,0.0
2026-04-04,S1096,PP06,12.0,12.0,0.0
2026-04-11,S1096,PP06,10.0,10.0,0.0
2026-04-18,S1096,PP06,11.0,11.0,0.0
2026-04-25,S1096,PP06,11.0,11.0,0.0
2026-05-02,S1096,PP06,9.0,9.0,0.0
2026-05-09,S1096,PP06,12.0,12.0,0.0
2026-05-16,S1096,PP06,12.0,12.0,0.0
2026-05-23,S1096,PP06,11.0,11.0,0.0
2026-05-30,S1096,PP06,11.0,11.0,0.0
2026-06-06,S1096,PP06,11.0,11.0,0.0
2026-06-13,S1096,PP06,9.0,9.0,0.0
2026-06-20,S1096,PP06,13.0,13.0,0.0
2026-06-27,S1096,PP06,11.0,11.0,0.0
2026-07-04,S1096,PP06,10.0,10.0,0.0
2026-07-11,S1096,PP06,13.0,13.0,0.0
2026-07-18,S1096,PP06,12.0,12.0,0.0
2026-07-25,S1096,PP06,11.0,11.0,0.0
2025-03-08,S1097,PP06,6.0,6.0,0.0
2025-03-15,S1097,PP06,6.0,6.0,0.0
2025-03-22,S1097,PP06,7.0,7.0,0.0
2025-03-29,S1097,PP06,8.0,8.0,0.0
2025-04-05,S1097,PP06,7.0,7.0,0.0
2025-04-12,S1097,PP06,9.0,9.0,0.0
2025-04-19,S1097,PP06,9.0,9.0,0.0
2025-04-26,S1097,PP06,10.0,10.0,0.0
2025-05-03,S1097,PP06,12.0,12.0,0.0
2025-05-10,S1097,PP06,10.0,10.0,0.0
2025-05-17,S1097,PP06,10.0,10.0,0.0
2025-05-24,S1097,PP06,11.0,11.0,0.0
2025-05-31,S1097,PP06,11.0,11.0,0.0
2025-06-07,S1097,PP06,12.0,12.0,0.0
2025-06-14,S1097,PP06,13.0,13.0,0.0
2025-06-21,S1097,PP06,11.0,11.0,0.0
2025-06-28,S1097,PP06,12.0,12.0,0.0
2025-07-05,S1097,PP06,12.0,12.0,0.0
2025-07-12,S1097,PP06,12.0,12.0,0.0
2025-07-19,S1097,PP06,11.0,11.0,0.0
2025-07-26,S1097,PP06,11.0,11.0,0.0
2025-08-02,S1097,PP06,10.0,10.0,0.0
2025-08-09,S1097,PP06,11.0,11.0,0.0
2025-08-16,S1097,PP06,12.0,12.0,0.0
2025-08-23,S1097,PP06,11.0,11.0,0.0
2025-08-30,S1097,PP06,11.0,11.0,0.0
2025-09-06,S1097,PP06,11.0,11.0,0.0
2025-09-13,S1097,PP06,10.0,10.0,0.0
2025-09-20,S1097,PP06,10.0,10.0,0.0
2025-09-27,S1097,PP06,10.0,10.0,0.0
2025-10-04,S1097,PP06,12.0,12.0,0.0
2025-10-11,S1097,PP06,10.0,10.0,0.0
2025-10-18,S1097,PP06,12.0,12.0,0.0
2025-10-25,S1097,PP06,12.0,12.0,0.0
2025-11-01,S1097,PP06,12.0,12.0,0.0
2025-11-08,S1097,PP06,13.0,13.0,0.0
2025-11-15,S1097,PP06,12.0,12.0,0.0
2025-11-22,S1097,PP06,15.0,15.0,0.0
2025-11-29,S1097,PP06,14.0,14.0,0.0
2025-12-06,S1097,PP06,19.0,15.0,4.0
2025-12-13,S1097,PP06,17.0,15.0,6.0
2025-12-20,S1097,PP06,14.0,15.0,5.0
2025-12-27,S1097,PP06,15.0,15.0,5.0
2026-01-03,S1097,PP06,10.0,15.0,0.0
2026-01-10,S1097,PP06,9.0,9.0,0.0
2026-01-17,S1097,PP06,7.0,7.0,0.0
2026-01-24,S1097,PP06,11.0,11.0,0.0
2026-01-31,S1097,PP06,12.0,12.0,0.0
2026-02-07,S1097,PP06,9.0,9.0,0.0
2026-02-14,S1097,PP06,10.0,10.0,0.0
2026-02-21,S1097,PP06,11.0,11.0,0.0
2026-02-28,S1097,PP06,10.0,10.0,0.0
2026-03-07,S1097,PP06,11.0,11.0,0.0
2026-03-14,S1097,PP06,11.0,11.0,0.0
2026-03-21,S1097,PP06,12.0,12.0,0.0
2026-03-28,S1097,PP06,10.0,10.0,0.0
2026-04-04,S1097,PP06,11.0,11.0,0.0
2026-04-11,S1097,PP06,10.0,10.0,0.0
2026-04-18,S1097,PP06,11.0,11.0,0.0
2026-04-25,S1097,PP06,10.0,10.0,0.0
2026-05-02,S1097,PP06,11.0,11.0,0.0
2026-05-09,S1097,PP06,12.0,12.0,0.0
2026-05-16,S1097,PP06,13.0,13.0,0.0
2026-05-23,S1097,PP06,12.0,12.0,0.0
2026-05-30,S1097,PP06,12.0,12.0,0.0
2026-06-06,S1097,PP06,12.0,12.0,0.0
2026-06-13,S1097,PP06,9.0,9.0,0.0
2026-06-20,S1097,PP06,9.0,9.0,0.0
2026-06-27,S1097,PP06,11.0,11.0,0.0
2026-07-04,S1097,PP06,12.0,12.0,0.0
2026-07-11,S1097,PP06,11.0,11.0,0.0
2026-07-18,S1097,PP06,11.0,11.0,0.0
2026-07-25,S1097,PP06,11.0,11.0,0.0
2022-08-06,S1098,PP06,14.0,14.0,0.0
2022-08-13,S1098,PP06,15.0,15.0,0.0
2022-08-20,S1098,PP06,15.0,15.0,0.0
2022-08-27,S1098,PP06,13.0,13.0,0.0
2022-09-03,S1098,PP06,14.0,14.0,0.0
2022-09-10,S1098,PP06,14.0,14.0,0.0
2022-09-17,S1098,PP06,14.0,14.0,0.0
2022-09-24,S1098,PP06,16.0,16.0,0.0
2022-10-01,S1098,PP06,13.0,13.0,0.0
2022-10-08,S1098,PP06,15.0,15.0,0.0
2022-10-15,S1098,PP06,12.0,12.0,0.0
2022-10-22,S1098,PP06,13.0,13.0,0.0
2022-10-29,S1098,PP06,12.0,12.0,0.0
2022-11-05,S1098,PP06,16.0,16.0,0.0
2022-11-12,S1098,PP06,17.0,17.0,0.0
2022-11-19,S1098,PP06,14.0,14.0,0.0
2022-11-26,S1098,PP06,19.0,19.0,0.0
2022-12-03,S1098,PP06,21.0,20.0,1.0
2022-12-10,S1098,PP06,23.0,20.0,4.0
2022-12-17,S1098,PP06,18.0,20.0,2.0
2022-12-24,S1098,PP06,19.0,20.0,1.0
2022-12-31,S1098,PP06,15.0,16.0,0.0
2023-01-07,S1098,PP06,13.0,13.0,0.0
2023-01-14,S1098,PP06,11.0,11.0,0.0
2023-01-21,S1098,PP06,12.0,12.0,0.0
2023-01-28,S1098,PP06,13.0,13.0,0.0
2023-02-04,S1098,PP06,12.0,12.0,0.0
2023-02-11,S1098,PP06,13.0,13.0,0.0
2023-02-18,S1098,PP06,15.0,15.0,0.0
2023-02-25,S1098,PP06,13.0,13.0,0.0
2023-03-04,S1098,PP06,12.0,12.0,0.0
2023-03-11,S1098,PP06,15.0,15.0,0.0
2023-03-18,S1098,PP06,16.0,16.0,0.0
2023-03-25,S1098,PP06,16.0,16.0,0.0
2023-04-01,S1098,PP06,15.0,15.0,0.0
2023-04-08,S1098,PP06,11.0,11.0,0.0
2023-04-15,S1098,PP06,13.0,13.0,0.0
2023-04-22,S1098,PP06,13.0,13.0,0.0
2023-04-29,S1098,PP06,14.0,14.0,0.0
2023-05-06,S1098,PP06,17.0,17.0,0.0
2023-05-13,S1098,PP06,13.0,13.0,0.0
2023-05-20,S1098,PP06,18.0,18.0,0.0
2023-05-27,S1098,PP06,14.0,14.0,0.0
2023-06-03,S1098,PP06,13.0,13.0,0.0
2023-06-10,S1098,PP06,15.0,15.0,0.0
2023-06-17,S1098,PP06,15.0,15.0,0.0
2023-06-24,S1098,PP06,15.0,15.0,0.0
2023-07-01,S1098,PP06,13.0,13.0,0.0
2023-07-08,S1098,PP06,15.0,15.0,0.0
2023-07-15,S1098,PP06,13.0,13.0,0.0
2023-07-22,S1098,PP06,13.0,13.0,0.0
2023-07-29,S1098,PP06,14.0,14.0,0.0
2023-08-05,S1098,PP06,14.0,14.0,0.0
2023-08-12,S1098,PP06,17.0,17.0,0.0
2023-08-19,S1098,PP06,14.0,14.0,0.0
2023-08-26,S1098,PP06,14.0,14.0,0.0
2023-09-02,S1098,PP06,13.0,13.0,0.0
2023-09-09,S1098,PP06,15.0,15.0,0.0
2023-09-16,S1098,PP06,13.0,13.0,0.0
2023-09-23,S1098,PP06,15.0,15.0,0.0
2023-09-30,S1098,PP06,15.0,15.0,0.0
2023-10-07,S1098,PP06,13.0,13.0,0.0
2023-10-14,S1098,PP06,14.0,14.0,0.0
2023-10-21,S1098,PP06,14.0,14.0,0.0
2023-10-28,S1098,PP06,16.0,16.0,0.0
2023-11-04,S1098,PP06,15.0,15.0,0.0
2023-11-11,S1098,PP06,16.0,16.0,0.0
2023-11-18,S1098,PP06,18.0,18.0,0.0
2023-11-25,S1098,PP06,16.0,16.0,0.0
2023-12-02,S1098,PP06,20.0,20.0,0.0
2023-12-09,S1098,PP06,24.0,20.0,4.0
2023-12-16,S1098,PP06,21.0,20.0,5.0
2023-12-23,S1098,PP06,20.0,20.0,5.0
2023-12-30,S1098,PP06,15.0,20.0,0.0
2024-01-06,S1098,PP06,12.0,12.0,0.0
2024-01-13,S1098,PP06,10.0,10.0,0.0
2024-01-20,S1098,PP06,11.0,11.0,0.0
2024-01-27,S1098,PP06,14.0,14.0,0.0
2024-02-03,S1098,PP06,13.0,13.0,0.0
2024-02-10,S1098,PP06,12.0,12.0,0.0
2024-02-17,S1098,PP06,12.0,12.0,0.0
2024-02-24,S1098,PP06,11.0,11.0,0.0
2024-03-02,S1098,PP06,13.0,13.0,0.0
2024-03-09,S1098,PP06,15.0,15.0,0.0
2024-03-16,S1098,PP06,13.0,13.0,0.0
2024-03-23,S1098,PP06,13.0,13.0,0.0
2024-03-30,S1098,PP06,13.0,13.0,0.0
2024-04-06,S1098,PP06,15.0,15.0,0.0
2024-04-13,S1098,PP06,14.0,14.0,0.0
2024-04-20,S1098,PP06,13.0,13.0,0.0
2024-04-27,S1098,PP06,14.0,14.0,0.0
2024-05-04,S1098,PP06,19.0,19.0,0.0
2024-05-11,S1098,PP06,17.0,17.0,0.0
2024-05-18,S1098,PP06,18.0,18.0,0.0
2024-05-25,S1098,PP06,13.0,13.0,0.0
2024-06-01,S1098,PP06,15.0,15.0,0.0
2024-06-08,S1098,PP06,14.0,14.0,0.0
2024-06-15,S1098,PP06,15.0,15.0,0.0
2024-06-22,S1098,PP06,16.0,16.0,0.0
2024-06-29,S1098,PP06,15.0,15.0,0.0
2024-07-06,S1098,PP06,13.0,13.0,0.0
2024-07-13,S1098,PP06,13.0,13.0,0.0
2024-07-20,S1098,PP06,15.0,15.0,0.0
2024-07-27,S1098,PP06,16.0,16.0,0.0
2024-08-03,S1098,PP06,15.0,15.0,0.0
2024-08-10,S1098,PP06,15.0,15.0,0.0
2024-08-17,S1098,PP06,15.0,15.0,0.0
2024-08-24,S1098,PP06,15.0,15.0,0.0
2024-08-31,S1098,PP06,15.0,15.0,0.0
2024-09-07,S1098,PP06,14.0,14.0,0.0
2024-09-14,S1098,PP06,13.0,13.0,0.0
2024-09-21,S1098,PP06,13.0,13.0,0.0
2024-09-28,S1098,PP06,14.0,14.0,0.0
2024-10-05,S1098,PP06,13.0,13.0,0.0
2024-10-12,S1098,PP06,13.0,13.0,0.0
2024-10-19,S1098,PP06,16.0,16.0,0.0
2024-10-26,S1098,PP06,14.0,14.0,0.0
2024-11-02,S1098,PP06,18.0,18.0,0.0
2024-11-09,S1098,PP06,17.0,17.0,0.0
2024-11-16,S1098,PP06,19.0,19.0,0.0
2024-11-23,S1098,PP06,21.0,20.0,1.0
2024-11-30,S1098,PP06,23.0,20.0,4.0
2024-12-07,S1098,PP06,21.0,20.0,5.0
2024-12-14,S1098,PP06,23.0,20.0,8.0
2024-12-21,S1098,PP06,21.0,20.0,9.0
2024-12-28,S1098,PP06,15.0,20.0,4.0
2025-01-04,S1098,PP06,17.0,20.0,1.0
2025-01-11,S1098,PP06,15.0,16.0,0.0
2025-01-18,S1098,PP06,13.0,13.0,0.0
2025-01-25,S1098,PP06,13.0,13.0,0.0
2025-02-01,S1098,PP06,13.0,13.0,0.0
2025-02-08,S1098,PP06,13.0,13.0,0.0
2025-02-15,S1098,PP06,13.0,13.0,0.0
2025-02-22,S1098,PP06,15.0,15.0,0.0
2025-03-01,S1098,PP06,13.0,13.0,0.0
2025-03-08,S1098,PP06,13.0,13.0,0.0
2025-03-15,S1098,PP06,14.0,14.0,0.0
2025-03-22,S1098,PP06,16.0,16.0,0.0
2025-03-29,S1098,PP06,13.0,13.0,0.0
2025-04-05,S1098,PP06,14.0,14.0,0.0
2025-04-12,S1098,PP06,15.0,15.0,0.0
2025-04-19,S1098,PP06,14.0,14.0,0.0
2025-04-26,S1098,PP06,12.0,12.0,0.0
2025-05-03,S1098,PP06,14.0,14.0,0.0
2025-05-10,S1098,PP06,16.0,16.0,0.0
2025-05-17,S1098,PP06,17.0,17.0,0.0
2025-05-24,S1098,PP06,16.0,16.0,0.0
2025-05-31,S1098,PP06,16.0,16.0,0.0
2025-06-07,S1098,PP06,14.0,14.0,0.0
2025-06-14,S1098,PP06,14.0,14.0,0.0
2025-06-21,S1098,PP06,16.0,16.0,0.0
2025-06-28,S1098,PP06,15.0,15.0,0.0
2025-07-05,S1098,PP06,17.0,17.0,0.0
2025-07-12,S1098,PP06,16.0,16.0,0.0
2025-07-19,S1098,PP06,18.0,18.0,0.0
2025-07-26,S1098,PP06,15.0,15.0,0.0
2025-08-02,S1098,PP06,18.0,18.0,0.0
2025-08-09,S1098,PP06,20.0,20.0,0.0
2025-08-16,S1098,PP06,16.0,16.0,0.0
2025-08-23,S1098,PP06,16.0,16.0,0.0
2025-08-30,S1098,PP06,14.0,14.0,0.0
2025-09-06,S1098,PP06,16.0,16.0,0.0
2025-09-13,S1098,PP06,16.0,16.0,0.0
2025-09-20,S1098,PP06,14.0,14.0,0.0
2025-09-27,S1098,PP06,16.0,16.0,0.0
2025-10-04,S1098,PP06,15.0,15.0,0.0
2025-10-11,S1098,PP06,16.0,16.0,0.0
2025-10-18,S1098,PP06,17.0,17.0,0.0
2025-10-25,S1098,PP06,17.0,17.0,0.0
2025-11-01,S1098,PP06,17.0,17.0,0.0
2025-11-08,S1098,PP06,20.0,20.0,0.0
2025-11-15,S1098,PP06,21.0,20.0,1.0
2025-11-22,S1098,PP06,19.0,20.0,0.0
2025-11-29,S1098,PP06,22.0,20.0,2.0
2025-12-06,S1098,PP06,19.0,20.0,1.0
2025-12-13,S1098,PP06,25.0,20.0,6.0
2025-12-20,S1098,PP06,24.0,20.0,10.0
2025-12-27,S1098,PP06,18.0,20.0,8.0
2026-01-03,S1098,PP06,16.0,20.0,4.0
2026-01-10,S1098,PP06,12.0,16.0,0.0
2026-01-17,S1098,PP06,12.0,12.0,0.0
2026-01-24,S1098,PP06,13.0,13.0,0.0
2026-01-31,S1098,PP06,12.0,12.0,0.0
2026-02-07,S1098,PP06,14.0,14.0,0.0
2026-02-14,S1098,PP06,13.0,13.0,0.0
2026-02-21,S1098,PP06,16.0,16.0,0.0
2026-02-28,S1098,PP06,15.0,15.0,0.0
2026-03-07,S1098,PP06,15.0,15.0,0.0
2026-03-14,S1098,PP06,15.0,15.0,0.0
2026-03-21,S1098,PP06,15.0,15.0,0.0
2026-03-28,S1098,PP06,17.0,17.0,0.0
2026-04-04,S1098,PP06,15.0,15.0,0.0
2026-04-11,S1098,PP06,16.0,16.0,0.0
2026-04-18,S1098,PP06,15.0,15.0,0.0
2026-04-25,S1098,PP06,17.0,17.0,0.0
2026-05-02,S1098,PP06,18.0,18.0,0.0
2026-05-09,S1098,PP06,19.0,19.0,0.0
2026-05-16,S1098,PP06,19.0,19.0,0.0
2026-05-23,S1098,PP06,17.0,17.0,0.0
2026-05-30,S1098,PP06,18.0,18.0,0.0
2026-06-06,S1098,PP06,19.0,19.0,0.0
2026-06-13,S1098,PP06,14.0,14.0,0.0
2026-06-20,S1098,PP06,15.0,15.0,0.0
2026-06-27,S1098,PP06,14.0,14.0,0.0
2026-07-04,S1098,PP06,18.0,18.0,0.0
2026-07-11,S1098,PP06,14.0,14.0,0.0
2026-07-18,S1098,PP06,14.0,14.0,0.0
2026-07-25,S1098,PP06,14.0,14.0,0.0
2022-08-06,S1099,PP06,17.0,17.0,0.0
2022-08-13,S1099,PP06,21.0,21.0,0.0
2022-08-20,S1099,PP06,18.0,18.0,0.0
2022-08-27,S1099,PP06,16.0,16.0,0.0
2022-09-03,S1099,PP06,19.0,19.0,0.0
2022-09-10,S1099,PP06,19.0,19.0,0.0
2022-09-17,S1099,PP06,16.0,16.0,0.0
2022-09-24,S1099,PP06,17.0,17.0,0.0
2022-10-01,S1099,PP06,19.0,19.0,0.0
2022-10-08,S1099,PP06,18.0,18.0,0.0
2022-10-15,S1099,PP06,19.0,19.0,0.0
2022-10-22,S1099,PP06,23.0,23.0,0.0
2022-10-29,S1099,PP06,26.0,26.0,0.0
2022-11-05,S1099,PP06,21.0,21.0,0.0
2022-11-12,S1099,PP06,20.0,20.0,0.0
2022-11-19,S1099,PP06,24.0,24.0,0.0
2022-11-26,S1099,PP06,27.0,27.0,0.0
2022-12-03,S1099,PP06,28.0,28.0,0.0
2022-12-10,S1099,PP06,32.0,30.0,2.0
2022-12-17,S1099,PP06,35.0,30.0,7.0
2022-12-24,S1099,PP06,21.0,28.0,0.0
2022-12-31,S1099,PP06,20.0,20.0,0.0
2023-01-07,S1099,PP06,20.0,20.0,0.0
2023-01-14,S1099,PP06,14.0,14.0,0.0
2023-01-21,S1099,PP06,17.0,17.0,0.0
2023-01-28,S1099,PP06,18.0,18.0,0.0
2023-02-04,S1099,PP06,19.0,19.0,0.0
2023-02-11,S1099,PP06,22.0,22.0,0.0
2023-02-18,S1099,PP06,19.0,19.0,0.0
2023-02-25,S1099,PP06,15.0,15.0,0.0
2023-03-04,S1099,PP06,17.0,17.0,0.0
2023-03-11,S1099,PP06,24.0,24.0,0.0
2023-03-18,S1099,PP06,17.0,17.0,0.0
2023-03-25,S1099,PP06,20.0,20.0,0.0
2023-04-01,S1099,PP06,15.0,15.0,0.0
2023-04-08,S1099,PP06,17.0,17.0,0.0
2023-04-15,S1099,PP06,21.0,21.0,0.0
2023-04-22,S1099,PP06,20.0,20.0,0.0
2023-04-29,S1099,PP06,19.0,19.0,0.0
2023-05-06,S1099,PP06,19.0,19.0,0.0
2023-05-13,S1099,PP06,17.0,17.0,0.0
2023-05-20,S1099,PP06,22.0,22.0,0.0
2023-05-27,S1099,PP06,19.0,19.0,0.0
2023-06-03,S1099,PP06,17.0,17.0,0.0
2023-06-10,S1099,PP06,20.0,20.0,0.0
2023-06-17,S1099,PP06,21.0,21.0,0.0
2023-06-24,S1099,PP06,19.0,19.0,0.0
2023-07-01,S1099,PP06,20.0,20.0,0.0
2023-07-08,S1099,PP06,20.0,20.0,0.0
2023-07-15,S1099,PP06,18.0,18.0,0.0
2023-07-22,S1099,PP06,20.0,20.0,0.0
2023-07-29,S1099,PP06,22.0,22.0,0.0
2023-08-05,S1099,PP06,23.0,23.0,0.0
2023-08-12,S1099,PP06,23.0,23.0,0.0
2023-08-19,S1099,PP06,19.0,19.0,0.0
2023-08-26,S1099,PP06,21.0,21.0,0.0
2023-09-02,S1099,PP06,20.0,20.0,0.0
2023-09-09,S1099,PP06,18.0,18.0,0.0
2023-09-16,S1099,PP06,18.0,18.0,0.0
2023-09-23,S1099,PP06,20.0,20.0,0.0
2023-09-30,S1099,PP06,22.0,22.0,0.0
2023-10-07,S1099,PP06,16.0,16.0,0.0
2023-10-14,S1099,PP06,22.0,22.0,0.0
2023-10-21,S1099,PP06,22.0,22.0,0.0
2023-10-28,S1099,PP06,21.0,21.0,0.0
2023-11-04,S1099,PP06,21.0,21.0,0.0
2023-11-11,S1099,PP06,24.0,24.0,0.0
2023-11-18,S1099,PP06,23.0,23.0,0.0
2023-11-25,S1099,PP06,26.0,26.0,0.0
2023-12-02,S1099,PP06,25.0,25.0,0.0
2023-12-09,S1099,PP06,26.0,26.0,0.0
2023-12-16,S1099,PP06,37.0,30.0,7.0
2023-12-23,S1099,PP06,26.0,30.0,3.0
2023-12-30,S1099,PP06,22.0,25.0,0.0
2024-01-06,S1099,PP06,18.0,18.0,0.0
2024-01-13,S1099,PP06,14.0,14.0,0.0
2024-01-20,S1099,PP06,15.0,15.0,0.0
2024-01-27,S1099,PP06,17.0,17.0,0.0
2024-02-03,S1099,PP06,17.0,17.0,0.0
2024-02-10,S1099,PP06,17.0,17.0,0.0
2024-02-17,S1099,PP06,19.0,19.0,0.0
2024-02-24,S1099,PP06,19.0,19.0,0.0
2024-03-02,S1099,PP06,20.0,20.0,0.0
2024-03-09,S1099,PP06,21.0,21.0,0.0
2024-03-16,S1099,PP06,19.0,19.0,0.0
2024-03-23,S1099,PP06,19.0,19.0,0.0
2024-03-30,S1099,PP06,23.0,23.0,0.0
2024-04-06,S1099,PP06,18.0,18.0,0.0
2024-04-13,S1099,PP06,16.0,16.0,0.0
2024-04-20,S1099,PP06,21.0,21.0,0.0
2024-04-27,S1099,PP06,19.0,19.0,0.0
2024-05-04,S1099,PP06,19.0,19.0,0.0
2024-05-11,S1099,PP06,23.0,23.0,0.0
2024-05-18,S1099,PP06,21.0,21.0,0.0
2024-05-25,S1099,PP06,18.0,18.0,0.0
2024-06-01,S1099,PP06,25.0,25.0,0.0
2024-06-08,S1099,PP06,17.0,17.0,0.0
2024-06-15,S1099,PP06,20.0,20.0,0.0
2024-06-22,S1099,PP06,17.0,17.0,0.0
2024-06-29,S1099,PP06,21.0,21.0,0.0
2024-07-06,S1099,PP06,19.0,19.0,0.0
2024-07-13,S1099,PP06,22.0,22.0,0.0
2024-07-20,S1099,PP06,20.0,20.0,0.0
2024-07-27,S1099,PP06,23.0,23.0,0.0
2024-08-03,S1099,PP06,20.0,20.0,0.0
2024-08-10,S1099,PP06,18.0,18.0,0.0
2024-08-17,S1099,PP06,21.0,21.0,0.0
2024-08-24,S1099,PP06,20.0,20.0,0.0
2024-08-31,S1099,PP06,16.0,16.0,0.0
2024-09-07,S1099,PP06,17.0,17.0,0.0
2024-09-14,S1099,PP06,17.0,17.0,0.0
2024-09-21,S1099,PP06,22.0,22.0,0.0
2024-09-28,S1099,PP06,21.0,21.0,0.0
2024-10-05,S1099,PP06,19.0,19.0,0.0
2024-10-12,S1099,PP06,21.0,21.0,0.0
2024-10-19,S1099,PP06,17.0,17.0,0.0
2024-10-26,S1099,PP06,20.0,20.0,0.0
2024-11-02,S1099,PP06,24.0,24.0,0.0
2024-11-09,S1099,PP06,24.0,24.0,0.0
2024-11-16,S1099,PP06,24.0,24.0,0.0
2024-11-23,S1099,PP06,27.0,27.0,0.0
2024-11-30,S1099,PP06,30.0,30.0,0.0
2024-12-07,S1099,PP06,31.0,30.0,1.0
2024-12-14,S1099,PP06,34.0,30.0,5.0
2024-12-21,S1099,PP06,28.0,30.0,3.0
2024-12-28,S1099,PP06,25.0,28.0,0.0
2025-01-04,S1099,PP06,24.0,24.0,0.0
2025-01-11,S1099,PP06,18.0,18.0,0.0
2025-01-18,S1099,PP06,19.0,19.0,0.0
2025-01-25,S1099,PP06,16.0,16.0,0.0
2025-02-01,S1099,PP06,15.0,15.0,0.0
2025-02-08,S1099,PP06,18.0,18.0,0.0
2025-02-15,S1099,PP06,18.0,18.0,0.0
2025-02-22,S1099,PP06,22.0,22.0,0.0
2025-03-01,S1099,PP06,17.0,17.0,0.0
2025-03-08,S1099,PP06,20.0,20.0,0.0
2025-03-15,S1099,PP06,21.0,21.0,0.0
2025-03-22,S1099,PP06,21.0,21.0,0.0
2025-03-29,S1099,PP06,20.0,20.0,0.0
2025-04-05,S1099,PP06,21.0,21.0,0.0
2025-04-12,S1099,PP06,23.0,23.0,0.0
2025-04-19,S1099,PP06,25.0,25.0,0.0
2025-04-26,S1099,PP06,22.0,22.0,0.0
2025-05-03,S1099,PP06,20.0,20.0,0.0
2025-05-10,S1099,PP06,26.0,26.0,0.0
2025-05-17,S1099,PP06,20.0,20.0,0.0
2025-05-24,S1099,PP06,26.0,26.0,0.0
2025-05-31,S1099,PP06,25.0,25.0,0.0
2025-06-07,S1099,PP06,25.0,25.0,0.0
2025-06-14,S1099,PP06,22.0,22.0,0.0
2025-06-21,S1099,PP06,17.0,17.0,0.0
2025-06-28,S1099,PP06,19.0,19.0,0.0
2025-07-05,S1099,PP06,22.0,22.0,0.0
2025-07-12,S1099,PP06,20.0,20.0,0.0
2025-07-19,S1099,PP06,21.0,21.0,0.0
2025-07-26,S1099,PP06,24.0,24.0,0.0
2025-08-02,S1099,PP06,22.0,22.0,0.0
2025-08-09,S1099,PP06,20.0,20.0,0.0
2025-08-16,S1099,PP06,25.0,25.0,0.0
2025-08-23,S1099,PP06,23.0,23.0,0.0
2025-08-30,S1099,PP06,21.0,21.0,0.0
2025-09-06,S1099,PP06,22.0,22.0,0.0
2025-09-13,S1099,PP06,20.0,20.0,0.0
2025-09-20,S1099,PP06,23.0,23.0,0.0
2025-09-27,S1099,PP06,21.0,21.0,0.0
2025-10-04,S1099,PP06,24.0,24.0,0.0
2025-10-11,S1099,PP06,17.0,17.0,0.0
2025-10-18,S1099,PP06,23.0,23.0,0.0
2025-10-25,S1099,PP06,22.0,22.0,0.0
2025-11-01,S1099,PP06,22.0,22.0,0.0
2025-11-08,S1099,PP06,28.0,28.0,0.0
2025-11-15,S1099,PP06,29.0,29.0,0.0
2025-11-22,S1099,PP06,23.0,23.0,0.0
2025-11-29,S1099,PP06,33.0,30.0,3.0
2025-12-06,S1099,PP06,34.0,30.0,7.0
2025-12-13,S1099,PP06,31.0,30.0,8.0
2025-12-20,S1099,PP06,27.0,30.0,5.0
2025-12-27,S1099,PP06,22.0,27.0,0.0
2026-01-03,S1099,PP06,21.0,21.0,0.0
2026-01-10,S1099,PP06,17.0,17.0,0.0
2026-01-17,S1099,PP06,19.0,19.0,0.0
2026-01-24,S1099,PP06,18.0,18.0,0.0
2026-01-31,S1099,PP06,17.0,17.0,0.0
2026-02-07,S1099,PP06,20.0,20.0,0.0
2026-02-14,S1099,PP06,20.0,20.0,0.0
2026-02-21,S1099,PP06,19.0,19.0,0.0
2026-02-28,S1099,PP06,18.0,18.0,0.0
2026-03-07,S1099,PP06,23.0,23.0,0.0
2026-03-14,S1099,PP06,23.0,23.0,0.0
2026-03-21,S1099,PP06,23.0,23.0,0.0
2026-03-28,S1099,PP06,20.0,20.0,0.0
2026-04-04,S1099,PP06,22.0,22.0,0.0
2026-04-11,S1099,PP06,19.0,19.0,0.0
2026-04-18,S1099,PP06,20.0,20.0,0.0
2026-04-25,S1099,PP06,23.0,23.0,0.0
2026-05-02,S1099,PP06,24.0,24.0,0.0
2026-05-09,S1099,PP06,20.0,20.0,0.0
2026-05-16,S1099,PP06,21.0,21.0,0.0
2026-05-23,S1099,PP06,22.0,22.0,0.0
2026-05-30,S1099,PP06,25.0,25.0,0.0
2026-06-06,S1099,PP06,21.0,21.0,0.0
2026-06-13,S1099,PP06,22.0,22.0,0.0
2026-06-20,S1099,PP06,23.0,23.0,0.0
2026-06-27,S1099,PP06,22.0,22.0,0.0
2026-07-04,S1099,PP06,23.0,23.0,0.0
2026-07-11,S1099,PP06,20.0,20.0,0.0
2026-07-18,S1099,PP06,21.0,21.0,0.0
2026-07-25,S1099,PP06,26.0,26.0,0.0
2022-08-06,S1100,PP06,10.0,10.0,0.0
2022-08-13,S1100,PP06,9.0,9.0,0.0
2022-08-20,S1100,PP06,10.0,10.0,0.0
2022-08-27,S1100,PP06,7.0,7.0,0.0
2022-09-03,S1100,PP06,8.0,8.0,0.0
2022-09-10,S1100,PP06,8.0,8.0,0.0
2022-09-17,S1100,PP06,10.0,10.0,0.0
2022-09-24,S1100,PP06,8.0,8.0,0.0
2022-10-01,S1100,PP06,9.0,9.0,0.0
2022-10-08,S1100,PP06,9.0,9.0,0.0
2022-10-15,S1100,PP06,9.0,9.0,0.0
2022-10-22,S1100,PP06,9.0,9.0,0.0
2022-10-29,S1100,PP06,8.0,8.0,0.0
2022-11-05,S1100,PP06,7.0,7.0,0.0
2022-11-12,S1100,PP06,11.0,11.0,0.0
2022-11-19,S1100,PP06,10.0,10.0,0.0
2022-11-26,S1100,PP06,9.0,9.0,0.0
2022-12-03,S1100,PP06,13.0,12.0,1.0
2022-12-10,S1100,PP06,14.0,12.0,3.0
2022-12-17,S1100,PP06,13.0,12.0,4.0
2022-12-24,S1100,PP06,12.0,12.0,4.0
2022-12-31,S1100,PP06,8.0,12.0,0.0
2023-01-07,S1100,PP06,7.0,7.0,0.0
2023-01-14,S1100,PP06,6.0,6.0,0.0
2023-01-21,S1100,PP06,7.0,7.0,0.0
2023-01-28,S1100,PP06,6.0,6.0,0.0
2023-02-04,S1100,PP06,8.0,8.0,0.0
2023-02-11,S1100,PP06,8.0,8.0,0.0
2023-02-18,S1100,PP06,9.0,9.0,0.0
2023-02-25,S1100,PP06,9.0,9.0,0.0
2023-03-04,S1100,PP06,9.0,9.0,0.0
2023-03-11,S1100,PP06,6.0,6.0,0.0
2023-03-18,S1100,PP06,10.0,10.0,0.0
2023-03-25,S1100,PP06,9.0,9.0,0.0
2023-04-01,S1100,PP06,10.0,10.0,0.0
2023-04-08,S1100,PP06,8.0,8.0,0.0
2023-04-15,S1100,PP06,7.0,7.0,0.0
2023-04-22,S1100,PP06,10.0,10.0,0.0
2023-04-29,S1100,PP06,8.0,8.0,0.0
2023-05-06,S1100,PP06,8.0,8.0,0.0
2023-05-13,S1100,PP06,9.0,9.0,0.0
2023-05-20,S1100,PP06,9.0,9.0,0.0
2023-05-27,S1100,PP06,10.0,10.0,0.0
2023-06-03,S1100,PP06,9.0,9.0,0.0
2023-06-10,S1100,PP06,8.0,8.0,0.0
2023-06-17,S1100,PP06,9.0,9.0,0.0
2023-06-24,S1100,PP06,9.0,9.0,0.0
2023-07-01,S1100,PP06,7.0,7.0,0.0
2023-07-08,S1100,PP06,10.0,10.0,0.0
2023-07-15,S1100,PP06,7.0,7.0,0.0
2023-07-22,S1100,PP06,10.0,10.0,0.0
2023-07-29,S1100,PP06,8.0,8.0,0.0
2023-08-05,S1100,PP06,10.0,10.0,0.0
2023-08-12,S1100,PP06,10.0,10.0,0.0
2023-08-19,S1100,PP06,9.0,9.0,0.0
2023-08-26,S1100,PP06,9.0,9.0,0.0
2023-09-02,S1100,PP06,8.0,8.0,0.0
2023-09-09,S1100,PP06,9.0,9.0,0.0
2023-09-16,S1100,PP06,10.0,10.0,0.0
2023-09-23,S1100,PP06,7.0,7.0,0.0
2023-09-30,S1100,PP06,6.0,6.0,0.0
2023-10-07,S1100,PP06,8.0,8.0,0.0
2023-10-14,S1100,PP06,8.0,8.0,0.0
2023-10-21,S1100,PP06,8.0,8.0,0.0
2023-10-28,S1100,PP06,8.0,8.0,0.0
2023-11-04,S1100,PP06,10.0,10.0,0.0
2023-11-11,S1100,PP06,9.0,9.0,0.0
2023-11-18,S1100,PP06,11.0,11.0,0.0
2023-11-25,S1100,PP06,12.0,12.0,0.0
2023-12-02,S1100,PP06,13.0,12.0,1.0
2023-12-09,S1100,PP06,14.0,12.0,3.0
2023-12-16,S1100,PP06,14.0,12.0,5.0
2023-12-23,S1100,PP06,11.0,12.0,4.0
2023-12-30,S1100,PP06,9.0,12.0,1.0
2024-01-06,S1100,PP06,8.0,9.0,0.0
2024-01-13,S1100,PP06,7.0,7.0,0.0
2024-01-20,S1100,PP06,8.0,8.0,0.0
2024-01-27,S1100,PP06,6.0,6.0,0.0
2024-02-03,S1100,PP06,7.0,7.0,0.0
2024-02-10,S1100,PP06,7.0,7.0,0.0
2024-02-17,S1100,PP06,9.0,9.0,0.0
2024-02-24,S1100,PP06,9.0,9.0,0.0
2024-03-02,S1100,PP06,8.0,8.0,0.0
2024-03-09,S1100,PP06,8.0,8.0,0.0
2024-03-16,S1100,PP06,9.0,9.0,0.0
2024-03-23,S1100,PP06,8.0,8.0,0.0
2024-03-30,S1100,PP06,10.0,10.0,0.0
2024-04-06,S1100,PP06,10.0,10.0,0.0
2024-04-13,S1100,PP06,9.0,9.0,0.0
2024-04-20,S1100,PP06,9.0,9.0,0.0
2024-04-27,S1100,PP06,11.0,11.0,0.0
2024-05-04,S1100,PP06,9.0,9.0,0.0
2024-05-11,S1100,PP06,9.0,9.0,0.0
2024-05-18,S1100,PP06,9.0,9.0,0.0
2024-05-25,S1100,PP06,8.0,8.0,0.0
2024-06-01,S1100,PP06,9.0,9.0,0.0
2024-06-08,S1100,PP06,9.0,9.0,0.0
2024-06-15,S1100,PP06,8.0,8.0,0.0
2024-06-22,S1100,PP06,8.0,8.0,0.0
2024-06-29,S1100,PP06,9.0,9.0,0.0
2024-07-06,S1100,PP06,9.0,9.0,0.0
2024-07-13,S1100,PP06,9.0,9.0,0.0
2024-07-20,S1100,PP06,9.0,9.0,0.0
2024-07-27,S1100,PP06,8.0,8.0,0.0
2024-08-03,S1100,PP06,8.0,8.0,0.0
2024-08-10,S1100,PP06,9.0,9.0,0.0
2024-08-17,S1100,PP06,10.0,10.0,0.0
2024-08-24,S1100,PP06,9.0,9.0,0.0
2024-08-31,S1100,PP06,8.0,8.0,0.0
2024-09-07,S1100,PP06,8.0,8.0,0.0
2024-09-14,S1100,PP06,9.0,9.0,0.0
2024-09-21,S1100,PP06,9.0,9.0,0.0
2024-09-28,S1100,PP06,8.0,8.0,0.0
2024-10-05,S1100,PP06,8.0,8.0,0.0
2024-10-12,S1100,PP06,8.0,8.0,0.0
2024-10-19,S1100,PP06,9.0,9.0,0.0
2024-10-26,S1100,PP06,10.0,10.0,0.0
2024-11-02,S1100,PP06,10.0,10.0,0.0
2024-11-09,S1100,PP06,11.0,11.0,0.0
2024-11-16,S1100,PP06,10.0,10.0,0.0
2024-11-23,S1100,PP06,11.0,11.0,0.0
2024-11-30,S1100,PP06,15.0,12.0,3.0
2024-12-07,S1100,PP06,13.0,12.0,4.0
2024-12-14,S1100,PP06,12.0,12.0,4.0
2024-12-21,S1100,PP06,10.0,12.0,2.0
2024-12-28,S1100,PP06,10.0,12.0,0.0
2025-01-04,S1100,PP06,10.0,10.0,0.0
2025-01-11,S1100,PP06,7.0,7.0,0.0
2025-01-18,S1100,PP06,8.0,8.0,0.0
2025-01-25,S1100,PP06,7.0,7.0,0.0
2025-02-01,S1100,PP06,9.0,9.0,0.0
2025-02-08,S1100,PP06,7.0,7.0,0.0
2025-02-15,S1100,PP06,8.0,8.0,0.0
2025-02-22,S1100,PP06,8.0,8.0,0.0
2025-03-01,S1100,PP06,9.0,9.0,0.0
2025-03-08,S1100,PP06,8.0,8.0,0.0
2025-03-15,S1100,PP06,9.0,9.0,0.0
2025-03-22,S1100,PP06,9.0,9.0,0.0
2025-03-29,S1100,PP06,8.0,8.0,0.0
2025-04-05,S1100,PP06,9.0,9.0,0.0
2025-04-12,S1100,PP06,9.0,9.0,0.0
2025-04-19,S1100,PP06,9.0,9.0,0.0
2025-04-26,S1100,PP06,10.0,10.0,0.0
2025-05-03,S1100,PP06,9.0,9.0,0.0
2025-05-10,S1100,PP06,8.0,8.0,0.0
2025-05-17,S1100,PP06,9.0,9.0,0.0
2025-05-24,S1100,PP06,9.0,9.0,0.0
2025-05-31,S1100,PP06,10.0,10.0,0.0
2025-06-07,S1100,PP06,10.0,10.0,0.0
2025-06-14,S1100,PP06,7.0,7.0,0.0
2025-06-21,S1100,PP06,8.0,8.0,0.0
2025-06-28,S1100,PP06,10.0,10.0,0.0
2025-07-05,S1100,PP06,8.0,8.0,0.0
2025-07-12,S1100,PP06,10.0,10.0,0.0
2025-07-19,S1100,PP06,11.0,11.0,0.0
2025-07-26,S1100,PP06,9.0,9.0,0.0
2025-08-02,S1100,PP06,9.0,9.0,0.0
2025-08-09,S1100,PP06,8.0,8.0,0.0
2025-08-16,S1100,PP06,11.0,11.0,0.0
2025-08-23,S1100,PP06,12.0,12.0,0.0
2025-08-30,S1100,PP06,11.0,11.0,0.0
2025-09-06,S1100,PP06,9.0,9.0,0.0
2025-09-13,S1100,PP06,8.0,8.0,0.0
2025-09-20,S1100,PP06,10.0,10.0,0.0
2025-09-27,S1100,PP06,9.0,9.0,0.0
2025-10-04,S1100,PP06,9.0,9.0,0.0
2025-10-11,S1100,PP06,9.0,9.0,0.0
2025-10-18,S1100,PP06,10.0,10.0,0.0
2025-10-25,S1100,PP06,11.0,11.0,0.0
2025-11-01,S1100,PP06,12.0,12.0,0.0
2025-11-08,S1100,PP06,10.0,10.0,0.0
2025-11-15,S1100,PP06,10.0,10.0,0.0
2025-11-22,S1100,PP06,10.0,10.0,0.0
2025-11-29,S1100,PP06,13.0,12.0,1.0
2025-12-06,S1100,PP06,13.0,12.0,2.0
2025-12-13,S1100,PP06,15.0,12.0,5.0
2025-12-20,S1100,PP06,12.0,12.0,5.0
2025-12-27,S1100,PP06,11.0,12.0,4.0
2026-01-03,S1100,PP06,10.0,12.0,2.0
2026-01-10,S1100,PP06,8.0,10.0,0.0
2026-01-17,S1100,PP06,7.0,7.0,0.0
2026-01-24,S1100,PP06,9.0,9.0,0.0
2026-01-31,S1100,PP06,9.0,9.0,0.0
2026-02-07,S1100,PP06,8.0,8.0,0.0
2026-02-14,S1100,PP06,8.0,8.0,0.0
2026-02-21,S1100,PP06,10.0,10.0,0.0
2026-02-28,S1100,PP06,9.0,9.0,0.0
2026-03-07,S1100,PP06,8.0,8.0,0.0
2026-03-14,S1100,PP06,10.0,10.0,0.0
2026-03-21,S1100,PP06,11.0,11.0,0.0
2026-03-28,S1100,PP06,11.0,11.0,0.0
2026-04-04,S1100,PP06,11.0,11.0,0.0
2026-04-11,S1100,PP06,12.0,12.0,0.0
2026-04-18,S1100,PP06,11.0,11.0,0.0
2026-04-25,S1100,PP06,10.0,10.0,0.0
2026-05-02,S1100,PP06,10.0,10.0,0.0
2026-05-09,S1100,PP06,8.0,8.0,0.0
2026-05-16,S1100,PP06,10.0,10.0,0.0
2026-05-23,S1100,PP06,11.0,11.0,0.0
2026-05-30,S1100,PP06,10.0,10.0,0.0
2026-06-06,S1100,PP06,8.0,8.0,0.0
2026-06-13,S1100,PP06,9.0,9.0,0.0
2026-06-20,S1100,PP06,10.0,10.0,0.0
2026-06-27,S1100,PP06,9.0,9.0,0.0
2026-07-04,S1100,PP06,10.0,10.0,0.0
2026-07-11,S1100,PP06,10.0,10.0,0.0
2026-07-18,S1100,PP06,11.0,11.0,0.0
2026-07-25,S1100,PP06,12.0,12.0,0.0
2022-08-06,S1101,PP06,21.0,21.0,0.0
2022-08-13,S1101,PP06,22.0,22.0,0.0
2022-08-20,S1101,PP06,22.0,22.0,0.0
2022-08-27,S1101,PP06,22.0,22.0,0.0
2022-09-03,S1101,PP06,22.0,22.0,0.0
2022-09-10,S1101,PP06,23.0,23.0,0.0
2022-09-17,S1101,PP06,16.0,16.0,0.0
2022-09-24,S1101,PP06,21.0,21.0,0.0
2022-10-01,S1101,PP06,21.0,21.0,0.0
2022-10-08,S1101,PP06,20.0,20.0,0.0
2022-10-15,S1101,PP06,17.0,17.0,0.0
2022-10-22,S1101,PP06,21.0,21.0,0.0
2022-10-29,S1101,PP06,21.0,21.0,0.0
2022-11-05,S1101,PP06,28.0,28.0,0.0
2022-11-12,S1101,PP06,25.0,25.0,0.0
2022-11-19,S1101,PP06,24.0,24.0,0.0
2022-11-26,S1101,PP06,23.0,23.0,0.0
2022-12-03,S1101,PP06,32.0,30.0,2.0
2022-12-10,S1101,PP06,35.0,30.0,7.0
2022-12-17,S1101,PP06,30.0,30.0,7.0
2022-12-24,S1101,PP06,28.0,30.0,5.0
2022-12-31,S1101,PP06,22.0,27.0,0.0
2023-01-07,S1101,PP06,21.0,21.0,0.0
2023-01-14,S1101,PP06,18.0,18.0,0.0
2023-01-21,S1101,PP06,14.0,14.0,0.0
2023-01-28,S1101,PP06,15.0,15.0,0.0
2023-02-04,S1101,PP06,23.0,23.0,0.0
2023-02-11,S1101,PP06,21.0,21.0,0.0
2023-02-18,S1101,PP06,17.0,17.0,0.0
2023-02-25,S1101,PP06,17.0,17.0,0.0
2023-03-04,S1101,PP06,21.0,21.0,0.0
2023-03-11,S1101,PP06,18.0,18.0,0.0
2023-03-18,S1101,PP06,20.0,20.0,0.0
2023-03-25,S1101,PP06,21.0,21.0,0.0
2023-04-01,S1101,PP06,21.0,21.0,0.0
2023-04-08,S1101,PP06,23.0,23.0,0.0
2023-04-15,S1101,PP06,25.0,25.0,0.0
2023-04-22,S1101,PP06,20.0,20.0,0.0
2023-04-29,S1101,PP06,19.0,19.0,0.0
2023-05-06,S1101,PP06,23.0,23.0,0.0
2023-05-13,S1101,PP06,26.0,26.0,0.0
2023-05-20,S1101,PP06,21.0,21.0,0.0
2023-05-27,S1101,PP06,23.0,23.0,0.0
2023-06-03,S1101,PP06,20.0,20.0,0.0
2023-06-10,S1101,PP06,21.0,21.0,0.0
2023-06-17,S1101,PP06,19.0,19.0,0.0
2023-06-24,S1101,PP06,21.0,21.0,0.0
2023-07-01,S1101,PP06,21.0,21.0,0.0
2023-07-08,S1101,PP06,22.0,22.0,0.0
2023-07-15,S1101,PP06,25.0,25.0,0.0
2023-07-22,S1101,PP06,21.0,21.0,0.0
2023-07-29,S1101,PP06,18.0,18.0,0.0
2023-08-05,S1101,PP06,22.0,22.0,0.0
2023-08-12,S1101,PP06,23.0,23.0,0.0
2023-08-19,S1101,PP06,22.0,22.0,0.0
2023-08-26,S1101,PP06,21.0,21.0,0.0
2023-09-02,S1101,PP06,24.0,24.0,0.0
2023-09-09,S1101,PP06,21.0,21.0,0.0
2023-09-16,S1101,PP06,20.0,20.0,0.0
2023-09-23,S1101,PP06,19.0,19.0,0.0
2023-09-30,S1101,PP06,17.0,17.0,0.0
2023-10-07,S1101,PP06,21.0,21.0,0.0
2023-10-14,S1101,PP06,21.0,21.0,0.0
2023-10-21,S1101,PP06,19.0,19.0,0.0
2023-10-28,S1101,PP06,22.0,22.0,0.0
2023-11-04,S1101,PP06,23.0,23.0,0.0
2023-11-11,S1101,PP06,23.0,23.0,0.0
2023-11-18,S1101,PP06,25.0,25.0,0.0
2023-11-25,S1101,PP06,30.0,30.0,0.0
2023-12-02,S1101,PP06,30.0,30.0,0.0
2023-12-09,S1101,PP06,31.0,30.0,1.0
2023-12-16,S1101,PP06,29.0,30.0,0.0
2023-12-23,S1101,PP06,27.0,27.0,0.0
2023-12-30,S1101,PP06,26.0,26.0,0.0
2024-01-06,S1101,PP06,20.0,20.0,0.0
2024-01-13,S1101,PP06,16.0,16.0,0.0
2024-01-20,S1101,PP06,18.0,18.0,0.0
2024-01-27,S1101,PP06,20.0,20.0,0.0
2024-02-03,S1101,PP06,20.0,20.0,0.0
2024-02-10,S1101,PP06,20.0,20.0,0.0
2024-02-17,S1101,PP06,21.0,21.0,0.0
2024-02-24,S1101,PP06,20.0,20.0,0.0
2024-03-02,S1101,PP06,21.0,21.0,0.0
2024-03-09,S1101,PP06,20.0,20.0,0.0
2024-03-16,S1101,PP06,18.0,18.0,0.0
2024-03-23,S1101,PP06,22.0,22.0,0.0
2024-03-30,S1101,PP06,22.0,22.0,0.0
2024-04-06,S1101,PP06,20.0,20.0,0.0
2024-04-13,S1101,PP06,23.0,23.0,0.0
2024-04-20,S1101,PP06,20.0,20.0,0.0
2024-04-27,S1101,PP06,18.0,18.0,0.0
2024-05-04,S1101,PP06,21.0,21.0,0.0
2024-05-11,S1101,PP06,20.0,20.0,0.0
2024-05-18,S1101,PP06,24.0,24.0,0.0
2024-05-25,S1101,PP06,21.0,21.0,0.0
2024-06-01,S1101,PP06,25.0,25.0,0.0
2024-06-08,S1101,PP06,24.0,24.0,0.0
2024-06-15,S1101,PP06,20.0,20.0,0.0
2024-06-22,S1101,PP06,20.0,20.0,0.0
2024-06-29,S1101,PP06,23.0,23.0,0.0
2024-07-06,S1101,PP06,24.0,24.0,0.0
2024-07-13,S1101,PP06,17.0,17.0,0.0
2024-07-20,S1101,PP06,22.0,22.0,0.0
2024-07-27,S1101,PP06,18.0,18.0,0.0
2024-08-03,S1101,PP06,21.0,21.0,0.0
2024-08-10,S1101,PP06,25.0,25.0,0.0
2024-08-17,S1101,PP06,30.0,30.0,0.0
2024-08-24,S1101,PP06,21.0,21.0,0.0
2024-08-31,S1101,PP06,19.0,19.0,0.0
2024-09-07,S1101,PP06,19.0,19.0,0.0
2024-09-14,S1101,PP06,20.0,20.0,0.0
2024-09-21,S1101,PP06,19.0,19.0,0.0
2024-09-28,S1101,PP06,19.0,19.0,0.0
2024-10-05,S1101,PP06,20.0,20.0,0.0
2024-10-12,S1101,PP06,22.0,22.0,0.0
2024-10-19,S1101,PP06,22.0,22.0,0.0
2024-10-26,S1101,PP06,21.0,21.0,0.0
2024-11-02,S1101,PP06,23.0,23.0,0.0
2024-11-09,S1101,PP06,24.0,24.0,0.0
2024-11-16,S1101,PP06,24.0,24.0,0.0
2024-11-23,S1101,PP06,27.0,27.0,0.0
2024-11-30,S1101,PP06,33.0,30.0,3.0
2024-12-07,S1101,PP06,32.0,30.0,5.0
2024-12-14,S1101,PP06,28.0,30.0,3.0
2024-12-21,S1101,PP06,33.0,30.0,6.0
2024-12-28,S1101,PP06,27.0,30.0,3.0
2025-01-04,S1101,PP06,19.0,22.0,0.0
2025-01-11,S1101,PP06,17.0,17.0,0.0
2025-01-18,S1101,PP06,16.0,16.0,0.0
2025-01-25,S1101,PP06,19.0,19.0,0.0
2025-02-01,S1101,PP06,18.0,18.0,0.0
2025-02-08,S1101,PP06,19.0,19.0,0.0
2025-02-15,S1101,PP06,20.0,20.0,0.0
2025-02-22,S1101,PP06,18.0,18.0,0.0
2025-03-01,S1101,PP06,24.0,24.0,0.0
2025-03-08,S1101,PP06,23.0,23.0,0.0
2025-03-15,S1101,PP06,20.0,20.0,0.0
2025-03-22,S1101,PP06,22.0,22.0,0.0
2025-03-29,S1101,PP06,24.0,24.0,0.0
2025-04-05,S1101,PP06,22.0,22.0,0.0
2025-04-12,S1101,PP06,26.0,26.0,0.0
2025-04-19,S1101,PP06,30.0,30.0,0.0
2025-04-26,S1101,PP06,23.0,23.0,0.0
2025-05-03,S1101,PP06,22.0,22.0,0.0
2025-05-10,S1101,PP06,22.0,22.0,0.0
2025-05-17,S1101,PP06,19.0,19.0,0.0
2025-05-24,S1101,PP06,27.0,27.0,0.0
2025-05-31,S1101,PP06,22.0,22.0,0.0
2025-06-07,S1101,PP06,25.0,25.0,0.0
2025-06-14,S1101,PP06,25.0,25.0,0.0
2025-06-21,S1101,PP06,20.0,20.0,0.0
2025-06-28,S1101,PP06,21.0,21.0,0.0
2025-07-05,S1101,PP06,27.0,27.0,0.0
2025-07-12,S1101,PP06,23.0,23.0,0.0
2025-07-19,S1101,PP06,22.0,22.0,0.0
2025-07-26,S1101,PP06,21.0,21.0,0.0
2025-08-02,S1101,PP06,24.0,24.0,0.0
2025-08-09,S1101,PP06,28.0,28.0,0.0
2025-08-16,S1101,PP06,26.0,26.0,0.0
2025-08-23,S1101,PP06,24.0,24.0,0.0
2025-08-30,S1101,PP06,27.0,27.0,0.0
2025-09-06,S1101,PP06,25.0,25.0,0.0
2025-09-13,S1101,PP06,22.0,22.0,0.0
2025-09-20,S1101,PP06,29.0,29.0,0.0
2025-09-27,S1101,PP06,22.0,22.0,0.0
2025-10-04,S1101,PP06,25.0,25.0,0.0
2025-10-11,S1101,PP06,22.0,22.0,0.0
2025-10-18,S1101,PP06,26.0,26.0,0.0
2025-10-25,S1101,PP06,24.0,24.0,0.0
2025-11-01,S1101,PP06,27.0,27.0,0.0
2025-11-08,S1101,PP06,34.0,30.0,4.0
2025-11-15,S1101,PP06,31.0,30.0,5.0
2025-11-22,S1101,PP06,32.0,30.0,7.0
2025-11-29,S1101,PP06,30.0,30.0,7.0
2025-12-06,S1101,PP06,35.0,30.0,12.0
2025-12-13,S1101,PP06,32.0,30.0,14.0
2025-12-20,S1101,PP06,35.0,30.0,19.0
2025-12-27,S1101,PP06,30.0,30.0,19.0
2026-01-03,S1101,PP06,23.0,30.0,12.0
2026-01-10,S1101,PP06,22.0,30.0,4.0
2026-01-17,S1101,PP06,21.0,25.0,0.0
2026-01-24,S1101,PP06,20.0,20.0,0.0
2026-01-31,S1101,PP06,21.0,21.0,0.0
2026-02-07,S1101,PP06,20.0,20.0,0.0
2026-02-14,S1101,PP06,21.0,21.0,0.0
2026-02-21,S1101,PP06,20.0,20.0,0.0
2026-02-28,S1101,PP06,21.0,21.0,0.0
2026-03-07,S1101,PP06,23.0,23.0,0.0
2026-03-14,S1101,PP06,20.0,20.0,0.0
2026-03-21,S1101,PP06,25.0,25.0,0.0
2026-03-28,S1101,PP06,26.0,26.0,0.0
2026-04-04,S1101,PP06,23.0,23.0,0.0
2026-04-11,S1101,PP06,18.0,18.0,0.0
2026-04-18,S1101,PP06,23.0,23.0,0.0
2026-04-25,S1101,PP06,21.0,21.0,0.0
2026-05-02,S1101,PP06,23.0,23.0,0.0
2026-05-09,S1101,PP06,29.0,29.0,0.0
2026-05-16,S1101,PP06,20.0,20.0,0.0
2026-05-23,S1101,PP06,23.0,23.0,0.0
2026-05-30,S1101,PP06,26.0,26.0,0.0
2026-06-06,S1101,PP06,22.0,22.0,0.0
2026-06-13,S1101,PP06,22.0,22.0,0.0
2026-06-20,S1101,PP06,29.0,29.0,0.0
2026-06-27,S1101,PP06,25.0,25.0,0.0
2026-07-04,S1101,PP06,26.0,26.0,0.0
2026-07-11,S1101,PP06,25.0,25.0,0.0
2026-07-18,S1101,PP06,25.0,25.0,0.0
2026-07-25,S1101,PP06,28.0,28.0,0.0
2022-08-06,S1102,PP06,18.0,18.0,0.0
2022-08-13,S1102,PP06,13.0,13.0,0.0
2022-08-20,S1102,PP06,15.0,15.0,0.0
2022-08-27,S1102,PP06,14.0,14.0,0.0
2022-09-03,S1102,PP06,14.0,14.0,0.0
2022-09-10,S1102,PP06,15.0,15.0,0.0
2022-09-17,S1102,PP06,14.0,14.0,0.0
2022-09-24,S1102,PP06,17.0,17.0,0.0
2022-10-01,S1102,PP06,16.0,16.0,0.0
2022-10-08,S1102,PP06,16.0,16.0,0.0
2022-10-15,S1102,PP06,13.0,13.0,0.0
2022-10-22,S1102,PP06,14.0,14.0,0.0
2022-10-29,S1102,PP06,15.0,15.0,0.0
2022-11-05,S1102,PP06,19.0,19.0,0.0
2022-11-12,S1102,PP06,15.0,15.0,0.0
2022-11-19,S1102,PP06,17.0,17.0,0.0
2022-11-26,S1102,PP06,18.0,18.0,0.0
2022-12-03,S1102,PP06,28.0,22.0,6.0
2022-12-10,S1102,PP06,22.0,22.0,6.0
2022-12-17,S1102,PP06,22.0,22.0,6.0
2022-12-24,S1102,PP06,16.0,22.0,0.0
2022-12-31,S1102,PP06,17.0,17.0,0.0
2023-01-07,S1102,PP06,11.0,11.0,0.0
2023-01-14,S1102,PP06,10.0,10.0,0.0
2023-01-21,S1102,PP06,11.0,11.0,0.0
2023-01-28,S1102,PP06,13.0,13.0,0.0
2023-02-04,S1102,PP06,12.0,12.0,0.0
2023-02-11,S1102,PP06,16.0,16.0,0.0
2023-02-18,S1102,PP06,14.0,14.0,0.0
2023-02-25,S1102,PP06,13.0,13.0,0.0
2023-03-04,S1102,PP06,15.0,15.0,0.0
2023-03-11,S1102,PP06,14.0,14.0,0.0
2023-03-18,S1102,PP06,14.0,14.0,0.0
2023-03-25,S1102,PP06,16.0,16.0,0.0
2023-04-01,S1102,PP06,11.0,11.0,0.0
2023-04-08,S1102,PP06,16.0,16.0,0.0
2023-04-15,S1102,PP06,14.0,14.0,0.0
2023-04-22,S1102,PP06,14.0,14.0,0.0
2023-04-29,S1102,PP06,18.0,18.0,0.0
2023-05-06,S1102,PP06,14.0,14.0,0.0
2023-05-13,S1102,PP06,17.0,17.0,0.0
2023-05-20,S1102,PP06,16.0,16.0,0.0
2023-05-27,S1102,PP06,16.0,16.0,0.0
2023-06-03,S1102,PP06,14.0,14.0,0.0
2023-06-10,S1102,PP06,14.0,14.0,0.0
2023-06-17,S1102,PP06,17.0,17.0,0.0
2023-06-24,S1102,PP06,16.0,16.0,0.0
2023-07-01,S1102,PP06,14.0,14.0,0.0
2023-07-08,S1102,PP06,13.0,13.0,0.0
2023-07-15,S1102,PP06,14.0,14.0,0.0
2023-07-22,S1102,PP06,16.0,16.0,0.0
2023-07-29,S1102,PP06,17.0,17.0,0.0
2023-08-05,S1102,PP06,16.0,16.0,0.0
2023-08-12,S1102,PP06,13.0,13.0,0.0
2023-08-19,S1102,PP06,16.0,16.0,0.0
2023-08-26,S1102,PP06,17.0,17.0,0.0
2023-09-02,S1102,PP06,15.0,15.0,0.0
2023-09-09,S1102,PP06,17.0,17.0,0.0
2023-09-16,S1102,PP06,12.0,12.0,0.0
2023-09-23,S1102,PP06,15.0,15.0,0.0
2023-09-30,S1102,PP06,13.0,13.0,0.0
2023-10-07,S1102,PP06,16.0,16.0,0.0
2023-10-14,S1102,PP06,15.0,15.0,0.0
2023-10-21,S1102,PP06,18.0,18.0,0.0
2023-10-28,S1102,PP06,16.0,16.0,0.0
2023-11-04,S1102,PP06,16.0,16.0,0.0
2023-11-11,S1102,PP06,16.0,16.0,0.0
2023-11-18,S1102,PP06,18.0,18.0,0.0
2023-11-25,S1102,PP06,19.0,19.0,0.0
2023-12-02,S1102,PP06,25.0,22.0,3.0
2023-12-09,S1102,PP06,26.0,22.0,7.0
2023-12-16,S1102,PP06,19.0,22.0,4.0
2023-12-23,S1102,PP06,19.0,22.0,1.0
2023-12-30,S1102,PP06,17.0,18.0,0.0
2024-01-06,S1102,PP06,13.0,13.0,0.0
2024-01-13,S1102,PP06,12.0,12.0,0.0
2024-01-20,S1102,PP06,14.0,14.0,0.0
2024-01-27,S1102,PP06,14.0,14.0,0.0
2024-02-03,S1102,PP06,15.0,15.0,0.0
2024-02-10,S1102,PP06,13.0,13.0,0.0
2024-02-17,S1102,PP06,14.0,14.0,0.0
2024-02-24,S1102,PP06,13.0,13.0,0.0
2024-03-02,S1102,PP06,15.0,15.0,0.0
2024-03-09,S1102,PP06,15.0,15.0,0.0
2024-03-16,S1102,PP06,16.0,16.0,0.0
2024-03-23,S1102,PP06,17.0,17.0,0.0
2024-03-30,S1102,PP06,16.0,16.0,0.0
2024-04-06,S1102,PP06,13.0,13.0,0.0
2024-04-13,S1102,PP06,13.0,13.0,0.0
2024-04-20,S1102,PP06,16.0,16.0,0.0
2024-04-27,S1102,PP06,18.0,18.0,0.0
2024-05-04,S1102,PP06,16.0,16.0,0.0
2024-05-11,S1102,PP06,14.0,14.0,0.0
2024-05-18,S1102,PP06,20.0,20.0,0.0
2024-05-25,S1102,PP06,16.0,16.0,0.0
2024-06-01,S1102,PP06,16.0,16.0,0.0
2024-06-08,S1102,PP06,14.0,14.0,0.0
2024-06-15,S1102,PP06,15.0,15.0,0.0
2024-06-22,S1102,PP06,16.0,16.0,0.0
2024-06-29,S1102,PP06,16.0,16.0,0.0
2024-07-06,S1102,PP06,14.0,14.0,0.0
2024-07-13,S1102,PP06,15.0,15.0,0.0
2024-07-20,S1102,PP06,14.0,14.0,0.0
2024-07-27,S1102,PP06,18.0,18.0,0.0
2024-08-03,S1102,PP06,17.0,17.0,0.0
2024-08-10,S1102,PP06,15.0,15.0,0.0
2024-08-17,S1102,PP06,14.0,14.0,0.0
2024-08-24,S1102,PP06,16.0,16.0,0.0
2024-08-31,S1102,PP06,14.0,14.0,0.0
2024-09-07,S1102,PP06,14.0,14.0,0.0
2024-09-14,S1102,PP06,12.0,12.0,0.0
2024-09-21,S1102,PP06,13.0,13.0,0.0
2024-09-28,S1102,PP06,15.0,15.0,0.0
2024-10-05,S1102,PP06,14.0,14.0,0.0
2024-10-12,S1102,PP06,19.0,19.0,0.0
2024-10-19,S1102,PP06,16.0,16.0,0.0
2024-10-26,S1102,PP06,14.0,14.0,0.0
2024-11-02,S1102,PP06,14.0,14.0,0.0
2024-11-09,S1102,PP06,18.0,18.0,0.0
2024-11-16,S1102,PP06,18.0,18.0,0.0
2024-11-23,S1102,PP06,23.0,22.0,1.0
2024-11-30,S1102,PP06,22.0,22.0,1.0
2024-12-07,S1102,PP06,19.0,20.0,0.0
2024-12-14,S1102,PP06,21.0,21.0,0.0
2024-12-21,S1102,PP06,19.0,19.0,0.0
2024-12-28,S1102,PP06,19.0,19.0,0.0
2025-01-04,S1102,PP06,13.0,13.0,0.0
2025-01-11,S1102,PP06,12.0,12.0,0.0
2025-01-18,S1102,PP06,11.0,11.0,0.0
2025-01-25,S1102,PP06,13.0,13.0,0.0
2025-02-01,S1102,PP06,14.0,14.0,0.0
2025-02-08,S1102,PP06,16.0,16.0,0.0
2025-02-15,S1102,PP06,14.0,14.0,0.0
2025-02-22,S1102,PP06,13.0,13.0,0.0
2025-03-01,S1102,PP06,17.0,17.0,0.0
2025-03-08,S1102,PP06,15.0,15.0,0.0
2025-03-15,S1102,PP06,16.0,16.0,0.0
2025-03-22,S1102,PP06,14.0,14.0,0.0
2025-03-29,S1102,PP06,15.0,15.0,0.0
2025-04-05,S1102,PP06,14.0,14.0,0.0
2025-04-12,S1102,PP06,16.0,16.0,0.0
2025-04-19,S1102,PP06,17.0,17.0,0.0
2025-04-26,S1102,PP06,15.0,15.0,0.0
2025-05-03,S1102,PP06,16.0,16.0,0.0
2025-05-10,S1102,PP06,17.0,17.0,0.0
2025-05-17,S1102,PP06,15.0,15.0,0.0
2025-05-24,S1102,PP06,14.0,14.0,0.0
2025-05-31,S1102,PP06,17.0,17.0,0.0
2025-06-07,S1102,PP06,16.0,16.0,0.0
2025-06-14,S1102,PP06,15.0,15.0,0.0
2025-06-21,S1102,PP06,17.0,17.0,0.0
2025-06-28,S1102,PP06,17.0,17.0,0.0
2025-07-05,S1102,PP06,16.0,16.0,0.0
2025-07-12,S1102,PP06,14.0,14.0,0.0
2025-07-19,S1102,PP06,15.0,15.0,0.0
2025-07-26,S1102,PP06,18.0,18.0,0.0
2025-08-02,S1102,PP06,17.0,17.0,0.0
2025-08-09,S1102,PP06,16.0,16.0,0.0
2025-08-16,S1102,PP06,16.0,16.0,0.0
2025-08-23,S1102,PP06,17.0,17.0,0.0
2025-08-30,S1102,PP06,15.0,15.0,0.0
2025-09-06,S1102,PP06,17.0,17.0,0.0
2025-09-13,S1102,PP06,16.0,16.0,0.0
2025-09-20,S1102,PP06,15.0,15.0,0.0
2025-09-27,S1102,PP06,17.0,17.0,0.0
2025-10-04,S1102,PP06,16.0,16.0,0.0
2025-10-11,S1102,PP06,16.0,16.0,0.0
2025-10-18,S1102,PP06,13.0,13.0,0.0
2025-10-25,S1102,PP06,16.0,16.0,0.0
2025-11-01,S1102,PP06,16.0,16.0,0.0
2025-11-08,S1102,PP06,18.0,18.0,0.0
2025-11-15,S1102,PP06,20.0,20.0,0.0
2025-11-22,S1102,PP06,22.0,22.0,0.0
2025-11-29,S1102,PP06,23.0,22.0,1.0
2025-12-06,S1102,PP06,23.0,22.0,2.0
2025-12-13,S1102,PP06,27.0,22.0,7.0
2025-12-20,S1102,PP06,26.0,22.0,11.0
2025-12-27,S1102,PP06,18.0,22.0,7.0
2026-01-03,S1102,PP06,15.0,22.0,0.0
2026-01-10,S1102,PP06,12.0,12.0,0.0
2026-01-17,S1102,PP06,13.0,13.0,0.0
2026-01-24,S1102,PP06,13.0,13.0,0.0
2026-01-31,S1102,PP06,12.0,12.0,0.0
2026-02-07,S1102,PP06,13.0,13.0,0.0
2026-02-14,S1102,PP06,17.0,17.0,0.0
2026-02-21,S1102,PP06,17.0,17.0,0.0
2026-02-28,S1102,PP06,18.0,18.0,0.0
2026-03-07,S1102,PP06,16.0,16.0,0.0
2026-03-14,S1102,PP06,15.0,15.0,0.0
2026-03-21,S1102,PP06,15.0,15.0,0.0
2026-03-28,S1102,PP06,14.0,14.0,0.0
2026-04-04,S1102,PP06,14.0,14.0,0.0
2026-04-11,S1102,PP06,17.0,17.0,0.0
2026-04-18,S1102,PP06,17.0,17.0,0.0
2026-04-25,S1102,PP06,20.0,20.0,0.0
2026-05-02,S1102,PP06,17.0,17.0,0.0
2026-05-09,S1102,PP06,15.0,15.0,0.0
2026-05-16,S1102,PP06,17.0,17.0,0.0
2026-05-23,S1102,PP06,17.0,17.0,0.0
2026-05-30,S1102,PP06,16.0,16.0,0.0
2026-06-06,S1102,PP06,17.0,17.0,0.0
2026-06-13,S1102,PP06,15.0,15.0,0.0
2026-06-20,S1102,PP06,17.0,17.0,0.0
2026-06-27,S1102,PP06,18.0,18.0,0.0
2026-07-04,S1102,PP06,19.0,19.0,0.0
2026-07-11,S1102,PP06,17.0,17.0,0.0
2026-07-18,S1102,PP06,19.0,19.0,0.0
2026-07-25,S1102,PP06,16.0,16.0,0.0
2025-02-01,S1103,PP07,5.0,5.0,0.0
2025-02-08,S1103,PP07,5.0,5.0,0.0
2025-02-15,S1103,PP07,5.0,5.0,0.0
2025-02-22,S1103,PP07,7.0,7.0,0.0
2025-03-01,S1103,PP07,8.0,8.0,0.0
2025-03-08,S1103,PP07,8.0,8.0,0.0
2025-03-15,S1103,PP07,9.0,9.0,0.0
2025-03-22,S1103,PP07,9.0,9.0,0.0
2025-03-29,S1103,PP07,9.0,9.0,0.0
2025-04-05,S1103,PP07,10.0,10.0,0.0
2025-04-12,S1103,PP07,9.0,9.0,0.0
2025-04-19,S1103,PP07,8.0,8.0,0.0
2025-04-26,S1103,PP07,10.0,10.0,0.0
2025-05-03,S1103,PP07,10.0,10.0,0.0
2025-05-10,S1103,PP07,12.0,12.0,0.0
2025-05-17,S1103,PP07,9.0,9.0,0.0
2025-05-24,S1103,PP07,10.0,10.0,0.0
2025-05-31,S1103,PP07,12.0,12.0,0.0
2025-06-07,S1103,PP07,10.0,10.0,0.0
2025-06-14,S1103,PP07,11.0,11.0,0.0
2025-06-21,S1103,PP07,11.0,11.0,0.0
2025-06-28,S1103,PP07,11.0,11.0,0.0
2025-07-05,S1103,PP07,12.0,12.0,0.0
2025-07-12,S1103,PP07,10.0,10.0,0.0
2025-07-19,S1103,PP07,10.0,10.0,0.0
2025-07-26,S1103,PP07,11.0,11.0,0.0
2025-08-02,S1103,PP07,10.0,10.0,0.0
2025-08-09,S1103,PP07,11.0,11.0,0.0
2025-08-16,S1103,PP07,11.0,11.0,0.0
2025-08-23,S1103,PP07,10.0,10.0,0.0
2025-08-30,S1103,PP07,10.0,10.0,0.0
2025-09-06,S1103,PP07,10.0,10.0,0.0
2025-09-13,S1103,PP07,9.0,9.0,0.0
2025-09-20,S1103,PP07,11.0,11.0,0.0
2025-09-27,S1103,PP07,9.0,9.0,0.0
2025-10-04,S1103,PP07,9.0,9.0,0.0
2025-10-11,S1103,PP07,12.0,12.0,0.0
2025-10-18,S1103,PP07,9.0,9.0,0.0
2025-10-25,S1103,PP07,11.0,11.0,0.0
2025-11-01,S1103,PP07,14.0,14.0,0.0
2025-11-08,S1103,PP07,12.0,12.0,0.0
2025-11-15,S1103,PP07,15.0,14.0,1.0
2025-11-22,S1103,PP07,15.0,14.0,2.0
2025-11-29,S1103,PP07,15.0,14.0,3.0
2025-12-06,S1103,PP07,15.0,14.0,4.0
2025-12-13,S1103,PP07,13.0,14.0,3.0
2025-12-20,S1103,PP07,14.0,14.0,3.0
2025-12-27,S1103,PP07,13.0,14.0,2.0
2026-01-03,S1103,PP07,11.0,13.0,0.0
2026-01-10,S1103,PP07,11.0,11.0,0.0
2026-01-17,S1103,PP07,8.0,8.0,0.0
2026-01-24,S1103,PP07,9.0,9.0,0.0
2026-01-31,S1103,PP07,10.0,10.0,0.0
2026-02-07,S1103,PP07,10.0,10.0,0.0
2026-02-14,S1103,PP07,10.0,10.0,0.0
2026-02-21,S1103,PP07,10.0,10.0,0.0
2026-02-28,S1103,PP07,10.0,10.0,0.0
2026-03-07,S1103,PP07,11.0,11.0,0.0
2026-03-14,S1103,PP07,10.0,10.0,0.0
2026-03-21,S1103,PP07,11.0,11.0,0.0
2026-03-28,S1103,PP07,9.0,9.0,0.0
2026-04-04,S1103,PP07,11.0,11.0,0.0
2026-04-11,S1103,PP07,12.0,12.0,0.0
2026-04-18,S1103,PP07,10.0,10.0,0.0
2026-04-25,S1103,PP07,13.0,13.0,0.0
2026-05-02,S1103,PP07,11.0,11.0,0.0
2026-05-09,S1103,PP07,11.0,11.0,0.0
2026-05-16,S1103,PP07,11.0,11.0,0.0
2026-05-23,S1103,PP07,11.0,11.0,0.0
2026-05-30,S1103,PP07,9.0,9.0,0.0
2026-06-06,S1103,PP07,12.0,12.0,0.0
2026-06-13,S1103,PP07,13.0,13.0,0.0
2026-06-20,S1103,PP07,11.0,11.0,0.0
2026-06-27,S1103,PP07,11.0,11.0,0.0
2026-07-04,S1103,PP07,11.0,11.0,0.0
2026-07-11,S1103,PP07,12.0,12.0,0.0
2026-07-18,S1103,PP07,11.0,11.0,0.0
2026-07-25,S1103,PP07,11.0,11.0,0.0
2022-08-06,S1104,PP07,5.0,5.0,0.0
2022-08-13,S1104,PP07,6.0,6.0,0.0
2022-08-20,S1104,PP07,6.0,6.0,0.0
2022-08-27,S1104,PP07,6.0,6.0,0.0
2022-09-03,S1104,PP07,6.0,6.0,0.0
2022-09-10,S1104,PP07,5.0,5.0,0.0
2022-09-17,S1104,PP07,5.0,5.0,0.0
2022-09-24,S1104,PP07,6.0,6.0,0.0
2022-10-01,S1104,PP07,5.0,5.0,0.0
2022-10-08,S1104,PP07,6.0,6.0,0.0
2022-10-15,S1104,PP07,5.0,5.0,0.0
2022-10-22,S1104,PP07,6.0,6.0,0.0
2022-10-29,S1104,PP07,6.0,6.0,0.0
2022-11-05,S1104,PP07,7.0,7.0,0.0
2022-11-12,S1104,PP07,6.0,6.0,0.0
2022-11-19,S1104,PP07,6.0,6.0,0.0
2022-11-26,S1104,PP07,8.0,8.0,0.0
2022-12-03,S1104,PP07,9.0,9.0,0.0
2022-12-10,S1104,PP07,10.0,10.0,0.0
2022-12-17,S1104,PP07,8.0,8.0,0.0
2022-12-24,S1104,PP07,8.0,8.0,0.0
2022-12-31,S1104,PP07,7.0,7.0,0.0
2023-01-07,S1104,PP07,6.0,6.0,0.0
2023-01-14,S1104,PP07,4.0,4.0,0.0
2023-01-21,S1104,PP07,4.0,4.0,0.0
2023-01-28,S1104,PP07,5.0,5.0,0.0
2023-02-04,S1104,PP07,5.0,5.0,0.0
2023-02-11,S1104,PP07,6.0,6.0,0.0
2023-02-18,S1104,PP07,5.0,5.0,0.0
2023-02-25,S1104,PP07,5.0,5.0,0.0
2023-03-04,S1104,PP07,6.0,6.0,0.0
2023-03-11,S1104,PP07,6.0,6.0,0.0
2023-03-18,S1104,PP07,6.0,6.0,0.0
2023-03-25,S1104,PP07,7.0,7.0,0.0
2023-04-01,S1104,PP07,5.0,5.0,0.0
2023-04-08,S1104,PP07,7.0,7.0,0.0
2023-04-15,S1104,PP07,7.0,7.0,0.0
2023-04-22,S1104,PP07,6.0,6.0,0.0
2023-04-29,S1104,PP07,6.0,6.0,0.0
2023-05-06,S1104,PP07,6.0,6.0,0.0
2023-05-13,S1104,PP07,6.0,6.0,0.0
2023-05-20,S1104,PP07,6.0,6.0,0.0
2023-05-27,S1104,PP07,6.0,6.0,0.0
2023-06-03,S1104,PP07,6.0,6.0,0.0
2023-06-10,S1104,PP07,6.0,6.0,0.0
2023-06-17,S1104,PP07,6.0,6.0,0.0
2023-06-24,S1104,PP07,5.0,5.0,0.0
2023-07-01,S1104,PP07,6.0,6.0,0.0
2023-07-08,S1104,PP07,6.0,6.0,0.0
2023-07-15,S1104,PP07,5.0,5.0,0.0
2023-07-22,S1104,PP07,6.0,6.0,0.0
2023-07-29,S1104,PP07,6.0,6.0,0.0
2023-08-05,S1104,PP07,7.0,7.0,0.0
2023-08-12,S1104,PP07,6.0,6.0,0.0
2023-08-19,S1104,PP07,7.0,7.0,0.0
2023-08-26,S1104,PP07,7.0,7.0,0.0
2023-09-02,S1104,PP07,5.0,5.0,0.0
2023-09-09,S1104,PP07,6.0,6.0,0.0
2023-09-16,S1104,PP07,7.0,7.0,0.0
2023-09-23,S1104,PP07,6.0,6.0,0.0
2023-09-30,S1104,PP07,6.0,6.0,0.0
2023-10-07,S1104,PP07,5.0,5.0,0.0
2023-10-14,S1104,PP07,6.0,6.0,0.0
2023-10-21,S1104,PP07,6.0,6.0,0.0
2023-10-28,S1104,PP07,5.0,5.0,0.0
2023-11-04,S1104,PP07,6.0,6.0,0.0
2023-11-11,S1104,PP07,6.0,6.0,0.0
2023-11-18,S1104,PP07,7.0,7.0,0.0
2023-11-25,S1104,PP07,7.0,7.0,0.0
2023-12-02,S1104,PP07,9.0,9.0,0.0
2023-12-09,S1104,PP07,9.0,9.0,0.0
2023-12-16,S1104,PP07,8.0,8.0,0.0
2023-12-23,S1104,PP07,7.0,7.0,0.0
2023-12-30,S1104,PP07,7.0,7.0,0.0
2024-01-06,S1104,PP07,6.0,6.0,0.0
2024-01-13,S1104,PP07,4.0,4.0,0.0
2024-01-20,S1104,PP07,4.0,4.0,0.0
2024-01-27,S1104,PP07,6.0,6.0,0.0
2024-02-03,S1104,PP07,5.0,5.0,0.0
2024-02-10,S1104,PP07,5.0,5.0,0.0
2024-02-17,S1104,PP07,5.0,5.0,0.0
2024-02-24,S1104,PP07,6.0,6.0,0.0
2024-03-02,S1104,PP07,7.0,7.0,0.0
2024-03-09,S1104,PP07,6.0,6.0,0.0
2024-03-16,S1104,PP07,6.0,6.0,0.0
2024-03-23,S1104,PP07,6.0,6.0,0.0
2024-03-30,S1104,PP07,5.0,5.0,0.0
2024-04-06,S1104,PP07,5.0,5.0,0.0
2024-04-13,S1104,PP07,5.0,5.0,0.0
2024-04-20,S1104,PP07,6.0,6.0,0.0
2024-04-27,S1104,PP07,7.0,7.0,0.0
2024-05-04,S1104,PP07,6.0,6.0,0.0
2024-05-11,S1104,PP07,6.0,6.0,0.0
2024-05-18,S1104,PP07,6.0,6.0,0.0
2024-05-25,S1104,PP07,7.0,7.0,0.0
2024-06-01,S1104,PP07,5.0,5.0,0.0
2024-06-08,S1104,PP07,5.0,5.0,0.0
2024-06-15,S1104,PP07,7.0,7.0,0.0
2024-06-22,S1104,PP07,6.0,6.0,0.0
2024-06-29,S1104,PP07,6.0,6.0,0.0
2024-07-06,S1104,PP07,6.0,6.0,0.0
2024-07-13,S1104,PP07,6.0,6.0,0.0
2024-07-20,S1104,PP07,6.0,6.0,0.0
2024-07-27,S1104,PP07,6.0,6.0,0.0
2024-08-03,S1104,PP07,6.0,6.0,0.0
2024-08-10,S1104,PP07,6.0,6.0,0.0
2024-08-17,S1104,PP07,6.0,6.0,0.0
2024-08-24,S1104,PP07,6.0,6.0,0.0
2024-08-31,S1104,PP07,6.0,6.0,0.0
2024-09-07,S1104,PP07,6.0,6.0,0.0
2024-09-14,S1104,PP07,6.0,6.0,0.0
2024-09-21,S1104,PP07,5.0,5.0,0.0
2024-09-28,S1104,PP07,6.0,6.0,0.0
2024-10-05,S1104,PP07,6.0,6.0,0.0
2024-10-12,S1104,PP07,6.0,6.0,0.0
2024-10-19,S1104,PP07,5.0,5.0,0.0
2024-10-26,S1104,PP07,6.0,6.0,0.0
2024-11-02,S1104,PP07,6.0,6.0,0.0
2024-11-09,S1104,PP07,6.0,6.0,0.0
2024-11-16,S1104,PP07,10.0,10.0,0.0
2024-11-23,S1104,PP07,8.0,8.0,0.0
2024-11-30,S1104,PP07,10.0,10.0,0.0
2024-12-07,S1104,PP07,10.0,10.0,0.0
2024-12-14,S1104,PP07,10.0,10.0,0.0
2024-12-21,S1104,PP07,8.0,8.0,0.0
2024-12-28,S1104,PP07,8.0,8.0,0.0
2025-01-04,S1104,PP07,7.0,7.0,0.0
2025-01-11,S1104,PP07,5.0,5.0,0.0
2025-01-18,S1104,PP07,5.0,5.0,0.0
2025-01-25,S1104,PP07,5.0,5.0,0.0
2025-02-01,S1104,PP07,5.0,5.0,0.0
2025-02-08,S1104,PP07,5.0,5.0,0.0
2025-02-15,S1104,PP07,6.0,6.0,0.0
2025-02-22,S1104,PP07,7.0,7.0,0.0
2025-03-01,S1104,PP07,5.0,5.0,0.0
2025-03-08,S1104,PP07,7.0,7.0,0.0
2025-03-15,S1104,PP07,6.0,6.0,0.0
2025-03-22,S1104,PP07,7.0,7.0,0.0
2025-03-29,S1104,PP07,6.0,6.0,0.0
2025-04-05,S1104,PP07,6.0,6.0,0.0
2025-04-12,S1104,PP07,6.0,6.0,0.0
2025-04-19,S1104,PP07,5.0,5.0,0.0
2025-04-26,S1104,PP07,8.0,8.0,0.0
2025-05-03,S1104,PP07,6.0,6.0,0.0
2025-05-10,S1104,PP07,7.0,7.0,0.0
2025-05-17,S1104,PP07,6.0,6.0,0.0
2025-05-24,S1104,PP07,6.0,6.0,0.0
2025-05-31,S1104,PP07,6.0,6.0,0.0
2025-06-07,S1104,PP07,6.0,6.0,0.0
2025-06-14,S1104,PP07,6.0,6.0,0.0
2025-06-21,S1104,PP07,6.0,6.0,0.0
2025-06-28,S1104,PP07,5.0,5.0,0.0
2025-07-05,S1104,PP07,6.0,6.0,0.0
2025-07-12,S1104,PP07,6.0,6.0,0.0
2025-07-19,S1104,PP07,5.0,5.0,0.0
2025-07-26,S1104,PP07,6.0,6.0,0.0
2025-08-02,S1104,PP07,7.0,7.0,0.0
2025-08-09,S1104,PP07,6.0,6.0,0.0
2025-08-16,S1104,PP07,7.0,7.0,0.0
2025-08-23,S1104,PP07,7.0,7.0,0.0
2025-08-30,S1104,PP07,6.0,6.0,0.0
2025-09-06,S1104,PP07,6.0,6.0,0.0
2025-09-13,S1104,PP07,6.0,6.0,0.0
2025-09-20,S1104,PP07,6.0,6.0,0.0
2025-09-27,S1104,PP07,6.0,6.0,0.0
2025-10-04,S1104,PP07,7.0,7.0,0.0
2025-10-11,S1104,PP07,6.0,6.0,0.0
2025-10-18,S1104,PP07,7.0,7.0,0.0
2025-10-25,S1104,PP07,6.0,6.0,0.0
2025-11-01,S1104,PP07,7.0,7.0,0.0
2025-11-08,S1104,PP07,8.0,8.0,0.0
2025-11-15,S1104,PP07,6.0,6.0,0.0
2025-11-22,S1104,PP07,8.0,8.0,0.0
2025-11-29,S1104,PP07,9.0,9.0,0.0
2025-12-06,S1104,PP07,10.0,10.0,0.0
2025-12-13,S1104,PP07,9.0,9.0,0.0
2025-12-20,S1104,PP07,8.0,8.0,0.0
2025-12-27,S1104,PP07,8.0,8.0,0.0
2026-01-03,S1104,PP07,6.0,6.0,0.0
2026-01-10,S1104,PP07,6.0,6.0,0.0
2026-01-17,S1104,PP07,5.0,5.0,0.0
2026-01-24,S1104,PP07,5.0,5.0,0.0
2026-01-31,S1104,PP07,6.0,6.0,0.0
2026-02-07,S1104,PP07,6.0,6.0,0.0
2026-02-14,S1104,PP07,7.0,7.0,0.0
2026-02-21,S1104,PP07,7.0,7.0,0.0
2026-02-28,S1104,PP07,7.0,7.0,0.0
2026-03-07,S1104,PP07,6.0,6.0,0.0
2026-03-14,S1104,PP07,8.0,8.0,0.0
2026-03-21,S1104,PP07,7.0,7.0,0.0
2026-03-28,S1104,PP07,7.0,7.0,0.0
2026-04-04,S1104,PP07,6.0,6.0,0.0
2026-04-11,S1104,PP07,6.0,6.0,0.0
2026-04-18,S1104,PP07,8.0,8.0,0.0
2026-04-25,S1104,PP07,6.0,6.0,0.0
2026-05-02,S1104,PP07,8.0,8.0,0.0
2026-05-09,S1104,PP07,8.0,8.0,0.0
2026-05-16,S1104,PP07,7.0,7.0,0.0
2026-05-23,S1104,PP07,6.0,6.0,0.0
2026-05-30,S1104,PP07,7.0,7.0,0.0
2026-06-06,S1104,PP07,5.0,5.0,0.0
2026-06-13,S1104,PP07,7.0,7.0,0.0
2026-06-20,S1104,PP07,7.0,7.0,0.0
2026-06-27,S1104,PP07,7.0,7.0,0.0
2026-07-04,S1104,PP07,6.0,6.0,0.0
2026-07-11,S1104,PP07,7.0,7.0,0.0
2026-07-18,S1104,PP07,8.0,8.0,0.0
2026-07-25,S1104,PP07,7.0,7.0,0.0
2022-08-06,S1105,PP07,23.0,23.0,0.0
2022-08-13,S1105,PP07,18.0,18.0,0.0
2022-08-20,S1105,PP07,19.0,19.0,0.0
2022-08-27,S1105,PP07,18.0,18.0,0.0
2022-09-03,S1105,PP07,22.0,22.0,0.0
2022-09-10,S1105,PP07,18.0,18.0,0.0
2022-09-17,S1105,PP07,22.0,22.0,0.0
2022-09-24,S1105,PP07,17.0,17.0,0.0
2022-10-01,S1105,PP07,21.0,21.0,0.0
2022-10-08,S1105,PP07,18.0,18.0,0.0
2022-10-15,S1105,PP07,20.0,20.0,0.0
2022-10-22,S1105,PP07,17.0,17.0,0.0
2022-10-29,S1105,PP07,21.0,21.0,0.0
2022-11-05,S1105,PP07,19.0,19.0,0.0
2022-11-12,S1105,PP07,22.0,22.0,0.0
2022-11-19,S1105,PP07,20.0,20.0,0.0
2022-11-26,S1105,PP07,25.0,25.0,0.0
2022-12-03,S1105,PP07,30.0,27.0,3.0
2022-12-10,S1105,PP07,30.0,27.0,6.0
2022-12-17,S1105,PP07,24.0,27.0,3.0
2022-12-24,S1105,PP07,19.0,22.0,0.0
2022-12-31,S1105,PP07,21.0,21.0,0.0
2023-01-07,S1105,PP07,19.0,19.0,0.0
2023-01-14,S1105,PP07,13.0,13.0,0.0
2023-01-21,S1105,PP07,18.0,18.0,0.0
2023-01-28,S1105,PP07,16.0,16.0,0.0
2023-02-04,S1105,PP07,13.0,13.0,0.0
2023-02-11,S1105,PP07,14.0,14.0,0.0
2023-02-18,S1105,PP07,19.0,19.0,0.0
2023-02-25,S1105,PP07,18.0,18.0,0.0
2023-03-04,S1105,PP07,21.0,21.0,0.0
2023-03-11,S1105,PP07,16.0,16.0,0.0
2023-03-18,S1105,PP07,18.0,18.0,0.0
2023-03-25,S1105,PP07,18.0,18.0,0.0
2023-04-01,S1105,PP07,18.0,18.0,0.0
2023-04-08,S1105,PP07,18.0,18.0,0.0
2023-04-15,S1105,PP07,18.0,18.0,0.0
2023-04-22,S1105,PP07,19.0,19.0,0.0
2023-04-29,S1105,PP07,20.0,20.0,0.0
2023-05-06,S1105,PP07,20.0,20.0,0.0
2023-05-13,S1105,PP07,22.0,22.0,0.0
2023-05-20,S1105,PP07,17.0,17.0,0.0
2023-05-27,S1105,PP07,16.0,16.0,0.0
2023-06-03,S1105,PP07,21.0,21.0,0.0
2023-06-10,S1105,PP07,17.0,17.0,0.0
2023-06-17,S1105,PP07,18.0,18.0,0.0
2023-06-24,S1105,PP07,18.0,18.0,0.0
2023-07-01,S1105,PP07,17.0,17.0,0.0
2023-07-08,S1105,PP07,16.0,16.0,0.0
2023-07-15,S1105,PP07,18.0,18.0,0.0
2023-07-22,S1105,PP07,20.0,20.0,0.0
2023-07-29,S1105,PP07,19.0,19.0,0.0
2023-08-05,S1105,PP07,21.0,21.0,0.0
2023-08-12,S1105,PP07,19.0,19.0,0.0
2023-08-19,S1105,PP07,21.0,21.0,0.0
2023-08-26,S1105,PP07,18.0,18.0,0.0
2023-09-02,S1105,PP07,15.0,15.0,0.0
2023-09-09,S1105,PP07,19.0,19.0,0.0
2023-09-16,S1105,PP07,19.0,19.0,0.0
2023-09-23,S1105,PP07,17.0,17.0,0.0
2023-09-30,S1105,PP07,20.0,20.0,0.0
2023-10-07,S1105,PP07,16.0,16.0,0.0
2023-10-14,S1105,PP07,19.0,19.0,0.0
2023-10-21,S1105,PP07,23.0,23.0,0.0
2023-10-28,S1105,PP07,20.0,20.0,0.0
2023-11-04,S1105,PP07,20.0,20.0,0.0
2023-11-11,S1105,PP07,21.0,21.0,0.0
2023-11-18,S1105,PP07,28.0,27.0,1.0
2023-11-25,S1105,PP07,27.0,27.0,1.0
2023-12-02,S1105,PP07,34.0,27.0,8.0
2023-12-09,S1105,PP07,30.0,27.0,11.0
2023-12-16,S1105,PP07,26.0,27.0,10.0
2023-12-23,S1105,PP07,23.0,27.0,6.0
2023-12-30,S1105,PP07,21.0,27.0,0.0
2024-01-06,S1105,PP07,14.0,14.0,0.0
2024-01-13,S1105,PP07,14.0,14.0,0.0
2024-01-20,S1105,PP07,14.0,14.0,0.0
2024-01-27,S1105,PP07,16.0,16.0,0.0
2024-02-03,S1105,PP07,20.0,20.0,0.0
2024-02-10,S1105,PP07,17.0,17.0,0.0
2024-02-17,S1105,PP07,15.0,15.0,0.0
2024-02-24,S1105,PP07,16.0,16.0,0.0
2024-03-02,S1105,PP07,19.0,19.0,0.0
2024-03-09,S1105,PP07,19.0,19.0,0.0
2024-03-16,S1105,PP07,22.0,22.0,0.0
2024-03-23,S1105,PP07,20.0,20.0,0.0
2024-03-30,S1105,PP07,20.0,20.0,0.0
2024-04-06,S1105,PP07,18.0,18.0,0.0
2024-04-13,S1105,PP07,21.0,21.0,0.0
2024-04-20,S1105,PP07,17.0,17.0,0.0
2024-04-27,S1105,PP07,21.0,21.0,0.0
2024-05-04,S1105,PP07,19.0,19.0,0.0
2024-05-11,S1105,PP07,18.0,18.0,0.0
2024-05-18,S1105,PP07,21.0,21.0,0.0
2024-05-25,S1105,PP07,23.0,23.0,0.0
2024-06-01,S1105,PP07,19.0,19.0,0.0
2024-06-08,S1105,PP07,23.0,23.0,0.0
2024-06-15,S1105,PP07,16.0,16.0,0.0
2024-06-22,S1105,PP07,17.0,17.0,0.0
2024-06-29,S1105,PP07,19.0,19.0,0.0
2024-07-06,S1105,PP07,18.0,18.0,0.0
2024-07-13,S1105,PP07,18.0,18.0,0.0
2024-07-20,S1105,PP07,19.0,19.0,0.0
2024-07-27,S1105,PP07,19.0,19.0,0.0
2024-08-03,S1105,PP07,19.0,19.0,0.0
2024-08-10,S1105,PP07,21.0,21.0,0.0
2024-08-17,S1105,PP07,18.0,18.0,0.0
2024-08-24,S1105,PP07,19.0,19.0,0.0
2024-08-31,S1105,PP07,17.0,17.0,0.0
2024-09-07,S1105,PP07,16.0,16.0,0.0
2024-09-14,S1105,PP07,19.0,19.0,0.0
2024-09-21,S1105,PP07,21.0,21.0,0.0
2024-09-28,S1105,PP07,20.0,20.0,0.0
2024-10-05,S1105,PP07,19.0,19.0,0.0
2024-10-12,S1105,PP07,18.0,18.0,0.0
2024-10-19,S1105,PP07,19.0,19.0,0.0
2024-10-26,S1105,PP07,23.0,23.0,0.0
2024-11-02,S1105,PP07,17.0,17.0,0.0
2024-11-09,S1105,PP07,22.0,22.0,0.0
2024-11-16,S1105,PP07,26.0,26.0,0.0
2024-11-23,S1105,PP07,23.0,23.0,0.0
2024-11-30,S1105,PP07,29.0,27.0,2.0
2024-12-07,S1105,PP07,30.0,27.0,5.0
2024-12-14,S1105,PP07,26.0,27.0,4.0
2024-12-21,S1105,PP07,26.0,27.0,3.0
2024-12-28,S1105,PP07,21.0,24.0,0.0
2025-01-04,S1105,PP07,20.0,20.0,0.0
2025-01-11,S1105,PP07,17.0,17.0,0.0
2025-01-18,S1105,PP07,16.0,16.0,0.0
2025-01-25,S1105,PP07,16.0,16.0,0.0
2025-02-01,S1105,PP07,17.0,17.0,0.0
2025-02-08,S1105,PP07,15.0,15.0,0.0
2025-02-15,S1105,PP07,18.0,18.0,0.0
2025-02-22,S1105,PP07,17.0,17.0,0.0
2025-03-01,S1105,PP07,21.0,21.0,0.0
2025-03-08,S1105,PP07,20.0,20.0,0.0
2025-03-15,S1105,PP07,21.0,21.0,0.0
2025-03-22,S1105,PP07,23.0,23.0,0.0
2025-03-29,S1105,PP07,19.0,19.0,0.0
2025-04-05,S1105,PP07,18.0,18.0,0.0
2025-04-12,S1105,PP07,19.0,19.0,0.0
2025-04-19,S1105,PP07,17.0,17.0,0.0
2025-04-26,S1105,PP07,18.0,18.0,0.0
2025-05-03,S1105,PP07,22.0,22.0,0.0
2025-05-10,S1105,PP07,19.0,19.0,0.0
2025-05-17,S1105,PP07,19.0,19.0,0.0
2025-05-24,S1105,PP07,21.0,21.0,0.0
2025-05-31,S1105,PP07,20.0,20.0,0.0
2025-06-07,S1105,PP07,22.0,22.0,0.0
2025-06-14,S1105,PP07,20.0,20.0,0.0
2025-06-21,S1105,PP07,18.0,18.0,0.0
2025-06-28,S1105,PP07,22.0,22.0,0.0
2025-07-05,S1105,PP07,22.0,22.0,0.0
2025-07-12,S1105,PP07,18.0,18.0,0.0
2025-07-19,S1105,PP07,21.0,21.0,0.0
2025-07-26,S1105,PP07,20.0,20.0,0.0
2025-08-02,S1105,PP07,20.0,20.0,0.0
2025-08-09,S1105,PP07,26.0,26.0,0.0
2025-08-16,S1105,PP07,22.0,22.0,0.0
2025-08-23,S1105,PP07,20.0,20.0,0.0
2025-08-30,S1105,PP07,20.0,20.0,0.0
2025-09-06,S1105,PP07,21.0,21.0,0.0
2025-09-13,S1105,PP07,18.0,18.0,0.0
2025-09-20,S1105,PP07,18.0,18.0,0.0
2025-09-27,S1105,PP07,21.0,21.0,0.0
2025-10-04,S1105,PP07,17.0,17.0,0.0
2025-10-11,S1105,PP07,22.0,22.0,0.0
2025-10-18,S1105,PP07,18.0,18.0,0.0
2025-10-25,S1105,PP07,21.0,21.0,0.0
2025-11-01,S1105,PP07,19.0,19.0,0.0
2025-11-08,S1105,PP07,21.0,21.0,0.0
2025-11-15,S1105,PP07,29.0,27.0,2.0
2025-11-22,S1105,PP07,30.0,27.0,5.0
2025-11-29,S1105,PP07,32.0,27.0,10.0
2025-12-06,S1105,PP07,27.0,27.0,10.0
2025-12-13,S1105,PP07,29.0,27.0,12.0
2025-12-20,S1105,PP07,29.0,27.0,14.0
2025-12-27,S1105,PP07,26.0,27.0,13.0
2026-01-03,S1105,PP07,19.0,27.0,5.0
2026-01-10,S1105,PP07,16.0,21.0,0.0
2026-01-17,S1105,PP07,15.0,15.0,0.0
2026-01-24,S1105,PP07,20.0,20.0,0.0
2026-01-31,S1105,PP07,17.0,17.0,0.0
2026-02-07,S1105,PP07,19.0,19.0,0.0
2026-02-14,S1105,PP07,19.0,19.0,0.0
2026-02-21,S1105,PP07,22.0,22.0,0.0
2026-02-28,S1105,PP07,18.0,18.0,0.0
2026-03-07,S1105,PP07,23.0,23.0,0.0
2026-03-14,S1105,PP07,18.0,18.0,0.0
2026-03-21,S1105,PP07,23.0,23.0,0.0
2026-03-28,S1105,PP07,17.0,17.0,0.0
2026-04-04,S1105,PP07,20.0,20.0,0.0
2026-04-11,S1105,PP07,24.0,24.0,0.0
2026-04-18,S1105,PP07,22.0,22.0,0.0
2026-04-25,S1105,PP07,22.0,22.0,0.0
2026-05-02,S1105,PP07,20.0,20.0,0.0
2026-05-09,S1105,PP07,21.0,21.0,0.0
2026-05-16,S1105,PP07,25.0,25.0,0.0
2026-05-23,S1105,PP07,23.0,23.0,0.0
2026-05-30,S1105,PP07,24.0,24.0,0.0
2026-06-06,S1105,PP07,21.0,21.0,0.0
2026-06-13,S1105,PP07,20.0,20.0,0.0
2026-06-20,S1105,PP07,23.0,23.0,0.0
2026-06-27,S1105,PP07,22.0,22.0,0.0
2026-07-04,S1105,PP07,21.0,21.0,0.0
2026-07-11,S1105,PP07,19.0,19.0,0.0
2026-07-18,S1105,PP07,24.0,24.0,0.0
2026-07-25,S1105,PP07,22.0,22.0,0.0
2022-08-06,S1106,PP07,18.0,18.0,0.0
2022-08-13,S1106,PP07,22.0,22.0,0.0
2022-08-20,S1106,PP07,20.0,20.0,0.0
2022-08-27,S1106,PP07,20.0,20.0,0.0
2022-09-03,S1106,PP07,20.0,20.0,0.0
2022-09-10,S1106,PP07,20.0,20.0,0.0
2022-09-17,S1106,PP07,19.0,19.0,0.0
2022-09-24,S1106,PP07,18.0,18.0,0.0
2022-10-01,S1106,PP07,23.0,23.0,0.0
2022-10-08,S1106,PP07,17.0,17.0,0.0
2022-10-15,S1106,PP07,20.0,20.0,0.0
2022-10-22,S1106,PP07,20.0,20.0,0.0
2022-10-29,S1106,PP07,21.0,21.0,0.0
2022-11-05,S1106,PP07,24.0,24.0,0.0
2022-11-12,S1106,PP07,21.0,21.0,0.0
2022-11-19,S1106,PP07,25.0,25.0,0.0
2022-11-26,S1106,PP07,27.0,27.0,0.0
2022-12-03,S1106,PP07,26.0,26.0,0.0
2022-12-10,S1106,PP07,34.0,30.0,4.0
2022-12-17,S1106,PP07,30.0,30.0,4.0
2022-12-24,S1106,PP07,23.0,27.0,0.0
2022-12-31,S1106,PP07,23.0,23.0,0.0
2023-01-07,S1106,PP07,16.0,16.0,0.0
2023-01-14,S1106,PP07,15.0,15.0,0.0
2023-01-21,S1106,PP07,15.0,15.0,0.0
2023-01-28,S1106,PP07,17.0,17.0,0.0
2023-02-04,S1106,PP07,16.0,16.0,0.0
2023-02-11,S1106,PP07,19.0,19.0,0.0
2023-02-18,S1106,PP07,19.0,19.0,0.0
2023-02-25,S1106,PP07,17.0,17.0,0.0
2023-03-04,S1106,PP07,22.0,22.0,0.0
2023-03-11,S1106,PP07,17.0,17.0,0.0
2023-03-18,S1106,PP07,16.0,16.0,0.0
2023-03-25,S1106,PP07,21.0,21.0,0.0
2023-04-01,S1106,PP07,15.0,15.0,0.0
2023-04-08,S1106,PP07,22.0,22.0,0.0
2023-04-15,S1106,PP07,19.0,19.0,0.0
2023-04-22,S1106,PP07,17.0,17.0,0.0
2023-04-29,S1106,PP07,18.0,18.0,0.0
2023-05-06,S1106,PP07,17.0,17.0,0.0
2023-05-13,S1106,PP07,21.0,21.0,0.0
2023-05-20,S1106,PP07,17.0,17.0,0.0
2023-05-27,S1106,PP07,21.0,21.0,0.0
2023-06-03,S1106,PP07,19.0,19.0,0.0
2023-06-10,S1106,PP07,18.0,18.0,0.0
2023-06-17,S1106,PP07,20.0,20.0,0.0
2023-06-24,S1106,PP07,20.0,20.0,0.0
2023-07-01,S1106,PP07,21.0,21.0,0.0
2023-07-08,S1106,PP07,18.0,18.0,0.0
2023-07-15,S1106,PP07,19.0,19.0,0.0
2023-07-22,S1106,PP07,18.0,18.0,0.0
2023-07-29,S1106,PP07,20.0,20.0,0.0
2023-08-05,S1106,PP07,19.0,19.0,0.0
2023-08-12,S1106,PP07,20.0,20.0,0.0
2023-08-19,S1106,PP07,19.0,19.0,0.0
2023-08-26,S1106,PP07,20.0,20.0,0.0
2023-09-02,S1106,PP07,19.0,19.0,0.0
2023-09-09,S1106,PP07,20.0,20.0,0.0
2023-09-16,S1106,PP07,18.0,18.0,0.0
2023-09-23,S1106,PP07,17.0,17.0,0.0
2023-09-30,S1106,PP07,19.0,19.0,0.0
2023-10-07,S1106,PP07,17.0,17.0,0.0
2023-10-14,S1106,PP07,20.0,20.0,0.0
2023-10-21,S1106,PP07,19.0,19.0,0.0
2023-10-28,S1106,PP07,21.0,21.0,0.0
2023-11-04,S1106,PP07,22.0,22.0,0.0
2023-11-11,S1106,PP07,26.0,26.0,0.0
2023-11-18,S1106,PP07,25.0,25.0,0.0
2023-11-25,S1106,PP07,26.0,26.0,0.0
2023-12-02,S1106,PP07,26.0,26.0,0.0
2023-12-09,S1106,PP07,33.0,30.0,3.0
2023-12-16,S1106,PP07,28.0,30.0,1.0
2023-12-23,S1106,PP07,22.0,23.0,0.0
2023-12-30,S1106,PP07,21.0,21.0,0.0
2024-01-06,S1106,PP07,18.0,18.0,0.0
2024-01-13,S1106,PP07,14.0,14.0,0.0
2024-01-20,S1106,PP07,15.0,15.0,0.0
2024-01-27,S1106,PP07,16.0,16.0,0.0
2024-02-03,S1106,PP07,17.0,17.0,0.0
2024-02-10,S1106,PP07,20.0,20.0,0.0
2024-02-17,S1106,PP07,16.0,16.0,0.0
2024-02-24,S1106,PP07,23.0,23.0,0.0
2024-03-02,S1106,PP07,19.0,19.0,0.0
2024-03-09,S1106,PP07,20.0,20.0,0.0
2024-03-16,S1106,PP07,19.0,19.0,0.0
2024-03-23,S1106,PP07,16.0,16.0,0.0
2024-03-30,S1106,PP07,17.0,17.0,0.0
2024-04-06,S1106,PP07,18.0,18.0,0.0
2024-04-13,S1106,PP07,21.0,21.0,0.0
2024-04-20,S1106,PP07,17.0,17.0,0.0
2024-04-27,S1106,PP07,18.0,18.0,0.0
2024-05-04,S1106,PP07,21.0,21.0,0.0
2024-05-11,S1106,PP07,22.0,22.0,0.0
2024-05-18,S1106,PP07,22.0,22.0,0.0
2024-05-25,S1106,PP07,19.0,19.0,0.0
2024-06-01,S1106,PP07,17.0,17.0,0.0
2024-06-08,S1106,PP07,21.0,21.0,0.0
2024-06-15,S1106,PP07,23.0,23.0,0.0
2024-06-22,S1106,PP07,19.0,19.0,0.0
2024-06-29,S1106,PP07,18.0,18.0,0.0
2024-07-06,S1106,PP07,19.0,19.0,0.0
2024-07-13,S1106,PP07,20.0,20.0,0.0
2024-07-20,S1106,PP07,19.0,19.0,0.0
2024-07-27,S1106,PP07,23.0,23.0,0.0
2024-08-03,S1106,PP07,22.0,22.0,0.0
2024-08-10,S1106,PP07,21.0,21.0,0.0
2024-08-17,S1106,PP07,17.0,17.0,0.0
2024-08-24,S1106,PP07,19.0,19.0,0.0
2024-08-31,S1106,PP07,18.0,18.0,0.0
2024-09-07,S1106,PP07,17.0,17.0,0.0
2024-09-14,S1106,PP07,19.0,19.0,0.0
2024-09-21,S1106,PP07,19.0,19.0,0.0
2024-09-28,S1106,PP07,16.0,16.0,0.0
2024-10-05,S1106,PP07,21.0,21.0,0.0
2024-10-12,S1106,PP07,19.0,19.0,0.0
2024-10-19,S1106,PP07,21.0,21.0,0.0
2024-10-26,S1106,PP07,23.0,23.0,0.0
2024-11-02,S1106,PP07,21.0,21.0,0.0
2024-11-09,S1106,PP07,26.0,26.0,0.0
2024-11-16,S1106,PP07,24.0,24.0,0.0
2024-11-23,S1106,PP07,31.0,30.0,1.0
2024-11-30,S1106,PP07,26.0,27.0,0.0
2024-12-07,S1106,PP07,35.0,30.0,5.0
2024-12-14,S1106,PP07,28.0,30.0,3.0
2024-12-21,S1106,PP07,35.0,30.0,8.0
2024-12-28,S1106,PP07,21.0,29.0,0.0
2025-01-04,S1106,PP07,22.0,22.0,0.0
2025-01-11,S1106,PP07,15.0,15.0,0.0
2025-01-18,S1106,PP07,17.0,17.0,0.0
2025-01-25,S1106,PP07,17.0,17.0,0.0
2025-02-01,S1106,PP07,15.0,15.0,0.0
2025-02-08,S1106,PP07,14.0,14.0,0.0
2025-02-15,S1106,PP07,24.0,24.0,0.0
2025-02-22,S1106,PP07,19.0,19.0,0.0
2025-03-01,S1106,PP07,14.0,14.0,0.0
2025-03-08,S1106,PP07,20.0,20.0,0.0
2025-03-15,S1106,PP07,21.0,21.0,0.0
2025-03-22,S1106,PP07,19.0,19.0,0.0
2025-03-29,S1106,PP07,19.0,19.0,0.0
2025-04-05,S1106,PP07,20.0,20.0,0.0
2025-04-12,S1106,PP07,23.0,23.0,0.0
2025-04-19,S1106,PP07,21.0,21.0,0.0
2025-04-26,S1106,PP07,24.0,24.0,0.0
2025-05-03,S1106,PP07,24.0,24.0,0.0
2025-05-10,S1106,PP07,22.0,22.0,0.0
2025-05-17,S1106,PP07,19.0,19.0,0.0
2025-05-24,S1106,PP07,21.0,21.0,0.0
2025-05-31,S1106,PP07,22.0,22.0,0.0
2025-06-07,S1106,PP07,21.0,21.0,0.0
2025-06-14,S1106,PP07,22.0,22.0,0.0
2025-06-21,S1106,PP07,23.0,23.0,0.0
2025-06-28,S1106,PP07,22.0,22.0,0.0
2025-07-05,S1106,PP07,20.0,20.0,0.0
2025-07-12,S1106,PP07,22.0,22.0,0.0
2025-07-19,S1106,PP07,27.0,27.0,0.0
2025-07-26,S1106,PP07,19.0,19.0,0.0
2025-08-02,S1106,PP07,23.0,23.0,0.0
2025-08-09,S1106,PP07,27.0,27.0,0.0
2025-08-16,S1106,PP07,20.0,20.0,0.0
2025-08-23,S1106,PP07,24.0,24.0,0.0
2025-08-30,S1106,PP07,23.0,23.0,0.0
2025-09-06,S1106,PP07,17.0,17.0,0.0
2025-09-13,S1106,PP07,21.0,21.0,0.0
2025-09-20,S1106,PP07,19.0,19.0,0.0
2025-09-27,S1106,PP07,20.0,20.0,0.0
2025-10-04,S1106,PP07,20.0,20.0,0.0
2025-10-11,S1106,PP07,24.0,24.0,0.0
2025-10-18,S1106,PP07,21.0,21.0,0.0
2025-10-25,S1106,PP07,22.0,22.0,0.0
2025-11-01,S1106,PP07,23.0,23.0,0.0
2025-11-08,S1106,PP07,24.0,24.0,0.0
2025-11-15,S1106,PP07,23.0,23.0,0.0
2025-11-22,S1106,PP07,27.0,27.0,0.0
2025-11-29,S1106,PP07,30.0,30.0,0.0
2025-12-06,S1106,PP07,33.0,30.0,3.0
2025-12-13,S1106,PP07,37.0,30.0,10.0
2025-12-20,S1106,PP07,30.0,30.0,10.0
2025-12-27,S1106,PP07,24.0,30.0,4.0
2026-01-03,S1106,PP07,19.0,23.0,0.0
2026-01-10,S1106,PP07,18.0,18.0,0.0
2026-01-17,S1106,PP07,17.0,17.0,0.0
2026-01-24,S1106,PP07,17.0,17.0,0.0
2026-01-31,S1106,PP07,19.0,19.0,0.0
2026-02-07,S1106,PP07,20.0,20.0,0.0
2026-02-14,S1106,PP07,20.0,20.0,0.0
2026-02-21,S1106,PP07,20.0,20.0,0.0
2026-02-28,S1106,PP07,19.0,19.0,0.0
2026-03-07,S1106,PP07,20.0,20.0,0.0
2026-03-14,S1106,PP07,23.0,23.0,0.0
2026-03-21,S1106,PP07,20.0,20.0,0.0
2026-03-28,S1106,PP07,19.0,19.0,0.0
2026-04-04,S1106,PP07,24.0,24.0,0.0
2026-04-11,S1106,PP07,19.0,19.0,0.0
2026-04-18,S1106,PP07,22.0,22.0,0.0
2026-04-25,S1106,PP07,23.0,23.0,0.0
2026-05-02,S1106,PP07,23.0,23.0,0.0
2026-05-09,S1106,PP07,18.0,18.0,0.0
2026-05-16,S1106,PP07,24.0,24.0,0.0
2026-05-23,S1106,PP07,26.0,26.0,0.0
2026-05-30,S1106,PP07,24.0,24.0,0.0
2026-06-06,S1106,PP07,18.0,18.0,0.0
2026-06-13,S1106,PP07,27.0,27.0,0.0
2026-06-20,S1106,PP07,19.0,19.0,0.0
2026-06-27,S1106,PP07,20.0,20.0,0.0
2026-07-04,S1106,PP07,24.0,24.0,0.0
2026-07-11,S1106,PP07,23.0,23.0,0.0
2026-07-18,S1106,PP07,22.0,22.0,0.0
2026-07-25,S1106,PP07,21.0,21.0,0.0
2022-08-06,S1107,PP07,18.0,18.0,0.0
2022-08-13,S1107,PP07,16.0,16.0,0.0
2022-08-20,S1107,PP07,14.0,14.0,0.0
2022-08-27,S1107,PP07,18.0,18.0,0.0
2022-09-03,S1107,PP07,16.0,16.0,0.0
2022-09-10,S1107,PP07,17.0,17.0,0.0
2022-09-17,S1107,PP07,16.0,16.0,0.0
2022-09-24,S1107,PP07,19.0,19.0,0.0
2022-10-01,S1107,PP07,15.0,15.0,0.0
2022-10-08,S1107,PP07,15.0,15.0,0.0
2022-10-15,S1107,PP07,17.0,17.0,0.0
2022-10-22,S1107,PP07,16.0,16.0,0.0
2022-10-29,S1107,PP07,18.0,18.0,0.0
2022-11-05,S1107,PP07,13.0,13.0,0.0
2022-11-12,S1107,PP07,18.0,18.0,0.0
2022-11-19,S1107,PP07,20.0,20.0,0.0
2022-11-26,S1107,PP07,21.0,21.0,0.0
2022-12-03,S1107,PP07,21.0,21.0,0.0
2022-12-10,S1107,PP07,27.0,24.0,3.0
2022-12-17,S1107,PP07,22.0,24.0,1.0
2022-12-24,S1107,PP07,20.0,21.0,0.0
2022-12-31,S1107,PP07,17.0,17.0,0.0
2023-01-07,S1107,PP07,15.0,15.0,0.0
2023-01-14,S1107,PP07,14.0,14.0,0.0
2023-01-21,S1107,PP07,13.0,13.0,0.0
2023-01-28,S1107,PP07,14.0,14.0,0.0
2023-02-04,S1107,PP07,14.0,14.0,0.0
2023-02-11,S1107,PP07,14.0,14.0,0.0
2023-02-18,S1107,PP07,14.0,14.0,0.0
2023-02-25,S1107,PP07,15.0,15.0,0.0
2023-03-04,S1107,PP07,16.0,16.0,0.0
2023-03-11,S1107,PP07,16.0,16.0,0.0
2023-03-18,S1107,PP07,14.0,14.0,0.0
2023-03-25,S1107,PP07,15.0,15.0,0.0
2023-04-01,S1107,PP07,13.0,13.0,0.0
2023-04-08,S1107,PP07,16.0,16.0,0.0
2023-04-15,S1107,PP07,16.0,16.0,0.0
2023-04-22,S1107,PP07,19.0,19.0,0.0
2023-04-29,S1107,PP07,19.0,19.0,0.0
2023-05-06,S1107,PP07,15.0,15.0,0.0
2023-05-13,S1107,PP07,17.0,17.0,0.0
2023-05-20,S1107,PP07,17.0,17.0,0.0
2023-05-27,S1107,PP07,16.0,16.0,0.0
2023-06-03,S1107,PP07,16.0,16.0,0.0
2023-06-10,S1107,PP07,15.0,15.0,0.0
2023-06-17,S1107,PP07,19.0,19.0,0.0
2023-06-24,S1107,PP07,15.0,15.0,0.0
2023-07-01,S1107,PP07,16.0,16.0,0.0
2023-07-08,S1107,PP07,12.0,12.0,0.0
2023-07-15,S1107,PP07,17.0,17.0,0.0
2023-07-22,S1107,PP07,18.0,18.0,0.0
2023-07-29,S1107,PP07,15.0,15.0,0.0
2023-08-05,S1107,PP07,16.0,16.0,0.0
2023-08-12,S1107,PP07,18.0,18.0,0.0
2023-08-19,S1107,PP07,17.0,17.0,0.0
2023-08-26,S1107,PP07,17.0,17.0,0.0
2023-09-02,S1107,PP07,15.0,15.0,0.0
2023-09-09,S1107,PP07,19.0,19.0,0.0
2023-09-16,S1107,PP07,14.0,14.0,0.0
2023-09-23,S1107,PP07,20.0,20.0,0.0
2023-09-30,S1107,PP07,17.0,17.0,0.0
2023-10-07,S1107,PP07,16.0,16.0,0.0
2023-10-14,S1107,PP07,14.0,14.0,0.0
2023-10-21,S1107,PP07,18.0,18.0,0.0
2023-10-28,S1107,PP07,18.0,18.0,0.0
2023-11-04,S1107,PP07,14.0,14.0,0.0
2023-11-11,S1107,PP07,16.0,16.0,0.0
2023-11-18,S1107,PP07,21.0,21.0,0.0
2023-11-25,S1107,PP07,21.0,21.0,0.0
2023-12-02,S1107,PP07,22.0,22.0,0.0
2023-12-09,S1107,PP07,28.0,24.0,4.0
2023-12-16,S1107,PP07,22.0,24.0,2.0
2023-12-23,S1107,PP07,20.0,22.0,0.0
2023-12-30,S1107,PP07,17.0,17.0,0.0
2024-01-06,S1107,PP07,16.0,16.0,0.0
2024-01-13,S1107,PP07,10.0,10.0,0.0
2024-01-20,S1107,PP07,12.0,12.0,0.0
2024-01-27,S1107,PP07,11.0,11.0,0.0
2024-02-03,S1107,PP07,14.0,14.0,0.0
2024-02-10,S1107,PP07,16.0,16.0,0.0
2024-02-17,S1107,PP07,16.0,16.0,0.0
2024-02-24,S1107,PP07,14.0,14.0,0.0
2024-03-02,S1107,PP07,16.0,16.0,0.0
2024-03-09,S1107,PP07,15.0,15.0,0.0
2024-03-16,S1107,PP07,18.0,18.0,0.0
2024-03-23,S1107,PP07,16.0,16.0,0.0
2024-03-30,S1107,PP07,12.0,12.0,0.0
2024-04-06,S1107,PP07,17.0,17.0,0.0
2024-04-13,S1107,PP07,15.0,15.0,0.0
2024-04-20,S1107,PP07,16.0,16.0,0.0
2024-04-27,S1107,PP07,17.0,17.0,0.0
2024-05-04,S1107,PP07,15.0,15.0,0.0
2024-05-11,S1107,PP07,17.0,17.0,0.0
2024-05-18,S1107,PP07,18.0,18.0,0.0
2024-05-25,S1107,PP07,18.0,18.0,0.0
2024-06-01,S1107,PP07,16.0,16.0,0.0
2024-06-08,S1107,PP07,18.0,18.0,0.0
2024-06-15,S1107,PP07,15.0,15.0,0.0
2024-06-22,S1107,PP07,15.0,15.0,0.0
2024-06-29,S1107,PP07,16.0,16.0,0.0
2024-07-06,S1107,PP07,17.0,17.0,0.0
2024-07-13,S1107,PP07,16.0,16.0,0.0
2024-07-20,S1107,PP07,19.0,19.0,0.0
2024-07-27,S1107,PP07,17.0,17.0,0.0
2024-08-03,S1107,PP07,17.0,17.0,0.0
2024-08-10,S1107,PP07,18.0,18.0,0.0
2024-08-17,S1107,PP07,18.0,18.0,0.0
2024-08-24,S1107,PP07,17.0,17.0,0.0
2024-08-31,S1107,PP07,13.0,13.0,0.0
2024-09-07,S1107,PP07,17.0,17.0,0.0
2024-09-14,S1107,PP07,15.0,15.0,0.0
2024-09-21,S1107,PP07,16.0,16.0,0.0
2024-09-28,S1107,PP07,15.0,15.0,0.0
2024-10-05,S1107,PP07,13.0,13.0,0.0
2024-10-12,S1107,PP07,13.0,13.0,0.0
2024-10-19,S1107,PP07,15.0,15.0,0.0
2024-10-26,S1107,PP07,18.0,18.0,0.0
2024-11-02,S1107,PP07,21.0,21.0,0.0
2024-11-09,S1107,PP07,20.0,20.0,0.0
2024-11-16,S1107,PP07,18.0,18.0,0.0
2024-11-23,S1107,PP07,20.0,20.0,0.0
2024-11-30,S1107,PP07,27.0,24.0,3.0
2024-12-07,S1107,PP07,22.0,24.0,1.0
2024-12-14,S1107,PP07,31.0,24.0,8.0
2024-12-21,S1107,PP07,27.0,24.0,11.0
2024-12-28,S1107,PP07,24.0,24.0,11.0
2025-01-04,S1107,PP07,17.0,24.0,4.0
2025-01-11,S1107,PP07,13.0,17.0,0.0
2025-01-18,S1107,PP07,14.0,14.0,0.0
2025-01-25,S1107,PP07,15.0,15.0,0.0
2025-02-01,S1107,PP07,13.0,13.0,0.0
2025-02-08,S1107,PP07,13.0,13.0,0.0
2025-02-15,S1107,PP07,15.0,15.0,0.0
2025-02-22,S1107,PP07,14.0,14.0,0.0
2025-03-01,S1107,PP07,18.0,18.0,0.0
2025-03-08,S1107,PP07,15.0,15.0,0.0
2025-03-15,S1107,PP07,17.0,17.0,0.0
2025-03-22,S1107,PP07,18.0,18.0,0.0
2025-03-29,S1107,PP07,19.0,19.0,0.0
2025-04-05,S1107,PP07,17.0,17.0,0.0
2025-04-12,S1107,PP07,17.0,17.0,0.0
2025-04-19,S1107,PP07,15.0,15.0,0.0
2025-04-26,S1107,PP07,19.0,19.0,0.0
2025-05-03,S1107,PP07,20.0,20.0,0.0
2025-05-10,S1107,PP07,15.0,15.0,0.0
2025-05-17,S1107,PP07,22.0,22.0,0.0
2025-05-24,S1107,PP07,17.0,17.0,0.0
2025-05-31,S1107,PP07,19.0,19.0,0.0
2025-06-07,S1107,PP07,17.0,17.0,0.0
2025-06-14,S1107,PP07,17.0,17.0,0.0
2025-06-21,S1107,PP07,17.0,17.0,0.0
2025-06-28,S1107,PP07,16.0,16.0,0.0
2025-07-05,S1107,PP07,18.0,18.0,0.0
2025-07-12,S1107,PP07,17.0,17.0,0.0
2025-07-19,S1107,PP07,16.0,16.0,0.0
2025-07-26,S1107,PP07,16.0,16.0,0.0
2025-08-02,S1107,PP07,16.0,16.0,0.0
2025-08-09,S1107,PP07,17.0,17.0,0.0
2025-08-16,S1107,PP07,19.0,19.0,0.0
2025-08-23,S1107,PP07,16.0,16.0,0.0
2025-08-30,S1107,PP07,19.0,19.0,0.0
2025-09-06,S1107,PP07,16.0,16.0,0.0
2025-09-13,S1107,PP07,16.0,16.0,0.0
2025-09-20,S1107,PP07,16.0,16.0,0.0
2025-09-27,S1107,PP07,19.0,19.0,0.0
2025-10-04,S1107,PP07,15.0,15.0,0.0
2025-10-11,S1107,PP07,20.0,20.0,0.0
2025-10-18,S1107,PP07,20.0,20.0,0.0
2025-10-25,S1107,PP07,19.0,19.0,0.0
2025-11-01,S1107,PP07,22.0,22.0,0.0
2025-11-08,S1107,PP07,20.0,20.0,0.0
2025-11-15,S1107,PP07,22.0,22.0,0.0
2025-11-22,S1107,PP07,22.0,22.0,0.0
2025-11-29,S1107,PP07,27.0,24.0,3.0
2025-12-06,S1107,PP07,24.0,24.0,3.0
2025-12-13,S1107,PP07,27.0,24.0,6.0
2025-12-20,S1107,PP07,26.0,24.0,8.0
2025-12-27,S1107,PP07,23.0,24.0,7.0
2026-01-03,S1107,PP07,16.0,23.0,0.0
2026-01-10,S1107,PP07,15.0,15.0,0.0
2026-01-17,S1107,PP07,13.0,13.0,0.0
2026-01-24,S1107,PP07,12.0,12.0,0.0
2026-01-31,S1107,PP07,14.0,14.0,0.0
2026-02-07,S1107,PP07,17.0,17.0,0.0
2026-02-14,S1107,PP07,16.0,16.0,0.0
2026-02-21,S1107,PP07,16.0,16.0,0.0
2026-02-28,S1107,PP07,17.0,17.0,0.0
2026-03-07,S1107,PP07,17.0,17.0,0.0
2026-03-14,S1107,PP07,19.0,19.0,0.0
2026-03-21,S1107,PP07,15.0,15.0,0.0
2026-03-28,S1107,PP07,17.0,17.0,0.0
2026-04-04,S1107,PP07,18.0,18.0,0.0
2026-04-11,S1107,PP07,15.0,15.0,0.0
2026-04-18,S1107,PP07,16.0,16.0,0.0
2026-04-25,S1107,PP07,18.0,18.0,0.0
2026-05-02,S1107,PP07,19.0,19.0,0.0
2026-05-09,S1107,PP07,19.0,19.0,0.0
2026-05-16,S1107,PP07,18.0,18.0,0.0
2026-05-23,S1107,PP07,18.0,18.0,0.0
2026-05-30,S1107,PP07,18.0,18.0,0.0
2026-06-06,S1107,PP07,19.0,19.0,0.0
2026-06-13,S1107,PP07,20.0,20.0,0.0
2026-06-20,S1107,PP07,14.0,14.0,0.0
2026-06-27,S1107,PP07,19.0,19.0,0.0
2026-07-04,S1107,PP07,18.0,18.0,0.0
2026-07-11,S1107,PP07,19.0,19.0,0.0
2026-07-18,S1107,PP07,21.0,21.0,0.0
2026-07-25,S1107,PP07,17.0,17.0,0.0
2022-08-06,S1108,PP07,13.0,13.0,0.0
2022-08-13,S1108,PP07,10.0,10.0,0.0
2022-08-20,S1108,PP07,12.0,12.0,0.0
2022-08-27,S1108,PP07,11.0,11.0,0.0
2022-09-03,S1108,PP07,11.0,11.0,0.0
2022-09-10,S1108,PP07,10.0,10.0,0.0
2022-09-17,S1108,PP07,11.0,11.0,0.0
2022-09-24,S1108,PP07,13.0,13.0,0.0
2022-10-01,S1108,PP07,10.0,10.0,0.0
2022-10-08,S1108,PP07,11.0,11.0,0.0
2022-10-15,S1108,PP07,12.0,12.0,0.0
2022-10-22,S1108,PP07,11.0,11.0,0.0
2022-10-29,S1108,PP07,14.0,14.0,0.0
2022-11-05,S1108,PP07,12.0,12.0,0.0
2022-11-12,S1108,PP07,13.0,13.0,0.0
2022-11-19,S1108,PP07,13.0,13.0,0.0
2022-11-26,S1108,PP07,15.0,15.0,0.0
2022-12-03,S1108,PP07,16.0,16.0,0.0
2022-12-10,S1108,PP07,19.0,18.0,1.0
2022-12-17,S1108,PP07,15.0,16.0,0.0
2022-12-24,S1108,PP07,13.0,13.0,0.0
2022-12-31,S1108,PP07,13.0,13.0,0.0
2023-01-07,S1108,PP07,12.0,12.0,0.0
2023-01-14,S1108,PP07,9.0,9.0,0.0
2023-01-21,S1108,PP07,11.0,11.0,0.0
2023-01-28,S1108,PP07,10.0,10.0,0.0
2023-02-04,S1108,PP07,10.0,10.0,0.0
2023-02-11,S1108,PP07,11.0,11.0,0.0
2023-02-18,S1108,PP07,12.0,12.0,0.0
2023-02-25,S1108,PP07,12.0,12.0,0.0
2023-03-04,S1108,PP07,10.0,10.0,0.0
2023-03-11,S1108,PP07,12.0,12.0,0.0
2023-03-18,S1108,PP07,11.0,11.0,0.0
2023-03-25,S1108,PP07,11.0,11.0,0.0
2023-04-01,S1108,PP07,9.0,9.0,0.0
2023-04-08,S1108,PP07,10.0,10.0,0.0
2023-04-15,S1108,PP07,11.0,11.0,0.0
2023-04-22,S1108,PP07,10.0,10.0,0.0
2023-04-29,S1108,PP07,11.0,11.0,0.0
2023-05-06,S1108,PP07,13.0,13.0,0.0
2023-05-13,S1108,PP07,11.0,11.0,0.0
2023-05-20,S1108,PP07,12.0,12.0,0.0
2023-05-27,S1108,PP07,10.0,10.0,0.0
2023-06-03,S1108,PP07,12.0,12.0,0.0
2023-06-10,S1108,PP07,12.0,12.0,0.0
2023-06-17,S1108,PP07,10.0,10.0,0.0
2023-06-24,S1108,PP07,11.0,11.0,0.0
2023-07-01,S1108,PP07,10.0,10.0,0.0
2023-07-08,S1108,PP07,12.0,12.0,0.0
2023-07-15,S1108,PP07,12.0,12.0,0.0
2023-07-22,S1108,PP07,11.0,11.0,0.0
2023-07-29,S1108,PP07,12.0,12.0,0.0
2023-08-05,S1108,PP07,12.0,12.0,0.0
2023-08-12,S1108,PP07,12.0,12.0,0.0
2023-08-19,S1108,PP07,11.0,11.0,0.0
2023-08-26,S1108,PP07,11.0,11.0,0.0
2023-09-02,S1108,PP07,11.0,11.0,0.0
2023-09-09,S1108,PP07,11.0,11.0,0.0
2023-09-16,S1108,PP07,13.0,13.0,0.0
2023-09-23,S1108,PP07,10.0,10.0,0.0
2023-09-30,S1108,PP07,11.0,11.0,0.0
2023-10-07,S1108,PP07,11.0,11.0,0.0
2023-10-14,S1108,PP07,13.0,13.0,0.0
2023-10-21,S1108,PP07,11.0,11.0,0.0
2023-10-28,S1108,PP07,14.0,14.0,0.0
2023-11-04,S1108,PP07,12.0,12.0,0.0
2023-11-11,S1108,PP07,17.0,17.0,0.0
2023-11-18,S1108,PP07,15.0,15.0,0.0
2023-11-25,S1108,PP07,14.0,14.0,0.0
2023-12-02,S1108,PP07,16.0,16.0,0.0
2023-12-09,S1108,PP07,20.0,18.0,2.0
2023-12-16,S1108,PP07,17.0,18.0,1.0
2023-12-23,S1108,PP07,15.0,16.0,0.0
2023-12-30,S1108,PP07,14.0,14.0,0.0
2024-01-06,S1108,PP07,10.0,10.0,0.0
2024-01-13,S1108,PP07,9.0,9.0,0.0
2024-01-20,S1108,PP07,8.0,8.0,0.0
2024-01-27,S1108,PP07,11.0,11.0,0.0
2024-02-03,S1108,PP07,9.0,9.0,0.0
2024-02-10,S1108,PP07,11.0,11.0,0.0
2024-02-17,S1108,PP07,11.0,11.0,0.0
2024-02-24,S1108,PP07,11.0,11.0,0.0
2024-03-02,S1108,PP07,10.0,10.0,0.0
2024-03-09,S1108,PP07,10.0,10.0,0.0
2024-03-16,S1108,PP07,12.0,12.0,0.0
2024-03-23,S1108,PP07,10.0,10.0,0.0
2024-03-30,S1108,PP07,9.0,9.0,0.0
2024-04-06,S1108,PP07,12.0,12.0,0.0
2024-04-13,S1108,PP07,10.0,10.0,0.0
2024-04-20,S1108,PP07,12.0,12.0,0.0
2024-04-27,S1108,PP07,12.0,12.0,0.0
2024-05-04,S1108,PP07,12.0,12.0,0.0
2024-05-11,S1108,PP07,12.0,12.0,0.0
2024-05-18,S1108,PP07,11.0,11.0,0.0
2024-05-25,S1108,PP07,11.0,11.0,0.0
2024-06-01,S1108,PP07,12.0,12.0,0.0
2024-06-08,S1108,PP07,11.0,11.0,0.0
2024-06-15,S1108,PP07,13.0,13.0,0.0
2024-06-22,S1108,PP07,11.0,11.0,0.0
2024-06-29,S1108,PP07,10.0,10.0,0.0
2024-07-06,S1108,PP07,11.0,11.0,0.0
2024-07-13,S1108,PP07,12.0,12.0,0.0
2024-07-20,S1108,PP07,11.0,11.0,0.0
2024-07-27,S1108,PP07,12.0,12.0,0.0
2024-08-03,S1108,PP07,13.0,13.0,0.0
2024-08-10,S1108,PP07,16.0,16.0,0.0
2024-08-17,S1108,PP07,14.0,14.0,0.0
2024-08-24,S1108,PP07,10.0,10.0,0.0
2024-08-31,S1108,PP07,11.0,11.0,0.0
2024-09-07,S1108,PP07,11.0,11.0,0.0
2024-09-14,S1108,PP07,11.0,11.0,0.0
2024-09-21,S1108,PP07,10.0,10.0,0.0
2024-09-28,S1108,PP07,11.0,11.0,0.0
2024-10-05,S1108,PP07,10.0,10.0,0.0
2024-10-12,S1108,PP07,11.0,11.0,0.0
2024-10-19,S1108,PP07,11.0,11.0,0.0
2024-10-26,S1108,PP07,12.0,12.0,0.0
2024-11-02,S1108,PP07,12.0,12.0,0.0
2024-11-09,S1108,PP07,15.0,15.0,0.0
2024-11-16,S1108,PP07,15.0,15.0,0.0
2024-11-23,S1108,PP07,14.0,14.0,0.0
2024-11-30,S1108,PP07,17.0,17.0,0.0
2024-12-07,S1108,PP07,15.0,15.0,0.0
2024-12-14,S1108,PP07,21.0,18.0,3.0
2024-12-21,S1108,PP07,19.0,18.0,4.0
2024-12-28,S1108,PP07,14.0,18.0,0.0
2025-01-04,S1108,PP07,11.0,11.0,0.0
2025-01-11,S1108,PP07,9.0,9.0,0.0
2025-01-18,S1108,PP07,9.0,9.0,0.0
2025-01-25,S1108,PP07,10.0,10.0,0.0
2025-02-01,S1108,PP07,12.0,12.0,0.0
2025-02-08,S1108,PP07,12.0,12.0,0.0
2025-02-15,S1108,PP07,12.0,12.0,0.0
2025-02-22,S1108,PP07,11.0,11.0,0.0
2025-03-01,S1108,PP07,10.0,10.0,0.0
2025-03-08,S1108,PP07,11.0,11.0,0.0
2025-03-15,S1108,PP07,12.0,12.0,0.0
2025-03-22,S1108,PP07,10.0,10.0,0.0
2025-03-29,S1108,PP07,12.0,12.0,0.0
2025-04-05,S1108,PP07,13.0,13.0,0.0
2025-04-12,S1108,PP07,13.0,13.0,0.0
2025-04-19,S1108,PP07,13.0,13.0,0.0
2025-04-26,S1108,PP07,10.0,10.0,0.0
2025-05-03,S1108,PP07,15.0,15.0,0.0
2025-05-10,S1108,PP07,11.0,11.0,0.0
2025-05-17,S1108,PP07,13.0,13.0,0.0
2025-05-24,S1108,PP07,13.0,13.0,0.0
2025-05-31,S1108,PP07,13.0,13.0,0.0
2025-06-07,S1108,PP07,11.0,11.0,0.0
2025-06-14,S1108,PP07,11.0,11.0,0.0
2025-06-21,S1108,PP07,13.0,13.0,0.0
2025-06-28,S1108,PP07,13.0,13.0,0.0
2025-07-05,S1108,PP07,11.0,11.0,0.0
2025-07-12,S1108,PP07,13.0,13.0,0.0
2025-07-19,S1108,PP07,11.0,11.0,0.0
2025-07-26,S1108,PP07,14.0,14.0,0.0
2025-08-02,S1108,PP07,12.0,12.0,0.0
2025-08-09,S1108,PP07,13.0,13.0,0.0
2025-08-16,S1108,PP07,13.0,13.0,0.0
2025-08-23,S1108,PP07,14.0,14.0,0.0
2025-08-30,S1108,PP07,13.0,13.0,0.0
2025-09-06,S1108,PP07,11.0,11.0,0.0
2025-09-13,S1108,PP07,12.0,12.0,0.0
2025-09-20,S1108,PP07,15.0,15.0,0.0
2025-09-27,S1108,PP07,13.0,13.0,0.0
2025-10-04,S1108,PP07,12.0,12.0,0.0
2025-10-11,S1108,PP07,11.0,11.0,0.0
2025-10-18,S1108,PP07,12.0,12.0,0.0
2025-10-25,S1108,PP07,14.0,14.0,0.0
2025-11-01,S1108,PP07,13.0,13.0,0.0
2025-11-08,S1108,PP07,15.0,15.0,0.0
2025-11-15,S1108,PP07,18.0,18.0,0.0
2025-11-22,S1108,PP07,17.0,17.0,0.0
2025-11-29,S1108,PP07,16.0,16.0,0.0
2025-12-06,S1108,PP07,23.0,18.0,5.0
2025-12-13,S1108,PP07,23.0,18.0,10.0
2025-12-20,S1108,PP07,18.0,18.0,10.0
2025-12-27,S1108,PP07,17.0,18.0,9.0
2026-01-03,S1108,PP07,12.0,18.0,3.0
2026-01-10,S1108,PP07,11.0,14.0,0.0
2026-01-17,S1108,PP07,10.0,10.0,0.0
2026-01-24,S1108,PP07,9.0,9.0,0.0
2026-01-31,S1108,PP07,14.0,14.0,0.0
2026-02-07,S1108,PP07,10.0,10.0,0.0
2026-02-14,S1108,PP07,12.0,12.0,0.0
2026-02-21,S1108,PP07,12.0,12.0,0.0
2026-02-28,S1108,PP07,13.0,13.0,0.0
2026-03-07,S1108,PP07,12.0,12.0,0.0
2026-03-14,S1108,PP07,12.0,12.0,0.0
2026-03-21,S1108,PP07,13.0,13.0,0.0
2026-03-28,S1108,PP07,13.0,13.0,0.0
2026-04-04,S1108,PP07,12.0,12.0,0.0
2026-04-11,S1108,PP07,12.0,12.0,0.0
2026-04-18,S1108,PP07,11.0,11.0,0.0
2026-04-25,S1108,PP07,16.0,16.0,0.0
2026-05-02,S1108,PP07,14.0,14.0,0.0
2026-05-09,S1108,PP07,14.0,14.0,0.0
2026-05-16,S1108,PP07,13.0,13.0,0.0
2026-05-23,S1108,PP07,12.0,12.0,0.0
2026-05-30,S1108,PP07,14.0,14.0,0.0
2026-06-06,S1108,PP07,13.0,13.0,0.0
2026-06-13,S1108,PP07,14.0,14.0,0.0
2026-06-20,S1108,PP07,11.0,11.0,0.0
2026-06-27,S1108,PP07,15.0,15.0,0.0
2026-07-04,S1108,PP07,14.0,14.0,0.0
2026-07-11,S1108,PP07,13.0,13.0,0.0
2026-07-18,S1108,PP07,14.0,14.0,0.0
2026-07-25,S1108,PP07,14.0,14.0,0.0
2022-08-06,S1109,PP07,14.0,14.0,0.0
2022-08-13,S1109,PP07,19.0,19.0,0.0
2022-08-20,S1109,PP07,17.0,17.0,0.0
2022-08-27,S1109,PP07,15.0,15.0,0.0
2022-09-03,S1109,PP07,14.0,14.0,0.0
2022-09-10,S1109,PP07,17.0,17.0,0.0
2022-09-17,S1109,PP07,15.0,15.0,0.0
2022-09-24,S1109,PP07,16.0,16.0,0.0
2022-10-01,S1109,PP07,15.0,15.0,0.0
2022-10-08,S1109,PP07,14.0,14.0,0.0
2022-10-15,S1109,PP07,16.0,16.0,0.0
2022-10-22,S1109,PP07,16.0,16.0,0.0
2022-10-29,S1109,PP07,17.0,17.0,0.0
2022-11-05,S1109,PP07,22.0,22.0,0.0
2022-11-12,S1109,PP07,20.0,20.0,0.0
2022-11-19,S1109,PP07,22.0,22.0,0.0
2022-11-26,S1109,PP07,28.0,24.0,4.0
2022-12-03,S1109,PP07,24.0,24.0,4.0
2022-12-10,S1109,PP07,25.0,24.0,5.0
2022-12-17,S1109,PP07,21.0,24.0,2.0
2022-12-24,S1109,PP07,19.0,21.0,0.0
2022-12-31,S1109,PP07,14.0,14.0,0.0
2023-01-07,S1109,PP07,15.0,15.0,0.0
2023-01-14,S1109,PP07,11.0,11.0,0.0
2023-01-21,S1109,PP07,14.0,14.0,0.0
2023-01-28,S1109,PP07,13.0,13.0,0.0
2023-02-04,S1109,PP07,14.0,14.0,0.0
2023-02-11,S1109,PP07,14.0,14.0,0.0
2023-02-18,S1109,PP07,17.0,17.0,0.0
2023-02-25,S1109,PP07,17.0,17.0,0.0
2023-03-04,S1109,PP07,15.0,15.0,0.0
2023-03-11,S1109,PP07,14.0,14.0,0.0
2023-03-18,S1109,PP07,17.0,17.0,0.0
2023-03-25,S1109,PP07,14.0,14.0,0.0
2023-04-01,S1109,PP07,13.0,13.0,0.0
2023-04-08,S1109,PP07,17.0,17.0,0.0
2023-04-15,S1109,PP07,18.0,18.0,0.0
2023-04-22,S1109,PP07,15.0,15.0,0.0
2023-04-29,S1109,PP07,17.0,17.0,0.0
2023-05-06,S1109,PP07,16.0,16.0,0.0
2023-05-13,S1109,PP07,18.0,18.0,0.0
2023-05-20,S1109,PP07,18.0,18.0,0.0
2023-05-27,S1109,PP07,16.0,16.0,0.0
2023-06-03,S1109,PP07,14.0,14.0,0.0
2023-06-10,S1109,PP07,14.0,14.0,0.0
2023-06-17,S1109,PP07,17.0,17.0,0.0
2023-06-24,S1109,PP07,14.0,14.0,0.0
2023-07-01,S1109,PP07,16.0,16.0,0.0
2023-07-08,S1109,PP07,17.0,17.0,0.0
2023-07-15,S1109,PP07,15.0,15.0,0.0
2023-07-22,S1109,PP07,16.0,16.0,0.0
2023-07-29,S1109,PP07,18.0,18.0,0.0
2023-08-05,S1109,PP07,15.0,15.0,0.0
2023-08-12,S1109,PP07,15.0,15.0,0.0
2023-08-19,S1109,PP07,16.0,16.0,0.0
2023-08-26,S1109,PP07,18.0,18.0,0.0
2023-09-02,S1109,PP07,18.0,18.0,0.0
2023-09-09,S1109,PP07,15.0,15.0,0.0
2023-09-16,S1109,PP07,14.0,14.0,0.0
2023-09-23,S1109,PP07,17.0,17.0,0.0
2023-09-30,S1109,PP07,13.0,13.0,0.0
2023-10-07,S1109,PP07,15.0,15.0,0.0
2023-10-14,S1109,PP07,15.0,15.0,0.0
2023-10-21,S1109,PP07,18.0,18.0,0.0
2023-10-28,S1109,PP07,19.0,19.0,0.0
2023-11-04,S1109,PP07,16.0,16.0,0.0
2023-11-11,S1109,PP07,19.0,19.0,0.0
2023-11-18,S1109,PP07,19.0,19.0,0.0
2023-11-25,S1109,PP07,21.0,21.0,0.0
2023-12-02,S1109,PP07,25.0,24.0,1.0
2023-12-09,S1109,PP07,24.0,24.0,1.0
2023-12-16,S1109,PP07,24.0,24.0,1.0
2023-12-23,S1109,PP07,23.0,24.0,0.0
2023-12-30,S1109,PP07,21.0,21.0,0.0
2024-01-06,S1109,PP07,15.0,15.0,0.0
2024-01-13,S1109,PP07,12.0,12.0,0.0
2024-01-20,S1109,PP07,11.0,11.0,0.0
2024-01-27,S1109,PP07,16.0,16.0,0.0
2024-02-03,S1109,PP07,15.0,15.0,0.0
2024-02-10,S1109,PP07,15.0,15.0,0.0
2024-02-17,S1109,PP07,15.0,15.0,0.0
2024-02-24,S1109,PP07,16.0,16.0,0.0
2024-03-02,S1109,PP07,17.0,17.0,0.0
2024-03-09,S1109,PP07,17.0,17.0,0.0
2024-03-16,S1109,PP07,18.0,18.0,0.0
2024-03-23,S1109,PP07,16.0,16.0,0.0
2024-03-30,S1109,PP07,19.0,19.0,0.0
2024-04-06,S1109,PP07,17.0,17.0,0.0
2024-04-13,S1109,PP07,16.0,16.0,0.0
2024-04-20,S1109,PP07,14.0,14.0,0.0
2024-04-27,S1109,PP07,17.0,17.0,0.0
2024-05-04,S1109,PP07,20.0,20.0,0.0
2024-05-11,S1109,PP07,16.0,16.0,0.0
2024-05-18,S1109,PP07,17.0,17.0,0.0
2024-05-25,S1109,PP07,17.0,17.0,0.0
2024-06-01,S1109,PP07,18.0,18.0,0.0
2024-06-08,S1109,PP07,16.0,16.0,0.0
2024-06-15,S1109,PP07,15.0,15.0,0.0
2024-06-22,S1109,PP07,17.0,17.0,0.0
2024-06-29,S1109,PP07,15.0,15.0,0.0
2024-07-06,S1109,PP07,13.0,13.0,0.0
2024-07-13,S1109,PP07,19.0,19.0,0.0
2024-07-20,S1109,PP07,18.0,18.0,0.0
2024-07-27,S1109,PP07,20.0,20.0,0.0
2024-08-03,S1109,PP07,18.0,18.0,0.0
2024-08-10,S1109,PP07,18.0,18.0,0.0
2024-08-17,S1109,PP07,17.0,17.0,0.0
2024-08-24,S1109,PP07,16.0,16.0,0.0
2024-08-31,S1109,PP07,17.0,17.0,0.0
2024-09-07,S1109,PP07,15.0,15.0,0.0
2024-09-14,S1109,PP07,14.0,14.0,0.0
2024-09-21,S1109,PP07,15.0,15.0,0.0
2024-09-28,S1109,PP07,18.0,18.0,0.0
2024-10-05,S1109,PP07,14.0,14.0,0.0
2024-10-12,S1109,PP07,14.0,14.0,0.0
2024-10-19,S1109,PP07,18.0,18.0,0.0
2024-10-26,S1109,PP07,17.0,17.0,0.0
2024-11-02,S1109,PP07,19.0,19.0,0.0
2024-11-09,S1109,PP07,21.0,21.0,0.0
2024-11-16,S1109,PP07,21.0,21.0,0.0
2024-11-23,S1109,PP07,20.0,20.0,0.0
2024-11-30,S1109,PP07,27.0,24.0,3.0
2024-12-07,S1109,PP07,27.0,24.0,6.0
2024-12-14,S1109,PP07,25.0,24.0,7.0
2024-12-21,S1109,PP07,22.0,24.0,5.0
2024-12-28,S1109,PP07,20.0,24.0,1.0
2025-01-04,S1109,PP07,16.0,17.0,0.0
2025-01-11,S1109,PP07,11.0,11.0,0.0
2025-01-18,S1109,PP07,14.0,14.0,0.0
2025-01-25,S1109,PP07,15.0,15.0,0.0
2025-02-01,S1109,PP07,11.0,11.0,0.0
2025-02-08,S1109,PP07,15.0,15.0,0.0
2025-02-15,S1109,PP07,18.0,18.0,0.0
2025-02-22,S1109,PP07,14.0,14.0,0.0
2025-03-01,S1109,PP07,16.0,16.0,0.0
2025-03-08,S1109,PP07,16.0,16.0,0.0
2025-03-15,S1109,PP07,19.0,19.0,0.0
2025-03-22,S1109,PP07,18.0,18.0,0.0
2025-03-29,S1109,PP07,15.0,15.0,0.0
2025-04-05,S1109,PP07,17.0,17.0,0.0
2025-04-12,S1109,PP07,21.0,21.0,0.0
2025-04-19,S1109,PP07,16.0,16.0,0.0
2025-04-26,S1109,PP07,17.0,17.0,0.0
2025-05-03,S1109,PP07,19.0,19.0,0.0
2025-05-10,S1109,PP07,17.0,17.0,0.0
2025-05-17,S1109,PP07,21.0,21.0,0.0
2025-05-24,S1109,PP07,17.0,17.0,0.0
2025-05-31,S1109,PP07,15.0,15.0,0.0
2025-06-07,S1109,PP07,16.0,16.0,0.0
2025-06-14,S1109,PP07,18.0,18.0,0.0
2025-06-21,S1109,PP07,16.0,16.0,0.0
2025-06-28,S1109,PP07,18.0,18.0,0.0
2025-07-05,S1109,PP07,18.0,18.0,0.0
2025-07-12,S1109,PP07,15.0,15.0,0.0
2025-07-19,S1109,PP07,17.0,17.0,0.0
2025-07-26,S1109,PP07,18.0,18.0,0.0
2025-08-02,S1109,PP07,19.0,19.0,0.0
2025-08-09,S1109,PP07,17.0,17.0,0.0
2025-08-16,S1109,PP07,18.0,18.0,0.0
2025-08-23,S1109,PP07,17.0,17.0,0.0
2025-08-30,S1109,PP07,18.0,18.0,0.0
2025-09-06,S1109,PP07,17.0,17.0,0.0
2025-09-13,S1109,PP07,16.0,16.0,0.0
2025-09-20,S1109,PP07,17.0,17.0,0.0
2025-09-27,S1109,PP07,16.0,16.0,0.0
2025-10-04,S1109,PP07,18.0,18.0,0.0
2025-10-11,S1109,PP07,18.0,18.0,0.0
2025-10-18,S1109,PP07,22.0,22.0,0.0
2025-10-25,S1109,PP07,18.0,18.0,0.0
2025-11-01,S1109,PP07,19.0,19.0,0.0
2025-11-08,S1109,PP07,19.0,19.0,0.0
2025-11-15,S1109,PP07,19.0,19.0,0.0
2025-11-22,S1109,PP07,22.0,22.0,0.0
2025-11-29,S1109,PP07,26.0,24.0,2.0
2025-12-06,S1109,PP07,28.0,24.0,6.0
2025-12-13,S1109,PP07,28.0,24.0,10.0
2025-12-20,S1109,PP07,23.0,24.0,9.0
2025-12-27,S1109,PP07,20.0,24.0,5.0
2026-01-03,S1109,PP07,16.0,21.0,0.0
2026-01-10,S1109,PP07,14.0,14.0,0.0
2026-01-17,S1109,PP07,12.0,12.0,0.0
2026-01-24,S1109,PP07,17.0,17.0,0.0
2026-01-31,S1109,PP07,18.0,18.0,0.0
2026-02-07,S1109,PP07,13.0,13.0,0.0
2026-02-14,S1109,PP07,17.0,17.0,0.0
2026-02-21,S1109,PP07,17.0,17.0,0.0
2026-02-28,S1109,PP07,17.0,17.0,0.0
2026-03-07,S1109,PP07,16.0,16.0,0.0
2026-03-14,S1109,PP07,19.0,19.0,0.0
2026-03-21,S1109,PP07,18.0,18.0,0.0
2026-03-28,S1109,PP07,19.0,19.0,0.0
2026-04-04,S1109,PP07,16.0,16.0,0.0
2026-04-11,S1109,PP07,15.0,15.0,0.0
2026-04-18,S1109,PP07,19.0,19.0,0.0
2026-04-25,S1109,PP07,16.0,16.0,0.0
2026-05-02,S1109,PP07,21.0,21.0,0.0
2026-05-09,S1109,PP07,15.0,15.0,0.0
2026-05-16,S1109,PP07,18.0,18.0,0.0
2026-05-23,S1109,PP07,17.0,17.0,0.0
2026-05-30,S1109,PP07,18.0,18.0,0.0
2026-06-06,S1109,PP07,18.0,18.0,0.0
2026-06-13,S1109,PP07,18.0,18.0,0.0
2026-06-20,S1109,PP07,19.0,19.0,0.0
2026-06-27,S1109,PP07,19.0,19.0,0.0
2026-07-04,S1109,PP07,18.0,18.0,0.0
2026-07-11,S1109,PP07,22.0,22.0,0.0
2026-07-18,S1109,PP07,21.0,21.0,0.0
2026-07-25,S1109,PP07,18.0,18.0,0.0
2022-08-06,S1110,PP07,8.0,8.0,0.0
2022-08-13,S1110,PP07,8.0,8.0,0.0
2022-08-20,S1110,PP07,9.0,9.0,0.0
2022-08-27,S1110,PP07,7.0,7.0,0.0
2022-09-03,S1110,PP07,7.0,7.0,0.0
2022-09-10,S1110,PP07,6.0,6.0,0.0
2022-09-17,S1110,PP07,7.0,7.0,0.0
2022-09-24,S1110,PP07,9.0,9.0,0.0
2022-10-01,S1110,PP07,8.0,8.0,0.0
2022-10-08,S1110,PP07,8.0,8.0,0.0
2022-10-15,S1110,PP07,8.0,8.0,0.0
2022-10-22,S1110,PP07,8.0,8.0,0.0
2022-10-29,S1110,PP07,9.0,9.0,0.0
2022-11-05,S1110,PP07,10.0,10.0,0.0
2022-11-12,S1110,PP07,10.0,10.0,0.0
2022-11-19,S1110,PP07,11.0,11.0,0.0
2022-11-26,S1110,PP07,12.0,12.0,0.0
2022-12-03,S1110,PP07,13.0,12.0,1.0
2022-12-10,S1110,PP07,12.0,12.0,1.0
2022-12-17,S1110,PP07,11.0,12.0,0.0
2022-12-24,S1110,PP07,12.0,12.0,0.0
2022-12-31,S1110,PP07,9.0,9.0,0.0
2023-01-07,S1110,PP07,7.0,7.0,0.0
2023-01-14,S1110,PP07,6.0,6.0,0.0
2023-01-21,S1110,PP07,7.0,7.0,0.0
2023-01-28,S1110,PP07,7.0,7.0,0.0
2023-02-04,S1110,PP07,7.0,7.0,0.0
2023-02-11,S1110,PP07,7.0,7.0,0.0
2023-02-18,S1110,PP07,7.0,7.0,0.0
2023-02-25,S1110,PP07,9.0,9.0,0.0
2023-03-04,S1110,PP07,8.0,8.0,0.0
2023-03-11,S1110,PP07,8.0,8.0,0.0
2023-03-18,S1110,PP07,8.0,8.0,0.0
2023-03-25,S1110,PP07,7.0,7.0,0.0
2023-04-01,S1110,PP07,8.0,8.0,0.0
2023-04-08,S1110,PP07,9.0,9.0,0.0
2023-04-15,S1110,PP07,8.0,8.0,0.0
2023-04-22,S1110,PP07,9.0,9.0,0.0
2023-04-29,S1110,PP07,9.0,9.0,0.0
2023-05-06,S1110,PP07,9.0,9.0,0.0
2023-05-13,S1110,PP07,9.0,9.0,0.0
2023-05-20,S1110,PP07,9.0,9.0,0.0
2023-05-27,S1110,PP07,7.0,7.0,0.0
2023-06-03,S1110,PP07,8.0,8.0,0.0
2023-06-10,S1110,PP07,9.0,9.0,0.0
2023-06-17,S1110,PP07,8.0,8.0,0.0
2023-06-24,S1110,PP07,9.0,9.0,0.0
2023-07-01,S1110,PP07,8.0,8.0,0.0
2023-07-08,S1110,PP07,8.0,8.0,0.0
2023-07-15,S1110,PP07,7.0,7.0,0.0
2023-07-22,S1110,PP07,8.0,8.0,0.0
2023-07-29,S1110,PP07,9.0,9.0,0.0
2023-08-05,S1110,PP07,9.0,9.0,0.0
2023-08-12,S1110,PP07,8.0,8.0,0.0
2023-08-19,S1110,PP07,10.0,10.0,0.0
2023-08-26,S1110,PP07,8.0,8.0,0.0
2023-09-02,S1110,PP07,8.0,8.0,0.0
2023-09-09,S1110,PP07,7.0,7.0,0.0
2023-09-16,S1110,PP07,8.0,8.0,0.0
2023-09-23,S1110,PP07,8.0,8.0,0.0
2023-09-30,S1110,PP07,8.0,8.0,0.0
2023-10-07,S1110,PP07,9.0,9.0,0.0
2023-10-14,S1110,PP07,8.0,8.0,0.0
2023-10-21,S1110,PP07,8.0,8.0,0.0
2023-10-28,S1110,PP07,9.0,9.0,0.0
2023-11-04,S1110,PP07,11.0,11.0,0.0
2023-11-11,S1110,PP07,10.0,10.0,0.0
2023-11-18,S1110,PP07,11.0,11.0,0.0
2023-11-25,S1110,PP07,10.0,10.0,0.0
2023-12-02,S1110,PP07,12.0,12.0,0.0
2023-12-09,S1110,PP07,13.0,12.0,1.0
2023-12-16,S1110,PP07,12.0,12.0,1.0
2023-12-23,S1110,PP07,11.0,12.0,0.0
2023-12-30,S1110,PP07,9.0,9.0,0.0
2024-01-06,S1110,PP07,7.0,7.0,0.0
2024-01-13,S1110,PP07,6.0,6.0,0.0
2024-01-20,S1110,PP07,6.0,6.0,0.0
2024-01-27,S1110,PP07,7.0,7.0,0.0
2024-02-03,S1110,PP07,7.0,7.0,0.0
2024-02-10,S1110,PP07,8.0,8.0,0.0
2024-02-17,S1110,PP07,9.0,9.0,0.0
2024-02-24,S1110,PP07,8.0,8.0,0.0
2024-03-02,S1110,PP07,8.0,8.0,0.0
2024-03-09,S1110,PP07,7.0,7.0,0.0
2024-03-16,S1110,PP07,9.0,9.0,0.0
2024-03-23,S1110,PP07,7.0,7.0,0.0
2024-03-30,S1110,PP07,8.0,8.0,0.0
2024-04-06,S1110,PP07,8.0,8.0,0.0
2024-04-13,S1110,PP07,9.0,9.0,0.0
2024-04-20,S1110,PP07,10.0,10.0,0.0
2024-04-27,S1110,PP07,8.0,8.0,0.0
2024-05-04,S1110,PP07,8.0,8.0,0.0
2024-05-11,S1110,PP07,9.0,9.0,0.0
2024-05-18,S1110,PP07,9.0,9.0,0.0
2024-05-25,S1110,PP07,8.0,8.0,0.0
2024-06-01,S1110,PP07,9.0,9.0,0.0
2024-06-08,S1110,PP07,9.0,9.0,0.0
2024-06-15,S1110,PP07,7.0,7.0,0.0
2024-06-22,S1110,PP07,8.0,8.0,0.0
2024-06-29,S1110,PP07,8.0,8.0,0.0
2024-07-06,S1110,PP07,8.0,8.0,0.0
2024-07-13,S1110,PP07,9.0,9.0,0.0
2024-07-20,S1110,PP07,8.0,8.0,0.0
2024-07-27,S1110,PP07,9.0,9.0,0.0
2024-08-03,S1110,PP07,11.0,11.0,0.0
2024-08-10,S1110,PP07,8.0,8.0,0.0
2024-08-17,S1110,PP07,8.0,8.0,0.0
2024-08-24,S1110,PP07,9.0,9.0,0.0
2024-08-31,S1110,PP07,9.0,9.0,0.0
2024-09-07,S1110,PP07,8.0,8.0,0.0
2024-09-14,S1110,PP07,9.0,9.0,0.0
2024-09-21,S1110,PP07,8.0,8.0,0.0
2024-09-28,S1110,PP07,7.0,7.0,0.0
2024-10-05,S1110,PP07,8.0,8.0,0.0
2024-10-12,S1110,PP07,8.0,8.0,0.0
2024-10-19,S1110,PP07,10.0,10.0,0.0
2024-10-26,S1110,PP07,10.0,10.0,0.0
2024-11-02,S1110,PP07,8.0,8.0,0.0
2024-11-09,S1110,PP07,11.0,11.0,0.0
2024-11-16,S1110,PP07,11.0,11.0,0.0
2024-11-23,S1110,PP07,11.0,11.0,0.0
2024-11-30,S1110,PP07,12.0,12.0,0.0
2024-12-07,S1110,PP07,15.0,12.0,3.0
2024-12-14,S1110,PP07,11.0,12.0,2.0
2024-12-21,S1110,PP07,12.0,12.0,2.0
2024-12-28,S1110,PP07,11.0,12.0,1.0
2025-01-04,S1110,PP07,8.0,9.0,0.0
2025-01-11,S1110,PP07,7.0,7.0,0.0
2025-01-18,S1110,PP07,7.0,7.0,0.0
2025-01-25,S1110,PP07,7.0,7.0,0.0
2025-02-01,S1110,PP07,7.0,7.0,0.0
2025-02-08,S1110,PP07,8.0,8.0,0.0
2025-02-15,S1110,PP07,7.0,7.0,0.0
2025-02-22,S1110,PP07,7.0,7.0,0.0
2025-03-01,S1110,PP07,8.0,8.0,0.0
2025-03-08,S1110,PP07,8.0,8.0,0.0
2025-03-15,S1110,PP07,7.0,7.0,0.0
2025-03-22,S1110,PP07,9.0,9.0,0.0
2025-03-29,S1110,PP07,9.0,9.0,0.0
2025-04-05,S1110,PP07,9.0,9.0,0.0
2025-04-12,S1110,PP07,8.0,8.0,0.0
2025-04-19,S1110,PP07,9.0,9.0,0.0
2025-04-26,S1110,PP07,10.0,10.0,0.0
2025-05-03,S1110,PP07,11.0,11.0,0.0
2025-05-10,S1110,PP07,11.0,11.0,0.0
2025-05-17,S1110,PP07,8.0,8.0,0.0
2025-05-24,S1110,PP07,10.0,10.0,0.0
2025-05-31,S1110,PP07,9.0,9.0,0.0
2025-06-07,S1110,PP07,8.0,8.0,0.0
2025-06-14,S1110,PP07,9.0,9.0,0.0
2025-06-21,S1110,PP07,11.0,11.0,0.0
2025-06-28,S1110,PP07,10.0,10.0,0.0
2025-07-05,S1110,PP07,8.0,8.0,0.0
2025-07-12,S1110,PP07,9.0,9.0,0.0
2025-07-19,S1110,PP07,10.0,10.0,0.0
2025-07-26,S1110,PP07,8.0,8.0,0.0
2025-08-02,S1110,PP07,8.0,8.0,0.0
2025-08-09,S1110,PP07,10.0,10.0,0.0
2025-08-16,S1110,PP07,10.0,10.0,0.0
2025-08-23,S1110,PP07,8.0,8.0,0.0
2025-08-30,S1110,PP07,9.0,9.0,0.0
2025-09-06,S1110,PP07,10.0,10.0,0.0
2025-09-13,S1110,PP07,8.0,8.0,0.0
2025-09-20,S1110,PP07,8.0,8.0,0.0
2025-09-27,S1110,PP07,9.0,9.0,0.0
2025-10-04,S1110,PP07,9.0,9.0,0.0
2025-10-11,S1110,PP07,7.0,7.0,0.0
2025-10-18,S1110,PP07,8.0,8.0,0.0
2025-10-25,S1110,PP07,9.0,9.0,0.0
2025-11-01,S1110,PP07,9.0,9.0,0.0
2025-11-08,S1110,PP07,12.0,12.0,0.0
2025-11-15,S1110,PP07,12.0,12.0,0.0
2025-11-22,S1110,PP07,11.0,11.0,0.0
2025-11-29,S1110,PP07,12.0,12.0,0.0
2025-12-06,S1110,PP07,15.0,12.0,3.0
2025-12-13,S1110,PP07,13.0,12.0,4.0
2025-12-20,S1110,PP07,13.0,12.0,5.0
2025-12-27,S1110,PP07,12.0,12.0,5.0
2026-01-03,S1110,PP07,10.0,12.0,3.0
2026-01-10,S1110,PP07,8.0,11.0,0.0
2026-01-17,S1110,PP07,8.0,8.0,0.0
2026-01-24,S1110,PP07,7.0,7.0,0.0
2026-01-31,S1110,PP07,10.0,10.0,0.0
2026-02-07,S1110,PP07,8.0,8.0,0.0
2026-02-14,S1110,PP07,9.0,9.0,0.0
2026-02-21,S1110,PP07,8.0,8.0,0.0
2026-02-28,S1110,PP07,9.0,9.0,0.0
2026-03-07,S1110,PP07,9.0,9.0,0.0
2026-03-14,S1110,PP07,8.0,8.0,0.0
2026-03-21,S1110,PP07,8.0,8.0,0.0
2026-03-28,S1110,PP07,9.0,9.0,0.0
2026-04-04,S1110,PP07,10.0,10.0,0.0
2026-04-11,S1110,PP07,7.0,7.0,0.0
2026-04-18,S1110,PP07,9.0,9.0,0.0
2026-04-25,S1110,PP07,11.0,11.0,0.0
2026-05-02,S1110,PP07,8.0,8.0,0.0
2026-05-09,S1110,PP07,11.0,11.0,0.0
2026-05-16,S1110,PP07,9.0,9.0,0.0
2026-05-23,S1110,PP07,9.0,9.0,0.0
2026-05-30,S1110,PP07,9.0,9.0,0.0
2026-06-06,S1110,PP07,11.0,11.0,0.0
2026-06-13,S1110,PP07,9.0,9.0,0.0
2026-06-20,S1110,PP07,8.0,8.0,0.0
2026-06-27,S1110,PP07,8.0,8.0,0.0
2026-07-04,S1110,PP07,10.0,10.0,0.0
2026-07-11,S1110,PP07,8.0,8.0,0.0
2026-07-18,S1110,PP07,11.0,11.0,0.0
2026-07-25,S1110,PP07,9.0,9.0,0.0
2022-08-06,S1111,PP07,8.0,8.0,0.0
2022-08-13,S1111,PP07,8.0,8.0,0.0
2022-08-20,S1111,PP07,7.0,7.0,0.0
2022-08-27,S1111,PP07,8.0,8.0,0.0
2022-09-03,S1111,PP07,7.0,7.0,0.0
2022-09-10,S1111,PP07,8.0,8.0,0.0
2022-09-17,S1111,PP07,7.0,7.0,0.0
2022-09-24,S1111,PP07,8.0,8.0,0.0
2022-10-01,S1111,PP07,7.0,7.0,0.0
2022-10-08,S1111,PP07,7.0,7.0,0.0
2022-10-15,S1111,PP07,7.0,7.0,0.0
2022-10-22,S1111,PP07,11.0,11.0,0.0
2022-10-29,S1111,PP07,8.0,8.0,0.0
2022-11-05,S1111,PP07,8.0,8.0,0.0
2022-11-12,S1111,PP07,8.0,8.0,0.0
2022-11-19,S1111,PP07,8.0,8.0,0.0
2022-11-26,S1111,PP07,10.0,10.0,0.0
2022-12-03,S1111,PP07,13.0,12.0,1.0
2022-12-10,S1111,PP07,12.0,12.0,1.0
2022-12-17,S1111,PP07,12.0,12.0,1.0
2022-12-24,S1111,PP07,9.0,10.0,0.0
2022-12-31,S1111,PP07,8.0,8.0,0.0
2023-01-07,S1111,PP07,7.0,7.0,0.0
2023-01-14,S1111,PP07,5.0,5.0,0.0
2023-01-21,S1111,PP07,6.0,6.0,0.0
2023-01-28,S1111,PP07,7.0,7.0,0.0
2023-02-04,S1111,PP07,7.0,7.0,0.0
2023-02-11,S1111,PP07,7.0,7.0,0.0
2023-02-18,S1111,PP07,8.0,8.0,0.0
2023-02-25,S1111,PP07,7.0,7.0,0.0
2023-03-04,S1111,PP07,7.0,7.0,0.0
2023-03-11,S1111,PP07,9.0,9.0,0.0
2023-03-18,S1111,PP07,7.0,7.0,0.0
2023-03-25,S1111,PP07,6.0,6.0,0.0
2023-04-01,S1111,PP07,7.0,7.0,0.0
2023-04-08,S1111,PP07,8.0,8.0,0.0
2023-04-15,S1111,PP07,9.0,9.0,0.0
2023-04-22,S1111,PP07,7.0,7.0,0.0
2023-04-29,S1111,PP07,9.0,9.0,0.0
2023-05-06,S1111,PP07,8.0,8.0,0.0
2023-05-13,S1111,PP07,8.0,8.0,0.0
2023-05-20,S1111,PP07,7.0,7.0,0.0
2023-05-27,S1111,PP07,9.0,9.0,0.0
2023-06-03,S1111,PP07,8.0,8.0,0.0
2023-06-10,S1111,PP07,7.0,7.0,0.0
2023-06-17,S1111,PP07,10.0,10.0,0.0
2023-06-24,S1111,PP07,8.0,8.0,0.0
2023-07-01,S1111,PP07,8.0,8.0,0.0
2023-07-08,S1111,PP07,9.0,9.0,0.0
2023-07-15,S1111,PP07,8.0,8.0,0.0
2023-07-22,S1111,PP07,9.0,9.0,0.0
2023-07-29,S1111,PP07,8.0,8.0,0.0
2023-08-05,S1111,PP07,9.0,9.0,0.0
2023-08-12,S1111,PP07,8.0,8.0,0.0
2023-08-19,S1111,PP07,8.0,8.0,0.0
2023-08-26,S1111,PP07,8.0,8.0,0.0
2023-09-02,S1111,PP07,7.0,7.0,0.0
2023-09-09,S1111,PP07,8.0,8.0,0.0
2023-09-16,S1111,PP07,8.0,8.0,0.0
2023-09-23,S1111,PP07,8.0,8.0,0.0
2023-09-30,S1111,PP07,8.0,8.0,0.0
2023-10-07,S1111,PP07,9.0,9.0,0.0
2023-10-14,S1111,PP07,8.0,8.0,0.0
2023-10-21,S1111,PP07,8.0,8.0,0.0
2023-10-28,S1111,PP07,8.0,8.0,0.0
2023-11-04,S1111,PP07,10.0,10.0,0.0
2023-11-11,S1111,PP07,8.0,8.0,0.0
2023-11-18,S1111,PP07,12.0,12.0,0.0
2023-11-25,S1111,PP07,10.0,10.0,0.0
2023-12-02,S1111,PP07,12.0,12.0,0.0
2023-12-09,S1111,PP07,12.0,12.0,0.0
2023-12-16,S1111,PP07,11.0,11.0,0.0
2023-12-23,S1111,PP07,9.0,9.0,0.0
2023-12-30,S1111,PP07,9.0,9.0,0.0
2024-01-06,S1111,PP07,6.0,6.0,0.0
2024-01-13,S1111,PP07,5.0,5.0,0.0
2024-01-20,S1111,PP07,7.0,7.0,0.0
2024-01-27,S1111,PP07,8.0,8.0,0.0
2024-02-03,S1111,PP07,6.0,6.0,0.0
2024-02-10,S1111,PP07,8.0,8.0,0.0
2024-02-17,S1111,PP07,8.0,8.0,0.0
2024-02-24,S1111,PP07,7.0,7.0,0.0
2024-03-02,S1111,PP07,8.0,8.0,0.0
2024-03-09,S1111,PP07,7.0,7.0,0.0
2024-03-16,S1111,PP07,8.0,8.0,0.0
2024-03-23,S1111,PP07,7.0,7.0,0.0
2024-03-30,S1111,PP07,7.0,7.0,0.0
2024-04-06,S1111,PP07,8.0,8.0,0.0
2024-04-13,S1111,PP07,8.0,8.0,0.0
2024-04-20,S1111,PP07,8.0,8.0,0.0
2024-04-27,S1111,PP07,10.0,10.0,0.0
2024-05-04,S1111,PP07,10.0,10.0,0.0
2024-05-11,S1111,PP07,9.0,9.0,0.0
2024-05-18,S1111,PP07,7.0,7.0,0.0
2024-05-25,S1111,PP07,8.0,8.0,0.0
2024-06-01,S1111,PP07,7.0,7.0,0.0
2024-06-08,S1111,PP07,8.0,8.0,0.0
2024-06-15,S1111,PP07,7.0,7.0,0.0
2024-06-22,S1111,PP07,7.0,7.0,0.0
2024-06-29,S1111,PP07,6.0,6.0,0.0
2024-07-06,S1111,PP07,8.0,8.0,0.0
2024-07-13,S1111,PP07,6.0,6.0,0.0
2024-07-20,S1111,PP07,8.0,8.0,0.0
2024-07-27,S1111,PP07,9.0,9.0,0.0
2024-08-03,S1111,PP07,8.0,8.0,0.0
2024-08-10,S1111,PP07,7.0,7.0,0.0
2024-08-17,S1111,PP07,8.0,8.0,0.0
2024-08-24,S1111,PP07,7.0,7.0,0.0
2024-08-31,S1111,PP07,8.0,8.0,0.0
2024-09-07,S1111,PP07,7.0,7.0,0.0
2024-09-14,S1111,PP07,7.0,7.0,0.0
2024-09-21,S1111,PP07,7.0,7.0,0.0
2024-09-28,S1111,PP07,7.0,7.0,0.0
2024-10-05,S1111,PP07,9.0,9.0,0.0
2024-10-12,S1111,PP07,8.0,8.0,0.0
2024-10-19,S1111,PP07,8.0,8.0,0.0
2024-10-26,S1111,PP07,8.0,8.0,0.0
2024-11-02,S1111,PP07,9.0,9.0,0.0
2024-11-09,S1111,PP07,9.0,9.0,0.0
2024-11-16,S1111,PP07,10.0,10.0,0.0
2024-11-23,S1111,PP07,11.0,11.0,0.0
2024-11-30,S1111,PP07,11.0,11.0,0.0
2024-12-07,S1111,PP07,12.0,12.0,0.0
2024-12-14,S1111,PP07,12.0,12.0,0.0
2024-12-21,S1111,PP07,10.0,10.0,0.0
2024-12-28,S1111,PP07,9.0,9.0,0.0
2025-01-04,S1111,PP07,7.0,7.0,0.0
2025-01-11,S1111,PP07,7.0,7.0,0.0
2025-01-18,S1111,PP07,8.0,8.0,0.0
2025-01-25,S1111,PP07,6.0,6.0,0.0
2025-02-01,S1111,PP07,7.0,7.0,0.0
2025-02-08,S1111,PP07,8.0,8.0,0.0
2025-02-15,S1111,PP07,7.0,7.0,0.0
2025-02-22,S1111,PP07,7.0,7.0,0.0
2025-03-01,S1111,PP07,9.0,9.0,0.0
2025-03-08,S1111,PP07,8.0,8.0,0.0
2025-03-15,S1111,PP07,8.0,8.0,0.0
2025-03-22,S1111,PP07,9.0,9.0,0.0
2025-03-29,S1111,PP07,9.0,9.0,0.0
2025-04-05,S1111,PP07,8.0,8.0,0.0
2025-04-12,S1111,PP07,7.0,7.0,0.0
2025-04-19,S1111,PP07,8.0,8.0,0.0
2025-04-26,S1111,PP07,9.0,9.0,0.0
2025-05-03,S1111,PP07,9.0,9.0,0.0
2025-05-10,S1111,PP07,9.0,9.0,0.0
2025-05-17,S1111,PP07,10.0,10.0,0.0
2025-05-24,S1111,PP07,8.0,8.0,0.0
2025-05-31,S1111,PP07,9.0,9.0,0.0
2025-06-07,S1111,PP07,8.0,8.0,0.0
2025-06-14,S1111,PP07,10.0,10.0,0.0
2025-06-21,S1111,PP07,9.0,9.0,0.0
2025-06-28,S1111,PP07,8.0,8.0,0.0
2025-07-05,S1111,PP07,8.0,8.0,0.0
2025-07-12,S1111,PP07,8.0,8.0,0.0
2025-07-19,S1111,PP07,8.0,8.0,0.0
2025-07-26,S1111,PP07,7.0,7.0,0.0
2025-08-02,S1111,PP07,9.0,9.0,0.0
2025-08-09,S1111,PP07,8.0,8.0,0.0
2025-08-16,S1111,PP07,8.0,8.0,0.0
2025-08-23,S1111,PP07,8.0,8.0,0.0
2025-08-30,S1111,PP07,8.0,8.0,0.0
2025-09-06,S1111,PP07,8.0,8.0,0.0
2025-09-13,S1111,PP07,9.0,9.0,0.0
2025-09-20,S1111,PP07,8.0,8.0,0.0
2025-09-27,S1111,PP07,10.0,10.0,0.0
2025-10-04,S1111,PP07,8.0,8.0,0.0
2025-10-11,S1111,PP07,9.0,9.0,0.0
2025-10-18,S1111,PP07,8.0,8.0,0.0
2025-10-25,S1111,PP07,8.0,8.0,0.0
2025-11-01,S1111,PP07,12.0,12.0,0.0
2025-11-08,S1111,PP07,9.0,9.0,0.0
2025-11-15,S1111,PP07,8.0,8.0,0.0
2025-11-22,S1111,PP07,10.0,10.0,0.0
2025-11-29,S1111,PP07,10.0,10.0,0.0
2025-12-06,S1111,PP07,11.0,11.0,0.0
2025-12-13,S1111,PP07,12.0,12.0,0.0
2025-12-20,S1111,PP07,11.0,11.0,0.0
2025-12-27,S1111,PP07,8.0,8.0,0.0
2026-01-03,S1111,PP07,9.0,9.0,0.0
2026-01-10,S1111,PP07,6.0,6.0,0.0
2026-01-17,S1111,PP07,7.0,7.0,0.0
2026-01-24,S1111,PP07,7.0,7.0,0.0
2026-01-31,S1111,PP07,8.0,8.0,0.0
2026-02-07,S1111,PP07,8.0,8.0,0.0
2026-02-14,S1111,PP07,9.0,9.0,0.0
2026-02-21,S1111,PP07,8.0,8.0,0.0
2026-02-28,S1111,PP07,8.0,8.0,0.0
2026-03-07,S1111,PP07,9.0,9.0,0.0
2026-03-14,S1111,PP07,9.0,9.0,0.0
2026-03-21,S1111,PP07,9.0,9.0,0.0
2026-03-28,S1111,PP07,9.0,9.0,0.0
2026-04-04,S1111,PP07,9.0,9.0,0.0
2026-04-11,S1111,PP07,8.0,8.0,0.0
2026-04-18,S1111,PP07,9.0,9.0,0.0
2026-04-25,S1111,PP07,11.0,11.0,0.0
2026-05-02,S1111,PP07,9.0,9.0,0.0
2026-05-09,S1111,PP07,9.0,9.0,0.0
2026-05-16,S1111,PP07,9.0,9.0,0.0
2026-05-23,S1111,PP07,9.0,9.0,0.0
2026-05-30,S1111,PP07,7.0,7.0,0.0
2026-06-06,S1111,PP07,9.0,9.0,0.0
2026-06-13,S1111,PP07,9.0,9.0,0.0
2026-06-20,S1111,PP07,8.0,8.0,0.0
2026-06-27,S1111,PP07,9.0,9.0,0.0
2026-07-04,S1111,PP07,11.0,11.0,0.0
2026-07-11,S1111,PP07,9.0,9.0,0.0
2026-07-18,S1111,PP07,7.0,7.0,0.0
2026-07-25,S1111,PP07,8.0,8.0,0.0
2022-08-06,S1112,PP07,14.0,14.0,0.0
2022-08-13,S1112,PP07,13.0,13.0,0.0
2022-08-20,S1112,PP07,14.0,14.0,0.0
2022-08-27,S1112,PP07,13.0,13.0,0.0
2022-09-03,S1112,PP07,15.0,15.0,0.0
2022-09-10,S1112,PP07,12.0,12.0,0.0
2022-09-17,S1112,PP07,13.0,13.0,0.0
2022-09-24,S1112,PP07,14.0,14.0,0.0
2022-10-01,S1112,PP07,14.0,14.0,0.0
2022-10-08,S1112,PP07,14.0,14.0,0.0
2022-10-15,S1112,PP07,11.0,11.0,0.0
2022-10-22,S1112,PP07,14.0,14.0,0.0
2022-10-29,S1112,PP07,15.0,15.0,0.0
2022-11-05,S1112,PP07,17.0,17.0,0.0
2022-11-12,S1112,PP07,17.0,17.0,0.0
2022-11-19,S1112,PP07,18.0,18.0,0.0
2022-11-26,S1112,PP07,19.0,19.0,0.0
2022-12-03,S1112,PP07,23.0,20.0,3.0
2022-12-10,S1112,PP07,24.0,20.0,7.0
2022-12-17,S1112,PP07,20.0,20.0,7.0
2022-12-24,S1112,PP07,21.0,20.0,8.0
2022-12-31,S1112,PP07,14.0,20.0,2.0
2023-01-07,S1112,PP07,11.0,13.0,0.0
2023-01-14,S1112,PP07,11.0,11.0,0.0
2023-01-21,S1112,PP07,11.0,11.0,0.0
2023-01-28,S1112,PP07,9.0,9.0,0.0
2023-02-04,S1112,PP07,11.0,11.0,0.0
2023-02-11,S1112,PP07,13.0,13.0,0.0
2023-02-18,S1112,PP07,13.0,13.0,0.0
2023-02-25,S1112,PP07,12.0,12.0,0.0
2023-03-04,S1112,PP07,13.0,13.0,0.0
2023-03-11,S1112,PP07,14.0,14.0,0.0
2023-03-18,S1112,PP07,15.0,15.0,0.0
2023-03-25,S1112,PP07,13.0,13.0,0.0
2023-04-01,S1112,PP07,15.0,15.0,0.0
2023-04-08,S1112,PP07,12.0,12.0,0.0
2023-04-15,S1112,PP07,13.0,13.0,0.0
2023-04-22,S1112,PP07,17.0,17.0,0.0
2023-04-29,S1112,PP07,13.0,13.0,0.0
2023-05-06,S1112,PP07,13.0,13.0,0.0
2023-05-13,S1112,PP07,13.0,13.0,0.0
2023-05-20,S1112,PP07,13.0,13.0,0.0
2023-05-27,S1112,PP07,14.0,14.0,0.0
2023-06-03,S1112,PP07,15.0,15.0,0.0
2023-06-10,S1112,PP07,14.0,14.0,0.0
2023-06-17,S1112,PP07,13.0,13.0,0.0
2023-06-24,S1112,PP07,12.0,12.0,0.0
2023-07-01,S1112,PP07,13.0,13.0,0.0
2023-07-08,S1112,PP07,12.0,12.0,0.0
2023-07-15,S1112,PP07,15.0,15.0,0.0
2023-07-22,S1112,PP07,15.0,15.0,0.0
2023-07-29,S1112,PP07,14.0,14.0,0.0
2023-08-05,S1112,PP07,15.0,15.0,0.0
2023-08-12,S1112,PP07,16.0,16.0,0.0
2023-08-19,S1112,PP07,15.0,15.0,0.0
2023-08-26,S1112,PP07,16.0,16.0,0.0
2023-09-02,S1112,PP07,12.0,12.0,0.0
2023-09-09,S1112,PP07,13.0,13.0,0.0
2023-09-16,S1112,PP07,13.0,13.0,0.0
2023-09-23,S1112,PP07,14.0,14.0,0.0
2023-09-30,S1112,PP07,11.0,11.0,0.0
2023-10-07,S1112,PP07,15.0,15.0,0.0
2023-10-14,S1112,PP07,14.0,14.0,0.0
2023-10-21,S1112,PP07,17.0,17.0,0.0
2023-10-28,S1112,PP07,15.0,15.0,0.0
2023-11-04,S1112,PP07,15.0,15.0,0.0
2023-11-11,S1112,PP07,17.0,17.0,0.0
2023-11-18,S1112,PP07,19.0,19.0,0.0
2023-11-25,S1112,PP07,18.0,18.0,0.0
2023-12-02,S1112,PP07,17.0,17.0,0.0
2023-12-09,S1112,PP07,18.0,18.0,0.0
2023-12-16,S1112,PP07,21.0,20.0,1.0
2023-12-23,S1112,PP07,21.0,20.0,2.0
2023-12-30,S1112,PP07,14.0,16.0,0.0
2024-01-06,S1112,PP07,12.0,12.0,0.0
2024-01-13,S1112,PP07,10.0,10.0,0.0
2024-01-20,S1112,PP07,14.0,14.0,0.0
2024-01-27,S1112,PP07,15.0,15.0,0.0
2024-02-03,S1112,PP07,13.0,13.0,0.0
2024-02-10,S1112,PP07,14.0,14.0,0.0
2024-02-17,S1112,PP07,14.0,14.0,0.0
2024-02-24,S1112,PP07,12.0,12.0,0.0
2024-03-02,S1112,PP07,14.0,14.0,0.0
2024-03-09,S1112,PP07,12.0,12.0,0.0
2024-03-16,S1112,PP07,13.0,13.0,0.0
2024-03-23,S1112,PP07,15.0,15.0,0.0
2024-03-30,S1112,PP07,14.0,14.0,0.0
2024-04-06,S1112,PP07,15.0,15.0,0.0
2024-04-13,S1112,PP07,16.0,16.0,0.0
2024-04-20,S1112,PP07,12.0,12.0,0.0
2024-04-27,S1112,PP07,12.0,12.0,0.0
2024-05-04,S1112,PP07,17.0,17.0,0.0
2024-05-11,S1112,PP07,17.0,17.0,0.0
2024-05-18,S1112,PP07,15.0,15.0,0.0
2024-05-25,S1112,PP07,15.0,15.0,0.0
2024-06-01,S1112,PP07,16.0,16.0,0.0
2024-06-08,S1112,PP07,16.0,16.0,0.0
2024-06-15,S1112,PP07,14.0,14.0,0.0
2024-06-22,S1112,PP07,16.0,16.0,0.0
2024-06-29,S1112,PP07,14.0,14.0,0.0
2024-07-06,S1112,PP07,14.0,14.0,0.0
2024-07-13,S1112,PP07,14.0,14.0,0.0
2024-07-20,S1112,PP07,13.0,13.0,0.0
2024-07-27,S1112,PP07,13.0,13.0,0.0
2024-08-03,S1112,PP07,18.0,18.0,0.0
2024-08-10,S1112,PP07,14.0,14.0,0.0
2024-08-17,S1112,PP07,15.0,15.0,0.0
2024-08-24,S1112,PP07,15.0,15.0,0.0
2024-08-31,S1112,PP07,14.0,14.0,0.0
2024-09-07,S1112,PP07,14.0,14.0,0.0
2024-09-14,S1112,PP07,14.0,14.0,0.0
2024-09-21,S1112,PP07,12.0,12.0,0.0
2024-09-28,S1112,PP07,14.0,14.0,0.0
2024-10-05,S1112,PP07,13.0,13.0,0.0
2024-10-12,S1112,PP07,17.0,17.0,0.0
2024-10-19,S1112,PP07,15.0,15.0,0.0
2024-10-26,S1112,PP07,14.0,14.0,0.0
2024-11-02,S1112,PP07,16.0,16.0,0.0
2024-11-09,S1112,PP07,15.0,15.0,0.0
2024-11-16,S1112,PP07,18.0,18.0,0.0
2024-11-23,S1112,PP07,19.0,19.0,0.0
2024-11-30,S1112,PP07,19.0,19.0,0.0
2024-12-07,S1112,PP07,20.0,20.0,0.0
2024-12-14,S1112,PP07,28.0,20.0,8.0
2024-12-21,S1112,PP07,20.0,20.0,8.0
2024-12-28,S1112,PP07,16.0,20.0,4.0
2025-01-04,S1112,PP07,13.0,17.0,0.0
2025-01-11,S1112,PP07,12.0,12.0,0.0
2025-01-18,S1112,PP07,11.0,11.0,0.0
2025-01-25,S1112,PP07,11.0,11.0,0.0
2025-02-01,S1112,PP07,12.0,12.0,0.0
2025-02-08,S1112,PP07,13.0,13.0,0.0
2025-02-15,S1112,PP07,13.0,13.0,0.0
2025-02-22,S1112,PP07,12.0,12.0,0.0
2025-03-01,S1112,PP07,13.0,13.0,0.0
2025-03-08,S1112,PP07,13.0,13.0,0.0
2025-03-15,S1112,PP07,13.0,13.0,0.0
2025-03-22,S1112,PP07,15.0,15.0,0.0
2025-03-29,S1112,PP07,18.0,18.0,0.0
2025-04-05,S1112,PP07,17.0,17.0,0.0
2025-04-12,S1112,PP07,18.0,18.0,0.0
2025-04-19,S1112,PP07,14.0,14.0,0.0
2025-04-26,S1112,PP07,18.0,18.0,0.0
2025-05-03,S1112,PP07,16.0,16.0,0.0
2025-05-10,S1112,PP07,17.0,17.0,0.0
2025-05-17,S1112,PP07,16.0,16.0,0.0
2025-05-24,S1112,PP07,15.0,15.0,0.0
2025-05-31,S1112,PP07,16.0,16.0,0.0
2025-06-07,S1112,PP07,16.0,16.0,0.0
2025-06-14,S1112,PP07,12.0,12.0,0.0
2025-06-21,S1112,PP07,15.0,15.0,0.0
2025-06-28,S1112,PP07,16.0,16.0,0.0
2025-07-05,S1112,PP07,16.0,16.0,0.0
2025-07-12,S1112,PP07,16.0,16.0,0.0
2025-07-19,S1112,PP07,14.0,14.0,0.0
2025-07-26,S1112,PP07,16.0,16.0,0.0
2025-08-02,S1112,PP07,16.0,16.0,0.0
2025-08-09,S1112,PP07,16.0,16.0,0.0
2025-08-16,S1112,PP07,15.0,15.0,0.0
2025-08-23,S1112,PP07,17.0,17.0,0.0
2025-08-30,S1112,PP07,15.0,15.0,0.0
2025-09-06,S1112,PP07,15.0,15.0,0.0
2025-09-13,S1112,PP07,17.0,17.0,0.0
2025-09-20,S1112,PP07,15.0,15.0,0.0
2025-09-27,S1112,PP07,16.0,16.0,0.0
2025-10-04,S1112,PP07,15.0,15.0,0.0
2025-10-11,S1112,PP07,14.0,14.0,0.0
2025-10-18,S1112,PP07,14.0,14.0,0.0
2025-10-25,S1112,PP07,17.0,17.0,0.0
2025-11-01,S1112,PP07,13.0,13.0,0.0
2025-11-08,S1112,PP07,18.0,18.0,0.0
2025-11-15,S1112,PP07,19.0,19.0,0.0
2025-11-22,S1112,PP07,20.0,20.0,0.0
2025-11-29,S1112,PP07,21.0,20.0,1.0
2025-12-06,S1112,PP07,20.0,20.0,1.0
2025-12-13,S1112,PP07,27.0,20.0,8.0
2025-12-20,S1112,PP07,20.0,20.0,8.0
2025-12-27,S1112,PP07,16.0,20.0,4.0
2026-01-03,S1112,PP07,16.0,20.0,0.0
2026-01-10,S1112,PP07,13.0,13.0,0.0
2026-01-17,S1112,PP07,12.0,12.0,0.0
2026-01-24,S1112,PP07,12.0,12.0,0.0
2026-01-31,S1112,PP07,13.0,13.0,0.0
2026-02-07,S1112,PP07,16.0,16.0,0.0
2026-02-14,S1112,PP07,15.0,15.0,0.0
2026-02-21,S1112,PP07,14.0,14.0,0.0
2026-02-28,S1112,PP07,16.0,16.0,0.0
2026-03-07,S1112,PP07,15.0,15.0,0.0
2026-03-14,S1112,PP07,16.0,16.0,0.0
2026-03-21,S1112,PP07,15.0,15.0,0.0
2026-03-28,S1112,PP07,16.0,16.0,0.0
2026-04-04,S1112,PP07,15.0,15.0,0.0
2026-04-11,S1112,PP07,14.0,14.0,0.0
2026-04-18,S1112,PP07,17.0,17.0,0.0
2026-04-25,S1112,PP07,18.0,18.0,0.0
2026-05-02,S1112,PP07,15.0,15.0,0.0
2026-05-09,S1112,PP07,17.0,17.0,0.0
2026-05-16,S1112,PP07,16.0,16.0,0.0
2026-05-23,S1112,PP07,18.0,18.0,0.0
2026-05-30,S1112,PP07,16.0,16.0,0.0
2026-06-06,S1112,PP07,22.0,20.0,2.0
2026-06-13,S1112,PP07,15.0,17.0,0.0
2026-06-20,S1112,PP07,18.0,18.0,0.0
2026-06-27,S1112,PP07,19.0,19.0,0.0
2026-07-04,S1112,PP07,17.0,17.0,0.0
2026-07-11,S1112,PP07,16.0,16.0,0.0
2026-07-18,S1112,PP07,16.0,16.0,0.0
2026-07-25,S1112,PP07,16.0,16.0,0.0
2022-08-06,S1113,PP07,12.0,12.0,0.0
2022-08-13,S1113,PP07,9.0,9.0,0.0
2022-08-20,S1113,PP07,10.0,10.0,0.0
2022-08-27,S1113,PP07,10.0,10.0,0.0
2022-09-03,S1113,PP07,8.0,8.0,0.0
2022-09-10,S1113,PP07,11.0,11.0,0.0
2022-09-17,S1113,PP07,11.0,11.0,0.0
2022-09-24,S1113,PP07,9.0,9.0,0.0
2022-10-01,S1113,PP07,11.0,11.0,0.0
2022-10-08,S1113,PP07,8.0,8.0,0.0
2022-10-15,S1113,PP07,10.0,10.0,0.0
2022-10-22,S1113,PP07,10.0,10.0,0.0
2022-10-29,S1113,PP07,11.0,11.0,0.0
2022-11-05,S1113,PP07,11.0,11.0,0.0
2022-11-12,S1113,PP07,12.0,12.0,0.0
2022-11-19,S1113,PP07,12.0,12.0,0.0
2022-11-26,S1113,PP07,13.0,13.0,0.0
2022-12-03,S1113,PP07,17.0,16.0,1.0
2022-12-10,S1113,PP07,15.0,16.0,0.0
2022-12-17,S1113,PP07,18.0,16.0,2.0
2022-12-24,S1113,PP07,12.0,14.0,0.0
2022-12-31,S1113,PP07,11.0,11.0,0.0
2023-01-07,S1113,PP07,10.0,10.0,0.0
2023-01-14,S1113,PP07,8.0,8.0,0.0
2023-01-21,S1113,PP07,9.0,9.0,0.0
2023-01-28,S1113,PP07,9.0,9.0,0.0
2023-02-04,S1113,PP07,9.0,9.0,0.0
2023-02-11,S1113,PP07,11.0,11.0,0.0
2023-02-18,S1113,PP07,8.0,8.0,0.0
2023-02-25,S1113,PP07,9.0,9.0,0.0
2023-03-04,S1113,PP07,10.0,10.0,0.0
2023-03-11,S1113,PP07,11.0,11.0,0.0
2023-03-18,S1113,PP07,10.0,10.0,0.0
2023-03-25,S1113,PP07,10.0,10.0,0.0
2023-04-01,S1113,PP07,10.0,10.0,0.0
2023-04-08,S1113,PP07,11.0,11.0,0.0
2023-04-15,S1113,PP07,10.0,10.0,0.0
2023-04-22,S1113,PP07,9.0,9.0,0.0
2023-04-29,S1113,PP07,9.0,9.0,0.0
2023-05-06,S1113,PP07,12.0,12.0,0.0
2023-05-13,S1113,PP07,10.0,10.0,0.0
2023-05-20,S1113,PP07,11.0,11.0,0.0
2023-05-27,S1113,PP07,12.0,12.0,0.0
2023-06-03,S1113,PP07,11.0,11.0,0.0
2023-06-10,S1113,PP07,9.0,9.0,0.0
2023-06-17,S1113,PP07,9.0,9.0,0.0
2023-06-24,S1113,PP07,12.0,12.0,0.0
2023-07-01,S1113,PP07,9.0,9.0,0.0
2023-07-08,S1113,PP07,10.0,10.0,0.0
2023-07-15,S1113,PP07,11.0,11.0,0.0
2023-07-22,S1113,PP07,10.0,10.0,0.0
2023-07-29,S1113,PP07,11.0,11.0,0.0
2023-08-05,S1113,PP07,9.0,9.0,0.0
2023-08-12,S1113,PP07,11.0,11.0,0.0
2023-08-19,S1113,PP07,11.0,11.0,0.0
2023-08-26,S1113,PP07,11.0,11.0,0.0
2023-09-02,S1113,PP07,10.0,10.0,0.0
2023-09-09,S1113,PP07,9.0,9.0,0.0
2023-09-16,S1113,PP07,10.0,10.0,0.0
2023-09-23,S1113,PP07,9.0,9.0,0.0
2023-09-30,S1113,PP07,11.0,11.0,0.0
2023-10-07,S1113,PP07,10.0,10.0,0.0
2023-10-14,S1113,PP07,9.0,9.0,0.0
2023-10-21,S1113,PP07,9.0,9.0,0.0
2023-10-28,S1113,PP07,10.0,10.0,0.0
2023-11-04,S1113,PP07,10.0,10.0,0.0
2023-11-11,S1113,PP07,12.0,12.0,0.0
2023-11-18,S1113,PP07,12.0,12.0,0.0
2023-11-25,S1113,PP07,14.0,14.0,0.0
2023-12-02,S1113,PP07,16.0,16.0,0.0
2023-12-09,S1113,PP07,18.0,16.0,2.0
2023-12-16,S1113,PP07,16.0,16.0,2.0
2023-12-23,S1113,PP07,15.0,16.0,1.0
2023-12-30,S1113,PP07,13.0,14.0,0.0
2024-01-06,S1113,PP07,10.0,10.0,0.0
2024-01-13,S1113,PP07,8.0,8.0,0.0
2024-01-20,S1113,PP07,8.0,8.0,0.0
2024-01-27,S1113,PP07,8.0,8.0,0.0
2024-02-03,S1113,PP07,10.0,10.0,0.0
2024-02-10,S1113,PP07,10.0,10.0,0.0
2024-02-17,S1113,PP07,10.0,10.0,0.0
2024-02-24,S1113,PP07,9.0,9.0,0.0
2024-03-02,S1113,PP07,12.0,12.0,0.0
2024-03-09,S1113,PP07,10.0,10.0,0.0
2024-03-16,S1113,PP07,9.0,9.0,0.0
2024-03-23,S1113,PP07,10.0,10.0,0.0
2024-03-30,S1113,PP07,12.0,12.0,0.0
2024-04-06,S1113,PP07,9.0,9.0,0.0
2024-04-13,S1113,PP07,9.0,9.0,0.0
2024-04-20,S1113,PP07,14.0,14.0,0.0
2024-04-27,S1113,PP07,12.0,12.0,0.0
2024-05-04,S1113,PP07,10.0,10.0,0.0
2024-05-11,S1113,PP07,10.0,10.0,0.0
2024-05-18,S1113,PP07,9.0,9.0,0.0
2024-05-25,S1113,PP07,11.0,11.0,0.0
2024-06-01,S1113,PP07,12.0,12.0,0.0
2024-06-08,S1113,PP07,12.0,12.0,0.0
2024-06-15,S1113,PP07,9.0,9.0,0.0
2024-06-22,S1113,PP07,9.0,9.0,0.0
2024-06-29,S1113,PP07,10.0,10.0,0.0
2024-07-06,S1113,PP07,14.0,14.0,0.0
2024-07-13,S1113,PP07,11.0,11.0,0.0
2024-07-20,S1113,PP07,11.0,11.0,0.0
2024-07-27,S1113,PP07,9.0,9.0,0.0
2024-08-03,S1113,PP07,9.0,9.0,0.0
2024-08-10,S1113,PP07,11.0,11.0,0.0
2024-08-17,S1113,PP07,11.0,11.0,0.0
2024-08-24,S1113,PP07,10.0,10.0,0.0
2024-08-31,S1113,PP07,10.0,10.0,0.0
2024-09-07,S1113,PP07,9.0,9.0,0.0
2024-09-14,S1113,PP07,9.0,9.0,0.0
2024-09-21,S1113,PP07,11.0,11.0,0.0
2024-09-28,S1113,PP07,9.0,9.0,0.0
2024-10-05,S1113,PP07,10.0,10.0,0.0
2024-10-12,S1113,PP07,10.0,10.0,0.0
2024-10-19,S1113,PP07,11.0,11.0,0.0
2024-10-26,S1113,PP07,10.0,10.0,0.0
2024-11-02,S1113,PP07,13.0,13.0,0.0
2024-11-09,S1113,PP07,12.0,12.0,0.0
2024-11-16,S1113,PP07,13.0,13.0,0.0
2024-11-23,S1113,PP07,16.0,16.0,0.0
2024-11-30,S1113,PP07,14.0,14.0,0.0
2024-12-07,S1113,PP07,17.0,16.0,1.0
2024-12-14,S1113,PP07,18.0,16.0,3.0
2024-12-21,S1113,PP07,15.0,16.0,2.0
2024-12-28,S1113,PP07,12.0,14.0,0.0
2025-01-04,S1113,PP07,13.0,13.0,0.0
2025-01-11,S1113,PP07,8.0,8.0,0.0
2025-01-18,S1113,PP07,9.0,9.0,0.0
2025-01-25,S1113,PP07,8.0,8.0,0.0
2025-02-01,S1113,PP07,9.0,9.0,0.0
2025-02-08,S1113,PP07,10.0,10.0,0.0
2025-02-15,S1113,PP07,9.0,9.0,0.0
2025-02-22,S1113,PP07,8.0,8.0,0.0
2025-03-01,S1113,PP07,11.0,11.0,0.0
2025-03-08,S1113,PP07,9.0,9.0,0.0
2025-03-15,S1113,PP07,11.0,11.0,0.0
2025-03-22,S1113,PP07,11.0,11.0,0.0
2025-03-29,S1113,PP07,12.0,12.0,0.0
2025-04-05,S1113,PP07,10.0,10.0,0.0
2025-04-12,S1113,PP07,10.0,10.0,0.0
2025-04-19,S1113,PP07,11.0,11.0,0.0
2025-04-26,S1113,PP07,10.0,10.0,0.0
2025-05-03,S1113,PP07,13.0,13.0,0.0
2025-05-10,S1113,PP07,10.0,10.0,0.0
2025-05-17,S1113,PP07,13.0,13.0,0.0
2025-05-24,S1113,PP07,12.0,12.0,0.0
2025-05-31,S1113,PP07,11.0,11.0,0.0
2025-06-07,S1113,PP07,11.0,11.0,0.0
2025-06-14,S1113,PP07,11.0,11.0,0.0
2025-06-21,S1113,PP07,10.0,10.0,0.0
2025-06-28,S1113,PP07,11.0,11.0,0.0
2025-07-05,S1113,PP07,12.0,12.0,0.0
2025-07-12,S1113,PP07,10.0,10.0,0.0
2025-07-19,S1113,PP07,12.0,12.0,0.0
2025-07-26,S1113,PP07,9.0,9.0,0.0
2025-08-02,S1113,PP07,10.0,10.0,0.0
2025-08-09,S1113,PP07,12.0,12.0,0.0
2025-08-16,S1113,PP07,11.0,11.0,0.0
2025-08-23,S1113,PP07,10.0,10.0,0.0
2025-08-30,S1113,PP07,11.0,11.0,0.0
2025-09-06,S1113,PP07,10.0,10.0,0.0
2025-09-13,S1113,PP07,9.0,9.0,0.0
2025-09-20,S1113,PP07,9.0,9.0,0.0
2025-09-27,S1113,PP07,9.0,9.0,0.0
2025-10-04,S1113,PP07,12.0,12.0,0.0
2025-10-11,S1113,PP07,10.0,10.0,0.0
2025-10-18,S1113,PP07,13.0,13.0,0.0
2025-10-25,S1113,PP07,11.0,11.0,0.0
2025-11-01,S1113,PP07,13.0,13.0,0.0
2025-11-08,S1113,PP07,13.0,13.0,0.0
2025-11-15,S1113,PP07,14.0,14.0,0.0
2025-11-22,S1113,PP07,15.0,15.0,0.0
2025-11-29,S1113,PP07,15.0,15.0,0.0
2025-12-06,S1113,PP07,15.0,15.0,0.0
2025-12-13,S1113,PP07,19.0,16.0,3.0
2025-12-20,S1113,PP07,18.0,16.0,5.0
2025-12-27,S1113,PP07,16.0,16.0,5.0
2026-01-03,S1113,PP07,11.0,16.0,0.0
2026-01-10,S1113,PP07,9.0,9.0,0.0
2026-01-17,S1113,PP07,8.0,8.0,0.0
2026-01-24,S1113,PP07,9.0,9.0,0.0
2026-01-31,S1113,PP07,10.0,10.0,0.0
2026-02-07,S1113,PP07,9.0,9.0,0.0
2026-02-14,S1113,PP07,9.0,9.0,0.0
2026-02-21,S1113,PP07,11.0,11.0,0.0
2026-02-28,S1113,PP07,8.0,8.0,0.0
2026-03-07,S1113,PP07,11.0,11.0,0.0
2026-03-14,S1113,PP07,10.0,10.0,0.0
2026-03-21,S1113,PP07,12.0,12.0,0.0
2026-03-28,S1113,PP07,12.0,12.0,0.0
2026-04-04,S1113,PP07,12.0,12.0,0.0
2026-04-11,S1113,PP07,11.0,11.0,0.0
2026-04-18,S1113,PP07,10.0,10.0,0.0
2026-04-25,S1113,PP07,11.0,11.0,0.0
2026-05-02,S1113,PP07,12.0,12.0,0.0
2026-05-09,S1113,PP07,10.0,10.0,0.0
2026-05-16,S1113,PP07,14.0,14.0,0.0
2026-05-23,S1113,PP07,12.0,12.0,0.0
2026-05-30,S1113,PP07,12.0,12.0,0.0
2026-06-06,S1113,PP07,10.0,10.0,0.0
2026-06-13,S1113,PP07,10.0,10.0,0.0
2026-06-20,S1113,PP07,9.0,9.0,0.0
2026-06-27,S1113,PP07,13.0,13.0,0.0
2026-07-04,S1113,PP07,11.0,11.0,0.0
2026-07-11,S1113,PP07,12.0,12.0,0.0
2026-07-18,S1113,PP07,12.0,12.0,0.0
2026-07-25,S1113,PP07,12.0,12.0,0.0
2022-08-06,S1114,PP07,12.0,12.0,0.0
2022-08-13,S1114,PP07,12.0,12.0,0.0
2022-08-20,S1114,PP07,12.0,12.0,0.0
2022-08-27,S1114,PP07,13.0,13.0,0.0
2022-09-03,S1114,PP07,13.0,13.0,0.0
2022-09-10,S1114,PP07,16.0,16.0,0.0
2022-09-17,S1114,PP07,14.0,14.0,0.0
2022-09-24,S1114,PP07,10.0,10.0,0.0
2022-10-01,S1114,PP07,12.0,12.0,0.0
2022-10-08,S1114,PP07,11.0,11.0,0.0
2022-10-15,S1114,PP07,14.0,14.0,0.0
2022-10-22,S1114,PP07,12.0,12.0,0.0
2022-10-29,S1114,PP07,14.0,14.0,0.0
2022-11-05,S1114,PP07,11.0,11.0,0.0
2022-11-12,S1114,PP07,12.0,12.0,0.0
2022-11-19,S1114,PP07,19.0,18.0,1.0
2022-11-26,S1114,PP07,17.0,18.0,0.0
2022-12-03,S1114,PP07,16.0,16.0,0.0
2022-12-10,S1114,PP07,19.0,18.0,1.0
2022-12-17,S1114,PP07,16.0,17.0,0.0
2022-12-24,S1114,PP07,15.0,15.0,0.0
2022-12-31,S1114,PP07,11.0,11.0,0.0
2023-01-07,S1114,PP07,10.0,10.0,0.0
2023-01-14,S1114,PP07,9.0,9.0,0.0
2023-01-21,S1114,PP07,11.0,11.0,0.0
2023-01-28,S1114,PP07,11.0,11.0,0.0
2023-02-04,S1114,PP07,11.0,11.0,0.0
2023-02-11,S1114,PP07,11.0,11.0,0.0
2023-02-18,S1114,PP07,12.0,12.0,0.0
2023-02-25,S1114,PP07,11.0,11.0,0.0
2023-03-04,S1114,PP07,11.0,11.0,0.0
2023-03-11,S1114,PP07,12.0,12.0,0.0
2023-03-18,S1114,PP07,12.0,12.0,0.0
2023-03-25,S1114,PP07,12.0,12.0,0.0
2023-04-01,S1114,PP07,12.0,12.0,0.0
2023-04-08,S1114,PP07,14.0,14.0,0.0
2023-04-15,S1114,PP07,14.0,14.0,0.0
2023-04-22,S1114,PP07,12.0,12.0,0.0
2023-04-29,S1114,PP07,11.0,11.0,0.0
2023-05-06,S1114,PP07,12.0,12.0,0.0
2023-05-13,S1114,PP07,12.0,12.0,0.0
2023-05-20,S1114,PP07,14.0,14.0,0.0
2023-05-27,S1114,PP07,14.0,14.0,0.0
2023-06-03,S1114,PP07,11.0,11.0,0.0
2023-06-10,S1114,PP07,11.0,11.0,0.0
2023-06-17,S1114,PP07,11.0,11.0,0.0
2023-06-24,S1114,PP07,12.0,12.0,0.0
2023-07-01,S1114,PP07,12.0,12.0,0.0
2023-07-08,S1114,PP07,13.0,13.0,0.0
2023-07-15,S1114,PP07,13.0,13.0,0.0
2023-07-22,S1114,PP07,13.0,13.0,0.0
2023-07-29,S1114,PP07,11.0,11.0,0.0
2023-08-05,S1114,PP07,12.0,12.0,0.0
2023-08-12,S1114,PP07,14.0,14.0,0.0
2023-08-19,S1114,PP07,12.0,12.0,0.0
2023-08-26,S1114,PP07,11.0,11.0,0.0
2023-09-02,S1114,PP07,13.0,13.0,0.0
2023-09-09,S1114,PP07,11.0,11.0,0.0
2023-09-16,S1114,PP07,13.0,13.0,0.0
2023-09-23,S1114,PP07,12.0,12.0,0.0
2023-09-30,S1114,PP07,11.0,11.0,0.0
2023-10-07,S1114,PP07,14.0,14.0,0.0
2023-10-14,S1114,PP07,10.0,10.0,0.0
2023-10-21,S1114,PP07,14.0,14.0,0.0
2023-10-28,S1114,PP07,12.0,12.0,0.0
2023-11-04,S1114,PP07,14.0,14.0,0.0
2023-11-11,S1114,PP07,15.0,15.0,0.0
2023-11-18,S1114,PP07,15.0,15.0,0.0
2023-11-25,S1114,PP07,16.0,16.0,0.0
2023-12-02,S1114,PP07,17.0,17.0,0.0
2023-12-09,S1114,PP07,18.0,18.0,0.0
2023-12-16,S1114,PP07,23.0,18.0,5.0
2023-12-23,S1114,PP07,15.0,18.0,2.0
2023-12-30,S1114,PP07,16.0,18.0,0.0
2024-01-06,S1114,PP07,13.0,13.0,0.0
2024-01-13,S1114,PP07,10.0,10.0,0.0
2024-01-20,S1114,PP07,10.0,10.0,0.0
2024-01-27,S1114,PP07,11.0,11.0,0.0
2024-02-03,S1114,PP07,12.0,12.0,0.0
2024-02-10,S1114,PP07,12.0,12.0,0.0
2024-02-17,S1114,PP07,10.0,10.0,0.0
2024-02-24,S1114,PP07,10.0,10.0,0.0
2024-03-02,S1114,PP07,14.0,14.0,0.0
2024-03-09,S1114,PP07,9.0,9.0,0.0
2024-03-16,S1114,PP07,12.0,12.0,0.0
2024-03-23,S1114,PP07,12.0,12.0,0.0
2024-03-30,S1114,PP07,12.0,12.0,0.0
2024-04-06,S1114,PP07,11.0,11.0,0.0
2024-04-13,S1114,PP07,13.0,13.0,0.0
2024-04-20,S1114,PP07,13.0,13.0,0.0
2024-04-27,S1114,PP07,17.0,17.0,0.0
2024-05-04,S1114,PP07,13.0,13.0,0.0
2024-05-11,S1114,PP07,15.0,15.0,0.0
2024-05-18,S1114,PP07,11.0,11.0,0.0
2024-05-25,S1114,PP07,15.0,15.0,0.0
2024-06-01,S1114,PP07,13.0,13.0,0.0
2024-06-08,S1114,PP07,13.0,13.0,0.0
2024-06-15,S1114,PP07,13.0,13.0,0.0
2024-06-22,S1114,PP07,15.0,15.0,0.0
2024-06-29,S1114,PP07,13.0,13.0,0.0
2024-07-06,S1114,PP07,12.0,12.0,0.0
2024-07-13,S1114,PP07,12.0,12.0,0.0
2024-07-20,S1114,PP07,14.0,14.0,0.0
2024-07-27,S1114,PP07,14.0,14.0,0.0
2024-08-03,S1114,PP07,11.0,11.0,0.0
2024-08-10,S1114,PP07,14.0,14.0,0.0
2024-08-17,S1114,PP07,12.0,12.0,0.0
2024-08-24,S1114,PP07,13.0,13.0,0.0
2024-08-31,S1114,PP07,11.0,11.0,0.0
2024-09-07,S1114,PP07,12.0,12.0,0.0
2024-09-14,S1114,PP07,11.0,11.0,0.0
2024-09-21,S1114,PP07,14.0,14.0,0.0
2024-09-28,S1114,PP07,13.0,13.0,0.0
2024-10-05,S1114,PP07,14.0,14.0,0.0
2024-10-12,S1114,PP07,17.0,17.0,0.0
2024-10-19,S1114,PP07,13.0,13.0,0.0
2024-10-26,S1114,PP07,16.0,16.0,0.0
2024-11-02,S1114,PP07,13.0,13.0,0.0
2024-11-09,S1114,PP07,17.0,17.0,0.0
2024-11-16,S1114,PP07,15.0,15.0,0.0
2024-11-23,S1114,PP07,17.0,17.0,0.0
2024-11-30,S1114,PP07,19.0,18.0,1.0
2024-12-07,S1114,PP07,21.0,18.0,4.0
2024-12-14,S1114,PP07,17.0,18.0,3.0
2024-12-21,S1114,PP07,16.0,18.0,1.0
2024-12-28,S1114,PP07,16.0,17.0,0.0
2025-01-04,S1114,PP07,12.0,12.0,0.0
2025-01-11,S1114,PP07,9.0,9.0,0.0
2025-01-18,S1114,PP07,10.0,10.0,0.0
2025-01-25,S1114,PP07,11.0,11.0,0.0
2025-02-01,S1114,PP07,11.0,11.0,0.0
2025-02-08,S1114,PP07,12.0,12.0,0.0
2025-02-15,S1114,PP07,12.0,12.0,0.0
2025-02-22,S1114,PP07,11.0,11.0,0.0
2025-03-01,S1114,PP07,12.0,12.0,0.0
2025-03-08,S1114,PP07,14.0,14.0,0.0
2025-03-15,S1114,PP07,12.0,12.0,0.0
2025-03-22,S1114,PP07,12.0,12.0,0.0
2025-03-29,S1114,PP07,11.0,11.0,0.0
2025-04-05,S1114,PP07,13.0,13.0,0.0
2025-04-12,S1114,PP07,13.0,13.0,0.0
2025-04-19,S1114,PP07,11.0,11.0,0.0
2025-04-26,S1114,PP07,12.0,12.0,0.0
2025-05-03,S1114,PP07,12.0,12.0,0.0
2025-05-10,S1114,PP07,15.0,15.0,0.0
2025-05-17,S1114,PP07,12.0,12.0,0.0
2025-05-24,S1114,PP07,14.0,14.0,0.0
2025-05-31,S1114,PP07,15.0,15.0,0.0
2025-06-07,S1114,PP07,14.0,14.0,0.0
2025-06-14,S1114,PP07,13.0,13.0,0.0
2025-06-21,S1114,PP07,14.0,14.0,0.0
2025-06-28,S1114,PP07,15.0,15.0,0.0
2025-07-05,S1114,PP07,13.0,13.0,0.0
2025-07-12,S1114,PP07,11.0,11.0,0.0
2025-07-19,S1114,PP07,15.0,15.0,0.0
2025-07-26,S1114,PP07,14.0,14.0,0.0
2025-08-02,S1114,PP07,14.0,14.0,0.0
2025-08-09,S1114,PP07,12.0,12.0,0.0
2025-08-16,S1114,PP07,14.0,14.0,0.0
2025-08-23,S1114,PP07,13.0,13.0,0.0
2025-08-30,S1114,PP07,12.0,12.0,0.0
2025-09-06,S1114,PP07,13.0,13.0,0.0
2025-09-13,S1114,PP07,12.0,12.0,0.0
2025-09-20,S1114,PP07,12.0,12.0,0.0
2025-09-27,S1114,PP07,14.0,14.0,0.0
2025-10-04,S1114,PP07,13.0,13.0,0.0
2025-10-11,S1114,PP07,13.0,13.0,0.0
2025-10-18,S1114,PP07,13.0,13.0,0.0
2025-10-25,S1114,PP07,14.0,14.0,0.0
2025-11-01,S1114,PP07,15.0,15.0,0.0
2025-11-08,S1114,PP07,17.0,17.0,0.0
2025-11-15,S1114,PP07,15.0,15.0,0.0
2025-11-22,S1114,PP07,21.0,18.0,3.0
2025-11-29,S1114,PP07,20.0,18.0,5.0
2025-12-06,S1114,PP07,15.0,18.0,2.0
2025-12-13,S1114,PP07,21.0,18.0,5.0
2025-12-20,S1114,PP07,21.0,18.0,8.0
2025-12-27,S1114,PP07,17.0,18.0,7.0
2026-01-03,S1114,PP07,13.0,18.0,2.0
2026-01-10,S1114,PP07,11.0,13.0,0.0
2026-01-17,S1114,PP07,11.0,11.0,0.0
2026-01-24,S1114,PP07,12.0,12.0,0.0
2026-01-31,S1114,PP07,10.0,10.0,0.0
2026-02-07,S1114,PP07,12.0,12.0,0.0
2026-02-14,S1114,PP07,15.0,15.0,0.0
2026-02-21,S1114,PP07,13.0,13.0,0.0
2026-02-28,S1114,PP07,15.0,15.0,0.0
2026-03-07,S1114,PP07,18.0,18.0,0.0
2026-03-14,S1114,PP07,13.0,13.0,0.0
2026-03-21,S1114,PP07,12.0,12.0,0.0
2026-03-28,S1114,PP07,13.0,13.0,0.0
2026-04-04,S1114,PP07,15.0,15.0,0.0
2026-04-11,S1114,PP07,15.0,15.0,0.0
2026-04-18,S1114,PP07,17.0,17.0,0.0
2026-04-25,S1114,PP07,14.0,14.0,0.0
2026-05-02,S1114,PP07,15.0,15.0,0.0
2026-05-09,S1114,PP07,14.0,14.0,0.0
2026-05-16,S1114,PP07,11.0,11.0,0.0
2026-05-23,S1114,PP07,14.0,14.0,0.0
2026-05-30,S1114,PP07,13.0,13.0,0.0
2026-06-06,S1114,PP07,15.0,15.0,0.0
2026-06-13,S1114,PP07,11.0,11.0,0.0
2026-06-20,S1114,PP07,13.0,13.0,0.0
2026-06-27,S1114,PP07,14.0,14.0,0.0
2026-07-04,S1114,PP07,15.0,15.0,0.0
2026-07-11,S1114,PP07,14.0,14.0,0.0
2026-07-18,S1114,PP07,17.0,17.0,0.0
2026-07-25,S1114,PP07,17.0,17.0,0.0
2022-08-06,S1115,PP07,13.0,13.0,0.0
2022-08-13,S1115,PP07,16.0,16.0,0.0
2022-08-20,S1115,PP07,16.0,16.0,0.0
2022-08-27,S1115,PP07,13.0,13.0,0.0
2022-09-03,S1115,PP07,13.0,13.0,0.0
2022-09-10,S1115,PP07,13.0,13.0,0.0
2022-09-17,S1115,PP07,12.0,12.0,0.0
2022-09-24,S1115,PP07,12.0,12.0,0.0
2022-10-01,S1115,PP07,15.0,15.0,0.0
2022-10-08,S1115,PP07,14.0,14.0,0.0
2022-10-15,S1115,PP07,13.0,13.0,0.0
2022-10-22,S1115,PP07,13.0,13.0,0.0
2022-10-29,S1115,PP07,14.0,14.0,0.0
2022-11-05,S1115,PP07,15.0,15.0,0.0
2022-11-12,S1115,PP07,17.0,17.0,0.0
2022-11-19,S1115,PP07,16.0,16.0,0.0
2022-11-26,S1115,PP07,20.0,20.0,0.0
2022-12-03,S1115,PP07,20.0,20.0,0.0
2022-12-10,S1115,PP07,21.0,20.0,1.0
2022-12-17,S1115,PP07,22.0,20.0,3.0
2022-12-24,S1115,PP07,19.0,20.0,2.0
2022-12-31,S1115,PP07,13.0,15.0,0.0
2023-01-07,S1115,PP07,11.0,11.0,0.0
2023-01-14,S1115,PP07,10.0,10.0,0.0
2023-01-21,S1115,PP07,11.0,11.0,0.0
2023-01-28,S1115,PP07,13.0,13.0,0.0
2023-02-04,S1115,PP07,12.0,12.0,0.0
2023-02-11,S1115,PP07,15.0,15.0,0.0
2023-02-18,S1115,PP07,12.0,12.0,0.0
2023-02-25,S1115,PP07,12.0,12.0,0.0
2023-03-04,S1115,PP07,13.0,13.0,0.0
2023-03-11,S1115,PP07,12.0,12.0,0.0
2023-03-18,S1115,PP07,15.0,15.0,0.0
2023-03-25,S1115,PP07,10.0,10.0,0.0
2023-04-01,S1115,PP07,13.0,13.0,0.0
2023-04-08,S1115,PP07,15.0,15.0,0.0
2023-04-15,S1115,PP07,13.0,13.0,0.0
2023-04-22,S1115,PP07,15.0,15.0,0.0
2023-04-29,S1115,PP07,17.0,17.0,0.0
2023-05-06,S1115,PP07,14.0,14.0,0.0
2023-05-13,S1115,PP07,16.0,16.0,0.0
2023-05-20,S1115,PP07,18.0,18.0,0.0
2023-05-27,S1115,PP07,15.0,15.0,0.0
2023-06-03,S1115,PP07,14.0,14.0,0.0
2023-06-10,S1115,PP07,15.0,15.0,0.0
2023-06-17,S1115,PP07,15.0,15.0,0.0
2023-06-24,S1115,PP07,14.0,14.0,0.0
2023-07-01,S1115,PP07,13.0,13.0,0.0
2023-07-08,S1115,PP07,16.0,16.0,0.0
2023-07-15,S1115,PP07,13.0,13.0,0.0
2023-07-22,S1115,PP07,16.0,16.0,0.0
2023-07-29,S1115,PP07,14.0,14.0,0.0
2023-08-05,S1115,PP07,17.0,17.0,0.0
2023-08-12,S1115,PP07,13.0,13.0,0.0
2023-08-19,S1115,PP07,13.0,13.0,0.0
2023-08-26,S1115,PP07,15.0,15.0,0.0
2023-09-02,S1115,PP07,12.0,12.0,0.0
2023-09-09,S1115,PP07,13.0,13.0,0.0
2023-09-16,S1115,PP07,15.0,15.0,0.0
2023-09-23,S1115,PP07,11.0,11.0,0.0
2023-09-30,S1115,PP07,14.0,14.0,0.0
2023-10-07,S1115,PP07,15.0,15.0,0.0
2023-10-14,S1115,PP07,13.0,13.0,0.0
2023-10-21,S1115,PP07,13.0,13.0,0.0
2023-10-28,S1115,PP07,14.0,14.0,0.0
2023-11-04,S1115,PP07,14.0,14.0,0.0
2023-11-11,S1115,PP07,16.0,16.0,0.0
2023-11-18,S1115,PP07,17.0,17.0,0.0
2023-11-25,S1115,PP07,18.0,18.0,0.0
2023-12-02,S1115,PP07,21.0,20.0,1.0
2023-12-09,S1115,PP07,25.0,20.0,6.0
2023-12-16,S1115,PP07,21.0,20.0,7.0
2023-12-23,S1115,PP07,21.0,20.0,8.0
2023-12-30,S1115,PP07,18.0,20.0,6.0
2024-01-06,S1115,PP07,12.0,18.0,0.0
2024-01-13,S1115,PP07,11.0,11.0,0.0
2024-01-20,S1115,PP07,11.0,11.0,0.0
2024-01-27,S1115,PP07,10.0,10.0,0.0
2024-02-03,S1115,PP07,13.0,13.0,0.0
2024-02-10,S1115,PP07,11.0,11.0,0.0
2024-02-17,S1115,PP07,14.0,14.0,0.0
2024-02-24,S1115,PP07,11.0,11.0,0.0
2024-03-02,S1115,PP07,14.0,14.0,0.0
2024-03-09,S1115,PP07,12.0,12.0,0.0
2024-03-16,S1115,PP07,15.0,15.0,0.0
2024-03-23,S1115,PP07,13.0,13.0,0.0
2024-03-30,S1115,PP07,13.0,13.0,0.0
2024-04-06,S1115,PP07,15.0,15.0,0.0
2024-04-13,S1115,PP07,13.0,13.0,0.0
2024-04-20,S1115,PP07,14.0,14.0,0.0
2024-04-27,S1115,PP07,14.0,14.0,0.0
2024-05-04,S1115,PP07,15.0,15.0,0.0
2024-05-11,S1115,PP07,17.0,17.0,0.0
2024-05-18,S1115,PP07,16.0,16.0,0.0
2024-05-25,S1115,PP07,14.0,14.0,0.0
2024-06-01,S1115,PP07,16.0,16.0,0.0
2024-06-08,S1115,PP07,13.0,13.0,0.0
2024-06-15,S1115,PP07,13.0,13.0,0.0
2024-06-22,S1115,PP07,14.0,14.0,0.0
2024-06-29,S1115,PP07,16.0,16.0,0.0
2024-07-06,S1115,PP07,12.0,12.0,0.0
2024-07-13,S1115,PP07,15.0,15.0,0.0
2024-07-20,S1115,PP07,14.0,14.0,0.0
2024-07-27,S1115,PP07,14.0,14.0,0.0
2024-08-03,S1115,PP07,16.0,16.0,0.0
2024-08-10,S1115,PP07,14.0,14.0,0.0
2024-08-17,S1115,PP07,18.0,18.0,0.0
2024-08-24,S1115,PP07,14.0,14.0,0.0
2024-08-31,S1115,PP07,14.0,14.0,0.0
2024-09-07,S1115,PP07,15.0,15.0,0.0
2024-09-14,S1115,PP07,13.0,13.0,0.0
2024-09-21,S1115,PP07,15.0,15.0,0.0
2024-09-28,S1115,PP07,11.0,11.0,0.0
2024-10-05,S1115,PP07,13.0,13.0,0.0
2024-10-12,S1115,PP07,14.0,14.0,0.0
2024-10-19,S1115,PP07,16.0,16.0,0.0
2024-10-26,S1115,PP07,16.0,16.0,0.0
2024-11-02,S1115,PP07,17.0,17.0,0.0
2024-11-09,S1115,PP07,18.0,18.0,0.0
2024-11-16,S1115,PP07,18.0,18.0,0.0
2024-11-23,S1115,PP07,15.0,15.0,0.0
2024-11-30,S1115,PP07,23.0,20.0,3.0
2024-12-07,S1115,PP07,20.0,20.0,3.0
2024-12-14,S1115,PP07,22.0,20.0,5.0
2024-12-21,S1115,PP07,19.0,20.0,4.0
2024-12-28,S1115,PP07,17.0,20.0,1.0
2025-01-04,S1115,PP07,12.0,13.0,0.0
2025-01-11,S1115,PP07,9.0,9.0,0.0
2025-01-18,S1115,PP07,10.0,10.0,0.0
2025-01-25,S1115,PP07,13.0,13.0,0.0
2025-02-01,S1115,PP07,11.0,11.0,0.0
2025-02-08,S1115,PP07,12.0,12.0,0.0
2025-02-15,S1115,PP07,14.0,14.0,0.0
2025-02-22,S1115,PP07,12.0,12.0,0.0
2025-03-01,S1115,PP07,13.0,13.0,0.0
2025-03-08,S1115,PP07,14.0,14.0,0.0
2025-03-15,S1115,PP07,14.0,14.0,0.0
2025-03-22,S1115,PP07,13.0,13.0,0.0
2025-03-29,S1115,PP07,14.0,14.0,0.0
2025-04-05,S1115,PP07,15.0,15.0,0.0
2025-04-12,S1115,PP07,13.0,13.0,0.0
2025-04-19,S1115,PP07,15.0,15.0,0.0
2025-04-26,S1115,PP07,14.0,14.0,0.0
2025-05-03,S1115,PP07,16.0,16.0,0.0
2025-05-10,S1115,PP07,17.0,17.0,0.0
2025-05-17,S1115,PP07,15.0,15.0,0.0
2025-05-24,S1115,PP07,17.0,17.0,0.0
2025-05-31,S1115,PP07,16.0,16.0,0.0
2025-06-07,S1115,PP07,16.0,16.0,0.0
2025-06-14,S1115,PP07,15.0,15.0,0.0
2025-06-21,S1115,PP07,16.0,16.0,0.0
2025-06-28,S1115,PP07,15.0,15.0,0.0
2025-07-05,S1115,PP07,13.0,13.0,0.0
2025-07-12,S1115,PP07,14.0,14.0,0.0
2025-07-19,S1115,PP07,15.0,15.0,0.0
2025-07-26,S1115,PP07,15.0,15.0,0.0
2025-08-02,S1115,PP07,16.0,16.0,0.0
2025-08-09,S1115,PP07,15.0,15.0,0.0
2025-08-16,S1115,PP07,19.0,19.0,0.0
2025-08-23,S1115,PP07,15.0,15.0,0.0
2025-08-30,S1115,PP07,15.0,15.0,0.0
2025-09-06,S1115,PP07,13.0,13.0,0.0
2025-09-13,S1115,PP07,13.0,13.0,0.0
2025-09-20,S1115,PP07,14.0,14.0,0.0
2025-09-27,S1115,PP07,14.0,14.0,0.0
2025-10-04,S1115,PP07,14.0,14.0,0.0
2025-10-11,S1115,PP07,17.0,17.0,0.0
2025-10-18,S1115,PP07,15.0,15.0,0.0
2025-10-25,S1115,PP07,16.0,16.0,0.0
2025-11-01,S1115,PP07,18.0,18.0,0.0
2025-11-08,S1115,PP07,17.0,17.0,0.0
2025-11-15,S1115,PP07,19.0,19.0,0.0
2025-11-22,S1115,PP07,17.0,17.0,0.0
2025-11-29,S1115,PP07,19.0,19.0,0.0
2025-12-06,S1115,PP07,23.0,20.0,3.0
2025-12-13,S1115,PP07,23.0,20.0,6.0
2025-12-20,S1115,PP07,19.0,20.0,5.0
2025-12-27,S1115,PP07,18.0,20.0,3.0
2026-01-03,S1115,PP07,15.0,18.0,0.0
2026-01-10,S1115,PP07,11.0,11.0,0.0
2026-01-17,S1115,PP07,11.0,11.0,0.0
2026-01-24,S1115,PP07,13.0,13.0,0.0
2026-01-31,S1115,PP07,12.0,12.0,0.0
2026-02-07,S1115,PP07,13.0,13.0,0.0
2026-02-14,S1115,PP07,15.0,15.0,0.0
2026-02-21,S1115,PP07,14.0,14.0,0.0
2026-02-28,S1115,PP07,14.0,14.0,0.0
2026-03-07,S1115,PP07,14.0,14.0,0.0
2026-03-14,S1115,PP07,14.0,14.0,0.0
2026-03-21,S1115,PP07,15.0,15.0,0.0
2026-03-28,S1115,PP07,18.0,18.0,0.0
2026-04-04,S1115,PP07,16.0,16.0,0.0
2026-04-11,S1115,PP07,13.0,13.0,0.0
2026-04-18,S1115,PP07,16.0,16.0,0.0
2026-04-25,S1115,PP07,15.0,15.0,0.0
2026-05-02,S1115,PP07,16.0,16.0,0.0
2026-05-09,S1115,PP07,15.0,15.0,0.0
2026-05-16,S1115,PP07,20.0,20.0,0.0
2026-05-23,S1115,PP07,14.0,14.0,0.0
2026-05-30,S1115,PP07,16.0,16.0,0.0
2026-06-06,S1115,PP07,15.0,15.0,0.0
2026-06-13,S1115,PP07,16.0,16.0,0.0
2026-06-20,S1115,PP07,16.0,16.0,0.0
2026-06-27,S1115,PP07,18.0,18.0,0.0
2026-07-04,S1115,PP07,17.0,17.0,0.0
2026-07-11,S1115,PP07,15.0,15.0,0.0
2026-07-18,S1115,PP07,21.0,20.0,1.0
2026-07-25,S1115,PP07,17.0,18.0,0.0
2022-08-06,S1116,PP07,9.0,9.0,0.0
2022-08-13,S1116,PP07,10.0,10.0,0.0
2022-08-20,S1116,PP07,10.0,10.0,0.0
2022-08-27,S1116,PP07,10.0,10.0,0.0
2022-09-03,S1116,PP07,10.0,10.0,0.0
2022-09-10,S1116,PP07,10.0,10.0,0.0
2022-09-17,S1116,PP07,10.0,10.0,0.0
2022-09-24,S1116,PP07,9.0,9.0,0.0
2022-10-01,S1116,PP07,12.0,12.0,0.0
2022-10-08,S1116,PP07,11.0,11.0,0.0
2022-10-15,S1116,PP07,10.0,10.0,0.0
2022-10-22,S1116,PP07,10.0,10.0,0.0
2022-10-29,S1116,PP07,11.0,11.0,0.0
2022-11-05,S1116,PP07,11.0,11.0,0.0
2022-11-12,S1116,PP07,11.0,11.0,0.0
2022-11-19,S1116,PP07,10.0,10.0,0.0
2022-11-26,S1116,PP07,15.0,14.0,1.0
2022-12-03,S1116,PP07,16.0,14.0,3.0
2022-12-10,S1116,PP07,13.0,14.0,2.0
2022-12-17,S1116,PP07,15.0,14.0,3.0
2022-12-24,S1116,PP07,12.0,14.0,1.0
2022-12-31,S1116,PP07,10.0,11.0,0.0
2023-01-07,S1116,PP07,9.0,9.0,0.0
2023-01-14,S1116,PP07,6.0,6.0,0.0
2023-01-21,S1116,PP07,8.0,8.0,0.0
2023-01-28,S1116,PP07,8.0,8.0,0.0
2023-02-04,S1116,PP07,9.0,9.0,0.0
2023-02-11,S1116,PP07,8.0,8.0,0.0
2023-02-18,S1116,PP07,9.0,9.0,0.0
2023-02-25,S1116,PP07,10.0,10.0,0.0
2023-03-04,S1116,PP07,10.0,10.0,0.0
2023-03-11,S1116,PP07,9.0,9.0,0.0
2023-03-18,S1116,PP07,13.0,13.0,0.0
2023-03-25,S1116,PP07,9.0,9.0,0.0
2023-04-01,S1116,PP07,10.0,10.0,0.0
2023-04-08,S1116,PP07,10.0,10.0,0.0
2023-04-15,S1116,PP07,12.0,12.0,0.0
2023-04-22,S1116,PP07,10.0,10.0,0.0
2023-04-29,S1116,PP07,11.0,11.0,0.0
2023-05-06,S1116,PP07,11.0,11.0,0.0
2023-05-13,S1116,PP07,9.0,9.0,0.0
2023-05-20,S1116,PP07,9.0,9.0,0.0
2023-05-27,S1116,PP07,10.0,10.0,0.0
2023-06-03,S1116,PP07,11.0,11.0,0.0
2023-06-10,S1116,PP07,10.0,10.0,0.0
2023-06-17,S1116,PP07,10.0,10.0,0.0
2023-06-24,S1116,PP07,11.0,11.0,0.0
2023-07-01,S1116,PP07,8.0,8.0,0.0
2023-07-08,S1116,PP07,9.0,9.0,0.0
2023-07-15,S1116,PP07,8.0,8.0,0.0
2023-07-22,S1116,PP07,11.0,11.0,0.0
2023-07-29,S1116,PP07,10.0,10.0,0.0
2023-08-05,S1116,PP07,11.0,11.0,0.0
2023-08-12,S1116,PP07,10.0,10.0,0.0
2023-08-19,S1116,PP07,11.0,11.0,0.0
2023-08-26,S1116,PP07,10.0,10.0,0.0
2023-09-02,S1116,PP07,10.0,10.0,0.0
2023-09-09,S1116,PP07,10.0,10.0,0.0
2023-09-16,S1116,PP07,10.0,10.0,0.0
2023-09-23,S1116,PP07,11.0,11.0,0.0
2023-09-30,S1116,PP07,8.0,8.0,0.0
2023-10-07,S1116,PP07,9.0,9.0,0.0
2023-10-14,S1116,PP07,10.0,10.0,0.0
2023-10-21,S1116,PP07,10.0,10.0,0.0
2023-10-28,S1116,PP07,10.0,10.0,0.0
2023-11-04,S1116,PP07,10.0,10.0,0.0
2023-11-11,S1116,PP07,13.0,13.0,0.0
2023-11-18,S1116,PP07,12.0,12.0,0.0
2023-11-25,S1116,PP07,17.0,14.0,3.0
2023-12-02,S1116,PP07,15.0,14.0,4.0
2023-12-09,S1116,PP07,15.0,14.0,5.0
2023-12-16,S1116,PP07,16.0,14.0,7.0
2023-12-23,S1116,PP07,13.0,14.0,6.0
2023-12-30,S1116,PP07,13.0,14.0,5.0
2024-01-06,S1116,PP07,8.0,13.0,0.0
2024-01-13,S1116,PP07,6.0,6.0,0.0
2024-01-20,S1116,PP07,8.0,8.0,0.0
2024-01-27,S1116,PP07,9.0,9.0,0.0
2024-02-03,S1116,PP07,9.0,9.0,0.0
2024-02-10,S1116,PP07,10.0,10.0,0.0
2024-02-17,S1116,PP07,10.0,10.0,0.0
2024-02-24,S1116,PP07,8.0,8.0,0.0
2024-03-02,S1116,PP07,10.0,10.0,0.0
2024-03-09,S1116,PP07,11.0,11.0,0.0
2024-03-16,S1116,PP07,10.0,10.0,0.0
2024-03-23,S1116,PP07,9.0,9.0,0.0
2024-03-30,S1116,PP07,9.0,9.0,0.0
2024-04-06,S1116,PP07,10.0,10.0,0.0
2024-04-13,S1116,PP07,12.0,12.0,0.0
2024-04-20,S1116,PP07,8.0,8.0,0.0
2024-04-27,S1116,PP07,11.0,11.0,0.0
2024-05-04,S1116,PP07,10.0,10.0,0.0
2024-05-11,S1116,PP07,11.0,11.0,0.0
2024-05-18,S1116,PP07,11.0,11.0,0.0
2024-05-25,S1116,PP07,10.0,10.0,0.0
2024-06-01,S1116,PP07,11.0,11.0,0.0
2024-06-08,S1116,PP07,11.0,11.0,0.0
2024-06-15,S1116,PP07,10.0,10.0,0.0
2024-06-22,S1116,PP07,9.0,9.0,0.0
2024-06-29,S1116,PP07,12.0,12.0,0.0
2024-07-06,S1116,PP07,11.0,11.0,0.0
2024-07-13,S1116,PP07,11.0,11.0,0.0
2024-07-20,S1116,PP07,9.0,9.0,0.0
2024-07-27,S1116,PP07,11.0,11.0,0.0
2024-08-03,S1116,PP07,13.0,13.0,0.0
2024-08-10,S1116,PP07,10.0,10.0,0.0
2024-08-17,S1116,PP07,10.0,10.0,0.0
2024-08-24,S1116,PP07,9.0,9.0,0.0
2024-08-31,S1116,PP07,9.0,9.0,0.0
2024-09-07,S1116,PP07,9.0,9.0,0.0
2024-09-14,S1116,PP07,9.0,9.0,0.0
2024-09-21,S1116,PP07,9.0,9.0,0.0
2024-09-28,S1116,PP07,10.0,10.0,0.0
2024-10-05,S1116,PP07,9.0,9.0,0.0
2024-10-12,S1116,PP07,10.0,10.0,0.0
2024-10-19,S1116,PP07,9.0,9.0,0.0
2024-10-26,S1116,PP07,11.0,11.0,0.0
2024-11-02,S1116,PP07,10.0,10.0,0.0
2024-11-09,S1116,PP07,12.0,12.0,0.0
2024-11-16,S1116,PP07,12.0,12.0,0.0
2024-11-23,S1116,PP07,14.0,14.0,0.0
2024-11-30,S1116,PP07,12.0,12.0,0.0
2024-12-07,S1116,PP07,16.0,14.0,2.0
2024-12-14,S1116,PP07,15.0,14.0,3.0
2024-12-21,S1116,PP07,14.0,14.0,3.0
2024-12-28,S1116,PP07,10.0,13.0,0.0
2025-01-04,S1116,PP07,9.0,9.0,0.0
2025-01-11,S1116,PP07,8.0,8.0,0.0
2025-01-18,S1116,PP07,9.0,9.0,0.0
2025-01-25,S1116,PP07,9.0,9.0,0.0
2025-02-01,S1116,PP07,9.0,9.0,0.0
2025-02-08,S1116,PP07,8.0,8.0,0.0
2025-02-15,S1116,PP07,8.0,8.0,0.0
2025-02-22,S1116,PP07,10.0,10.0,0.0
2025-03-01,S1116,PP07,10.0,10.0,0.0
2025-03-08,S1116,PP07,10.0,10.0,0.0
2025-03-15,S1116,PP07,12.0,12.0,0.0
2025-03-22,S1116,PP07,9.0,9.0,0.0
2025-03-29,S1116,PP07,10.0,10.0,0.0
2025-04-05,S1116,PP07,9.0,9.0,0.0
2025-04-12,S1116,PP07,11.0,11.0,0.0
2025-04-19,S1116,PP07,12.0,12.0,0.0
2025-04-26,S1116,PP07,10.0,10.0,0.0
2025-05-03,S1116,PP07,12.0,12.0,0.0
2025-05-10,S1116,PP07,13.0,13.0,0.0
2025-05-17,S1116,PP07,10.0,10.0,0.0
2025-05-24,S1116,PP07,11.0,11.0,0.0
2025-05-31,S1116,PP07,13.0,13.0,0.0
2025-06-07,S1116,PP07,11.0,11.0,0.0
2025-06-14,S1116,PP07,11.0,11.0,0.0
2025-06-21,S1116,PP07,9.0,9.0,0.0
2025-06-28,S1116,PP07,11.0,11.0,0.0
2025-07-05,S1116,PP07,11.0,11.0,0.0
2025-07-12,S1116,PP07,9.0,9.0,0.0
2025-07-19,S1116,PP07,10.0,10.0,0.0
2025-07-26,S1116,PP07,12.0,12.0,0.0
2025-08-02,S1116,PP07,11.0,11.0,0.0
2025-08-09,S1116,PP07,13.0,13.0,0.0
2025-08-16,S1116,PP07,12.0,12.0,0.0
2025-08-23,S1116,PP07,11.0,11.0,0.0
2025-08-30,S1116,PP07,10.0,10.0,0.0
2025-09-06,S1116,PP07,11.0,11.0,0.0
2025-09-13,S1116,PP07,11.0,11.0,0.0
2025-09-20,S1116,PP07,11.0,11.0,0.0
2025-09-27,S1116,PP07,10.0,10.0,0.0
2025-10-04,S1116,PP07,12.0,12.0,0.0
2025-10-11,S1116,PP07,11.0,11.0,0.0
2025-10-18,S1116,PP07,11.0,11.0,0.0
2025-10-25,S1116,PP07,12.0,12.0,0.0
2025-11-01,S1116,PP07,13.0,13.0,0.0
2025-11-08,S1116,PP07,10.0,10.0,0.0
2025-11-15,S1116,PP07,14.0,14.0,0.0
2025-11-22,S1116,PP07,17.0,14.0,3.0
2025-11-29,S1116,PP07,15.0,14.0,4.0
2025-12-06,S1116,PP07,16.0,14.0,6.0
2025-12-13,S1116,PP07,16.0,14.0,8.0
2025-12-20,S1116,PP07,15.0,14.0,9.0
2025-12-27,S1116,PP07,13.0,14.0,8.0
2026-01-03,S1116,PP07,12.0,14.0,6.0
2026-01-10,S1116,PP07,8.0,14.0,0.0
2026-01-17,S1116,PP07,8.0,8.0,0.0
2026-01-24,S1116,PP07,8.0,8.0,0.0
2026-01-31,S1116,PP07,11.0,11.0,0.0
2026-02-07,S1116,PP07,10.0,10.0,0.0
2026-02-14,S1116,PP07,10.0,10.0,0.0
2026-02-21,S1116,PP07,8.0,8.0,0.0
2026-02-28,S1116,PP07,10.0,10.0,0.0
2026-03-07,S1116,PP07,11.0,11.0,0.0
2026-03-14,S1116,PP07,11.0,11.0,0.0
2026-03-21,S1116,PP07,10.0,10.0,0.0
2026-03-28,S1116,PP07,10.0,10.0,0.0
2026-04-04,S1116,PP07,13.0,13.0,0.0
2026-04-11,S1116,PP07,14.0,14.0,0.0
2026-04-18,S1116,PP07,12.0,12.0,0.0
2026-04-25,S1116,PP07,13.0,13.0,0.0
2026-05-02,S1116,PP07,14.0,14.0,0.0
2026-05-09,S1116,PP07,15.0,14.0,1.0
2026-05-16,S1116,PP07,11.0,12.0,0.0
2026-05-23,S1116,PP07,11.0,11.0,0.0
2026-05-30,S1116,PP07,14.0,14.0,0.0
2026-06-06,S1116,PP07,10.0,10.0,0.0
2026-06-13,S1116,PP07,10.0,10.0,0.0
2026-06-20,S1116,PP07,10.0,10.0,0.0
2026-06-27,S1116,PP07,11.0,11.0,0.0
2026-07-04,S1116,PP07,9.0,9.0,0.0
2026-07-11,S1116,PP07,10.0,10.0,0.0
2026-07-18,S1116,PP07,11.0,11.0,0.0
2026-07-25,S1116,PP07,10.0,10.0,0.0
2022-08-06,S1117,PP07,15.0,15.0,0.0
2022-08-13,S1117,PP07,13.0,13.0,0.0
2022-08-20,S1117,PP07,14.0,14.0,0.0
2022-08-27,S1117,PP07,13.0,13.0,0.0
2022-09-03,S1117,PP07,12.0,12.0,0.0
2022-09-10,S1117,PP07,14.0,14.0,0.0
2022-09-17,S1117,PP07,13.0,13.0,0.0
2022-09-24,S1117,PP07,12.0,12.0,0.0
2022-10-01,S1117,PP07,10.0,10.0,0.0
2022-10-08,S1117,PP07,13.0,13.0,0.0
2022-10-15,S1117,PP07,11.0,11.0,0.0
2022-10-22,S1117,PP07,14.0,14.0,0.0
2022-10-29,S1117,PP07,14.0,14.0,0.0
2022-11-05,S1117,PP07,12.0,12.0,0.0
2022-11-12,S1117,PP07,15.0,15.0,0.0
2022-11-19,S1117,PP07,16.0,16.0,0.0
2022-11-26,S1117,PP07,18.0,18.0,0.0
2022-12-03,S1117,PP07,19.0,19.0,0.0
2022-12-10,S1117,PP07,19.0,19.0,0.0
2022-12-17,S1117,PP07,20.0,20.0,0.0
2022-12-24,S1117,PP07,15.0,15.0,0.0
2022-12-31,S1117,PP07,12.0,12.0,0.0
2023-01-07,S1117,PP07,12.0,12.0,0.0
2023-01-14,S1117,PP07,11.0,11.0,0.0
2023-01-21,S1117,PP07,11.0,11.0,0.0
2023-01-28,S1117,PP07,11.0,11.0,0.0
2023-02-04,S1117,PP07,9.0,9.0,0.0
2023-02-11,S1117,PP07,14.0,14.0,0.0
2023-02-18,S1117,PP07,10.0,10.0,0.0
2023-02-25,S1117,PP07,13.0,13.0,0.0
2023-03-04,S1117,PP07,15.0,15.0,0.0
2023-03-11,S1117,PP07,13.0,13.0,0.0
2023-03-18,S1117,PP07,13.0,13.0,0.0
2023-03-25,S1117,PP07,13.0,13.0,0.0
2023-04-01,S1117,PP07,13.0,13.0,0.0
2023-04-08,S1117,PP07,16.0,16.0,0.0
2023-04-15,S1117,PP07,12.0,12.0,0.0
2023-04-22,S1117,PP07,12.0,12.0,0.0
2023-04-29,S1117,PP07,13.0,13.0,0.0
2023-05-06,S1117,PP07,16.0,16.0,0.0
2023-05-13,S1117,PP07,13.0,13.0,0.0
2023-05-20,S1117,PP07,14.0,14.0,0.0
2023-05-27,S1117,PP07,15.0,15.0,0.0
2023-06-03,S1117,PP07,14.0,14.0,0.0
2023-06-10,S1117,PP07,14.0,14.0,0.0
2023-06-17,S1117,PP07,15.0,15.0,0.0
2023-06-24,S1117,PP07,13.0,13.0,0.0
2023-07-01,S1117,PP07,12.0,12.0,0.0
2023-07-08,S1117,PP07,13.0,13.0,0.0
2023-07-15,S1117,PP07,12.0,12.0,0.0
2023-07-22,S1117,PP07,17.0,17.0,0.0
2023-07-29,S1117,PP07,13.0,13.0,0.0
2023-08-05,S1117,PP07,14.0,14.0,0.0
2023-08-12,S1117,PP07,12.0,12.0,0.0
2023-08-19,S1117,PP07,14.0,14.0,0.0
2023-08-26,S1117,PP07,13.0,13.0,0.0
2023-09-02,S1117,PP07,14.0,14.0,0.0
2023-09-09,S1117,PP07,13.0,13.0,0.0
2023-09-16,S1117,PP07,14.0,14.0,0.0
2023-09-23,S1117,PP07,14.0,14.0,0.0
2023-09-30,S1117,PP07,12.0,12.0,0.0
2023-10-07,S1117,PP07,11.0,11.0,0.0
2023-10-14,S1117,PP07,12.0,12.0,0.0
2023-10-21,S1117,PP07,14.0,14.0,0.0
2023-10-28,S1117,PP07,14.0,14.0,0.0
2023-11-04,S1117,PP07,15.0,15.0,0.0
2023-11-11,S1117,PP07,14.0,14.0,0.0
2023-11-18,S1117,PP07,19.0,19.0,0.0
2023-11-25,S1117,PP07,15.0,15.0,0.0
2023-12-02,S1117,PP07,18.0,18.0,0.0
2023-12-09,S1117,PP07,18.0,18.0,0.0
2023-12-16,S1117,PP07,19.0,19.0,0.0
2023-12-23,S1117,PP07,19.0,19.0,0.0
2023-12-30,S1117,PP07,14.0,14.0,0.0
2024-01-06,S1117,PP07,12.0,12.0,0.0
2024-01-13,S1117,PP07,11.0,11.0,0.0
2024-01-20,S1117,PP07,10.0,10.0,0.0
2024-01-27,S1117,PP07,11.0,11.0,0.0
2024-02-03,S1117,PP07,12.0,12.0,0.0
2024-02-10,S1117,PP07,11.0,11.0,0.0
2024-02-17,S1117,PP07,12.0,12.0,0.0
2024-02-24,S1117,PP07,13.0,13.0,0.0
2024-03-02,S1117,PP07,14.0,14.0,0.0
2024-03-09,S1117,PP07,15.0,15.0,0.0
2024-03-16,S1117,PP07,16.0,16.0,0.0
2024-03-23,S1117,PP07,13.0,13.0,0.0
2024-03-30,S1117,PP07,12.0,12.0,0.0
2024-04-06,S1117,PP07,13.0,13.0,0.0
2024-04-13,S1117,PP07,13.0,13.0,0.0
2024-04-20,S1117,PP07,13.0,13.0,0.0
2024-04-27,S1117,PP07,14.0,14.0,0.0
2024-05-04,S1117,PP07,14.0,14.0,0.0
2024-05-11,S1117,PP07,13.0,13.0,0.0
2024-05-18,S1117,PP07,16.0,16.0,0.0
2024-05-25,S1117,PP07,11.0,11.0,0.0
2024-06-01,S1117,PP07,13.0,13.0,0.0
2024-06-08,S1117,PP07,15.0,15.0,0.0
2024-06-15,S1117,PP07,14.0,14.0,0.0
2024-06-22,S1117,PP07,13.0,13.0,0.0
2024-06-29,S1117,PP07,16.0,16.0,0.0
2024-07-06,S1117,PP07,13.0,13.0,0.0
2024-07-13,S1117,PP07,11.0,11.0,0.0
2024-07-20,S1117,PP07,14.0,14.0,0.0
2024-07-27,S1117,PP07,11.0,11.0,0.0
2024-08-03,S1117,PP07,13.0,13.0,0.0
2024-08-10,S1117,PP07,15.0,15.0,0.0
2024-08-17,S1117,PP07,13.0,13.0,0.0
2024-08-24,S1117,PP07,14.0,14.0,0.0
2024-08-31,S1117,PP07,12.0,12.0,0.0
2024-09-07,S1117,PP07,14.0,14.0,0.0
2024-09-14,S1117,PP07,10.0,10.0,0.0
2024-09-21,S1117,PP07,14.0,14.0,0.0
2024-09-28,S1117,PP07,12.0,12.0,0.0
2024-10-05,S1117,PP07,15.0,15.0,0.0
2024-10-12,S1117,PP07,12.0,12.0,0.0
2024-10-19,S1117,PP07,17.0,17.0,0.0
2024-10-26,S1117,PP07,13.0,13.0,0.0
2024-11-02,S1117,PP07,12.0,12.0,0.0
2024-11-09,S1117,PP07,16.0,16.0,0.0
2024-11-16,S1117,PP07,19.0,19.0,0.0
2024-11-23,S1117,PP07,19.0,19.0,0.0
2024-11-30,S1117,PP07,21.0,20.0,1.0
2024-12-07,S1117,PP07,22.0,20.0,3.0
2024-12-14,S1117,PP07,19.0,20.0,2.0
2024-12-21,S1117,PP07,20.0,20.0,2.0
2024-12-28,S1117,PP07,16.0,18.0,0.0
2025-01-04,S1117,PP07,12.0,12.0,0.0
2025-01-11,S1117,PP07,11.0,11.0,0.0
2025-01-18,S1117,PP07,11.0,11.0,0.0
2025-01-25,S1117,PP07,13.0,13.0,0.0
2025-02-01,S1117,PP07,11.0,11.0,0.0
2025-02-08,S1117,PP07,11.0,11.0,0.0
2025-02-15,S1117,PP07,11.0,11.0,0.0
2025-02-22,S1117,PP07,15.0,15.0,0.0
2025-03-01,S1117,PP07,12.0,12.0,0.0
2025-03-08,S1117,PP07,15.0,15.0,0.0
2025-03-15,S1117,PP07,12.0,12.0,0.0
2025-03-22,S1117,PP07,14.0,14.0,0.0
2025-03-29,S1117,PP07,14.0,14.0,0.0
2025-04-05,S1117,PP07,15.0,15.0,0.0
2025-04-12,S1117,PP07,15.0,15.0,0.0
2025-04-19,S1117,PP07,14.0,14.0,0.0
2025-04-26,S1117,PP07,13.0,13.0,0.0
2025-05-03,S1117,PP07,17.0,17.0,0.0
2025-05-10,S1117,PP07,14.0,14.0,0.0
2025-05-17,S1117,PP07,12.0,12.0,0.0
2025-05-24,S1117,PP07,12.0,12.0,0.0
2025-05-31,S1117,PP07,12.0,12.0,0.0
2025-06-07,S1117,PP07,15.0,15.0,0.0
2025-06-14,S1117,PP07,17.0,17.0,0.0
2025-06-21,S1117,PP07,11.0,11.0,0.0
2025-06-28,S1117,PP07,13.0,13.0,0.0
2025-07-05,S1117,PP07,14.0,14.0,0.0
2025-07-12,S1117,PP07,17.0,17.0,0.0
2025-07-19,S1117,PP07,13.0,13.0,0.0
2025-07-26,S1117,PP07,15.0,15.0,0.0
2025-08-02,S1117,PP07,14.0,14.0,0.0
2025-08-09,S1117,PP07,19.0,19.0,0.0
2025-08-16,S1117,PP07,15.0,15.0,0.0
2025-08-23,S1117,PP07,15.0,15.0,0.0
2025-08-30,S1117,PP07,14.0,14.0,0.0
2025-09-06,S1117,PP07,13.0,13.0,0.0
2025-09-13,S1117,PP07,14.0,14.0,0.0
2025-09-20,S1117,PP07,12.0,12.0,0.0
2025-09-27,S1117,PP07,11.0,11.0,0.0
2025-10-04,S1117,PP07,14.0,14.0,0.0
2025-10-11,S1117,PP07,15.0,15.0,0.0
2025-10-18,S1117,PP07,14.0,14.0,0.0
2025-10-25,S1117,PP07,15.0,15.0,0.0
2025-11-01,S1117,PP07,14.0,14.0,0.0
2025-11-08,S1117,PP07,18.0,18.0,0.0
2025-11-15,S1117,PP07,19.0,19.0,0.0
2025-11-22,S1117,PP07,19.0,19.0,0.0
2025-11-29,S1117,PP07,20.0,20.0,0.0
2025-12-06,S1117,PP07,18.0,18.0,0.0
2025-12-13,S1117,PP07,19.0,19.0,0.0
2025-12-20,S1117,PP07,19.0,19.0,0.0
2025-12-27,S1117,PP07,18.0,18.0,0.0
2026-01-03,S1117,PP07,15.0,15.0,0.0
2026-01-10,S1117,PP07,11.0,11.0,0.0
2026-01-17,S1117,PP07,12.0,12.0,0.0
2026-01-24,S1117,PP07,14.0,14.0,0.0
2026-01-31,S1117,PP07,12.0,12.0,0.0
2026-02-07,S1117,PP07,13.0,13.0,0.0
2026-02-14,S1117,PP07,13.0,13.0,0.0
2026-02-21,S1117,PP07,13.0,13.0,0.0
2026-02-28,S1117,PP07,14.0,14.0,0.0
2026-03-07,S1117,PP07,17.0,17.0,0.0
2026-03-14,S1117,PP07,16.0,16.0,0.0
2026-03-21,S1117,PP07,15.0,15.0,0.0
2026-03-28,S1117,PP07,14.0,14.0,0.0
2026-04-04,S1117,PP07,13.0,13.0,0.0
2026-04-11,S1117,PP07,15.0,15.0,0.0
2026-04-18,S1117,PP07,16.0,16.0,0.0
2026-04-25,S1117,PP07,18.0,18.0,0.0
2026-05-02,S1117,PP07,12.0,12.0,0.0
2026-05-09,S1117,PP07,20.0,20.0,0.0
2026-05-16,S1117,PP07,16.0,16.0,0.0
2026-05-23,S1117,PP07,17.0,17.0,0.0
2026-05-30,S1117,PP07,13.0,13.0,0.0
2026-06-06,S1117,PP07,14.0,14.0,0.0
2026-06-13,S1117,PP07,16.0,16.0,0.0
2026-06-20,S1117,PP07,13.0,13.0,0.0
2026-06-27,S1117,PP07,11.0,11.0,0.0
2026-07-04,S1117,PP07,15.0,15.0,0.0
2026-07-11,S1117,PP07,15.0,15.0,0.0
2026-07-18,S1117,PP07,17.0,17.0,0.0
2026-07-25,S1117,PP07,15.0,15.0,0.0
2022-08-06,S1118,PP07,11.0,11.0,0.0
2022-08-13,S1118,PP07,12.0,12.0,0.0
2022-08-20,S1118,PP07,12.0,12.0,0.0
2022-08-27,S1118,PP07,10.0,10.0,0.0
2022-09-03,S1118,PP07,12.0,12.0,0.0
2022-09-10,S1118,PP07,10.0,10.0,0.0
2022-09-17,S1118,PP07,10.0,10.0,0.0
2022-09-24,S1118,PP07,11.0,11.0,0.0
2022-10-01,S1118,PP07,11.0,11.0,0.0
2022-10-08,S1118,PP07,11.0,11.0,0.0
2022-10-15,S1118,PP07,10.0,10.0,0.0
2022-10-22,S1118,PP07,9.0,9.0,0.0
2022-10-29,S1118,PP07,11.0,11.0,0.0
2022-11-05,S1118,PP07,13.0,13.0,0.0
2022-11-12,S1118,PP07,13.0,13.0,0.0
2022-11-19,S1118,PP07,14.0,14.0,0.0
2022-11-26,S1118,PP07,15.0,15.0,0.0
2022-12-03,S1118,PP07,16.0,16.0,0.0
2022-12-10,S1118,PP07,15.0,15.0,0.0
2022-12-17,S1118,PP07,17.0,17.0,0.0
2022-12-24,S1118,PP07,15.0,15.0,0.0
2022-12-31,S1118,PP07,11.0,11.0,0.0
2023-01-07,S1118,PP07,10.0,10.0,0.0
2023-01-14,S1118,PP07,7.0,7.0,0.0
2023-01-21,S1118,PP07,9.0,9.0,0.0
2023-01-28,S1118,PP07,9.0,9.0,0.0
2023-02-04,S1118,PP07,11.0,11.0,0.0
2023-02-11,S1118,PP07,10.0,10.0,0.0
2023-02-18,S1118,PP07,11.0,11.0,0.0
2023-02-25,S1118,PP07,10.0,10.0,0.0
2023-03-04,S1118,PP07,8.0,8.0,0.0
2023-03-11,S1118,PP07,10.0,10.0,0.0
2023-03-18,S1118,PP07,11.0,11.0,0.0
2023-03-25,S1118,PP07,11.0,11.0,0.0
2023-04-01,S1118,PP07,11.0,11.0,0.0
2023-04-08,S1118,PP07,10.0,10.0,0.0
2023-04-15,S1118,PP07,11.0,11.0,0.0
2023-04-22,S1118,PP07,10.0,10.0,0.0
2023-04-29,S1118,PP07,9.0,9.0,0.0
2023-05-06,S1118,PP07,11.0,11.0,0.0
2023-05-13,S1118,PP07,11.0,11.0,0.0
2023-05-20,S1118,PP07,13.0,13.0,0.0
2023-05-27,S1118,PP07,9.0,9.0,0.0
2023-06-03,S1118,PP07,11.0,11.0,0.0
2023-06-10,S1118,PP07,14.0,14.0,0.0
2023-06-17,S1118,PP07,11.0,11.0,0.0
2023-06-24,S1118,PP07,11.0,11.0,0.0
2023-07-01,S1118,PP07,11.0,11.0,0.0
2023-07-08,S1118,PP07,11.0,11.0,0.0
2023-07-15,S1118,PP07,11.0,11.0,0.0
2023-07-22,S1118,PP07,10.0,10.0,0.0
2023-07-29,S1118,PP07,12.0,12.0,0.0
2023-08-05,S1118,PP07,9.0,9.0,0.0
2023-08-12,S1118,PP07,13.0,13.0,0.0
2023-08-19,S1118,PP07,11.0,11.0,0.0
2023-08-26,S1118,PP07,11.0,11.0,0.0
2023-09-02,S1118,PP07,10.0,10.0,0.0
2023-09-09,S1118,PP07,12.0,12.0,0.0
2023-09-16,S1118,PP07,11.0,11.0,0.0
2023-09-23,S1118,PP07,10.0,10.0,0.0
2023-09-30,S1118,PP07,10.0,10.0,0.0
2023-10-07,S1118,PP07,10.0,10.0,0.0
2023-10-14,S1118,PP07,13.0,13.0,0.0
2023-10-21,S1118,PP07,10.0,10.0,0.0
2023-10-28,S1118,PP07,13.0,13.0,0.0
2023-11-04,S1118,PP07,13.0,13.0,0.0
2023-11-11,S1118,PP07,15.0,15.0,0.0
2023-11-18,S1118,PP07,15.0,15.0,0.0
2023-11-25,S1118,PP07,15.0,15.0,0.0
2023-12-02,S1118,PP07,18.0,18.0,0.0
2023-12-09,S1118,PP07,18.0,18.0,0.0
2023-12-16,S1118,PP07,18.0,18.0,0.0
2023-12-23,S1118,PP07,17.0,17.0,0.0
2023-12-30,S1118,PP07,12.0,12.0,0.0
2024-01-06,S1118,PP07,10.0,10.0,0.0
2024-01-13,S1118,PP07,8.0,8.0,0.0
2024-01-20,S1118,PP07,9.0,9.0,0.0
2024-01-27,S1118,PP07,9.0,9.0,0.0
2024-02-03,S1118,PP07,9.0,9.0,0.0
2024-02-10,S1118,PP07,9.0,9.0,0.0
2024-02-17,S1118,PP07,11.0,11.0,0.0
2024-02-24,S1118,PP07,10.0,10.0,0.0
2024-03-02,S1118,PP07,9.0,9.0,0.0
2024-03-09,S1118,PP07,10.0,10.0,0.0
2024-03-16,S1118,PP07,10.0,10.0,0.0
2024-03-23,S1118,PP07,10.0,10.0,0.0
2024-03-30,S1118,PP07,11.0,11.0,0.0
2024-04-06,S1118,PP07,11.0,11.0,0.0
2024-04-13,S1118,PP07,11.0,11.0,0.0
2024-04-20,S1118,PP07,12.0,12.0,0.0
2024-04-27,S1118,PP07,12.0,12.0,0.0
2024-05-04,S1118,PP07,10.0,10.0,0.0
2024-05-11,S1118,PP07,11.0,11.0,0.0
2024-05-18,S1118,PP07,13.0,13.0,0.0
2024-05-25,S1118,PP07,12.0,12.0,0.0
2024-06-01,S1118,PP07,13.0,13.0,0.0
2024-06-08,S1118,PP07,10.0,10.0,0.0
2024-06-15,S1118,PP07,11.0,11.0,0.0
2024-06-22,S1118,PP07,11.0,11.0,0.0
2024-06-29,S1118,PP07,11.0,11.0,0.0
2024-07-06,S1118,PP07,11.0,11.0,0.0
2024-07-13,S1118,PP07,12.0,12.0,0.0
2024-07-20,S1118,PP07,11.0,11.0,0.0
2024-07-27,S1118,PP07,13.0,13.0,0.0
2024-08-03,S1118,PP07,14.0,14.0,0.0
2024-08-10,S1118,PP07,11.0,11.0,0.0
2024-08-17,S1118,PP07,12.0,12.0,0.0
2024-08-24,S1118,PP07,12.0,12.0,0.0
2024-08-31,S1118,PP07,12.0,12.0,0.0
2024-09-07,S1118,PP07,10.0,10.0,0.0
2024-09-14,S1118,PP07,11.0,11.0,0.0
2024-09-21,S1118,PP07,9.0,9.0,0.0
2024-09-28,S1118,PP07,11.0,11.0,0.0
2024-10-05,S1118,PP07,9.0,9.0,0.0
2024-10-12,S1118,PP07,12.0,12.0,0.0
2024-10-19,S1118,PP07,10.0,10.0,0.0
2024-10-26,S1118,PP07,12.0,12.0,0.0
2024-11-02,S1118,PP07,13.0,13.0,0.0
2024-11-09,S1118,PP07,13.0,13.0,0.0
2024-11-16,S1118,PP07,13.0,13.0,0.0
2024-11-23,S1118,PP07,15.0,15.0,0.0
2024-11-30,S1118,PP07,18.0,18.0,0.0
2024-12-07,S1118,PP07,17.0,17.0,0.0
2024-12-14,S1118,PP07,17.0,17.0,0.0
2024-12-21,S1118,PP07,15.0,15.0,0.0
2024-12-28,S1118,PP07,15.0,15.0,0.0
2025-01-04,S1118,PP07,11.0,11.0,0.0
2025-01-11,S1118,PP07,8.0,8.0,0.0
2025-01-18,S1118,PP07,9.0,9.0,0.0
2025-01-25,S1118,PP07,9.0,9.0,0.0
2025-02-01,S1118,PP07,11.0,11.0,0.0
2025-02-08,S1118,PP07,10.0,10.0,0.0
2025-02-15,S1118,PP07,9.0,9.0,0.0
2025-02-22,S1118,PP07,11.0,11.0,0.0
2025-03-01,S1118,PP07,13.0,13.0,0.0
2025-03-08,S1118,PP07,13.0,13.0,0.0
2025-03-15,S1118,PP07,10.0,10.0,0.0
2025-03-22,S1118,PP07,11.0,11.0,0.0
2025-03-29,S1118,PP07,11.0,11.0,0.0
2025-04-05,S1118,PP07,11.0,11.0,0.0
2025-04-12,S1118,PP07,12.0,12.0,0.0
2025-04-19,S1118,PP07,11.0,11.0,0.0
2025-04-26,S1118,PP07,11.0,11.0,0.0
2025-05-03,S1118,PP07,14.0,14.0,0.0
2025-05-10,S1118,PP07,11.0,11.0,0.0
2025-05-17,S1118,PP07,12.0,12.0,0.0
2025-05-24,S1118,PP07,11.0,11.0,0.0
2025-05-31,S1118,PP07,13.0,13.0,0.0
2025-06-07,S1118,PP07,12.0,12.0,0.0
2025-06-14,S1118,PP07,13.0,13.0,0.0
2025-06-21,S1118,PP07,11.0,11.0,0.0
2025-06-28,S1118,PP07,10.0,10.0,0.0
2025-07-05,S1118,PP07,11.0,11.0,0.0
2025-07-12,S1118,PP07,12.0,12.0,0.0
2025-07-19,S1118,PP07,12.0,12.0,0.0
2025-07-26,S1118,PP07,10.0,10.0,0.0
2025-08-02,S1118,PP07,13.0,13.0,0.0
2025-08-09,S1118,PP07,12.0,12.0,0.0
2025-08-16,S1118,PP07,12.0,12.0,0.0
2025-08-23,S1118,PP07,14.0,14.0,0.0
2025-08-30,S1118,PP07,10.0,10.0,0.0
2025-09-06,S1118,PP07,12.0,12.0,0.0
2025-09-13,S1118,PP07,12.0,12.0,0.0
2025-09-20,S1118,PP07,10.0,10.0,0.0
2025-09-27,S1118,PP07,11.0,11.0,0.0
2025-10-04,S1118,PP07,13.0,13.0,0.0
2025-10-11,S1118,PP07,14.0,14.0,0.0
2025-10-18,S1118,PP07,14.0,14.0,0.0
2025-10-25,S1118,PP07,16.0,16.0,0.0
2025-11-01,S1118,PP07,13.0,13.0,0.0
2025-11-08,S1118,PP07,12.0,12.0,0.0
2025-11-15,S1118,PP07,15.0,15.0,0.0
2025-11-22,S1118,PP07,17.0,17.0,0.0
2025-11-29,S1118,PP07,14.0,14.0,0.0
2025-12-06,S1118,PP07,16.0,16.0,0.0
2025-12-13,S1118,PP07,17.0,17.0,0.0
2025-12-20,S1118,PP07,17.0,17.0,0.0
2025-12-27,S1118,PP07,15.0,15.0,0.0
2026-01-03,S1118,PP07,11.0,11.0,0.0
2026-01-10,S1118,PP07,10.0,10.0,0.0
2026-01-17,S1118,PP07,9.0,9.0,0.0
2026-01-24,S1118,PP07,10.0,10.0,0.0
2026-01-31,S1118,PP07,9.0,9.0,0.0
2026-02-07,S1118,PP07,11.0,11.0,0.0
2026-02-14,S1118,PP07,10.0,10.0,0.0
2026-02-21,S1118,PP07,12.0,12.0,0.0
2026-02-28,S1118,PP07,12.0,12.0,0.0
2026-03-07,S1118,PP07,12.0,12.0,0.0
2026-03-14,S1118,PP07,14.0,14.0,0.0
2026-03-21,S1118,PP07,13.0,13.0,0.0
2026-03-28,S1118,PP07,12.0,12.0,0.0
2026-04-04,S1118,PP07,11.0,11.0,0.0
2026-04-11,S1118,PP07,11.0,11.0,0.0
2026-04-18,S1118,PP07,12.0,12.0,0.0
2026-04-25,S1118,PP07,13.0,13.0,0.0
2026-05-02,S1118,PP07,11.0,11.0,0.0
2026-05-09,S1118,PP07,11.0,11.0,0.0
2026-05-16,S1118,PP07,12.0,12.0,0.0
2026-05-23,S1118,PP07,12.0,12.0,0.0
2026-05-30,S1118,PP07,13.0,13.0,0.0
2026-06-06,S1118,PP07,13.0,13.0,0.0
2026-06-13,S1118,PP07,12.0,12.0,0.0
2026-06-20,S1118,PP07,13.0,13.0,0.0
2026-06-27,S1118,PP07,12.0,12.0,0.0
2026-07-04,S1118,PP07,12.0,12.0,0.0
2026-07-11,S1118,PP07,11.0,11.0,0.0
2026-07-18,S1118,PP07,13.0,13.0,0.0
2026-07-25,S1118,PP07,13.0,13.0,0.0
2022-08-06,S1119,PP08,6.0,6.0,0.0
2022-08-13,S1119,PP08,7.0,7.0,0.0
2022-08-20,S1119,PP08,7.0,7.0,0.0
2022-08-27,S1119,PP08,7.0,7.0,0.0
2022-09-03,S1119,PP08,7.0,7.0,0.0
2022-09-10,S1119,PP08,6.0,6.0,0.0
2022-09-17,S1119,PP08,7.0,7.0,0.0
2022-09-24,S1119,PP08,7.0,7.0,0.0
2022-10-01,S1119,PP08,6.0,6.0,0.0
2022-10-08,S1119,PP08,6.0,6.0,0.0
2022-10-15,S1119,PP08,7.0,7.0,0.0
2022-10-22,S1119,PP08,6.0,6.0,0.0
2022-10-29,S1119,PP08,8.0,8.0,0.0
2022-11-05,S1119,PP08,9.0,9.0,0.0
2022-11-12,S1119,PP08,10.0,10.0,0.0
2022-11-19,S1119,PP08,8.0,8.0,0.0
2022-11-26,S1119,PP08,10.0,10.0,0.0
2022-12-03,S1119,PP08,10.0,10.0,0.0
2022-12-10,S1119,PP08,9.0,9.0,0.0
2022-12-17,S1119,PP08,10.0,10.0,0.0
2022-12-24,S1119,PP08,9.0,9.0,0.0
2022-12-31,S1119,PP08,9.0,9.0,0.0
2023-01-07,S1119,PP08,6.0,6.0,0.0
2023-01-14,S1119,PP08,6.0,6.0,0.0
2023-01-21,S1119,PP08,6.0,6.0,0.0
2023-01-28,S1119,PP08,5.0,5.0,0.0
2023-02-04,S1119,PP08,6.0,6.0,0.0
2023-02-11,S1119,PP08,8.0,8.0,0.0
2023-02-18,S1119,PP08,7.0,7.0,0.0
2023-02-25,S1119,PP08,7.0,7.0,0.0
2023-03-04,S1119,PP08,8.0,8.0,0.0
2023-03-11,S1119,PP08,7.0,7.0,0.0
2023-03-18,S1119,PP08,6.0,6.0,0.0
2023-03-25,S1119,PP08,6.0,6.0,0.0
2023-04-01,S1119,PP08,8.0,8.0,0.0
2023-04-08,S1119,PP08,7.0,7.0,0.0
2023-04-15,S1119,PP08,6.0,6.0,0.0
2023-04-22,S1119,PP08,8.0,8.0,0.0
2023-04-29,S1119,PP08,6.0,6.0,0.0
2023-05-06,S1119,PP08,7.0,7.0,0.0
2023-05-13,S1119,PP08,8.0,8.0,0.0
2023-05-20,S1119,PP08,10.0,10.0,0.0
2023-05-27,S1119,PP08,8.0,8.0,0.0
2023-06-03,S1119,PP08,7.0,7.0,0.0
2023-06-10,S1119,PP08,7.0,7.0,0.0
2023-06-17,S1119,PP08,8.0,8.0,0.0
2023-06-24,S1119,PP08,8.0,8.0,0.0
2023-07-01,S1119,PP08,7.0,7.0,0.0
2023-07-08,S1119,PP08,7.0,7.0,0.0
2023-07-15,S1119,PP08,7.0,7.0,0.0
2023-07-22,S1119,PP08,8.0,8.0,0.0
2023-07-29,S1119,PP08,8.0,8.0,0.0
2023-08-05,S1119,PP08,6.0,6.0,0.0
2023-08-12,S1119,PP08,7.0,7.0,0.0
2023-08-19,S1119,PP08,7.0,7.0,0.0
2023-08-26,S1119,PP08,7.0,7.0,0.0
2023-09-02,S1119,PP08,6.0,6.0,0.0
2023-09-09,S1119,PP08,6.0,6.0,0.0
2023-09-16,S1119,PP08,8.0,8.0,0.0
2023-09-23,S1119,PP08,7.0,7.0,0.0
2023-09-30,S1119,PP08,7.0,7.0,0.0
2023-10-07,S1119,PP08,7.0,7.0,0.0
2023-10-14,S1119,PP08,8.0,8.0,0.0
2023-10-21,S1119,PP08,7.0,7.0,0.0
2023-10-28,S1119,PP08,7.0,7.0,0.0
2023-11-04,S1119,PP08,8.0,8.0,0.0
2023-11-11,S1119,PP08,9.0,9.0,0.0
2023-11-18,S1119,PP08,9.0,9.0,0.0
2023-11-25,S1119,PP08,10.0,10.0,0.0
2023-12-02,S1119,PP08,11.0,11.0,0.0
2023-12-09,S1119,PP08,14.0,12.0,2.0
2023-12-16,S1119,PP08,11.0,12.0,1.0
2023-12-23,S1119,PP08,9.0,10.0,0.0
2023-12-30,S1119,PP08,10.0,10.0,0.0
2024-01-06,S1119,PP08,8.0,8.0,0.0
2024-01-13,S1119,PP08,6.0,6.0,0.0
2024-01-20,S1119,PP08,6.0,6.0,0.0
2024-01-27,S1119,PP08,6.0,6.0,0.0
2024-02-03,S1119,PP08,5.0,5.0,0.0
2024-02-10,S1119,PP08,7.0,7.0,0.0
2024-02-17,S1119,PP08,7.0,7.0,0.0
2024-02-24,S1119,PP08,6.0,6.0,0.0
2024-03-02,S1119,PP08,8.0,8.0,0.0
2024-03-09,S1119,PP08,7.0,7.0,0.0
2024-03-16,S1119,PP08,7.0,7.0,0.0
2024-03-23,S1119,PP08,6.0,6.0,0.0
2024-03-30,S1119,PP08,7.0,7.0,0.0
2024-04-06,S1119,PP08,7.0,7.0,0.0
2024-04-13,S1119,PP08,7.0,7.0,0.0
2024-04-20,S1119,PP08,7.0,7.0,0.0
2024-04-27,S1119,PP08,10.0,10.0,0.0
2024-05-04,S1119,PP08,7.0,7.0,0.0
2024-05-11,S1119,PP08,7.0,7.0,0.0
2024-05-18,S1119,PP08,8.0,8.0,0.0
2024-05-25,S1119,PP08,7.0,7.0,0.0
2024-06-01,S1119,PP08,7.0,7.0,0.0
2024-06-08,S1119,PP08,8.0,8.0,0.0
2024-06-15,S1119,PP08,8.0,8.0,0.0
2024-06-22,S1119,PP08,8.0,8.0,0.0
2024-06-29,S1119,PP08,8.0,8.0,0.0
2024-07-06,S1119,PP08,7.0,7.0,0.0
2024-07-13,S1119,PP08,7.0,7.0,0.0
2024-07-20,S1119,PP08,7.0,7.0,0.0
2024-07-27,S1119,PP08,8.0,8.0,0.0
2024-08-03,S1119,PP08,8.0,8.0,0.0
2024-08-10,S1119,PP08,7.0,7.0,0.0
2024-08-17,S1119,PP08,8.0,8.0,0.0
2024-08-24,S1119,PP08,6.0,6.0,0.0
2024-08-31,S1119,PP08,7.0,7.0,0.0
2024-09-07,S1119,PP08,6.0,6.0,0.0
2024-09-14,S1119,PP08,6.0,6.0,0.0
2024-09-21,S1119,PP08,8.0,8.0,0.0
2024-09-28,S1119,PP08,6.0,6.0,0.0
2024-10-05,S1119,PP08,7.0,7.0,0.0
2024-10-12,S1119,PP08,8.0,8.0,0.0
2024-10-19,S1119,PP08,7.0,7.0,0.0
2024-10-26,S1119,PP08,8.0,8.0,0.0
2024-11-02,S1119,PP08,10.0,10.0,0.0
2024-11-09,S1119,PP08,9.0,9.0,0.0
2024-11-16,S1119,PP08,9.0,9.0,0.0
2024-11-23,S1119,PP08,10.0,10.0,0.0
2024-11-30,S1119,PP08,11.0,11.0,0.0
2024-12-07,S1119,PP08,12.0,12.0,0.0
2024-12-14,S1119,PP08,11.0,11.0,0.0
2024-12-21,S1119,PP08,10.0,10.0,0.0
2024-12-28,S1119,PP08,9.0,9.0,0.0
2025-01-04,S1119,PP08,7.0,7.0,0.0
2025-01-11,S1119,PP08,6.0,6.0,0.0
2025-01-18,S1119,PP08,6.0,6.0,0.0
2025-01-25,S1119,PP08,6.0,6.0,0.0
2025-02-01,S1119,PP08,5.0,5.0,0.0
2025-02-08,S1119,PP08,6.0,6.0,0.0
2025-02-15,S1119,PP08,7.0,7.0,0.0
2025-02-22,S1119,PP08,7.0,7.0,0.0
2025-03-01,S1119,PP08,8.0,8.0,0.0
2025-03-08,S1119,PP08,10.0,10.0,0.0
2025-03-15,S1119,PP08,6.0,6.0,0.0
2025-03-22,S1119,PP08,8.0,8.0,0.0
2025-03-29,S1119,PP08,8.0,8.0,0.0
2025-04-05,S1119,PP08,7.0,7.0,0.0
2025-04-12,S1119,PP08,8.0,8.0,0.0
2025-04-19,S1119,PP08,8.0,8.0,0.0
2025-04-26,S1119,PP08,8.0,8.0,0.0
2025-05-03,S1119,PP08,8.0,8.0,0.0
2025-05-10,S1119,PP08,9.0,9.0,0.0
2025-05-17,S1119,PP08,9.0,9.0,0.0
2025-05-24,S1119,PP08,8.0,8.0,0.0
2025-05-31,S1119,PP08,7.0,7.0,0.0
2025-06-07,S1119,PP08,10.0,10.0,0.0
2025-06-14,S1119,PP08,8.0,8.0,0.0
2025-06-21,S1119,PP08,8.0,8.0,0.0
2025-06-28,S1119,PP08,7.0,7.0,0.0
2025-07-05,S1119,PP08,8.0,8.0,0.0
2025-07-12,S1119,PP08,8.0,8.0,0.0
2025-07-19,S1119,PP08,7.0,7.0,0.0
2025-07-26,S1119,PP08,8.0,8.0,0.0
2025-08-02,S1119,PP08,8.0,8.0,0.0
2025-08-09,S1119,PP08,8.0,8.0,0.0
2025-08-16,S1119,PP08,7.0,7.0,0.0
2025-08-23,S1119,PP08,8.0,8.0,0.0
2025-08-30,S1119,PP08,9.0,9.0,0.0
2025-09-06,S1119,PP08,8.0,8.0,0.0
2025-09-13,S1119,PP08,7.0,7.0,0.0
2025-09-20,S1119,PP08,7.0,7.0,0.0
2025-09-27,S1119,PP08,7.0,7.0,0.0
2025-10-04,S1119,PP08,7.0,7.0,0.0
2025-10-11,S1119,PP08,8.0,8.0,0.0
2025-10-18,S1119,PP08,9.0,9.0,0.0
2025-10-25,S1119,PP08,8.0,8.0,0.0
2025-11-01,S1119,PP08,9.0,9.0,0.0
2025-11-08,S1119,PP08,9.0,9.0,0.0
2025-11-15,S1119,PP08,9.0,9.0,0.0
2025-11-22,S1119,PP08,11.0,11.0,0.0
2025-11-29,S1119,PP08,10.0,10.0,0.0
2025-12-06,S1119,PP08,11.0,11.0,0.0
2025-12-13,S1119,PP08,10.0,10.0,0.0
2025-12-20,S1119,PP08,11.0,11.0,0.0
2025-12-27,S1119,PP08,10.0,10.0,0.0
2026-01-03,S1119,PP08,9.0,9.0,0.0
2026-01-10,S1119,PP08,8.0,8.0,0.0
2026-01-17,S1119,PP08,6.0,6.0,0.0
2026-01-24,S1119,PP08,7.0,7.0,0.0
2026-01-31,S1119,PP08,6.0,6.0,0.0
2026-02-07,S1119,PP08,8.0,8.0,0.0
2026-02-14,S1119,PP08,9.0,9.0,0.0
2026-02-21,S1119,PP08,8.0,8.0,0.0
2026-02-28,S1119,PP08,9.0,9.0,0.0
2026-03-07,S1119,PP08,7.0,7.0,0.0
2026-03-14,S1119,PP08,8.0,8.0,0.0
2026-03-21,S1119,PP08,7.0,7.0,0.0
2026-03-28,S1119,PP08,8.0,8.0,0.0
2026-04-04,S1119,PP08,8.0,8.0,0.0
2026-04-11,S1119,PP08,8.0,8.0,0.0
2026-04-18,S1119,PP08,8.0,8.0,0.0
2026-04-25,S1119,PP08,8.0,8.0,0.0
2026-05-02,S1119,PP08,9.0,9.0,0.0
2026-05-09,S1119,PP08,8.0,8.0,0.0
2026-05-16,S1119,PP08,8.0,8.0,0.0
2026-05-23,S1119,PP08,7.0,7.0,0.0
2026-05-30,S1119,PP08,8.0,8.0,0.0
2026-06-06,S1119,PP08,7.0,7.0,0.0
2026-06-13,S1119,PP08,7.0,7.0,0.0
2026-06-20,S1119,PP08,8.0,8.0,0.0
2026-06-27,S1119,PP08,8.0,8.0,0.0
2026-07-04,S1119,PP08,8.0,8.0,0.0
2026-07-11,S1119,PP08,10.0,10.0,0.0
2026-07-18,S1119,PP08,7.0,7.0,0.0
2026-07-25,S1119,PP08,9.0,9.0,0.0
2022-08-06,S1120,PP08,12.0,12.0,0.0
2022-08-13,S1120,PP08,12.0,12.0,0.0
2022-08-20,S1120,PP08,13.0,13.0,0.0
2022-08-27,S1120,PP08,12.0,12.0,0.0
2022-09-03,S1120,PP08,11.0,11.0,0.0
2022-09-10,S1120,PP08,14.0,14.0,0.0
2022-09-17,S1120,PP08,10.0,10.0,0.0
2022-09-24,S1120,PP08,12.0,12.0,0.0
2022-10-01,S1120,PP08,12.0,12.0,0.0
2022-10-08,S1120,PP08,14.0,14.0,0.0
2022-10-15,S1120,PP08,12.0,12.0,0.0
2022-10-22,S1120,PP08,17.0,17.0,0.0
2022-10-29,S1120,PP08,14.0,14.0,0.0
2022-11-05,S1120,PP08,11.0,11.0,0.0
2022-11-12,S1120,PP08,12.0,12.0,0.0
2022-11-19,S1120,PP08,16.0,16.0,0.0
2022-11-26,S1120,PP08,15.0,15.0,0.0
2022-12-03,S1120,PP08,19.0,18.0,1.0
2022-12-10,S1120,PP08,18.0,18.0,1.0
2022-12-17,S1120,PP08,16.0,17.0,0.0
2022-12-24,S1120,PP08,14.0,14.0,0.0
2022-12-31,S1120,PP08,14.0,14.0,0.0
2023-01-07,S1120,PP08,9.0,9.0,0.0
2023-01-14,S1120,PP08,11.0,11.0,0.0
2023-01-21,S1120,PP08,11.0,11.0,0.0
2023-01-28,S1120,PP08,10.0,10.0,0.0
2023-02-04,S1120,PP08,9.0,9.0,0.0
2023-02-11,S1120,PP08,12.0,12.0,0.0
2023-02-18,S1120,PP08,11.0,11.0,0.0
2023-02-25,S1120,PP08,10.0,10.0,0.0
2023-03-04,S1120,PP08,14.0,14.0,0.0
2023-03-11,S1120,PP08,11.0,11.0,0.0
2023-03-18,S1120,PP08,11.0,11.0,0.0
2023-03-25,S1120,PP08,13.0,13.0,0.0
2023-04-01,S1120,PP08,12.0,12.0,0.0
2023-04-08,S1120,PP08,14.0,14.0,0.0
2023-04-15,S1120,PP08,12.0,12.0,0.0
2023-04-22,S1120,PP08,12.0,12.0,0.0
2023-04-29,S1120,PP08,13.0,13.0,0.0
2023-05-06,S1120,PP08,13.0,13.0,0.0
2023-05-13,S1120,PP08,13.0,13.0,0.0
2023-05-20,S1120,PP08,13.0,13.0,0.0
2023-05-27,S1120,PP08,13.0,13.0,0.0
2023-06-03,S1120,PP08,12.0,12.0,0.0
2023-06-10,S1120,PP08,14.0,14.0,0.0
2023-06-17,S1120,PP08,12.0,12.0,0.0
2023-06-24,S1120,PP08,13.0,13.0,0.0
2023-07-01,S1120,PP08,14.0,14.0,0.0
2023-07-08,S1120,PP08,12.0,12.0,0.0
2023-07-15,S1120,PP08,16.0,16.0,0.0
2023-07-22,S1120,PP08,12.0,12.0,0.0
2023-07-29,S1120,PP08,12.0,12.0,0.0
2023-08-05,S1120,PP08,14.0,14.0,0.0
2023-08-12,S1120,PP08,14.0,14.0,0.0
2023-08-19,S1120,PP08,13.0,13.0,0.0
2023-08-26,S1120,PP08,14.0,14.0,0.0
2023-09-02,S1120,PP08,13.0,13.0,0.0
2023-09-09,S1120,PP08,15.0,15.0,0.0
2023-09-16,S1120,PP08,12.0,12.0,0.0
2023-09-23,S1120,PP08,11.0,11.0,0.0
2023-09-30,S1120,PP08,11.0,11.0,0.0
2023-10-07,S1120,PP08,12.0,12.0,0.0
2023-10-14,S1120,PP08,13.0,13.0,0.0
2023-10-21,S1120,PP08,13.0,13.0,0.0
2023-10-28,S1120,PP08,12.0,12.0,0.0
2023-11-04,S1120,PP08,15.0,15.0,0.0
2023-11-11,S1120,PP08,18.0,18.0,0.0
2023-11-18,S1120,PP08,16.0,16.0,0.0
2023-11-25,S1120,PP08,20.0,18.0,2.0
2023-12-02,S1120,PP08,20.0,18.0,4.0
2023-12-09,S1120,PP08,24.0,18.0,10.0
2023-12-16,S1120,PP08,20.0,18.0,12.0
2023-12-23,S1120,PP08,17.0,18.0,11.0
2023-12-30,S1120,PP08,15.0,18.0,8.0
2024-01-06,S1120,PP08,11.0,18.0,1.0
2024-01-13,S1120,PP08,10.0,11.0,0.0
2024-01-20,S1120,PP08,11.0,11.0,0.0
2024-01-27,S1120,PP08,11.0,11.0,0.0
2024-02-03,S1120,PP08,11.0,11.0,0.0
2024-02-10,S1120,PP08,12.0,12.0,0.0
2024-02-17,S1120,PP08,13.0,13.0,0.0
2024-02-24,S1120,PP08,13.0,13.0,0.0
2024-03-02,S1120,PP08,13.0,13.0,0.0
2024-03-09,S1120,PP08,13.0,13.0,0.0
2024-03-16,S1120,PP08,11.0,11.0,0.0
2024-03-23,S1120,PP08,12.0,12.0,0.0
2024-03-30,S1120,PP08,13.0,13.0,0.0
2024-04-06,S1120,PP08,13.0,13.0,0.0
2024-04-13,S1120,PP08,13.0,13.0,0.0
2024-04-20,S1120,PP08,12.0,12.0,0.0
2024-04-27,S1120,PP08,13.0,13.0,0.0
2024-05-04,S1120,PP08,12.0,12.0,0.0
2024-05-11,S1120,PP08,12.0,12.0,0.0
2024-05-18,S1120,PP08,14.0,14.0,0.0
2024-05-25,S1120,PP08,15.0,15.0,0.0
2024-06-01,S1120,PP08,13.0,13.0,0.0
2024-06-08,S1120,PP08,16.0,16.0,0.0
2024-06-15,S1120,PP08,13.0,13.0,0.0
2024-06-22,S1120,PP08,13.0,13.0,0.0
2024-06-29,S1120,PP08,12.0,12.0,0.0
2024-07-06,S1120,PP08,12.0,12.0,0.0
2024-07-13,S1120,PP08,11.0,11.0,0.0
2024-07-20,S1120,PP08,11.0,11.0,0.0
2024-07-27,S1120,PP08,12.0,12.0,0.0
2024-08-03,S1120,PP08,13.0,13.0,0.0
2024-08-10,S1120,PP08,12.0,12.0,0.0
2024-08-17,S1120,PP08,13.0,13.0,0.0
2024-08-24,S1120,PP08,13.0,13.0,0.0
2024-08-31,S1120,PP08,11.0,11.0,0.0
2024-09-07,S1120,PP08,12.0,12.0,0.0
2024-09-14,S1120,PP08,13.0,13.0,0.0
2024-09-21,S1120,PP08,13.0,13.0,0.0
2024-09-28,S1120,PP08,13.0,13.0,0.0
2024-10-05,S1120,PP08,12.0,12.0,0.0
2024-10-12,S1120,PP08,12.0,12.0,0.0
2024-10-19,S1120,PP08,13.0,13.0,0.0
2024-10-26,S1120,PP08,16.0,16.0,0.0
2024-11-02,S1120,PP08,15.0,15.0,0.0
2024-11-09,S1120,PP08,15.0,15.0,0.0
2024-11-16,S1120,PP08,17.0,17.0,0.0
2024-11-23,S1120,PP08,17.0,17.0,0.0
2024-11-30,S1120,PP08,19.0,18.0,1.0
2024-12-07,S1120,PP08,19.0,18.0,2.0
2024-12-14,S1120,PP08,19.0,18.0,3.0
2024-12-21,S1120,PP08,19.0,18.0,4.0
2024-12-28,S1120,PP08,12.0,16.0,0.0
2025-01-04,S1120,PP08,13.0,13.0,0.0
2025-01-11,S1120,PP08,10.0,10.0,0.0
2025-01-18,S1120,PP08,9.0,9.0,0.0
2025-01-25,S1120,PP08,10.0,10.0,0.0
2025-02-01,S1120,PP08,11.0,11.0,0.0
2025-02-08,S1120,PP08,12.0,12.0,0.0
2025-02-15,S1120,PP08,13.0,13.0,0.0
2025-02-22,S1120,PP08,13.0,13.0,0.0
2025-03-01,S1120,PP08,11.0,11.0,0.0
2025-03-08,S1120,PP08,13.0,13.0,0.0
2025-03-15,S1120,PP08,14.0,14.0,0.0
2025-03-22,S1120,PP08,13.0,13.0,0.0
2025-03-29,S1120,PP08,14.0,14.0,0.0
2025-04-05,S1120,PP08,11.0,11.0,0.0
2025-04-12,S1120,PP08,12.0,12.0,0.0
2025-04-19,S1120,PP08,15.0,15.0,0.0
2025-04-26,S1120,PP08,13.0,13.0,0.0
2025-05-03,S1120,PP08,17.0,17.0,0.0
2025-05-10,S1120,PP08,13.0,13.0,0.0
2025-05-17,S1120,PP08,17.0,17.0,0.0
2025-05-24,S1120,PP08,13.0,13.0,0.0
2025-05-31,S1120,PP08,15.0,15.0,0.0
2025-06-07,S1120,PP08,13.0,13.0,0.0
2025-06-14,S1120,PP08,13.0,13.0,0.0
2025-06-21,S1120,PP08,14.0,14.0,0.0
2025-06-28,S1120,PP08,13.0,13.0,0.0
2025-07-05,S1120,PP08,15.0,15.0,0.0
2025-07-12,S1120,PP08,13.0,13.0,0.0
2025-07-19,S1120,PP08,14.0,14.0,0.0
2025-07-26,S1120,PP08,11.0,11.0,0.0
2025-08-02,S1120,PP08,14.0,14.0,0.0
2025-08-09,S1120,PP08,16.0,16.0,0.0
2025-08-16,S1120,PP08,15.0,15.0,0.0
2025-08-23,S1120,PP08,15.0,15.0,0.0
2025-08-30,S1120,PP08,13.0,13.0,0.0
2025-09-06,S1120,PP08,15.0,15.0,0.0
2025-09-13,S1120,PP08,13.0,13.0,0.0
2025-09-20,S1120,PP08,12.0,12.0,0.0
2025-09-27,S1120,PP08,14.0,14.0,0.0
2025-10-04,S1120,PP08,14.0,14.0,0.0
2025-10-11,S1120,PP08,14.0,14.0,0.0
2025-10-18,S1120,PP08,13.0,13.0,0.0
2025-10-25,S1120,PP08,15.0,15.0,0.0
2025-11-01,S1120,PP08,18.0,18.0,0.0
2025-11-08,S1120,PP08,17.0,17.0,0.0
2025-11-15,S1120,PP08,14.0,14.0,0.0
2025-11-22,S1120,PP08,17.0,17.0,0.0
2025-11-29,S1120,PP08,18.0,18.0,0.0
2025-12-06,S1120,PP08,19.0,18.0,1.0
2025-12-13,S1120,PP08,17.0,18.0,0.0
2025-12-20,S1120,PP08,23.0,18.0,5.0
2025-12-27,S1120,PP08,15.0,18.0,2.0
2026-01-03,S1120,PP08,13.0,15.0,0.0
2026-01-10,S1120,PP08,9.0,9.0,0.0
2026-01-17,S1120,PP08,12.0,12.0,0.0
2026-01-24,S1120,PP08,11.0,11.0,0.0
2026-01-31,S1120,PP08,11.0,11.0,0.0
2026-02-07,S1120,PP08,12.0,12.0,0.0
2026-02-14,S1120,PP08,14.0,14.0,0.0
2026-02-21,S1120,PP08,12.0,12.0,0.0
2026-02-28,S1120,PP08,11.0,11.0,0.0
2026-03-07,S1120,PP08,12.0,12.0,0.0
2026-03-14,S1120,PP08,12.0,12.0,0.0
2026-03-21,S1120,PP08,14.0,14.0,0.0
2026-03-28,S1120,PP08,15.0,15.0,0.0
2026-04-04,S1120,PP08,16.0,16.0,0.0
2026-04-11,S1120,PP08,12.0,12.0,0.0
2026-04-18,S1120,PP08,15.0,15.0,0.0
2026-04-25,S1120,PP08,13.0,13.0,0.0
2026-05-02,S1120,PP08,20.0,18.0,2.0
2026-05-09,S1120,PP08,17.0,18.0,1.0
2026-05-16,S1120,PP08,18.0,18.0,1.0
2026-05-23,S1120,PP08,16.0,17.0,0.0
2026-05-30,S1120,PP08,15.0,15.0,0.0
2026-06-06,S1120,PP08,14.0,14.0,0.0
2026-06-13,S1120,PP08,13.0,13.0,0.0
2026-06-20,S1120,PP08,13.0,13.0,0.0
2026-06-27,S1120,PP08,15.0,15.0,0.0
2026-07-04,S1120,PP08,17.0,17.0,0.0
2026-07-11,S1120,PP08,14.0,14.0,0.0
2026-07-18,S1120,PP08,13.0,13.0,0.0
2026-07-25,S1120,PP08,12.0,12.0,0.0
2022-08-06,S1121,PP08,11.0,11.0,0.0
2022-08-13,S1121,PP08,13.0,13.0,0.0
2022-08-20,S1121,PP08,12.0,12.0,0.0
2022-08-27,S1121,PP08,12.0,12.0,0.0
2022-09-03,S1121,PP08,11.0,11.0,0.0
2022-09-10,S1121,PP08,11.0,11.0,0.0
2022-09-17,S1121,PP08,12.0,12.0,0.0
2022-09-24,S1121,PP08,9.0,9.0,0.0
2022-10-01,S1121,PP08,10.0,10.0,0.0
2022-10-08,S1121,PP08,12.0,12.0,0.0
2022-10-15,S1121,PP08,10.0,10.0,0.0
2022-10-22,S1121,PP08,11.0,11.0,0.0
2022-10-29,S1121,PP08,12.0,12.0,0.0
2022-11-05,S1121,PP08,12.0,12.0,0.0
2022-11-12,S1121,PP08,14.0,14.0,0.0
2022-11-19,S1121,PP08,16.0,16.0,0.0
2022-11-26,S1121,PP08,15.0,15.0,0.0
2022-12-03,S1121,PP08,18.0,16.0,2.0
2022-12-10,S1121,PP08,15.0,16.0,1.0
2022-12-17,S1121,PP08,15.0,16.0,0.0
2022-12-24,S1121,PP08,17.0,16.0,1.0
2022-12-31,S1121,PP08,14.0,15.0,0.0
2023-01-07,S1121,PP08,9.0,9.0,0.0
2023-01-14,S1121,PP08,8.0,8.0,0.0
2023-01-21,S1121,PP08,9.0,9.0,0.0
2023-01-28,S1121,PP08,10.0,10.0,0.0
2023-02-04,S1121,PP08,11.0,11.0,0.0
2023-02-11,S1121,PP08,12.0,12.0,0.0
2023-02-18,S1121,PP08,10.0,10.0,0.0
2023-02-25,S1121,PP08,11.0,11.0,0.0
2023-03-04,S1121,PP08,11.0,11.0,0.0
2023-03-11,S1121,PP08,11.0,11.0,0.0
2023-03-18,S1121,PP08,9.0,9.0,0.0
2023-03-25,S1121,PP08,12.0,12.0,0.0
2023-04-01,S1121,PP08,11.0,11.0,0.0
2023-04-08,S1121,PP08,11.0,11.0,0.0
2023-04-15,S1121,PP08,10.0,10.0,0.0
2023-04-22,S1121,PP08,13.0,13.0,0.0
2023-04-29,S1121,PP08,11.0,11.0,0.0
2023-05-06,S1121,PP08,10.0,10.0,0.0
2023-05-13,S1121,PP08,10.0,10.0,0.0
2023-05-20,S1121,PP08,12.0,12.0,0.0
2023-05-27,S1121,PP08,12.0,12.0,0.0
2023-06-03,S1121,PP08,11.0,11.0,0.0
2023-06-10,S1121,PP08,11.0,11.0,0.0
2023-06-17,S1121,PP08,12.0,12.0,0.0
2023-06-24,S1121,PP08,11.0,11.0,0.0
2023-07-01,S1121,PP08,10.0,10.0,0.0
2023-07-08,S1121,PP08,12.0,12.0,0.0
2023-07-15,S1121,PP08,12.0,12.0,0.0
2023-07-22,S1121,PP08,12.0,12.0,0.0
2023-07-29,S1121,PP08,10.0,10.0,0.0
2023-08-05,S1121,PP08,10.0,10.0,0.0
2023-08-12,S1121,PP08,12.0,12.0,0.0
2023-08-19,S1121,PP08,12.0,12.0,0.0
2023-08-26,S1121,PP08,12.0,12.0,0.0
2023-09-02,S1121,PP08,12.0,12.0,0.0
2023-09-09,S1121,PP08,10.0,10.0,0.0
2023-09-16,S1121,PP08,10.0,10.0,0.0
2023-09-23,S1121,PP08,10.0,10.0,0.0
2023-09-30,S1121,PP08,10.0,10.0,0.0
2023-10-07,S1121,PP08,12.0,12.0,0.0
2023-10-14,S1121,PP08,10.0,10.0,0.0
2023-10-21,S1121,PP08,11.0,11.0,0.0
2023-10-28,S1121,PP08,14.0,14.0,0.0
2023-11-04,S1121,PP08,14.0,14.0,0.0
2023-11-11,S1121,PP08,12.0,12.0,0.0
2023-11-18,S1121,PP08,16.0,16.0,0.0
2023-11-25,S1121,PP08,13.0,13.0,0.0
2023-12-02,S1121,PP08,15.0,15.0,0.0
2023-12-09,S1121,PP08,17.0,16.0,1.0
2023-12-16,S1121,PP08,16.0,16.0,1.0
2023-12-23,S1121,PP08,15.0,16.0,0.0
2023-12-30,S1121,PP08,12.0,12.0,0.0
2024-01-06,S1121,PP08,11.0,11.0,0.0
2024-01-13,S1121,PP08,8.0,8.0,0.0
2024-01-20,S1121,PP08,9.0,9.0,0.0
2024-01-27,S1121,PP08,9.0,9.0,0.0
2024-02-03,S1121,PP08,8.0,8.0,0.0
2024-02-10,S1121,PP08,11.0,11.0,0.0
2024-02-17,S1121,PP08,10.0,10.0,0.0
2024-02-24,S1121,PP08,10.0,10.0,0.0
2024-03-02,S1121,PP08,10.0,10.0,0.0
2024-03-09,S1121,PP08,10.0,10.0,0.0
2024-03-16,S1121,PP08,11.0,11.0,0.0
2024-03-23,S1121,PP08,13.0,13.0,0.0
2024-03-30,S1121,PP08,13.0,13.0,0.0
2024-04-06,S1121,PP08,8.0,8.0,0.0
2024-04-13,S1121,PP08,11.0,11.0,0.0
2024-04-20,S1121,PP08,12.0,12.0,0.0
2024-04-27,S1121,PP08,11.0,11.0,0.0
2024-05-04,S1121,PP08,13.0,13.0,0.0
2024-05-11,S1121,PP08,14.0,14.0,0.0
2024-05-18,S1121,PP08,10.0,10.0,0.0
2024-05-25,S1121,PP08,12.0,12.0,0.0
2024-06-01,S1121,PP08,14.0,14.0,0.0
2024-06-08,S1121,PP08,10.0,10.0,0.0
2024-06-15,S1121,PP08,11.0,11.0,0.0
2024-06-22,S1121,PP08,11.0,11.0,0.0
2024-06-29,S1121,PP08,12.0,12.0,0.0
2024-07-06,S1121,PP08,13.0,13.0,0.0
2024-07-13,S1121,PP08,11.0,11.0,0.0
2024-07-20,S1121,PP08,11.0,11.0,0.0
2024-07-27,S1121,PP08,10.0,10.0,0.0
2024-08-03,S1121,PP08,13.0,13.0,0.0
2024-08-10,S1121,PP08,11.0,11.0,0.0
2024-08-17,S1121,PP08,11.0,11.0,0.0
2024-08-24,S1121,PP08,12.0,12.0,0.0
2024-08-31,S1121,PP08,11.0,11.0,0.0
2024-09-07,S1121,PP08,12.0,12.0,0.0
2024-09-14,S1121,PP08,11.0,11.0,0.0
2024-09-21,S1121,PP08,11.0,11.0,0.0
2024-09-28,S1121,PP08,11.0,11.0,0.0
2024-10-05,S1121,PP08,10.0,10.0,0.0
2024-10-12,S1121,PP08,11.0,11.0,0.0
2024-10-19,S1121,PP08,13.0,13.0,0.0
2024-10-26,S1121,PP08,11.0,11.0,0.0
2024-11-02,S1121,PP08,12.0,12.0,0.0
2024-11-09,S1121,PP08,12.0,12.0,0.0
2024-11-16,S1121,PP08,14.0,14.0,0.0
2024-11-23,S1121,PP08,17.0,16.0,1.0
2024-11-30,S1121,PP08,17.0,16.0,2.0
2024-12-07,S1121,PP08,14.0,16.0,0.0
2024-12-14,S1121,PP08,19.0,16.0,3.0
2024-12-21,S1121,PP08,15.0,16.0,2.0
2024-12-28,S1121,PP08,14.0,16.0,0.0
2025-01-04,S1121,PP08,11.0,11.0,0.0
2025-01-11,S1121,PP08,8.0,8.0,0.0
2025-01-18,S1121,PP08,9.0,9.0,0.0
2025-01-25,S1121,PP08,9.0,9.0,0.0
2025-02-01,S1121,PP08,10.0,10.0,0.0
2025-02-08,S1121,PP08,9.0,9.0,0.0
2025-02-15,S1121,PP08,9.0,9.0,0.0
2025-02-22,S1121,PP08,11.0,11.0,0.0
2025-03-01,S1121,PP08,12.0,12.0,0.0
2025-03-08,S1121,PP08,12.0,12.0,0.0
2025-03-15,S1121,PP08,11.0,11.0,0.0
2025-03-22,S1121,PP08,11.0,11.0,0.0
2025-03-29,S1121,PP08,11.0,11.0,0.0
2025-04-05,S1121,PP08,13.0,13.0,0.0
2025-04-12,S1121,PP08,11.0,11.0,0.0
2025-04-19,S1121,PP08,13.0,13.0,0.0
2025-04-26,S1121,PP08,13.0,13.0,0.0
2025-05-03,S1121,PP08,14.0,14.0,0.0
2025-05-10,S1121,PP08,14.0,14.0,0.0
2025-05-17,S1121,PP08,13.0,13.0,0.0
2025-05-24,S1121,PP08,11.0,11.0,0.0
2025-05-31,S1121,PP08,13.0,13.0,0.0
2025-06-07,S1121,PP08,12.0,12.0,0.0
2025-06-14,S1121,PP08,11.0,11.0,0.0
2025-06-21,S1121,PP08,13.0,13.0,0.0
2025-06-28,S1121,PP08,12.0,12.0,0.0
2025-07-05,S1121,PP08,11.0,11.0,0.0
2025-07-12,S1121,PP08,13.0,13.0,0.0
2025-07-19,S1121,PP08,12.0,12.0,0.0
2025-07-26,S1121,PP08,12.0,12.0,0.0
2025-08-02,S1121,PP08,11.0,11.0,0.0
2025-08-09,S1121,PP08,12.0,12.0,0.0
2025-08-16,S1121,PP08,12.0,12.0,0.0
2025-08-23,S1121,PP08,13.0,13.0,0.0
2025-08-30,S1121,PP08,11.0,11.0,0.0
2025-09-06,S1121,PP08,9.0,9.0,0.0
2025-09-13,S1121,PP08,11.0,11.0,0.0
2025-09-20,S1121,PP08,11.0,11.0,0.0
2025-09-27,S1121,PP08,11.0,11.0,0.0
2025-10-04,S1121,PP08,13.0,13.0,0.0
2025-10-11,S1121,PP08,12.0,12.0,0.0
2025-10-18,S1121,PP08,14.0,14.0,0.0
2025-10-25,S1121,PP08,13.0,13.0,0.0
2025-11-01,S1121,PP08,15.0,15.0,0.0
2025-11-08,S1121,PP08,13.0,13.0,0.0
2025-11-15,S1121,PP08,15.0,15.0,0.0
2025-11-22,S1121,PP08,14.0,14.0,0.0
2025-11-29,S1121,PP08,16.0,16.0,0.0
2025-12-06,S1121,PP08,18.0,16.0,2.0
2025-12-13,S1121,PP08,16.0,16.0,2.0
2025-12-20,S1121,PP08,17.0,16.0,3.0
2025-12-27,S1121,PP08,14.0,16.0,1.0
2026-01-03,S1121,PP08,12.0,13.0,0.0
2026-01-10,S1121,PP08,9.0,9.0,0.0
2026-01-17,S1121,PP08,10.0,10.0,0.0
2026-01-24,S1121,PP08,12.0,12.0,0.0
2026-01-31,S1121,PP08,12.0,12.0,0.0
2026-02-07,S1121,PP08,13.0,13.0,0.0
2026-02-14,S1121,PP08,11.0,11.0,0.0
2026-02-21,S1121,PP08,11.0,11.0,0.0
2026-02-28,S1121,PP08,12.0,12.0,0.0
2026-03-07,S1121,PP08,12.0,12.0,0.0
2026-03-14,S1121,PP08,10.0,10.0,0.0
2026-03-21,S1121,PP08,13.0,13.0,0.0
2026-03-28,S1121,PP08,12.0,12.0,0.0
2026-04-04,S1121,PP08,10.0,10.0,0.0
2026-04-11,S1121,PP08,11.0,11.0,0.0
2026-04-18,S1121,PP08,12.0,12.0,0.0
2026-04-25,S1121,PP08,13.0,13.0,0.0
2026-05-02,S1121,PP08,13.0,13.0,0.0
2026-05-09,S1121,PP08,15.0,15.0,0.0
2026-05-16,S1121,PP08,11.0,11.0,0.0
2026-05-23,S1121,PP08,13.0,13.0,0.0
2026-05-30,S1121,PP08,12.0,12.0,0.0
2026-06-06,S1121,PP08,14.0,14.0,0.0
2026-06-13,S1121,PP08,12.0,12.0,0.0
2026-06-20,S1121,PP08,12.0,12.0,0.0
2026-06-27,S1121,PP08,14.0,14.0,0.0
2026-07-04,S1121,PP08,14.0,14.0,0.0
2026-07-11,S1121,PP08,15.0,15.0,0.0
2026-07-18,S1121,PP08,11.0,11.0,0.0
2026-07-25,S1121,PP08,13.0,13.0,0.0
2022-08-06,S1122,PP08,17.0,17.0,0.0
2022-08-13,S1122,PP08,16.0,16.0,0.0
2022-08-20,S1122,PP08,16.0,16.0,0.0
2022-08-27,S1122,PP08,18.0,18.0,0.0
2022-09-03,S1122,PP08,17.0,17.0,0.0
2022-09-10,S1122,PP08,17.0,17.0,0.0
2022-09-17,S1122,PP08,16.0,16.0,0.0
2022-09-24,S1122,PP08,19.0,19.0,0.0
2022-10-01,S1122,PP08,15.0,15.0,0.0
2022-10-08,S1122,PP08,13.0,13.0,0.0
2022-10-15,S1122,PP08,15.0,15.0,0.0
2022-10-22,S1122,PP08,17.0,17.0,0.0
2022-10-29,S1122,PP08,20.0,20.0,0.0
2022-11-05,S1122,PP08,17.0,17.0,0.0
2022-11-12,S1122,PP08,19.0,19.0,0.0
2022-11-19,S1122,PP08,17.0,17.0,0.0
2022-11-26,S1122,PP08,24.0,24.0,0.0
2022-12-03,S1122,PP08,23.0,23.0,0.0
2022-12-10,S1122,PP08,24.0,24.0,0.0
2022-12-17,S1122,PP08,29.0,24.0,5.0
2022-12-24,S1122,PP08,22.0,24.0,3.0
2022-12-31,S1122,PP08,16.0,19.0,0.0
2023-01-07,S1122,PP08,14.0,14.0,0.0
2023-01-14,S1122,PP08,16.0,16.0,0.0
2023-01-21,S1122,PP08,16.0,16.0,0.0
2023-01-28,S1122,PP08,15.0,15.0,0.0
2023-02-04,S1122,PP08,12.0,12.0,0.0
2023-02-11,S1122,PP08,17.0,17.0,0.0
2023-02-18,S1122,PP08,14.0,14.0,0.0
2023-02-25,S1122,PP08,17.0,17.0,0.0
2023-03-04,S1122,PP08,14.0,14.0,0.0
2023-03-11,S1122,PP08,16.0,16.0,0.0
2023-03-18,S1122,PP08,15.0,15.0,0.0
2023-03-25,S1122,PP08,15.0,15.0,0.0
2023-04-01,S1122,PP08,17.0,17.0,0.0
2023-04-08,S1122,PP08,14.0,14.0,0.0
2023-04-15,S1122,PP08,20.0,20.0,0.0
2023-04-22,S1122,PP08,15.0,15.0,0.0
2023-04-29,S1122,PP08,15.0,15.0,0.0
2023-05-06,S1122,PP08,18.0,18.0,0.0
2023-05-13,S1122,PP08,19.0,19.0,0.0
2023-05-20,S1122,PP08,16.0,16.0,0.0
2023-05-27,S1122,PP08,15.0,15.0,0.0
2023-06-03,S1122,PP08,15.0,15.0,0.0
2023-06-10,S1122,PP08,15.0,15.0,0.0
2023-06-17,S1122,PP08,17.0,17.0,0.0
2023-06-24,S1122,PP08,16.0,16.0,0.0
2023-07-01,S1122,PP08,17.0,17.0,0.0
2023-07-08,S1122,PP08,17.0,17.0,0.0
2023-07-15,S1122,PP08,17.0,17.0,0.0
2023-07-22,S1122,PP08,16.0,16.0,0.0
2023-07-29,S1122,PP08,15.0,15.0,0.0
2023-08-05,S1122,PP08,17.0,17.0,0.0
2023-08-12,S1122,PP08,17.0,17.0,0.0
2023-08-19,S1122,PP08,17.0,17.0,0.0
2023-08-26,S1122,PP08,15.0,15.0,0.0
2023-09-02,S1122,PP08,17.0,17.0,0.0
2023-09-09,S1122,PP08,14.0,14.0,0.0
2023-09-16,S1122,PP08,15.0,15.0,0.0
2023-09-23,S1122,PP08,17.0,17.0,0.0
2023-09-30,S1122,PP08,14.0,14.0,0.0
2023-10-07,S1122,PP08,17.0,17.0,0.0
2023-10-14,S1122,PP08,14.0,14.0,0.0
2023-10-21,S1122,PP08,14.0,14.0,0.0
2023-10-28,S1122,PP08,15.0,15.0,0.0
2023-11-04,S1122,PP08,18.0,18.0,0.0
2023-11-11,S1122,PP08,20.0,20.0,0.0
2023-11-18,S1122,PP08,23.0,23.0,0.0
2023-11-25,S1122,PP08,25.0,24.0,1.0
2023-12-02,S1122,PP08,26.0,24.0,3.0
2023-12-09,S1122,PP08,23.0,24.0,2.0
2023-12-16,S1122,PP08,22.0,24.0,0.0
2023-12-23,S1122,PP08,23.0,23.0,0.0
2023-12-30,S1122,PP08,21.0,21.0,0.0
2024-01-06,S1122,PP08,13.0,13.0,0.0
2024-01-13,S1122,PP08,14.0,14.0,0.0
2024-01-20,S1122,PP08,11.0,11.0,0.0
2024-01-27,S1122,PP08,14.0,14.0,0.0
2024-02-03,S1122,PP08,14.0,14.0,0.0
2024-02-10,S1122,PP08,15.0,15.0,0.0
2024-02-17,S1122,PP08,15.0,15.0,0.0
2024-02-24,S1122,PP08,14.0,14.0,0.0
2024-03-02,S1122,PP08,16.0,16.0,0.0
2024-03-09,S1122,PP08,16.0,16.0,0.0
2024-03-16,S1122,PP08,18.0,18.0,0.0
2024-03-23,S1122,PP08,19.0,19.0,0.0
2024-03-30,S1122,PP08,16.0,16.0,0.0
2024-04-06,S1122,PP08,15.0,15.0,0.0
2024-04-13,S1122,PP08,14.0,14.0,0.0
2024-04-20,S1122,PP08,19.0,19.0,0.0
2024-04-27,S1122,PP08,20.0,20.0,0.0
2024-05-04,S1122,PP08,19.0,19.0,0.0
2024-05-11,S1122,PP08,18.0,18.0,0.0
2024-05-18,S1122,PP08,19.0,19.0,0.0
2024-05-25,S1122,PP08,20.0,20.0,0.0
2024-06-01,S1122,PP08,16.0,16.0,0.0
2024-06-08,S1122,PP08,17.0,17.0,0.0
2024-06-15,S1122,PP08,15.0,15.0,0.0
2024-06-22,S1122,PP08,16.0,16.0,0.0
2024-06-29,S1122,PP08,19.0,19.0,0.0
2024-07-06,S1122,PP08,18.0,18.0,0.0
2024-07-13,S1122,PP08,17.0,17.0,0.0
2024-07-20,S1122,PP08,13.0,13.0,0.0
2024-07-27,S1122,PP08,16.0,16.0,0.0
2024-08-03,S1122,PP08,17.0,17.0,0.0
2024-08-10,S1122,PP08,17.0,17.0,0.0
2024-08-17,S1122,PP08,17.0,17.0,0.0
2024-08-24,S1122,PP08,17.0,17.0,0.0
2024-08-31,S1122,PP08,15.0,15.0,0.0
2024-09-07,S1122,PP08,16.0,16.0,0.0
2024-09-14,S1122,PP08,15.0,15.0,0.0
2024-09-21,S1122,PP08,14.0,14.0,0.0
2024-09-28,S1122,PP08,19.0,19.0,0.0
2024-10-05,S1122,PP08,15.0,15.0,0.0
2024-10-12,S1122,PP08,13.0,13.0,0.0
2024-10-19,S1122,PP08,20.0,20.0,0.0
2024-10-26,S1122,PP08,16.0,16.0,0.0
2024-11-02,S1122,PP08,20.0,20.0,0.0
2024-11-09,S1122,PP08,18.0,18.0,0.0
2024-11-16,S1122,PP08,22.0,22.0,0.0
2024-11-23,S1122,PP08,22.0,22.0,0.0
2024-11-30,S1122,PP08,26.0,24.0,2.0
2024-12-07,S1122,PP08,25.0,24.0,3.0
2024-12-14,S1122,PP08,24.0,24.0,3.0
2024-12-21,S1122,PP08,23.0,24.0,2.0
2024-12-28,S1122,PP08,19.0,21.0,0.0
2025-01-04,S1122,PP08,14.0,14.0,0.0
2025-01-11,S1122,PP08,13.0,13.0,0.0
2025-01-18,S1122,PP08,18.0,18.0,0.0
2025-01-25,S1122,PP08,12.0,12.0,0.0
2025-02-01,S1122,PP08,15.0,15.0,0.0
2025-02-08,S1122,PP08,15.0,15.0,0.0
2025-02-15,S1122,PP08,18.0,18.0,0.0
2025-02-22,S1122,PP08,14.0,14.0,0.0
2025-03-01,S1122,PP08,16.0,16.0,0.0
2025-03-08,S1122,PP08,18.0,18.0,0.0
2025-03-15,S1122,PP08,16.0,16.0,0.0
2025-03-22,S1122,PP08,15.0,15.0,0.0
2025-03-29,S1122,PP08,17.0,17.0,0.0
2025-04-05,S1122,PP08,16.0,16.0,0.0
2025-04-12,S1122,PP08,16.0,16.0,0.0
2025-04-19,S1122,PP08,19.0,19.0,0.0
2025-04-26,S1122,PP08,18.0,18.0,0.0
2025-05-03,S1122,PP08,19.0,19.0,0.0
2025-05-10,S1122,PP08,19.0,19.0,0.0
2025-05-17,S1122,PP08,20.0,20.0,0.0
2025-05-24,S1122,PP08,20.0,20.0,0.0
2025-05-31,S1122,PP08,17.0,17.0,0.0
2025-06-07,S1122,PP08,19.0,19.0,0.0
2025-06-14,S1122,PP08,15.0,15.0,0.0
2025-06-21,S1122,PP08,14.0,14.0,0.0
2025-06-28,S1122,PP08,21.0,21.0,0.0
2025-07-05,S1122,PP08,17.0,17.0,0.0
2025-07-12,S1122,PP08,18.0,18.0,0.0
2025-07-19,S1122,PP08,16.0,16.0,0.0
2025-07-26,S1122,PP08,16.0,16.0,0.0
2025-08-02,S1122,PP08,17.0,17.0,0.0
2025-08-09,S1122,PP08,20.0,20.0,0.0
2025-08-16,S1122,PP08,17.0,17.0,0.0
2025-08-23,S1122,PP08,17.0,17.0,0.0
2025-08-30,S1122,PP08,16.0,16.0,0.0
2025-09-06,S1122,PP08,19.0,19.0,0.0
2025-09-13,S1122,PP08,18.0,18.0,0.0
2025-09-20,S1122,PP08,16.0,16.0,0.0
2025-09-27,S1122,PP08,18.0,18.0,0.0
2025-10-04,S1122,PP08,17.0,17.0,0.0
2025-10-11,S1122,PP08,17.0,17.0,0.0
2025-10-18,S1122,PP08,18.0,18.0,0.0
2025-10-25,S1122,PP08,20.0,20.0,0.0
2025-11-01,S1122,PP08,18.0,18.0,0.0
2025-11-08,S1122,PP08,22.0,22.0,0.0
2025-11-15,S1122,PP08,28.0,24.0,4.0
2025-11-22,S1122,PP08,24.0,24.0,4.0
2025-11-29,S1122,PP08,25.0,24.0,5.0
2025-12-06,S1122,PP08,26.0,24.0,7.0
2025-12-13,S1122,PP08,29.0,24.0,12.0
2025-12-20,S1122,PP08,21.0,24.0,9.0
2025-12-27,S1122,PP08,25.0,24.0,10.0
2026-01-03,S1122,PP08,20.0,24.0,6.0
2026-01-10,S1122,PP08,14.0,20.0,0.0
2026-01-17,S1122,PP08,14.0,14.0,0.0
2026-01-24,S1122,PP08,14.0,14.0,0.0
2026-01-31,S1122,PP08,16.0,16.0,0.0
2026-02-07,S1122,PP08,16.0,16.0,0.0
2026-02-14,S1122,PP08,17.0,17.0,0.0
2026-02-21,S1122,PP08,15.0,15.0,0.0
2026-02-28,S1122,PP08,16.0,16.0,0.0
2026-03-07,S1122,PP08,20.0,20.0,0.0
2026-03-14,S1122,PP08,17.0,17.0,0.0
2026-03-21,S1122,PP08,14.0,14.0,0.0
2026-03-28,S1122,PP08,17.0,17.0,0.0
2026-04-04,S1122,PP08,23.0,23.0,0.0
2026-04-11,S1122,PP08,19.0,19.0,0.0
2026-04-18,S1122,PP08,17.0,17.0,0.0
2026-04-25,S1122,PP08,18.0,18.0,0.0
2026-05-02,S1122,PP08,20.0,20.0,0.0
2026-05-09,S1122,PP08,16.0,16.0,0.0
2026-05-16,S1122,PP08,18.0,18.0,0.0
2026-05-23,S1122,PP08,20.0,20.0,0.0
2026-05-30,S1122,PP08,22.0,22.0,0.0
2026-06-06,S1122,PP08,17.0,17.0,0.0
2026-06-13,S1122,PP08,21.0,21.0,0.0
2026-06-20,S1122,PP08,17.0,17.0,0.0
2026-06-27,S1122,PP08,13.0,13.0,0.0
2026-07-04,S1122,PP08,20.0,20.0,0.0
2026-07-11,S1122,PP08,20.0,20.0,0.0
2026-07-18,S1122,PP08,20.0,20.0,0.0
2026-07-25,S1122,PP08,20.0,20.0,0.0
2022-08-06,S1123,PP08,12.0,12.0,0.0
2022-08-13,S1123,PP08,11.0,11.0,0.0
2022-08-20,S1123,PP08,11.0,11.0,0.0
2022-08-27,S1123,PP08,11.0,11.0,0.0
2022-09-03,S1123,PP08,11.0,11.0,0.0
2022-09-10,S1123,PP08,9.0,9.0,0.0
2022-09-17,S1123,PP08,10.0,10.0,0.0
2022-09-24,S1123,PP08,11.0,11.0,0.0
2022-10-01,S1123,PP08,9.0,9.0,0.0
2022-10-08,S1123,PP08,9.0,9.0,0.0
2022-10-15,S1123,PP08,11.0,11.0,0.0
2022-10-22,S1123,PP08,12.0,12.0,0.0
2022-10-29,S1123,PP08,12.0,12.0,0.0
2022-11-05,S1123,PP08,10.0,10.0,0.0
2022-11-12,S1123,PP08,16.0,16.0,0.0
2022-11-19,S1123,PP08,12.0,12.0,0.0
2022-11-26,S1123,PP08,14.0,14.0,0.0
2022-12-03,S1123,PP08,15.0,15.0,0.0
2022-12-10,S1123,PP08,20.0,18.0,2.0
2022-12-17,S1123,PP08,17.0,18.0,1.0
2022-12-24,S1123,PP08,14.0,15.0,0.0
2022-12-31,S1123,PP08,12.0,12.0,0.0
2023-01-07,S1123,PP08,10.0,10.0,0.0
2023-01-14,S1123,PP08,8.0,8.0,0.0
2023-01-21,S1123,PP08,10.0,10.0,0.0
2023-01-28,S1123,PP08,9.0,9.0,0.0
2023-02-04,S1123,PP08,11.0,11.0,0.0
2023-02-11,S1123,PP08,11.0,11.0,0.0
2023-02-18,S1123,PP08,10.0,10.0,0.0
2023-02-25,S1123,PP08,9.0,9.0,0.0
2023-03-04,S1123,PP08,11.0,11.0,0.0
2023-03-11,S1123,PP08,10.0,10.0,0.0
2023-03-18,S1123,PP08,11.0,11.0,0.0
2023-03-25,S1123,PP08,11.0,11.0,0.0
2023-04-01,S1123,PP08,11.0,11.0,0.0
2023-04-08,S1123,PP08,10.0,10.0,0.0
2023-04-15,S1123,PP08,13.0,13.0,0.0
2023-04-22,S1123,PP08,11.0,11.0,0.0
2023-04-29,S1123,PP08,15.0,15.0,0.0
2023-05-06,S1123,PP08,12.0,12.0,0.0
2023-05-13,S1123,PP08,12.0,12.0,0.0
2023-05-20,S1123,PP08,12.0,12.0,0.0
2023-05-27,S1123,PP08,12.0,12.0,0.0
2023-06-03,S1123,PP08,13.0,13.0,0.0
2023-06-10,S1123,PP08,13.0,13.0,0.0
2023-06-17,S1123,PP08,10.0,10.0,0.0
2023-06-24,S1123,PP08,13.0,13.0,0.0
2023-07-01,S1123,PP08,12.0,12.0,0.0
2023-07-08,S1123,PP08,12.0,12.0,0.0
2023-07-15,S1123,PP08,14.0,14.0,0.0
2023-07-22,S1123,PP08,14.0,14.0,0.0
2023-07-29,S1123,PP08,13.0,13.0,0.0
2023-08-05,S1123,PP08,11.0,11.0,0.0
2023-08-12,S1123,PP08,11.0,11.0,0.0
2023-08-19,S1123,PP08,13.0,13.0,0.0
2023-08-26,S1123,PP08,13.0,13.0,0.0
2023-09-02,S1123,PP08,9.0,9.0,0.0
2023-09-09,S1123,PP08,12.0,12.0,0.0
2023-09-16,S1123,PP08,11.0,11.0,0.0
2023-09-23,S1123,PP08,9.0,9.0,0.0
2023-09-30,S1123,PP08,12.0,12.0,0.0
2023-10-07,S1123,PP08,12.0,12.0,0.0
2023-10-14,S1123,PP08,11.0,11.0,0.0
2023-10-21,S1123,PP08,11.0,11.0,0.0
2023-10-28,S1123,PP08,15.0,15.0,0.0
2023-11-04,S1123,PP08,12.0,12.0,0.0
2023-11-11,S1123,PP08,15.0,15.0,0.0
2023-11-18,S1123,PP08,13.0,13.0,0.0
2023-11-25,S1123,PP08,16.0,16.0,0.0
2023-12-02,S1123,PP08,18.0,18.0,0.0
2023-12-09,S1123,PP08,20.0,18.0,2.0
2023-12-16,S1123,PP08,20.0,18.0,4.0
2023-12-23,S1123,PP08,14.0,18.0,0.0
2023-12-30,S1123,PP08,14.0,14.0,0.0
2024-01-06,S1123,PP08,9.0,9.0,0.0
2024-01-13,S1123,PP08,8.0,8.0,0.0
2024-01-20,S1123,PP08,9.0,9.0,0.0
2024-01-27,S1123,PP08,10.0,10.0,0.0
2024-02-03,S1123,PP08,12.0,12.0,0.0
2024-02-10,S1123,PP08,13.0,13.0,0.0
2024-02-17,S1123,PP08,11.0,11.0,0.0
2024-02-24,S1123,PP08,11.0,11.0,0.0
2024-03-02,S1123,PP08,12.0,12.0,0.0
2024-03-09,S1123,PP08,12.0,12.0,0.0
2024-03-16,S1123,PP08,11.0,11.0,0.0
2024-03-23,S1123,PP08,12.0,12.0,0.0
2024-03-30,S1123,PP08,11.0,11.0,0.0
2024-04-06,S1123,PP08,11.0,11.0,0.0
2024-04-13,S1123,PP08,11.0,11.0,0.0
2024-04-20,S1123,PP08,12.0,12.0,0.0
2024-04-27,S1123,PP08,12.0,12.0,0.0
2024-05-04,S1123,PP08,11.0,11.0,0.0
2024-05-11,S1123,PP08,14.0,14.0,0.0
2024-05-18,S1123,PP08,13.0,13.0,0.0
2024-05-25,S1123,PP08,15.0,15.0,0.0
2024-06-01,S1123,PP08,13.0,13.0,0.0
2024-06-08,S1123,PP08,12.0,12.0,0.0
2024-06-15,S1123,PP08,11.0,11.0,0.0
2024-06-22,S1123,PP08,12.0,12.0,0.0
2024-06-29,S1123,PP08,12.0,12.0,0.0
2024-07-06,S1123,PP08,11.0,11.0,0.0
2024-07-13,S1123,PP08,10.0,10.0,0.0
2024-07-20,S1123,PP08,11.0,11.0,0.0
2024-07-27,S1123,PP08,12.0,12.0,0.0
2024-08-03,S1123,PP08,13.0,13.0,0.0
2024-08-10,S1123,PP08,11.0,11.0,0.0
2024-08-17,S1123,PP08,13.0,13.0,0.0
2024-08-24,S1123,PP08,12.0,12.0,0.0
2024-08-31,S1123,PP08,11.0,11.0,0.0
2024-09-07,S1123,PP08,11.0,11.0,0.0
2024-09-14,S1123,PP08,10.0,10.0,0.0
2024-09-21,S1123,PP08,11.0,11.0,0.0
2024-09-28,S1123,PP08,13.0,13.0,0.0
2024-10-05,S1123,PP08,13.0,13.0,0.0
2024-10-12,S1123,PP08,10.0,10.0,0.0
2024-10-19,S1123,PP08,12.0,12.0,0.0
2024-10-26,S1123,PP08,10.0,10.0,0.0
2024-11-02,S1123,PP08,13.0,13.0,0.0
2024-11-09,S1123,PP08,15.0,15.0,0.0
2024-11-16,S1123,PP08,17.0,17.0,0.0
2024-11-23,S1123,PP08,13.0,13.0,0.0
2024-11-30,S1123,PP08,15.0,15.0,0.0
2024-12-07,S1123,PP08,18.0,18.0,0.0
2024-12-14,S1123,PP08,16.0,16.0,0.0
2024-12-21,S1123,PP08,16.0,16.0,0.0
2024-12-28,S1123,PP08,15.0,15.0,0.0
2025-01-04,S1123,PP08,10.0,10.0,0.0
2025-01-11,S1123,PP08,10.0,10.0,0.0
2025-01-18,S1123,PP08,8.0,8.0,0.0
2025-01-25,S1123,PP08,11.0,11.0,0.0
2025-02-01,S1123,PP08,11.0,11.0,0.0
2025-02-08,S1123,PP08,10.0,10.0,0.0
2025-02-15,S1123,PP08,10.0,10.0,0.0
2025-02-22,S1123,PP08,12.0,12.0,0.0
2025-03-01,S1123,PP08,13.0,13.0,0.0
2025-03-08,S1123,PP08,11.0,11.0,0.0
2025-03-15,S1123,PP08,11.0,11.0,0.0
2025-03-22,S1123,PP08,11.0,11.0,0.0
2025-03-29,S1123,PP08,14.0,14.0,0.0
2025-04-05,S1123,PP08,10.0,10.0,0.0
2025-04-12,S1123,PP08,14.0,14.0,0.0
2025-04-19,S1123,PP08,12.0,12.0,0.0
2025-04-26,S1123,PP08,13.0,13.0,0.0
2025-05-03,S1123,PP08,13.0,13.0,0.0
2025-05-10,S1123,PP08,14.0,14.0,0.0
2025-05-17,S1123,PP08,12.0,12.0,0.0
2025-05-24,S1123,PP08,14.0,14.0,0.0
2025-05-31,S1123,PP08,14.0,14.0,0.0
2025-06-07,S1123,PP08,11.0,11.0,0.0
2025-06-14,S1123,PP08,13.0,13.0,0.0
2025-06-21,S1123,PP08,12.0,12.0,0.0
2025-06-28,S1123,PP08,13.0,13.0,0.0
2025-07-05,S1123,PP08,15.0,15.0,0.0
2025-07-12,S1123,PP08,12.0,12.0,0.0
2025-07-19,S1123,PP08,14.0,14.0,0.0
2025-07-26,S1123,PP08,14.0,14.0,0.0
2025-08-02,S1123,PP08,13.0,13.0,0.0
2025-08-09,S1123,PP08,14.0,14.0,0.0
2025-08-16,S1123,PP08,14.0,14.0,0.0
2025-08-23,S1123,PP08,11.0,11.0,0.0
2025-08-30,S1123,PP08,12.0,12.0,0.0
2025-09-06,S1123,PP08,11.0,11.0,0.0
2025-09-13,S1123,PP08,11.0,11.0,0.0
2025-09-20,S1123,PP08,14.0,14.0,0.0
2025-09-27,S1123,PP08,13.0,13.0,0.0
2025-10-04,S1123,PP08,11.0,11.0,0.0
2025-10-11,S1123,PP08,12.0,12.0,0.0
2025-10-18,S1123,PP08,13.0,13.0,0.0
2025-10-25,S1123,PP08,15.0,15.0,0.0
2025-11-01,S1123,PP08,13.0,13.0,0.0
2025-11-08,S1123,PP08,13.0,13.0,0.0
2025-11-15,S1123,PP08,16.0,16.0,0.0
2025-11-22,S1123,PP08,18.0,18.0,0.0
2025-11-29,S1123,PP08,18.0,18.0,0.0
2025-12-06,S1123,PP08,17.0,17.0,0.0
2025-12-13,S1123,PP08,23.0,18.0,5.0
2025-12-20,S1123,PP08,17.0,18.0,4.0
2025-12-27,S1123,PP08,15.0,18.0,1.0
2026-01-03,S1123,PP08,12.0,13.0,0.0
2026-01-10,S1123,PP08,12.0,12.0,0.0
2026-01-17,S1123,PP08,11.0,11.0,0.0
2026-01-24,S1123,PP08,11.0,11.0,0.0
2026-01-31,S1123,PP08,10.0,10.0,0.0
2026-02-07,S1123,PP08,13.0,13.0,0.0
2026-02-14,S1123,PP08,13.0,13.0,0.0
2026-02-21,S1123,PP08,13.0,13.0,0.0
2026-02-28,S1123,PP08,12.0,12.0,0.0
2026-03-07,S1123,PP08,12.0,12.0,0.0
2026-03-14,S1123,PP08,12.0,12.0,0.0
2026-03-21,S1123,PP08,16.0,16.0,0.0
2026-03-28,S1123,PP08,12.0,12.0,0.0
2026-04-04,S1123,PP08,11.0,11.0,0.0
2026-04-11,S1123,PP08,12.0,12.0,0.0
2026-04-18,S1123,PP08,12.0,12.0,0.0
2026-04-25,S1123,PP08,15.0,15.0,0.0
2026-05-02,S1123,PP08,12.0,12.0,0.0
2026-05-09,S1123,PP08,13.0,13.0,0.0
2026-05-16,S1123,PP08,14.0,14.0,0.0
2026-05-23,S1123,PP08,15.0,15.0,0.0
2026-05-30,S1123,PP08,14.0,14.0,0.0
2026-06-06,S1123,PP08,15.0,15.0,0.0
2026-06-13,S1123,PP08,13.0,13.0,0.0
2026-06-20,S1123,PP08,13.0,13.0,0.0
2026-06-27,S1123,PP08,14.0,14.0,0.0
2026-07-04,S1123,PP08,12.0,12.0,0.0
2026-07-11,S1123,PP08,11.0,11.0,0.0
2026-07-18,S1123,PP08,15.0,15.0,0.0
2026-07-25,S1123,PP08,14.0,14.0,0.0
2022-08-06,S1124,PP08,16.0,16.0,0.0
2022-08-13,S1124,PP08,13.0,13.0,0.0
2022-08-20,S1124,PP08,16.0,16.0,0.0
2022-08-27,S1124,PP08,15.0,15.0,0.0
2022-09-03,S1124,PP08,14.0,14.0,0.0
2022-09-10,S1124,PP08,14.0,14.0,0.0
2022-09-17,S1124,PP08,14.0,14.0,0.0
2022-09-24,S1124,PP08,12.0,12.0,0.0
2022-10-01,S1124,PP08,13.0,13.0,0.0
2022-10-08,S1124,PP08,14.0,14.0,0.0
2022-10-15,S1124,PP08,13.0,13.0,0.0
2022-10-22,S1124,PP08,13.0,13.0,0.0
2022-10-29,S1124,PP08,16.0,16.0,0.0
2022-11-05,S1124,PP08,17.0,17.0,0.0
2022-11-12,S1124,PP08,18.0,18.0,0.0
2022-11-19,S1124,PP08,19.0,19.0,0.0
2022-11-26,S1124,PP08,21.0,21.0,0.0
2022-12-03,S1124,PP08,23.0,21.0,2.0
2022-12-10,S1124,PP08,22.0,21.0,3.0
2022-12-17,S1124,PP08,16.0,19.0,0.0
2022-12-24,S1124,PP08,20.0,20.0,0.0
2022-12-31,S1124,PP08,14.0,14.0,0.0
2023-01-07,S1124,PP08,11.0,11.0,0.0
2023-01-14,S1124,PP08,10.0,10.0,0.0
2023-01-21,S1124,PP08,15.0,15.0,0.0
2023-01-28,S1124,PP08,12.0,12.0,0.0
2023-02-04,S1124,PP08,11.0,11.0,0.0
2023-02-11,S1124,PP08,12.0,12.0,0.0
2023-02-18,S1124,PP08,13.0,13.0,0.0
2023-02-25,S1124,PP08,14.0,14.0,0.0
2023-03-04,S1124,PP08,14.0,14.0,0.0
2023-03-11,S1124,PP08,13.0,13.0,0.0
2023-03-18,S1124,PP08,14.0,14.0,0.0
2023-03-25,S1124,PP08,13.0,13.0,0.0
2023-04-01,S1124,PP08,16.0,16.0,0.0
2023-04-08,S1124,PP08,14.0,14.0,0.0
2023-04-15,S1124,PP08,13.0,13.0,0.0
2023-04-22,S1124,PP08,15.0,15.0,0.0
2023-04-29,S1124,PP08,15.0,15.0,0.0
2023-05-06,S1124,PP08,14.0,14.0,0.0
2023-05-13,S1124,PP08,16.0,16.0,0.0
2023-05-20,S1124,PP08,16.0,16.0,0.0
2023-05-27,S1124,PP08,16.0,16.0,0.0
2023-06-03,S1124,PP08,15.0,15.0,0.0
2023-06-10,S1124,PP08,14.0,14.0,0.0
2023-06-17,S1124,PP08,12.0,12.0,0.0
2023-06-24,S1124,PP08,14.0,14.0,0.0
2023-07-01,S1124,PP08,15.0,15.0,0.0
2023-07-08,S1124,PP08,14.0,14.0,0.0
2023-07-15,S1124,PP08,11.0,11.0,0.0
2023-07-22,S1124,PP08,15.0,15.0,0.0
2023-07-29,S1124,PP08,13.0,13.0,0.0
2023-08-05,S1124,PP08,16.0,16.0,0.0
2023-08-12,S1124,PP08,18.0,18.0,0.0
2023-08-19,S1124,PP08,14.0,14.0,0.0
2023-08-26,S1124,PP08,15.0,15.0,0.0
2023-09-02,S1124,PP08,14.0,14.0,0.0
2023-09-09,S1124,PP08,15.0,15.0,0.0
2023-09-16,S1124,PP08,14.0,14.0,0.0
2023-09-23,S1124,PP08,13.0,13.0,0.0
2023-09-30,S1124,PP08,12.0,12.0,0.0
2023-10-07,S1124,PP08,16.0,16.0,0.0
2023-10-14,S1124,PP08,14.0,14.0,0.0
2023-10-21,S1124,PP08,16.0,16.0,0.0
2023-10-28,S1124,PP08,16.0,16.0,0.0
2023-11-04,S1124,PP08,17.0,17.0,0.0
2023-11-11,S1124,PP08,15.0,15.0,0.0
2023-11-18,S1124,PP08,18.0,18.0,0.0
2023-11-25,S1124,PP08,20.0,20.0,0.0
2023-12-02,S1124,PP08,24.0,21.0,3.0
2023-12-09,S1124,PP08,29.0,21.0,11.0
2023-12-16,S1124,PP08,22.0,21.0,12.0
2023-12-23,S1124,PP08,18.0,21.0,9.0
2023-12-30,S1124,PP08,14.0,21.0,2.0
2024-01-06,S1124,PP08,12.0,14.0,0.0
2024-01-13,S1124,PP08,10.0,10.0,0.0
2024-01-20,S1124,PP08,9.0,9.0,0.0
2024-01-27,S1124,PP08,11.0,11.0,0.0
2024-02-03,S1124,PP08,14.0,14.0,0.0
2024-02-10,S1124,PP08,13.0,13.0,0.0
2024-02-17,S1124,PP08,13.0,13.0,0.0
2024-02-24,S1124,PP08,12.0,12.0,0.0
2024-03-02,S1124,PP08,15.0,15.0,0.0
2024-03-09,S1124,PP08,15.0,15.0,0.0
2024-03-16,S1124,PP08,14.0,14.0,0.0
2024-03-23,S1124,PP08,11.0,11.0,0.0
2024-03-30,S1124,PP08,13.0,13.0,0.0
2024-04-06,S1124,PP08,15.0,15.0,0.0
2024-04-13,S1124,PP08,14.0,14.0,0.0
2024-04-20,S1124,PP08,15.0,15.0,0.0
2024-04-27,S1124,PP08,16.0,16.0,0.0
2024-05-04,S1124,PP08,15.0,15.0,0.0
2024-05-11,S1124,PP08,17.0,17.0,0.0
2024-05-18,S1124,PP08,14.0,14.0,0.0
2024-05-25,S1124,PP08,13.0,13.0,0.0
2024-06-01,S1124,PP08,16.0,16.0,0.0
2024-06-08,S1124,PP08,16.0,16.0,0.0
2024-06-15,S1124,PP08,15.0,15.0,0.0
2024-06-22,S1124,PP08,15.0,15.0,0.0
2024-06-29,S1124,PP08,14.0,14.0,0.0
2024-07-06,S1124,PP08,15.0,15.0,0.0
2024-07-13,S1124,PP08,15.0,15.0,0.0
2024-07-20,S1124,PP08,15.0,15.0,0.0
2024-07-27,S1124,PP08,19.0,19.0,0.0
2024-08-03,S1124,PP08,14.0,14.0,0.0
2024-08-10,S1124,PP08,21.0,21.0,0.0
2024-08-17,S1124,PP08,13.0,13.0,0.0
2024-08-24,S1124,PP08,15.0,15.0,0.0
2024-08-31,S1124,PP08,13.0,13.0,0.0
2024-09-07,S1124,PP08,14.0,14.0,0.0
2024-09-14,S1124,PP08,15.0,15.0,0.0
2024-09-21,S1124,PP08,14.0,14.0,0.0
2024-09-28,S1124,PP08,15.0,15.0,0.0
2024-10-05,S1124,PP08,14.0,14.0,0.0
2024-10-12,S1124,PP08,12.0,12.0,0.0
2024-10-19,S1124,PP08,16.0,16.0,0.0
2024-10-26,S1124,PP08,16.0,16.0,0.0
2024-11-02,S1124,PP08,16.0,16.0,0.0
2024-11-09,S1124,PP08,16.0,16.0,0.0
2024-11-16,S1124,PP08,19.0,19.0,0.0
2024-11-23,S1124,PP08,18.0,18.0,0.0
2024-11-30,S1124,PP08,22.0,21.0,1.0
2024-12-07,S1124,PP08,25.0,21.0,5.0
2024-12-14,S1124,PP08,28.0,21.0,12.0
2024-12-21,S1124,PP08,23.0,21.0,14.0
2024-12-28,S1124,PP08,17.0,21.0,10.0
2025-01-04,S1124,PP08,15.0,21.0,4.0
2025-01-11,S1124,PP08,11.0,15.0,0.0
2025-01-18,S1124,PP08,11.0,11.0,0.0
2025-01-25,S1124,PP08,13.0,13.0,0.0
2025-02-01,S1124,PP08,12.0,12.0,0.0
2025-02-08,S1124,PP08,14.0,14.0,0.0
2025-02-15,S1124,PP08,12.0,12.0,0.0
2025-02-22,S1124,PP08,16.0,16.0,0.0
2025-03-01,S1124,PP08,14.0,14.0,0.0
2025-03-08,S1124,PP08,16.0,16.0,0.0
2025-03-15,S1124,PP08,14.0,14.0,0.0
2025-03-22,S1124,PP08,14.0,14.0,0.0
2025-03-29,S1124,PP08,17.0,17.0,0.0
2025-04-05,S1124,PP08,14.0,14.0,0.0
2025-04-12,S1124,PP08,13.0,13.0,0.0
2025-04-19,S1124,PP08,14.0,14.0,0.0
2025-04-26,S1124,PP08,17.0,17.0,0.0
2025-05-03,S1124,PP08,17.0,17.0,0.0
2025-05-10,S1124,PP08,15.0,15.0,0.0
2025-05-17,S1124,PP08,15.0,15.0,0.0
2025-05-24,S1124,PP08,17.0,17.0,0.0
2025-05-31,S1124,PP08,18.0,18.0,0.0
2025-06-07,S1124,PP08,15.0,15.0,0.0
2025-06-14,S1124,PP08,16.0,16.0,0.0
2025-06-21,S1124,PP08,17.0,17.0,0.0
2025-06-28,S1124,PP08,19.0,19.0,0.0
2025-07-05,S1124,PP08,14.0,14.0,0.0
2025-07-12,S1124,PP08,15.0,15.0,0.0
2025-07-19,S1124,PP08,15.0,15.0,0.0
2025-07-26,S1124,PP08,17.0,17.0,0.0
2025-08-02,S1124,PP08,16.0,16.0,0.0
2025-08-09,S1124,PP08,17.0,17.0,0.0
2025-08-16,S1124,PP08,16.0,16.0,0.0
2025-08-23,S1124,PP08,16.0,16.0,0.0
2025-08-30,S1124,PP08,15.0,15.0,0.0
2025-09-06,S1124,PP08,16.0,16.0,0.0
2025-09-13,S1124,PP08,13.0,13.0,0.0
2025-09-20,S1124,PP08,14.0,14.0,0.0
2025-09-27,S1124,PP08,13.0,13.0,0.0
2025-10-04,S1124,PP08,15.0,15.0,0.0
2025-10-11,S1124,PP08,15.0,15.0,0.0
2025-10-18,S1124,PP08,18.0,18.0,0.0
2025-10-25,S1124,PP08,17.0,17.0,0.0
2025-11-01,S1124,PP08,17.0,17.0,0.0
2025-11-08,S1124,PP08,18.0,18.0,0.0
2025-11-15,S1124,PP08,23.0,21.0,2.0
2025-11-22,S1124,PP08,18.0,20.0,0.0
2025-11-29,S1124,PP08,21.0,21.0,0.0
2025-12-06,S1124,PP08,23.0,21.0,2.0
2025-12-13,S1124,PP08,23.0,21.0,4.0
2025-12-20,S1124,PP08,22.0,21.0,5.0
2025-12-27,S1124,PP08,18.0,21.0,2.0
2026-01-03,S1124,PP08,16.0,18.0,0.0
2026-01-10,S1124,PP08,13.0,13.0,0.0
2026-01-17,S1124,PP08,12.0,12.0,0.0
2026-01-24,S1124,PP08,11.0,11.0,0.0
2026-01-31,S1124,PP08,14.0,14.0,0.0
2026-02-07,S1124,PP08,12.0,12.0,0.0
2026-02-14,S1124,PP08,14.0,14.0,0.0
2026-02-21,S1124,PP08,16.0,16.0,0.0
2026-02-28,S1124,PP08,17.0,17.0,0.0
2026-03-07,S1124,PP08,20.0,20.0,0.0
2026-03-14,S1124,PP08,15.0,15.0,0.0
2026-03-21,S1124,PP08,14.0,14.0,0.0
2026-03-28,S1124,PP08,16.0,16.0,0.0
2026-04-04,S1124,PP08,19.0,19.0,0.0
2026-04-11,S1124,PP08,18.0,18.0,0.0
2026-04-18,S1124,PP08,14.0,14.0,0.0
2026-04-25,S1124,PP08,16.0,16.0,0.0
2026-05-02,S1124,PP08,18.0,18.0,0.0
2026-05-09,S1124,PP08,19.0,19.0,0.0
2026-05-16,S1124,PP08,18.0,18.0,0.0
2026-05-23,S1124,PP08,16.0,16.0,0.0
2026-05-30,S1124,PP08,17.0,17.0,0.0
2026-06-06,S1124,PP08,18.0,18.0,0.0
2026-06-13,S1124,PP08,15.0,15.0,0.0
2026-06-20,S1124,PP08,18.0,18.0,0.0
2026-06-27,S1124,PP08,18.0,18.0,0.0
2026-07-04,S1124,PP08,15.0,15.0,0.0
2026-07-11,S1124,PP08,18.0,18.0,0.0
2026-07-18,S1124,PP08,18.0,18.0,0.0
2026-07-25,S1124,PP08,18.0,18.0,0.0
2022-08-06,S1125,PP08,11.0,11.0,0.0
2022-08-13,S1125,PP08,9.0,9.0,0.0
2022-08-20,S1125,PP08,9.0,9.0,0.0
2022-08-27,S1125,PP08,7.0,7.0,0.0
2022-09-03,S1125,PP08,10.0,10.0,0.0
2022-09-10,S1125,PP08,9.0,9.0,0.0
2022-09-17,S1125,PP08,10.0,10.0,0.0
2022-09-24,S1125,PP08,8.0,8.0,0.0
2022-10-01,S1125,PP08,9.0,9.0,0.0
2022-10-08,S1125,PP08,10.0,10.0,0.0
2022-10-15,S1125,PP08,8.0,8.0,0.0
2022-10-22,S1125,PP08,10.0,10.0,0.0
2022-10-29,S1125,PP08,10.0,10.0,0.0
2022-11-05,S1125,PP08,8.0,8.0,0.0
2022-11-12,S1125,PP08,11.0,11.0,0.0
2022-11-19,S1125,PP08,10.0,10.0,0.0
2022-11-26,S1125,PP08,10.0,10.0,0.0
2022-12-03,S1125,PP08,13.0,13.0,0.0
2022-12-10,S1125,PP08,14.0,14.0,0.0
2022-12-17,S1125,PP08,15.0,14.0,1.0
2022-12-24,S1125,PP08,11.0,12.0,0.0
2022-12-31,S1125,PP08,10.0,10.0,0.0
2023-01-07,S1125,PP08,8.0,8.0,0.0
2023-01-14,S1125,PP08,8.0,8.0,0.0
2023-01-21,S1125,PP08,7.0,7.0,0.0
2023-01-28,S1125,PP08,8.0,8.0,0.0
2023-02-04,S1125,PP08,8.0,8.0,0.0
2023-02-11,S1125,PP08,9.0,9.0,0.0
2023-02-18,S1125,PP08,8.0,8.0,0.0
2023-02-25,S1125,PP08,8.0,8.0,0.0
2023-03-04,S1125,PP08,8.0,8.0,0.0
2023-03-11,S1125,PP08,10.0,10.0,0.0
2023-03-18,S1125,PP08,7.0,7.0,0.0
2023-03-25,S1125,PP08,9.0,9.0,0.0
2023-04-01,S1125,PP08,10.0,10.0,0.0
2023-04-08,S1125,PP08,9.0,9.0,0.0
2023-04-15,S1125,PP08,11.0,11.0,0.0
2023-04-22,S1125,PP08,10.0,10.0,0.0
2023-04-29,S1125,PP08,9.0,9.0,0.0
2023-05-06,S1125,PP08,9.0,9.0,0.0
2023-05-13,S1125,PP08,10.0,10.0,0.0
2023-05-20,S1125,PP08,10.0,10.0,0.0
2023-05-27,S1125,PP08,9.0,9.0,0.0
2023-06-03,S1125,PP08,8.0,8.0,0.0
2023-06-10,S1125,PP08,8.0,8.0,0.0
2023-06-17,S1125,PP08,9.0,9.0,0.0
2023-06-24,S1125,PP08,8.0,8.0,0.0
2023-07-01,S1125,PP08,8.0,8.0,0.0
2023-07-08,S1125,PP08,7.0,7.0,0.0
2023-07-15,S1125,PP08,10.0,10.0,0.0
2023-07-22,S1125,PP08,10.0,10.0,0.0
2023-07-29,S1125,PP08,9.0,9.0,0.0
2023-08-05,S1125,PP08,11.0,11.0,0.0
2023-08-12,S1125,PP08,11.0,11.0,0.0
2023-08-19,S1125,PP08,10.0,10.0,0.0
2023-08-26,S1125,PP08,9.0,9.0,0.0
2023-09-02,S1125,PP08,9.0,9.0,0.0
2023-09-09,S1125,PP08,9.0,9.0,0.0
2023-09-16,S1125,PP08,8.0,8.0,0.0
2023-09-23,S1125,PP08,9.0,9.0,0.0
2023-09-30,S1125,PP08,9.0,9.0,0.0
2023-10-07,S1125,PP08,8.0,8.0,0.0
2023-10-14,S1125,PP08,10.0,10.0,0.0
2023-10-21,S1125,PP08,9.0,9.0,0.0
2023-10-28,S1125,PP08,10.0,10.0,0.0
2023-11-04,S1125,PP08,9.0,9.0,0.0
2023-11-11,S1125,PP08,10.0,10.0,0.0
2023-11-18,S1125,PP08,14.0,14.0,0.0
2023-11-25,S1125,PP08,11.0,11.0,0.0
2023-12-02,S1125,PP08,14.0,14.0,0.0
2023-12-09,S1125,PP08,13.0,13.0,0.0
2023-12-16,S1125,PP08,11.0,11.0,0.0
2023-12-23,S1125,PP08,12.0,12.0,0.0
2023-12-30,S1125,PP08,9.0,9.0,0.0
2024-01-06,S1125,PP08,9.0,9.0,0.0
2024-01-13,S1125,PP08,8.0,8.0,0.0
2024-01-20,S1125,PP08,7.0,7.0,0.0
2024-01-27,S1125,PP08,8.0,8.0,0.0
2024-02-03,S1125,PP08,7.0,7.0,0.0
2024-02-10,S1125,PP08,9.0,9.0,0.0
2024-02-17,S1125,PP08,8.0,8.0,0.0
2024-02-24,S1125,PP08,7.0,7.0,0.0
2024-03-02,S1125,PP08,9.0,9.0,0.0
2024-03-09,S1125,PP08,10.0,10.0,0.0
2024-03-16,S1125,PP08,10.0,10.0,0.0
2024-03-23,S1125,PP08,11.0,11.0,0.0
2024-03-30,S1125,PP08,10.0,10.0,0.0
2024-04-06,S1125,PP08,9.0,9.0,0.0
2024-04-13,S1125,PP08,10.0,10.0,0.0
2024-04-20,S1125,PP08,8.0,8.0,0.0
2024-04-27,S1125,PP08,8.0,8.0,0.0
2024-05-04,S1125,PP08,9.0,9.0,0.0
2024-05-11,S1125,PP08,11.0,11.0,0.0
2024-05-18,S1125,PP08,9.0,9.0,0.0
2024-05-25,S1125,PP08,10.0,10.0,0.0
2024-06-01,S1125,PP08,10.0,10.0,0.0
2024-06-08,S1125,PP08,10.0,10.0,0.0
2024-06-15,S1125,PP08,8.0,8.0,0.0
2024-06-22,S1125,PP08,9.0,9.0,0.0
2024-06-29,S1125,PP08,9.0,9.0,0.0
2024-07-06,S1125,PP08,11.0,11.0,0.0
2024-07-13,S1125,PP08,10.0,10.0,0.0
2024-07-20,S1125,PP08,9.0,9.0,0.0
2024-07-27,S1125,PP08,11.0,11.0,0.0
2024-08-03,S1125,PP08,10.0,10.0,0.0
2024-08-10,S1125,PP08,8.0,8.0,0.0
2024-08-17,S1125,PP08,9.0,9.0,0.0
2024-08-24,S1125,PP08,11.0,11.0,0.0
2024-08-31,S1125,PP08,8.0,8.0,0.0
2024-09-07,S1125,PP08,9.0,9.0,0.0
2024-09-14,S1125,PP08,7.0,7.0,0.0
2024-09-21,S1125,PP08,8.0,8.0,0.0
2024-09-28,S1125,PP08,8.0,8.0,0.0
2024-10-05,S1125,PP08,8.0,8.0,0.0
2024-10-12,S1125,PP08,8.0,8.0,0.0
2024-10-19,S1125,PP08,11.0,11.0,0.0
2024-10-26,S1125,PP08,10.0,10.0,0.0
2024-11-02,S1125,PP08,11.0,11.0,0.0
2024-11-09,S1125,PP08,12.0,12.0,0.0
2024-11-16,S1125,PP08,10.0,10.0,0.0
2024-11-23,S1125,PP08,11.0,11.0,0.0
2024-11-30,S1125,PP08,14.0,14.0,0.0
2024-12-07,S1125,PP08,13.0,13.0,0.0
2024-12-14,S1125,PP08,15.0,14.0,1.0
2024-12-21,S1125,PP08,15.0,14.0,2.0
2024-12-28,S1125,PP08,9.0,11.0,0.0
2025-01-04,S1125,PP08,9.0,9.0,0.0
2025-01-11,S1125,PP08,7.0,7.0,0.0
2025-01-18,S1125,PP08,7.0,7.0,0.0
2025-01-25,S1125,PP08,7.0,7.0,0.0
2025-02-01,S1125,PP08,8.0,8.0,0.0
2025-02-08,S1125,PP08,8.0,8.0,0.0
2025-02-15,S1125,PP08,9.0,9.0,0.0
2025-02-22,S1125,PP08,10.0,10.0,0.0
2025-03-01,S1125,PP08,9.0,9.0,0.0
2025-03-08,S1125,PP08,10.0,10.0,0.0
2025-03-15,S1125,PP08,9.0,9.0,0.0
2025-03-22,S1125,PP08,8.0,8.0,0.0
2025-03-29,S1125,PP08,9.0,9.0,0.0
2025-04-05,S1125,PP08,10.0,10.0,0.0
2025-04-12,S1125,PP08,10.0,10.0,0.0
2025-04-19,S1125,PP08,11.0,11.0,0.0
2025-04-26,S1125,PP08,10.0,10.0,0.0
2025-05-03,S1125,PP08,11.0,11.0,0.0
2025-05-10,S1125,PP08,12.0,12.0,0.0
2025-05-17,S1125,PP08,9.0,9.0,0.0
2025-05-24,S1125,PP08,10.0,10.0,0.0
2025-05-31,S1125,PP08,13.0,13.0,0.0
2025-06-07,S1125,PP08,10.0,10.0,0.0
2025-06-14,S1125,PP08,10.0,10.0,0.0
2025-06-21,S1125,PP08,10.0,10.0,0.0
2025-06-28,S1125,PP08,8.0,8.0,0.0
2025-07-05,S1125,PP08,9.0,9.0,0.0
2025-07-12,S1125,PP08,9.0,9.0,0.0
2025-07-19,S1125,PP08,10.0,10.0,0.0
2025-07-26,S1125,PP08,10.0,10.0,0.0
2025-08-02,S1125,PP08,10.0,10.0,0.0
2025-08-09,S1125,PP08,10.0,10.0,0.0
2025-08-16,S1125,PP08,9.0,9.0,0.0
2025-08-23,S1125,PP08,11.0,11.0,0.0
2025-08-30,S1125,PP08,8.0,8.0,0.0
2025-09-06,S1125,PP08,9.0,9.0,0.0
2025-09-13,S1125,PP08,8.0,8.0,0.0
2025-09-20,S1125,PP08,8.0,8.0,0.0
2025-09-27,S1125,PP08,10.0,10.0,0.0
2025-10-04,S1125,PP08,11.0,11.0,0.0
2025-10-11,S1125,PP08,8.0,8.0,0.0
2025-10-18,S1125,PP08,9.0,9.0,0.0
2025-10-25,S1125,PP08,9.0,9.0,0.0
2025-11-01,S1125,PP08,10.0,10.0,0.0
2025-11-08,S1125,PP08,12.0,12.0,0.0
2025-11-15,S1125,PP08,13.0,13.0,0.0
2025-11-22,S1125,PP08,10.0,10.0,0.0
2025-11-29,S1125,PP08,15.0,14.0,1.0
2025-12-06,S1125,PP08,13.0,14.0,0.0
2025-12-13,S1125,PP08,13.0,13.0,0.0
2025-12-20,S1125,PP08,13.0,13.0,0.0
2025-12-27,S1125,PP08,12.0,12.0,0.0
2026-01-03,S1125,PP08,10.0,10.0,0.0
2026-01-10,S1125,PP08,7.0,7.0,0.0
2026-01-17,S1125,PP08,8.0,8.0,0.0
2026-01-24,S1125,PP08,8.0,8.0,0.0
2026-01-31,S1125,PP08,9.0,9.0,0.0
2026-02-07,S1125,PP08,10.0,10.0,0.0
2026-02-14,S1125,PP08,10.0,10.0,0.0
2026-02-21,S1125,PP08,9.0,9.0,0.0
2026-02-28,S1125,PP08,11.0,11.0,0.0
2026-03-07,S1125,PP08,9.0,9.0,0.0
2026-03-14,S1125,PP08,12.0,12.0,0.0
2026-03-21,S1125,PP08,9.0,9.0,0.0
2026-03-28,S1125,PP08,8.0,8.0,0.0
2026-04-04,S1125,PP08,11.0,11.0,0.0
2026-04-11,S1125,PP08,9.0,9.0,0.0
2026-04-18,S1125,PP08,10.0,10.0,0.0
2026-04-25,S1125,PP08,9.0,9.0,0.0
2026-05-02,S1125,PP08,13.0,13.0,0.0
2026-05-09,S1125,PP08,13.0,13.0,0.0
2026-05-16,S1125,PP08,12.0,12.0,0.0
2026-05-23,S1125,PP08,11.0,11.0,0.0
2026-05-30,S1125,PP08,11.0,11.0,0.0
2026-06-06,S1125,PP08,10.0,10.0,0.0
2026-06-13,S1125,PP08,11.0,11.0,0.0
2026-06-20,S1125,PP08,10.0,10.0,0.0
2026-06-27,S1125,PP08,12.0,12.0,0.0
2026-07-04,S1125,PP08,10.0,10.0,0.0
2026-07-11,S1125,PP08,10.0,10.0,0.0
2026-07-18,S1125,PP08,10.0,10.0,0.0
2026-07-25,S1125,PP08,10.0,10.0,0.0
2022-08-06,S1126,PP08,10.0,10.0,0.0
2022-08-13,S1126,PP08,11.0,11.0,0.0
2022-08-20,S1126,PP08,9.0,9.0,0.0
2022-08-27,S1126,PP08,11.0,11.0,0.0
2022-09-03,S1126,PP08,11.0,11.0,0.0
2022-09-10,S1126,PP08,10.0,10.0,0.0
2022-09-17,S1126,PP08,12.0,12.0,0.0
2022-09-24,S1126,PP08,11.0,11.0,0.0
2022-10-01,S1126,PP08,12.0,12.0,0.0
2022-10-08,S1126,PP08,9.0,9.0,0.0
2022-10-15,S1126,PP08,8.0,8.0,0.0
2022-10-22,S1126,PP08,9.0,9.0,0.0
2022-10-29,S1126,PP08,10.0,10.0,0.0
2022-11-05,S1126,PP08,10.0,10.0,0.0
2022-11-12,S1126,PP08,9.0,9.0,0.0
2022-11-19,S1126,PP08,14.0,14.0,0.0
2022-11-26,S1126,PP08,11.0,11.0,0.0
2022-12-03,S1126,PP08,16.0,15.0,1.0
2022-12-10,S1126,PP08,19.0,15.0,5.0
2022-12-17,S1126,PP08,13.0,15.0,3.0
2022-12-24,S1126,PP08,13.0,15.0,1.0
2022-12-31,S1126,PP08,10.0,11.0,0.0
2023-01-07,S1126,PP08,10.0,10.0,0.0
2023-01-14,S1126,PP08,7.0,7.0,0.0
2023-01-21,S1126,PP08,8.0,8.0,0.0
2023-01-28,S1126,PP08,9.0,9.0,0.0
2023-02-04,S1126,PP08,9.0,9.0,0.0
2023-02-11,S1126,PP08,8.0,8.0,0.0
2023-02-18,S1126,PP08,10.0,10.0,0.0
2023-02-25,S1126,PP08,8.0,8.0,0.0
2023-03-04,S1126,PP08,9.0,9.0,0.0
2023-03-11,S1126,PP08,10.0,10.0,0.0
2023-03-18,S1126,PP08,10.0,10.0,0.0
2023-03-25,S1126,PP08,13.0,13.0,0.0
2023-04-01,S1126,PP08,10.0,10.0,0.0
2023-04-08,S1126,PP08,10.0,10.0,0.0
2023-04-15,S1126,PP08,10.0,10.0,0.0
2023-04-22,S1126,PP08,10.0,10.0,0.0
2023-04-29,S1126,PP08,10.0,10.0,0.0
2023-05-06,S1126,PP08,10.0,10.0,0.0
2023-05-13,S1126,PP08,10.0,10.0,0.0
2023-05-20,S1126,PP08,10.0,10.0,0.0
2023-05-27,S1126,PP08,10.0,10.0,0.0
2023-06-03,S1126,PP08,8.0,8.0,0.0
2023-06-10,S1126,PP08,11.0,11.0,0.0
2023-06-17,S1126,PP08,9.0,9.0,0.0
2023-06-24,S1126,PP08,10.0,10.0,0.0
2023-07-01,S1126,PP08,9.0,9.0,0.0
2023-07-08,S1126,PP08,9.0,9.0,0.0
2023-07-15,S1126,PP08,9.0,9.0,0.0
2023-07-22,S1126,PP08,11.0,11.0,0.0
2023-07-29,S1126,PP08,11.0,11.0,0.0
2023-08-05,S1126,PP08,10.0,10.0,0.0
2023-08-12,S1126,PP08,10.0,10.0,0.0
2023-08-19,S1126,PP08,9.0,9.0,0.0
2023-08-26,S1126,PP08,11.0,11.0,0.0
2023-09-02,S1126,PP08,9.0,9.0,0.0
2023-09-09,S1126,PP08,9.0,9.0,0.0
2023-09-16,S1126,PP08,9.0,9.0,0.0
2023-09-23,S1126,PP08,9.0,9.0,0.0
2023-09-30,S1126,PP08,8.0,8.0,0.0
2023-10-07,S1126,PP08,8.0,8.0,0.0
2023-10-14,S1126,PP08,10.0,10.0,0.0
2023-10-21,S1126,PP08,9.0,9.0,0.0
2023-10-28,S1126,PP08,11.0,11.0,0.0
2023-11-04,S1126,PP08,11.0,11.0,0.0
2023-11-11,S1126,PP08,13.0,13.0,0.0
2023-11-18,S1126,PP08,11.0,11.0,0.0
2023-11-25,S1126,PP08,14.0,14.0,0.0
2023-12-02,S1126,PP08,15.0,15.0,0.0
2023-12-09,S1126,PP08,15.0,15.0,0.0
2023-12-16,S1126,PP08,17.0,15.0,2.0
2023-12-23,S1126,PP08,11.0,13.0,0.0
2023-12-30,S1126,PP08,10.0,10.0,0.0
2024-01-06,S1126,PP08,8.0,8.0,0.0
2024-01-13,S1126,PP08,7.0,7.0,0.0
2024-01-20,S1126,PP08,8.0,8.0,0.0
2024-01-27,S1126,PP08,9.0,9.0,0.0
2024-02-03,S1126,PP08,9.0,9.0,0.0
2024-02-10,S1126,PP08,9.0,9.0,0.0
2024-02-17,S1126,PP08,8.0,8.0,0.0
2024-02-24,S1126,PP08,8.0,8.0,0.0
2024-03-02,S1126,PP08,10.0,10.0,0.0
2024-03-09,S1126,PP08,11.0,11.0,0.0
2024-03-16,S1126,PP08,9.0,9.0,0.0
2024-03-23,S1126,PP08,11.0,11.0,0.0
2024-03-30,S1126,PP08,9.0,9.0,0.0
2024-04-06,S1126,PP08,9.0,9.0,0.0
2024-04-13,S1126,PP08,9.0,9.0,0.0
2024-04-20,S1126,PP08,12.0,12.0,0.0
2024-04-27,S1126,PP08,10.0,10.0,0.0
2024-05-04,S1126,PP08,9.0,9.0,0.0
2024-05-11,S1126,PP08,12.0,12.0,0.0
2024-05-18,S1126,PP08,13.0,13.0,0.0
2024-05-25,S1126,PP08,10.0,10.0,0.0
2024-06-01,S1126,PP08,10.0,10.0,0.0
2024-06-08,S1126,PP08,11.0,11.0,0.0
2024-06-15,S1126,PP08,12.0,12.0,0.0
2024-06-22,S1126,PP08,11.0,11.0,0.0
2024-06-29,S1126,PP08,9.0,9.0,0.0
2024-07-06,S1126,PP08,11.0,11.0,0.0
2024-07-13,S1126,PP08,10.0,10.0,0.0
2024-07-20,S1126,PP08,9.0,9.0,0.0
2024-07-27,S1126,PP08,12.0,12.0,0.0
2024-08-03,S1126,PP08,11.0,11.0,0.0
2024-08-10,S1126,PP08,12.0,12.0,0.0
2024-08-17,S1126,PP08,9.0,9.0,0.0
2024-08-24,S1126,PP08,11.0,11.0,0.0
2024-08-31,S1126,PP08,9.0,9.0,0.0
2024-09-07,S1126,PP08,10.0,10.0,0.0
2024-09-14,S1126,PP08,11.0,11.0,0.0
2024-09-21,S1126,PP08,8.0,8.0,0.0
2024-09-28,S1126,PP08,8.0,8.0,0.0
2024-10-05,S1126,PP08,11.0,11.0,0.0
2024-10-12,S1126,PP08,10.0,10.0,0.0
2024-10-19,S1126,PP08,12.0,12.0,0.0
2024-10-26,S1126,PP08,10.0,10.0,0.0
2024-11-02,S1126,PP08,11.0,11.0,0.0
2024-11-09,S1126,PP08,13.0,13.0,0.0
2024-11-16,S1126,PP08,13.0,13.0,0.0
2024-11-23,S1126,PP08,11.0,11.0,0.0
2024-11-30,S1126,PP08,19.0,15.0,4.0
2024-12-07,S1126,PP08,16.0,15.0,5.0
2024-12-14,S1126,PP08,14.0,15.0,4.0
2024-12-21,S1126,PP08,14.0,15.0,3.0
2024-12-28,S1126,PP08,12.0,15.0,0.0
2025-01-04,S1126,PP08,11.0,11.0,0.0
2025-01-11,S1126,PP08,9.0,9.0,0.0
2025-01-18,S1126,PP08,8.0,8.0,0.0
2025-01-25,S1126,PP08,7.0,7.0,0.0
2025-02-01,S1126,PP08,9.0,9.0,0.0
2025-02-08,S1126,PP08,8.0,8.0,0.0
2025-02-15,S1126,PP08,11.0,11.0,0.0
2025-02-22,S1126,PP08,9.0,9.0,0.0
2025-03-01,S1126,PP08,10.0,10.0,0.0
2025-03-08,S1126,PP08,9.0,9.0,0.0
2025-03-15,S1126,PP08,10.0,10.0,0.0
2025-03-22,S1126,PP08,9.0,9.0,0.0
2025-03-29,S1126,PP08,11.0,11.0,0.0
2025-04-05,S1126,PP08,10.0,10.0,0.0
2025-04-12,S1126,PP08,11.0,11.0,0.0
2025-04-19,S1126,PP08,10.0,10.0,0.0
2025-04-26,S1126,PP08,11.0,11.0,0.0
2025-05-03,S1126,PP08,11.0,11.0,0.0
2025-05-10,S1126,PP08,11.0,11.0,0.0
2025-05-17,S1126,PP08,10.0,10.0,0.0
2025-05-24,S1126,PP08,12.0,12.0,0.0
2025-05-31,S1126,PP08,11.0,11.0,0.0
2025-06-07,S1126,PP08,11.0,11.0,0.0
2025-06-14,S1126,PP08,10.0,10.0,0.0
2025-06-21,S1126,PP08,11.0,11.0,0.0
2025-06-28,S1126,PP08,10.0,10.0,0.0
2025-07-05,S1126,PP08,10.0,10.0,0.0
2025-07-12,S1126,PP08,11.0,11.0,0.0
2025-07-19,S1126,PP08,10.0,10.0,0.0
2025-07-26,S1126,PP08,13.0,13.0,0.0
2025-08-02,S1126,PP08,11.0,11.0,0.0
2025-08-09,S1126,PP08,10.0,10.0,0.0
2025-08-16,S1126,PP08,11.0,11.0,0.0
2025-08-23,S1126,PP08,10.0,10.0,0.0
2025-08-30,S1126,PP08,12.0,12.0,0.0
2025-09-06,S1126,PP08,11.0,11.0,0.0
2025-09-13,S1126,PP08,10.0,10.0,0.0
2025-09-20,S1126,PP08,10.0,10.0,0.0
2025-09-27,S1126,PP08,10.0,10.0,0.0
2025-10-04,S1126,PP08,11.0,11.0,0.0
2025-10-11,S1126,PP08,11.0,11.0,0.0
2025-10-18,S1126,PP08,12.0,12.0,0.0
2025-10-25,S1126,PP08,11.0,11.0,0.0
2025-11-01,S1126,PP08,11.0,11.0,0.0
2025-11-08,S1126,PP08,13.0,13.0,0.0
2025-11-15,S1126,PP08,16.0,15.0,1.0
2025-11-22,S1126,PP08,16.0,15.0,2.0
2025-11-29,S1126,PP08,18.0,15.0,5.0
2025-12-06,S1126,PP08,16.0,15.0,6.0
2025-12-13,S1126,PP08,15.0,15.0,6.0
2025-12-20,S1126,PP08,14.0,15.0,5.0
2025-12-27,S1126,PP08,15.0,15.0,5.0
2026-01-03,S1126,PP08,9.0,14.0,0.0
2026-01-10,S1126,PP08,10.0,10.0,0.0
2026-01-17,S1126,PP08,8.0,8.0,0.0
2026-01-24,S1126,PP08,11.0,11.0,0.0
2026-01-31,S1126,PP08,9.0,9.0,0.0
2026-02-07,S1126,PP08,11.0,11.0,0.0
2026-02-14,S1126,PP08,13.0,13.0,0.0
2026-02-21,S1126,PP08,10.0,10.0,0.0
2026-02-28,S1126,PP08,10.0,10.0,0.0
2026-03-07,S1126,PP08,10.0,10.0,0.0
2026-03-14,S1126,PP08,10.0,10.0,0.0
2026-03-21,S1126,PP08,10.0,10.0,0.0
2026-03-28,S1126,PP08,10.0,10.0,0.0
2026-04-04,S1126,PP08,10.0,10.0,0.0
2026-04-11,S1126,PP08,11.0,11.0,0.0
2026-04-18,S1126,PP08,12.0,12.0,0.0
2026-04-25,S1126,PP08,10.0,10.0,0.0
2026-05-02,S1126,PP08,11.0,11.0,0.0
2026-05-09,S1126,PP08,14.0,14.0,0.0
2026-05-16,S1126,PP08,10.0,10.0,0.0
2026-05-23,S1126,PP08,14.0,14.0,0.0
2026-05-30,S1126,PP08,11.0,11.0,0.0
2026-06-06,S1126,PP08,11.0,11.0,0.0
2026-06-13,S1126,PP08,13.0,13.0,0.0
2026-06-20,S1126,PP08,13.0,13.0,0.0
2026-06-27,S1126,PP08,12.0,12.0,0.0
2026-07-04,S1126,PP08,11.0,11.0,0.0
2026-07-11,S1126,PP08,10.0,10.0,0.0
2026-07-18,S1126,PP08,11.0,11.0,0.0
2026-07-25,S1126,PP08,14.0,14.0,0.0
2022-08-06,S1127,PP08,14.0,14.0,0.0
2022-08-13,S1127,PP08,16.0,16.0,0.0
2022-08-20,S1127,PP08,13.0,13.0,0.0
2022-08-27,S1127,PP08,13.0,13.0,0.0
2022-09-03,S1127,PP08,14.0,14.0,0.0
2022-09-10,S1127,PP08,14.0,14.0,0.0
2022-09-17,S1127,PP08,14.0,14.0,0.0
2022-09-24,S1127,PP08,12.0,12.0,0.0
2022-10-01,S1127,PP08,14.0,14.0,0.0
2022-10-08,S1127,PP08,17.0,17.0,0.0
2022-10-15,S1127,PP08,13.0,13.0,0.0
2022-10-22,S1127,PP08,17.0,17.0,0.0
2022-10-29,S1127,PP08,11.0,11.0,0.0
2022-11-05,S1127,PP08,15.0,15.0,0.0
2022-11-12,S1127,PP08,14.0,14.0,0.0
2022-11-19,S1127,PP08,21.0,21.0,0.0
2022-11-26,S1127,PP08,22.0,22.0,0.0
2022-12-03,S1127,PP08,19.0,19.0,0.0
2022-12-10,S1127,PP08,23.0,22.0,1.0
2022-12-17,S1127,PP08,24.0,22.0,3.0
2022-12-24,S1127,PP08,21.0,22.0,2.0
2022-12-31,S1127,PP08,15.0,17.0,0.0
2023-01-07,S1127,PP08,11.0,11.0,0.0
2023-01-14,S1127,PP08,10.0,10.0,0.0
2023-01-21,S1127,PP08,13.0,13.0,0.0
2023-01-28,S1127,PP08,15.0,15.0,0.0
2023-02-04,S1127,PP08,13.0,13.0,0.0
2023-02-11,S1127,PP08,13.0,13.0,0.0
2023-02-18,S1127,PP08,17.0,17.0,0.0
2023-02-25,S1127,PP08,15.0,15.0,0.0
2023-03-04,S1127,PP08,13.0,13.0,0.0
2023-03-11,S1127,PP08,14.0,14.0,0.0
2023-03-18,S1127,PP08,16.0,16.0,0.0
2023-03-25,S1127,PP08,14.0,14.0,0.0
2023-04-01,S1127,PP08,16.0,16.0,0.0
2023-04-08,S1127,PP08,13.0,13.0,0.0
2023-04-15,S1127,PP08,13.0,13.0,0.0
2023-04-22,S1127,PP08,14.0,14.0,0.0
2023-04-29,S1127,PP08,15.0,15.0,0.0
2023-05-06,S1127,PP08,16.0,16.0,0.0
2023-05-13,S1127,PP08,16.0,16.0,0.0
2023-05-20,S1127,PP08,20.0,20.0,0.0
2023-05-27,S1127,PP08,14.0,14.0,0.0
2023-06-03,S1127,PP08,15.0,15.0,0.0
2023-06-10,S1127,PP08,14.0,14.0,0.0
2023-06-17,S1127,PP08,17.0,17.0,0.0
2023-06-24,S1127,PP08,17.0,17.0,0.0
2023-07-01,S1127,PP08,14.0,14.0,0.0
2023-07-08,S1127,PP08,18.0,18.0,0.0
2023-07-15,S1127,PP08,14.0,14.0,0.0
2023-07-22,S1127,PP08,17.0,17.0,0.0
2023-07-29,S1127,PP08,18.0,18.0,0.0
2023-08-05,S1127,PP08,14.0,14.0,0.0
2023-08-12,S1127,PP08,17.0,17.0,0.0
2023-08-19,S1127,PP08,12.0,12.0,0.0
2023-08-26,S1127,PP08,16.0,16.0,0.0
2023-09-02,S1127,PP08,13.0,13.0,0.0
2023-09-09,S1127,PP08,15.0,15.0,0.0
2023-09-16,S1127,PP08,15.0,15.0,0.0
2023-09-23,S1127,PP08,16.0,16.0,0.0
2023-09-30,S1127,PP08,16.0,16.0,0.0
2023-10-07,S1127,PP08,14.0,14.0,0.0
2023-10-14,S1127,PP08,14.0,14.0,0.0
2023-10-21,S1127,PP08,15.0,15.0,0.0
2023-10-28,S1127,PP08,14.0,14.0,0.0
2023-11-04,S1127,PP08,16.0,16.0,0.0
2023-11-11,S1127,PP08,17.0,17.0,0.0
2023-11-18,S1127,PP08,17.0,17.0,0.0
2023-11-25,S1127,PP08,17.0,17.0,0.0
2023-12-02,S1127,PP08,19.0,19.0,0.0
2023-12-09,S1127,PP08,17.0,17.0,0.0
2023-12-16,S1127,PP08,22.0,22.0,0.0
2023-12-23,S1127,PP08,20.0,20.0,0.0
2023-12-30,S1127,PP08,13.0,13.0,0.0
2024-01-06,S1127,PP08,14.0,14.0,0.0
2024-01-13,S1127,PP08,11.0,11.0,0.0
2024-01-20,S1127,PP08,11.0,11.0,0.0
2024-01-27,S1127,PP08,12.0,12.0,0.0
2024-02-03,S1127,PP08,15.0,15.0,0.0
2024-02-10,S1127,PP08,12.0,12.0,0.0
2024-02-17,S1127,PP08,14.0,14.0,0.0
2024-02-24,S1127,PP08,15.0,15.0,0.0
2024-03-02,S1127,PP08,13.0,13.0,0.0
2024-03-09,S1127,PP08,16.0,16.0,0.0
2024-03-16,S1127,PP08,15.0,15.0,0.0
2024-03-23,S1127,PP08,14.0,14.0,0.0
2024-03-30,S1127,PP08,19.0,19.0,0.0
2024-04-06,S1127,PP08,16.0,16.0,0.0
2024-04-13,S1127,PP08,12.0,12.0,0.0
2024-04-20,S1127,PP08,14.0,14.0,0.0
2024-04-27,S1127,PP08,20.0,20.0,0.0
2024-05-04,S1127,PP08,14.0,14.0,0.0
2024-05-11,S1127,PP08,16.0,16.0,0.0
2024-05-18,S1127,PP08,18.0,18.0,0.0
2024-05-25,S1127,PP08,17.0,17.0,0.0
2024-06-01,S1127,PP08,17.0,17.0,0.0
2024-06-08,S1127,PP08,17.0,17.0,0.0
2024-06-15,S1127,PP08,15.0,15.0,0.0
2024-06-22,S1127,PP08,14.0,14.0,0.0
2024-06-29,S1127,PP08,16.0,16.0,0.0
2024-07-06,S1127,PP08,14.0,14.0,0.0
2024-07-13,S1127,PP08,14.0,14.0,0.0
2024-07-20,S1127,PP08,18.0,18.0,0.0
2024-07-27,S1127,PP08,15.0,15.0,0.0
2024-08-03,S1127,PP08,19.0,19.0,0.0
2024-08-10,S1127,PP08,16.0,16.0,0.0
2024-08-17,S1127,PP08,15.0,15.0,0.0
2024-08-24,S1127,PP08,13.0,13.0,0.0
2024-08-31,S1127,PP08,18.0,18.0,0.0
2024-09-07,S1127,PP08,14.0,14.0,0.0
2024-09-14,S1127,PP08,11.0,11.0,0.0
2024-09-21,S1127,PP08,16.0,16.0,0.0
2024-09-28,S1127,PP08,14.0,14.0,0.0
2024-10-05,S1127,PP08,13.0,13.0,0.0
2024-10-12,S1127,PP08,16.0,16.0,0.0
2024-10-19,S1127,PP08,12.0,12.0,0.0
2024-10-26,S1127,PP08,15.0,15.0,0.0
2024-11-02,S1127,PP08,17.0,17.0,0.0
2024-11-09,S1127,PP08,19.0,19.0,0.0
2024-11-16,S1127,PP08,24.0,22.0,2.0
2024-11-23,S1127,PP08,20.0,22.0,0.0
2024-11-30,S1127,PP08,23.0,22.0,1.0
2024-12-07,S1127,PP08,31.0,22.0,10.0
2024-12-14,S1127,PP08,24.0,22.0,12.0
2024-12-21,S1127,PP08,22.0,22.0,12.0
2024-12-28,S1127,PP08,16.0,22.0,6.0
2025-01-04,S1127,PP08,18.0,22.0,2.0
2025-01-11,S1127,PP08,11.0,13.0,0.0
2025-01-18,S1127,PP08,13.0,13.0,0.0
2025-01-25,S1127,PP08,13.0,13.0,0.0
2025-02-01,S1127,PP08,13.0,13.0,0.0
2025-02-08,S1127,PP08,13.0,13.0,0.0
2025-02-15,S1127,PP08,14.0,14.0,0.0
2025-02-22,S1127,PP08,17.0,17.0,0.0
2025-03-01,S1127,PP08,19.0,19.0,0.0
2025-03-08,S1127,PP08,15.0,15.0,0.0
2025-03-15,S1127,PP08,15.0,15.0,0.0
2025-03-22,S1127,PP08,14.0,14.0,0.0
2025-03-29,S1127,PP08,20.0,20.0,0.0
2025-04-05,S1127,PP08,16.0,16.0,0.0
2025-04-12,S1127,PP08,17.0,17.0,0.0
2025-04-19,S1127,PP08,17.0,17.0,0.0
2025-04-26,S1127,PP08,20.0,20.0,0.0
2025-05-03,S1127,PP08,16.0,16.0,0.0
2025-05-10,S1127,PP08,15.0,15.0,0.0
2025-05-17,S1127,PP08,20.0,20.0,0.0
2025-05-24,S1127,PP08,18.0,18.0,0.0
2025-05-31,S1127,PP08,17.0,17.0,0.0
2025-06-07,S1127,PP08,19.0,19.0,0.0
2025-06-14,S1127,PP08,17.0,17.0,0.0
2025-06-21,S1127,PP08,19.0,19.0,0.0
2025-06-28,S1127,PP08,16.0,16.0,0.0
2025-07-05,S1127,PP08,18.0,18.0,0.0
2025-07-12,S1127,PP08,17.0,17.0,0.0
2025-07-19,S1127,PP08,16.0,16.0,0.0
2025-07-26,S1127,PP08,16.0,16.0,0.0
2025-08-02,S1127,PP08,16.0,16.0,0.0
2025-08-09,S1127,PP08,18.0,18.0,0.0
2025-08-16,S1127,PP08,16.0,16.0,0.0
2025-08-23,S1127,PP08,17.0,17.0,0.0
2025-08-30,S1127,PP08,17.0,17.0,0.0
2025-09-06,S1127,PP08,16.0,16.0,0.0
2025-09-13,S1127,PP08,15.0,15.0,0.0
2025-09-20,S1127,PP08,14.0,14.0,0.0
2025-09-27,S1127,PP08,15.0,15.0,0.0
2025-10-04,S1127,PP08,13.0,13.0,0.0
2025-10-11,S1127,PP08,16.0,16.0,0.0
2025-10-18,S1127,PP08,15.0,15.0,0.0
2025-10-25,S1127,PP08,18.0,18.0,0.0
2025-11-01,S1127,PP08,17.0,17.0,0.0
2025-11-08,S1127,PP08,15.0,15.0,0.0
2025-11-15,S1127,PP08,25.0,22.0,3.0
2025-11-22,S1127,PP08,21.0,22.0,2.0
2025-11-29,S1127,PP08,27.0,22.0,7.0
2025-12-06,S1127,PP08,23.0,22.0,8.0
2025-12-13,S1127,PP08,30.0,22.0,16.0
2025-12-20,S1127,PP08,20.0,22.0,14.0
2025-12-27,S1127,PP08,20.0,22.0,12.0
2026-01-03,S1127,PP08,15.0,22.0,5.0
2026-01-10,S1127,PP08,17.0,22.0,0.0
2026-01-17,S1127,PP08,13.0,13.0,0.0
2026-01-24,S1127,PP08,15.0,15.0,0.0
2026-01-31,S1127,PP08,15.0,15.0,0.0
2026-02-07,S1127,PP08,15.0,15.0,0.0
2026-02-14,S1127,PP08,16.0,16.0,0.0
2026-02-21,S1127,PP08,18.0,18.0,0.0
2026-02-28,S1127,PP08,17.0,17.0,0.0
2026-03-07,S1127,PP08,16.0,16.0,0.0
2026-03-14,S1127,PP08,17.0,17.0,0.0
2026-03-21,S1127,PP08,20.0,20.0,0.0
2026-03-28,S1127,PP08,16.0,16.0,0.0
2026-04-04,S1127,PP08,14.0,14.0,0.0
2026-04-11,S1127,PP08,15.0,15.0,0.0
2026-04-18,S1127,PP08,15.0,15.0,0.0
2026-04-25,S1127,PP08,16.0,16.0,0.0
2026-05-02,S1127,PP08,16.0,16.0,0.0
2026-05-09,S1127,PP08,18.0,18.0,0.0
2026-05-16,S1127,PP08,18.0,18.0,0.0
2026-05-23,S1127,PP08,18.0,18.0,0.0
2026-05-30,S1127,PP08,16.0,16.0,0.0
2026-06-06,S1127,PP08,19.0,19.0,0.0
2026-06-13,S1127,PP08,18.0,18.0,0.0
2026-06-20,S1127,PP08,20.0,20.0,0.0
2026-06-27,S1127,PP08,18.0,18.0,0.0
2026-07-04,S1127,PP08,16.0,16.0,0.0
2026-07-11,S1127,PP08,19.0,19.0,0.0
2026-07-18,S1127,PP08,18.0,18.0,0.0
2026-07-25,S1127,PP08,19.0,19.0,0.0
2022-08-06,S1128,PP08,13.0,13.0,0.0
2022-08-13,S1128,PP08,12.0,12.0,0.0
2022-08-20,S1128,PP08,12.0,12.0,0.0
2022-08-27,S1128,PP08,12.0,12.0,0.0
2022-09-03,S1128,PP08,11.0,11.0,0.0
2022-09-10,S1128,PP08,9.0,9.0,0.0
2022-09-17,S1128,PP08,11.0,11.0,0.0
2022-09-24,S1128,PP08,12.0,12.0,0.0
2022-10-01,S1128,PP08,13.0,13.0,0.0
2022-10-08,S1128,PP08,12.0,12.0,0.0
2022-10-15,S1128,PP08,11.0,11.0,0.0
2022-10-22,S1128,PP08,11.0,11.0,0.0
2022-10-29,S1128,PP08,13.0,13.0,0.0
2022-11-05,S1128,PP08,12.0,12.0,0.0
2022-11-12,S1128,PP08,11.0,11.0,0.0
2022-11-19,S1128,PP08,13.0,13.0,0.0
2022-11-26,S1128,PP08,18.0,18.0,0.0
2022-12-03,S1128,PP08,21.0,18.0,3.0
2022-12-10,S1128,PP08,20.0,18.0,5.0
2022-12-17,S1128,PP08,17.0,18.0,4.0
2022-12-24,S1128,PP08,13.0,17.0,0.0
2022-12-31,S1128,PP08,13.0,13.0,0.0
2023-01-07,S1128,PP08,11.0,11.0,0.0
2023-01-14,S1128,PP08,10.0,10.0,0.0
2023-01-21,S1128,PP08,10.0,10.0,0.0
2023-01-28,S1128,PP08,11.0,11.0,0.0
2023-02-04,S1128,PP08,13.0,13.0,0.0
2023-02-11,S1128,PP08,10.0,10.0,0.0
2023-02-18,S1128,PP08,15.0,15.0,0.0
2023-02-25,S1128,PP08,9.0,9.0,0.0
2023-03-04,S1128,PP08,11.0,11.0,0.0
2023-03-11,S1128,PP08,12.0,12.0,0.0
2023-03-18,S1128,PP08,12.0,12.0,0.0
2023-03-25,S1128,PP08,12.0,12.0,0.0
2023-04-01,S1128,PP08,11.0,11.0,0.0
2023-04-08,S1128,PP08,15.0,15.0,0.0
2023-04-15,S1128,PP08,11.0,11.0,0.0
2023-04-22,S1128,PP08,11.0,11.0,0.0
2023-04-29,S1128,PP08,14.0,14.0,0.0
2023-05-06,S1128,PP08,13.0,13.0,0.0
2023-05-13,S1128,PP08,14.0,14.0,0.0
2023-05-20,S1128,PP08,13.0,13.0,0.0
2023-05-27,S1128,PP08,11.0,11.0,0.0
2023-06-03,S1128,PP08,12.0,12.0,0.0
2023-06-10,S1128,PP08,10.0,10.0,0.0
2023-06-17,S1128,PP08,12.0,12.0,0.0
2023-06-24,S1128,PP08,13.0,13.0,0.0
2023-07-01,S1128,PP08,13.0,13.0,0.0
2023-07-08,S1128,PP08,12.0,12.0,0.0
2023-07-15,S1128,PP08,13.0,13.0,0.0
2023-07-22,S1128,PP08,11.0,11.0,0.0
2023-07-29,S1128,PP08,14.0,14.0,0.0
2023-08-05,S1128,PP08,13.0,13.0,0.0
2023-08-12,S1128,PP08,12.0,12.0,0.0
2023-08-19,S1128,PP08,13.0,13.0,0.0
2023-08-26,S1128,PP08,14.0,14.0,0.0
2023-09-02,S1128,PP08,12.0,12.0,0.0
2023-09-09,S1128,PP08,11.0,11.0,0.0
2023-09-16,S1128,PP08,12.0,12.0,0.0
2023-09-23,S1128,PP08,12.0,12.0,0.0
2023-09-30,S1128,PP08,11.0,11.0,0.0
2023-10-07,S1128,PP08,10.0,10.0,0.0
2023-10-14,S1128,PP08,12.0,12.0,0.0
2023-10-21,S1128,PP08,13.0,13.0,0.0
2023-10-28,S1128,PP08,16.0,16.0,0.0
2023-11-04,S1128,PP08,14.0,14.0,0.0
2023-11-11,S1128,PP08,12.0,12.0,0.0
2023-11-18,S1128,PP08,18.0,18.0,0.0
2023-11-25,S1128,PP08,18.0,18.0,0.0
2023-12-02,S1128,PP08,14.0,14.0,0.0
2023-12-09,S1128,PP08,17.0,17.0,0.0
2023-12-16,S1128,PP08,17.0,17.0,0.0
2023-12-23,S1128,PP08,17.0,17.0,0.0
2023-12-30,S1128,PP08,11.0,11.0,0.0
2024-01-06,S1128,PP08,11.0,11.0,0.0
2024-01-13,S1128,PP08,10.0,10.0,0.0
2024-01-20,S1128,PP08,7.0,7.0,0.0
2024-01-27,S1128,PP08,11.0,11.0,0.0
2024-02-03,S1128,PP08,12.0,12.0,0.0
2024-02-10,S1128,PP08,10.0,10.0,0.0
2024-02-17,S1128,PP08,10.0,10.0,0.0
2024-02-24,S1128,PP08,11.0,11.0,0.0
2024-03-02,S1128,PP08,9.0,9.0,0.0
2024-03-09,S1128,PP08,11.0,11.0,0.0
2024-03-16,S1128,PP08,12.0,12.0,0.0
2024-03-23,S1128,PP08,10.0,10.0,0.0
2024-03-30,S1128,PP08,13.0,13.0,0.0
2024-04-06,S1128,PP08,12.0,12.0,0.0
2024-04-13,S1128,PP08,12.0,12.0,0.0
2024-04-20,S1128,PP08,12.0,12.0,0.0
2024-04-27,S1128,PP08,13.0,13.0,0.0
2024-05-04,S1128,PP08,14.0,14.0,0.0
2024-05-11,S1128,PP08,12.0,12.0,0.0
2024-05-18,S1128,PP08,14.0,14.0,0.0
2024-05-25,S1128,PP08,14.0,14.0,0.0
2024-06-01,S1128,PP08,13.0,13.0,0.0
2024-06-08,S1128,PP08,15.0,15.0,0.0
2024-06-15,S1128,PP08,11.0,11.0,0.0
2024-06-22,S1128,PP08,12.0,12.0,0.0
2024-06-29,S1128,PP08,11.0,11.0,0.0
2024-07-06,S1128,PP08,13.0,13.0,0.0
2024-07-13,S1128,PP08,12.0,12.0,0.0
2024-07-20,S1128,PP08,11.0,11.0,0.0
2024-07-27,S1128,PP08,15.0,15.0,0.0
2024-08-03,S1128,PP08,15.0,15.0,0.0
2024-08-10,S1128,PP08,12.0,12.0,0.0
2024-08-17,S1128,PP08,11.0,11.0,0.0
2024-08-24,S1128,PP08,15.0,15.0,0.0
2024-08-31,S1128,PP08,13.0,13.0,0.0
2024-09-07,S1128,PP08,12.0,12.0,0.0
2024-09-14,S1128,PP08,11.0,11.0,0.0
2024-09-21,S1128,PP08,11.0,11.0,0.0
2024-09-28,S1128,PP08,11.0,11.0,0.0
2024-10-05,S1128,PP08,13.0,13.0,0.0
2024-10-12,S1128,PP08,11.0,11.0,0.0
2024-10-19,S1128,PP08,13.0,13.0,0.0
2024-10-26,S1128,PP08,13.0,13.0,0.0
2024-11-02,S1128,PP08,12.0,12.0,0.0
2024-11-09,S1128,PP08,17.0,17.0,0.0
2024-11-16,S1128,PP08,16.0,16.0,0.0
2024-11-23,S1128,PP08,17.0,17.0,0.0
2024-11-30,S1128,PP08,19.0,18.0,1.0
2024-12-07,S1128,PP08,16.0,17.0,0.0
2024-12-14,S1128,PP08,18.0,18.0,0.0
2024-12-21,S1128,PP08,14.0,14.0,0.0
2024-12-28,S1128,PP08,15.0,15.0,0.0
2025-01-04,S1128,PP08,13.0,13.0,0.0
2025-01-11,S1128,PP08,10.0,10.0,0.0
2025-01-18,S1128,PP08,11.0,11.0,0.0
2025-01-25,S1128,PP08,9.0,9.0,0.0
2025-02-01,S1128,PP08,10.0,10.0,0.0
2025-02-08,S1128,PP08,12.0,12.0,0.0
2025-02-15,S1128,PP08,12.0,12.0,0.0
2025-02-22,S1128,PP08,10.0,10.0,0.0
2025-03-01,S1128,PP08,13.0,13.0,0.0
2025-03-08,S1128,PP08,14.0,14.0,0.0
2025-03-15,S1128,PP08,13.0,13.0,0.0
2025-03-22,S1128,PP08,11.0,11.0,0.0
2025-03-29,S1128,PP08,13.0,13.0,0.0
2025-04-05,S1128,PP08,13.0,13.0,0.0
2025-04-12,S1128,PP08,12.0,12.0,0.0
2025-04-19,S1128,PP08,15.0,15.0,0.0
2025-04-26,S1128,PP08,13.0,13.0,0.0
2025-05-03,S1128,PP08,17.0,17.0,0.0
2025-05-10,S1128,PP08,15.0,15.0,0.0
2025-05-17,S1128,PP08,14.0,14.0,0.0
2025-05-24,S1128,PP08,15.0,15.0,0.0
2025-05-31,S1128,PP08,15.0,15.0,0.0
2025-06-07,S1128,PP08,14.0,14.0,0.0
2025-06-14,S1128,PP08,13.0,13.0,0.0
2025-06-21,S1128,PP08,12.0,12.0,0.0
2025-06-28,S1128,PP08,12.0,12.0,0.0
2025-07-05,S1128,PP08,10.0,10.0,0.0
2025-07-12,S1128,PP08,13.0,13.0,0.0
2025-07-19,S1128,PP08,13.0,13.0,0.0
2025-07-26,S1128,PP08,13.0,13.0,0.0
2025-08-02,S1128,PP08,15.0,15.0,0.0
2025-08-09,S1128,PP08,14.0,14.0,0.0
2025-08-16,S1128,PP08,17.0,17.0,0.0
2025-08-23,S1128,PP08,13.0,13.0,0.0
2025-08-30,S1128,PP08,12.0,12.0,0.0
2025-09-06,S1128,PP08,11.0,11.0,0.0
2025-09-13,S1128,PP08,13.0,13.0,0.0
2025-09-20,S1128,PP08,14.0,14.0,0.0
2025-09-27,S1128,PP08,12.0,12.0,0.0
2025-10-04,S1128,PP08,11.0,11.0,0.0
2025-10-11,S1128,PP08,15.0,15.0,0.0
2025-10-18,S1128,PP08,12.0,12.0,0.0
2025-10-25,S1128,PP08,16.0,16.0,0.0
2025-11-01,S1128,PP08,14.0,14.0,0.0
2025-11-08,S1128,PP08,16.0,16.0,0.0
2025-11-15,S1128,PP08,18.0,18.0,0.0
2025-11-22,S1128,PP08,18.0,18.0,0.0
2025-11-29,S1128,PP08,18.0,18.0,0.0
2025-12-06,S1128,PP08,23.0,18.0,5.0
2025-12-13,S1128,PP08,21.0,18.0,8.0
2025-12-20,S1128,PP08,26.0,18.0,16.0
2025-12-27,S1128,PP08,13.0,18.0,11.0
2026-01-03,S1128,PP08,11.0,18.0,4.0
2026-01-10,S1128,PP08,12.0,16.0,0.0
2026-01-17,S1128,PP08,10.0,10.0,0.0
2026-01-24,S1128,PP08,12.0,12.0,0.0
2026-01-31,S1128,PP08,10.0,10.0,0.0
2026-02-07,S1128,PP08,12.0,12.0,0.0
2026-02-14,S1128,PP08,13.0,13.0,0.0
2026-02-21,S1128,PP08,12.0,12.0,0.0
2026-02-28,S1128,PP08,13.0,13.0,0.0
2026-03-07,S1128,PP08,11.0,11.0,0.0
2026-03-14,S1128,PP08,14.0,14.0,0.0
2026-03-21,S1128,PP08,15.0,15.0,0.0
2026-03-28,S1128,PP08,12.0,12.0,0.0
2026-04-04,S1128,PP08,12.0,12.0,0.0
2026-04-11,S1128,PP08,15.0,15.0,0.0
2026-04-18,S1128,PP08,12.0,12.0,0.0
2026-04-25,S1128,PP08,15.0,15.0,0.0
2026-05-02,S1128,PP08,14.0,14.0,0.0
2026-05-09,S1128,PP08,14.0,14.0,0.0
2026-05-16,S1128,PP08,17.0,17.0,0.0
2026-05-23,S1128,PP08,15.0,15.0,0.0
2026-05-30,S1128,PP08,14.0,14.0,0.0
2026-06-06,S1128,PP08,11.0,11.0,0.0
2026-06-13,S1128,PP08,14.0,14.0,0.0
2026-06-20,S1128,PP08,12.0,12.0,0.0
2026-06-27,S1128,PP08,13.0,13.0,0.0
2026-07-04,S1128,PP08,14.0,14.0,0.0
2026-07-11,S1128,PP08,17.0,17.0,0.0
2026-07-18,S1128,PP08,13.0,13.0,0.0
2026-07-25,S1128,PP08,12.0,12.0,0.0
2022-08-06,S1129,PP08,12.0,12.0,0.0
2022-08-13,S1129,PP08,11.0,11.0,0.0
2022-08-20,S1129,PP08,11.0,11.0,0.0
2022-08-27,S1129,PP08,12.0,12.0,0.0
2022-09-03,S1129,PP08,12.0,12.0,0.0
2022-09-10,S1129,PP08,9.0,9.0,0.0
2022-09-17,S1129,PP08,9.0,9.0,0.0
2022-09-24,S1129,PP08,11.0,11.0,0.0
2022-10-01,S1129,PP08,10.0,10.0,0.0
2022-10-08,S1129,PP08,10.0,10.0,0.0
2022-10-15,S1129,PP08,9.0,9.0,0.0
2022-10-22,S1129,PP08,11.0,11.0,0.0
2022-10-29,S1129,PP08,11.0,11.0,0.0
2022-11-05,S1129,PP08,11.0,11.0,0.0
2022-11-12,S1129,PP08,10.0,10.0,0.0
2022-11-19,S1129,PP08,14.0,14.0,0.0
2022-11-26,S1129,PP08,14.0,14.0,0.0
2022-12-03,S1129,PP08,17.0,16.0,1.0
2022-12-10,S1129,PP08,13.0,14.0,0.0
2022-12-17,S1129,PP08,15.0,15.0,0.0
2022-12-24,S1129,PP08,12.0,12.0,0.0
2022-12-31,S1129,PP08,11.0,11.0,0.0
2023-01-07,S1129,PP08,10.0,10.0,0.0
2023-01-14,S1129,PP08,8.0,8.0,0.0
2023-01-21,S1129,PP08,8.0,8.0,0.0
2023-01-28,S1129,PP08,9.0,9.0,0.0
2023-02-04,S1129,PP08,8.0,8.0,0.0
2023-02-11,S1129,PP08,9.0,9.0,0.0
2023-02-18,S1129,PP08,11.0,11.0,0.0
2023-02-25,S1129,PP08,9.0,9.0,0.0
2023-03-04,S1129,PP08,11.0,11.0,0.0
2023-03-11,S1129,PP08,11.0,11.0,0.0
2023-03-18,S1129,PP08,11.0,11.0,0.0
2023-03-25,S1129,PP08,10.0,10.0,0.0
2023-04-01,S1129,PP08,10.0,10.0,0.0
2023-04-08,S1129,PP08,10.0,10.0,0.0
2023-04-15,S1129,PP08,11.0,11.0,0.0
2023-04-22,S1129,PP08,8.0,8.0,0.0
2023-04-29,S1129,PP08,12.0,12.0,0.0
2023-05-06,S1129,PP08,10.0,10.0,0.0
2023-05-13,S1129,PP08,11.0,11.0,0.0
2023-05-20,S1129,PP08,10.0,10.0,0.0
2023-05-27,S1129,PP08,10.0,10.0,0.0
2023-06-03,S1129,PP08,9.0,9.0,0.0
2023-06-10,S1129,PP08,10.0,10.0,0.0
2023-06-17,S1129,PP08,11.0,11.0,0.0
2023-06-24,S1129,PP08,8.0,8.0,0.0
2023-07-01,S1129,PP08,9.0,9.0,0.0
2023-07-08,S1129,PP08,11.0,11.0,0.0
2023-07-15,S1129,PP08,11.0,11.0,0.0
2023-07-22,S1129,PP08,11.0,11.0,0.0
2023-07-29,S1129,PP08,10.0,10.0,0.0
2023-08-05,S1129,PP08,12.0,12.0,0.0
2023-08-12,S1129,PP08,10.0,10.0,0.0
2023-08-19,S1129,PP08,11.0,11.0,0.0
2023-08-26,S1129,PP08,9.0,9.0,0.0
2023-09-02,S1129,PP08,10.0,10.0,0.0
2023-09-09,S1129,PP08,9.0,9.0,0.0
2023-09-16,S1129,PP08,11.0,11.0,0.0
2023-09-23,S1129,PP08,10.0,10.0,0.0
2023-09-30,S1129,PP08,9.0,9.0,0.0
2023-10-07,S1129,PP08,11.0,11.0,0.0
2023-10-14,S1129,PP08,9.0,9.0,0.0
2023-10-21,S1129,PP08,10.0,10.0,0.0
2023-10-28,S1129,PP08,10.0,10.0,0.0
2023-11-04,S1129,PP08,12.0,12.0,0.0
2023-11-11,S1129,PP08,13.0,13.0,0.0
2023-11-18,S1129,PP08,15.0,15.0,0.0
2023-11-25,S1129,PP08,14.0,14.0,0.0
2023-12-02,S1129,PP08,11.0,11.0,0.0
2023-12-09,S1129,PP08,15.0,15.0,0.0
2023-12-16,S1129,PP08,18.0,16.0,2.0
2023-12-23,S1129,PP08,13.0,15.0,0.0
2023-12-30,S1129,PP08,10.0,10.0,0.0
2024-01-06,S1129,PP08,10.0,10.0,0.0
2024-01-13,S1129,PP08,8.0,8.0,0.0
2024-01-20,S1129,PP08,8.0,8.0,0.0
2024-01-27,S1129,PP08,8.0,8.0,0.0
2024-02-03,S1129,PP08,8.0,8.0,0.0
2024-02-10,S1129,PP08,10.0,10.0,0.0
2024-02-17,S1129,PP08,10.0,10.0,0.0
2024-02-24,S1129,PP08,9.0,9.0,0.0
2024-03-02,S1129,PP08,10.0,10.0,0.0
2024-03-09,S1129,PP08,9.0,9.0,0.0
2024-03-16,S1129,PP08,12.0,12.0,0.0
2024-03-23,S1129,PP08,11.0,11.0,0.0
2024-03-30,S1129,PP08,10.0,10.0,0.0
2024-04-06,S1129,PP08,10.0,10.0,0.0
2024-04-13,S1129,PP08,11.0,11.0,0.0
2024-04-20,S1129,PP08,10.0,10.0,0.0
2024-04-27,S1129,PP08,12.0,12.0,0.0
2024-05-04,S1129,PP08,13.0,13.0,0.0
2024-05-11,S1129,PP08,11.0,11.0,0.0
2024-05-18,S1129,PP08,13.0,13.0,0.0
2024-05-25,S1129,PP08,13.0,13.0,0.0
2024-06-01,S1129,PP08,11.0,11.0,0.0
2024-06-08,S1129,PP08,10.0,10.0,0.0
2024-06-15,S1129,PP08,11.0,11.0,0.0
2024-06-22,S1129,PP08,10.0,10.0,0.0
2024-06-29,S1129,PP08,10.0,10.0,0.0
2024-07-06,S1129,PP08,11.0,11.0,0.0
2024-07-13,S1129,PP08,9.0,9.0,0.0
2024-07-20,S1129,PP08,10.0,10.0,0.0
2024-07-27,S1129,PP08,10.0,10.0,0.0
2024-08-03,S1129,PP08,10.0,10.0,0.0
2024-08-10,S1129,PP08,12.0,12.0,0.0
2024-08-17,S1129,PP08,11.0,11.0,0.0
2024-08-24,S1129,PP08,12.0,12.0,0.0
2024-08-31,S1129,PP08,10.0,10.0,0.0
2024-09-07,S1129,PP08,10.0,10.0,0.0
2024-09-14,S1129,PP08,9.0,9.0,0.0
2024-09-21,S1129,PP08,10.0,10.0,0.0
2024-09-28,S1129,PP08,10.0,10.0,0.0
2024-10-05,S1129,PP08,11.0,11.0,0.0
2024-10-12,S1129,PP08,10.0,10.0,0.0
2024-10-19,S1129,PP08,13.0,13.0,0.0
2024-10-26,S1129,PP08,12.0,12.0,0.0
2024-11-02,S1129,PP08,11.0,11.0,0.0
2024-11-09,S1129,PP08,11.0,11.0,0.0
2024-11-16,S1129,PP08,14.0,14.0,0.0
2024-11-23,S1129,PP08,13.0,13.0,0.0
2024-11-30,S1129,PP08,16.0,16.0,0.0
2024-12-07,S1129,PP08,18.0,16.0,2.0
2024-12-14,S1129,PP08,18.0,16.0,4.0
2024-12-21,S1129,PP08,13.0,16.0,1.0
2024-12-28,S1129,PP08,14.0,15.0,0.0
2025-01-04,S1129,PP08,11.0,11.0,0.0
2025-01-11,S1129,PP08,8.0,8.0,0.0
2025-01-18,S1129,PP08,8.0,8.0,0.0
2025-01-25,S1129,PP08,9.0,9.0,0.0
2025-02-01,S1129,PP08,9.0,9.0,0.0
2025-02-08,S1129,PP08,10.0,10.0,0.0
2025-02-15,S1129,PP08,11.0,11.0,0.0
2025-02-22,S1129,PP08,11.0,11.0,0.0
2025-03-01,S1129,PP08,10.0,10.0,0.0
2025-03-08,S1129,PP08,11.0,11.0,0.0
2025-03-15,S1129,PP08,10.0,10.0,0.0
2025-03-22,S1129,PP08,10.0,10.0,0.0
2025-03-29,S1129,PP08,9.0,9.0,0.0
2025-04-05,S1129,PP08,11.0,11.0,0.0
2025-04-12,S1129,PP08,12.0,12.0,0.0
2025-04-19,S1129,PP08,11.0,11.0,0.0
2025-04-26,S1129,PP08,10.0,10.0,0.0
2025-05-03,S1129,PP08,12.0,12.0,0.0
2025-05-10,S1129,PP08,13.0,13.0,0.0
2025-05-17,S1129,PP08,13.0,13.0,0.0
2025-05-24,S1129,PP08,11.0,11.0,0.0
2025-05-31,S1129,PP08,14.0,14.0,0.0
2025-06-07,S1129,PP08,14.0,14.0,0.0
2025-06-14,S1129,PP08,10.0,10.0,0.0
2025-06-21,S1129,PP08,11.0,11.0,0.0
2025-06-28,S1129,PP08,12.0,12.0,0.0
2025-07-05,S1129,PP08,10.0,10.0,0.0
2025-07-12,S1129,PP08,12.0,12.0,0.0
2025-07-19,S1129,PP08,12.0,12.0,0.0
2025-07-26,S1129,PP08,12.0,12.0,0.0
2025-08-02,S1129,PP08,11.0,11.0,0.0
2025-08-09,S1129,PP08,11.0,11.0,0.0
2025-08-16,S1129,PP08,10.0,10.0,0.0
2025-08-23,S1129,PP08,13.0,13.0,0.0
2025-08-30,S1129,PP08,12.0,12.0,0.0
2025-09-06,S1129,PP08,11.0,11.0,0.0
2025-09-13,S1129,PP08,11.0,11.0,0.0
2025-09-20,S1129,PP08,8.0,8.0,0.0
2025-09-27,S1129,PP08,10.0,10.0,0.0
2025-10-04,S1129,PP08,11.0,11.0,0.0
2025-10-11,S1129,PP08,10.0,10.0,0.0
2025-10-18,S1129,PP08,10.0,10.0,0.0
2025-10-25,S1129,PP08,11.0,11.0,0.0
2025-11-01,S1129,PP08,13.0,13.0,0.0
2025-11-08,S1129,PP08,13.0,13.0,0.0
2025-11-15,S1129,PP08,15.0,15.0,0.0
2025-11-22,S1129,PP08,18.0,16.0,2.0
2025-11-29,S1129,PP08,17.0,16.0,3.0
2025-12-06,S1129,PP08,17.0,16.0,4.0
2025-12-13,S1129,PP08,21.0,16.0,9.0
2025-12-20,S1129,PP08,13.0,16.0,6.0
2025-12-27,S1129,PP08,11.0,16.0,1.0
2026-01-03,S1129,PP08,10.0,11.0,0.0
2026-01-10,S1129,PP08,10.0,10.0,0.0
2026-01-17,S1129,PP08,9.0,9.0,0.0
2026-01-24,S1129,PP08,8.0,8.0,0.0
2026-01-31,S1129,PP08,9.0,9.0,0.0
2026-02-07,S1129,PP08,9.0,9.0,0.0
2026-02-14,S1129,PP08,9.0,9.0,0.0
2026-02-21,S1129,PP08,13.0,13.0,0.0
2026-02-28,S1129,PP08,11.0,11.0,0.0
2026-03-07,S1129,PP08,13.0,13.0,0.0
2026-03-14,S1129,PP08,10.0,10.0,0.0
2026-03-21,S1129,PP08,12.0,12.0,0.0
2026-03-28,S1129,PP08,12.0,12.0,0.0
2026-04-04,S1129,PP08,12.0,12.0,0.0
2026-04-11,S1129,PP08,12.0,12.0,0.0
2026-04-18,S1129,PP08,13.0,13.0,0.0
2026-04-25,S1129,PP08,12.0,12.0,0.0
2026-05-02,S1129,PP08,11.0,11.0,0.0
2026-05-09,S1129,PP08,13.0,13.0,0.0
2026-05-16,S1129,PP08,12.0,12.0,0.0
2026-05-23,S1129,PP08,11.0,11.0,0.0
2026-05-30,S1129,PP08,13.0,13.0,0.0
2026-06-06,S1129,PP08,13.0,13.0,0.0
2026-06-13,S1129,PP08,11.0,11.0,0.0
2026-06-20,S1129,PP08,11.0,11.0,0.0
2026-06-27,S1129,PP08,10.0,10.0,0.0
2026-07-04,S1129,PP08,10.0,10.0,0.0
2026-07-11,S1129,PP08,12.0,12.0,0.0
2026-07-18,S1129,PP08,13.0,13.0,0.0
2026-07-25,S1129,PP08,11.0,11.0,0.0
2022-08-06,S1130,PP08,11.0,11.0,0.0
2022-08-13,S1130,PP08,9.0,9.0,0.0
2022-08-20,S1130,PP08,9.0,9.0,0.0
2022-08-27,S1130,PP08,9.0,9.0,0.0
2022-09-03,S1130,PP08,10.0,10.0,0.0
2022-09-10,S1130,PP08,8.0,8.0,0.0
2022-09-17,S1130,PP08,9.0,9.0,0.0
2022-09-24,S1130,PP08,9.0,9.0,0.0
2022-10-01,S1130,PP08,9.0,9.0,0.0
2022-10-08,S1130,PP08,9.0,9.0,0.0
2022-10-15,S1130,PP08,9.0,9.0,0.0
2022-10-22,S1130,PP08,11.0,11.0,0.0
2022-10-29,S1130,PP08,10.0,10.0,0.0
2022-11-05,S1130,PP08,11.0,11.0,0.0
2022-11-12,S1130,PP08,11.0,11.0,0.0
2022-11-19,S1130,PP08,13.0,13.0,0.0
2022-11-26,S1130,PP08,12.0,12.0,0.0
2022-12-03,S1130,PP08,13.0,13.0,0.0
2022-12-10,S1130,PP08,16.0,14.0,2.0
2022-12-17,S1130,PP08,13.0,14.0,1.0
2022-12-24,S1130,PP08,12.0,13.0,0.0
2022-12-31,S1130,PP08,13.0,13.0,0.0
2023-01-07,S1130,PP08,8.0,8.0,0.0
2023-01-14,S1130,PP08,8.0,8.0,0.0
2023-01-21,S1130,PP08,7.0,7.0,0.0
2023-01-28,S1130,PP08,9.0,9.0,0.0
2023-02-04,S1130,PP08,9.0,9.0,0.0
2023-02-11,S1130,PP08,9.0,9.0,0.0
2023-02-18,S1130,PP08,9.0,9.0,0.0
2023-02-25,S1130,PP08,9.0,9.0,0.0
2023-03-04,S1130,PP08,8.0,8.0,0.0
2023-03-11,S1130,PP08,9.0,9.0,0.0
2023-03-18,S1130,PP08,9.0,9.0,0.0
2023-03-25,S1130,PP08,9.0,9.0,0.0
2023-04-01,S1130,PP08,8.0,8.0,0.0
2023-04-08,S1130,PP08,9.0,9.0,0.0
2023-04-15,S1130,PP08,11.0,11.0,0.0
2023-04-22,S1130,PP08,10.0,10.0,0.0
2023-04-29,S1130,PP08,10.0,10.0,0.0
2023-05-06,S1130,PP08,12.0,12.0,0.0
2023-05-13,S1130,PP08,9.0,9.0,0.0
2023-05-20,S1130,PP08,10.0,10.0,0.0
2023-05-27,S1130,PP08,8.0,8.0,0.0
2023-06-03,S1130,PP08,9.0,9.0,0.0
2023-06-10,S1130,PP08,11.0,11.0,0.0
2023-06-17,S1130,PP08,9.0,9.0,0.0
2023-06-24,S1130,PP08,8.0,8.0,0.0
2023-07-01,S1130,PP08,10.0,10.0,0.0
2023-07-08,S1130,PP08,10.0,10.0,0.0
2023-07-15,S1130,PP08,10.0,10.0,0.0
2023-07-22,S1130,PP08,9.0,9.0,0.0
2023-07-29,S1130,PP08,9.0,9.0,0.0
2023-08-05,S1130,PP08,10.0,10.0,0.0
2023-08-12,S1130,PP08,11.0,11.0,0.0
2023-08-19,S1130,PP08,10.0,10.0,0.0
2023-08-26,S1130,PP08,10.0,10.0,0.0
2023-09-02,S1130,PP08,9.0,9.0,0.0
2023-09-09,S1130,PP08,10.0,10.0,0.0
2023-09-16,S1130,PP08,9.0,9.0,0.0
2023-09-23,S1130,PP08,8.0,8.0,0.0
2023-09-30,S1130,PP08,9.0,9.0,0.0
2023-10-07,S1130,PP08,9.0,9.0,0.0
2023-10-14,S1130,PP08,10.0,10.0,0.0
2023-10-21,S1130,PP08,10.0,10.0,0.0
2023-10-28,S1130,PP08,11.0,11.0,0.0
2023-11-04,S1130,PP08,9.0,9.0,0.0
2023-11-11,S1130,PP08,10.0,10.0,0.0
2023-11-18,S1130,PP08,11.0,11.0,0.0
2023-11-25,S1130,PP08,12.0,12.0,0.0
2023-12-02,S1130,PP08,13.0,13.0,0.0
2023-12-09,S1130,PP08,16.0,14.0,2.0
2023-12-16,S1130,PP08,15.0,14.0,3.0
2023-12-23,S1130,PP08,12.0,14.0,1.0
2023-12-30,S1130,PP08,11.0,12.0,0.0
2024-01-06,S1130,PP08,9.0,9.0,0.0
2024-01-13,S1130,PP08,7.0,7.0,0.0
2024-01-20,S1130,PP08,8.0,8.0,0.0
2024-01-27,S1130,PP08,7.0,7.0,0.0
2024-02-03,S1130,PP08,8.0,8.0,0.0
2024-02-10,S1130,PP08,8.0,8.0,0.0
2024-02-17,S1130,PP08,8.0,8.0,0.0
2024-02-24,S1130,PP08,8.0,8.0,0.0
2024-03-02,S1130,PP08,8.0,8.0,0.0
2024-03-09,S1130,PP08,9.0,9.0,0.0
2024-03-16,S1130,PP08,9.0,9.0,0.0
2024-03-23,S1130,PP08,9.0,9.0,0.0
2024-03-30,S1130,PP08,9.0,9.0,0.0
2024-04-06,S1130,PP08,11.0,11.0,0.0
2024-04-13,S1130,PP08,8.0,8.0,0.0
2024-04-20,S1130,PP08,8.0,8.0,0.0
2024-04-27,S1130,PP08,9.0,9.0,0.0
2024-05-04,S1130,PP08,10.0,10.0,0.0
2024-05-11,S1130,PP08,11.0,11.0,0.0
2024-05-18,S1130,PP08,11.0,11.0,0.0
2024-05-25,S1130,PP08,11.0,11.0,0.0
2024-06-01,S1130,PP08,10.0,10.0,0.0
2024-06-08,S1130,PP08,9.0,9.0,0.0
2024-06-15,S1130,PP08,11.0,11.0,0.0
2024-06-22,S1130,PP08,7.0,7.0,0.0
2024-06-29,S1130,PP08,10.0,10.0,0.0
2024-07-06,S1130,PP08,10.0,10.0,0.0
2024-07-13,S1130,PP08,11.0,11.0,0.0
2024-07-20,S1130,PP08,8.0,8.0,0.0
2024-07-27,S1130,PP08,9.0,9.0,0.0
2024-08-03,S1130,PP08,9.0,9.0,0.0
2024-08-10,S1130,PP08,8.0,8.0,0.0
2024-08-17,S1130,PP08,10.0,10.0,0.0
2024-08-24,S1130,PP08,11.0,11.0,0.0
2024-08-31,S1130,PP08,11.0,11.0,0.0
2024-09-07,S1130,PP08,9.0,9.0,0.0
2024-09-14,S1130,PP08,10.0,10.0,0.0
2024-09-21,S1130,PP08,9.0,9.0,0.0
2024-09-28,S1130,PP08,10.0,10.0,0.0
2024-10-05,S1130,PP08,10.0,10.0,0.0
2024-10-12,S1130,PP08,9.0,9.0,0.0
2024-10-19,S1130,PP08,11.0,11.0,0.0
2024-10-26,S1130,PP08,9.0,9.0,0.0
2024-11-02,S1130,PP08,12.0,12.0,0.0
2024-11-09,S1130,PP08,13.0,13.0,0.0
2024-11-16,S1130,PP08,13.0,13.0,0.0
2024-11-23,S1130,PP08,11.0,11.0,0.0
2024-11-30,S1130,PP08,14.0,14.0,0.0
2024-12-07,S1130,PP08,15.0,14.0,1.0
2024-12-14,S1130,PP08,16.0,14.0,3.0
2024-12-21,S1130,PP08,13.0,14.0,2.0
2024-12-28,S1130,PP08,13.0,14.0,1.0
2025-01-04,S1130,PP08,8.0,9.0,0.0
2025-01-11,S1130,PP08,8.0,8.0,0.0
2025-01-18,S1130,PP08,7.0,7.0,0.0
2025-01-25,S1130,PP08,9.0,9.0,0.0
2025-02-01,S1130,PP08,9.0,9.0,0.0
2025-02-08,S1130,PP08,12.0,12.0,0.0
2025-02-15,S1130,PP08,10.0,10.0,0.0
2025-02-22,S1130,PP08,9.0,9.0,0.0
2025-03-01,S1130,PP08,10.0,10.0,0.0
2025-03-08,S1130,PP08,9.0,9.0,0.0
2025-03-15,S1130,PP08,10.0,10.0,0.0
2025-03-22,S1130,PP08,10.0,10.0,0.0
2025-03-29,S1130,PP08,8.0,8.0,0.0
2025-04-05,S1130,PP08,10.0,10.0,0.0
2025-04-12,S1130,PP08,10.0,10.0,0.0
2025-04-19,S1130,PP08,12.0,12.0,0.0
2025-04-26,S1130,PP08,10.0,10.0,0.0
2025-05-03,S1130,PP08,10.0,10.0,0.0
2025-05-10,S1130,PP08,11.0,11.0,0.0
2025-05-17,S1130,PP08,11.0,11.0,0.0
2025-05-24,S1130,PP08,10.0,10.0,0.0
2025-05-31,S1130,PP08,9.0,9.0,0.0
2025-06-07,S1130,PP08,10.0,10.0,0.0
2025-06-14,S1130,PP08,9.0,9.0,0.0
2025-06-21,S1130,PP08,10.0,10.0,0.0
2025-06-28,S1130,PP08,11.0,11.0,0.0
2025-07-05,S1130,PP08,10.0,10.0,0.0
2025-07-12,S1130,PP08,10.0,10.0,0.0
2025-07-19,S1130,PP08,11.0,11.0,0.0
2025-07-26,S1130,PP08,10.0,10.0,0.0
2025-08-02,S1130,PP08,14.0,14.0,0.0
2025-08-09,S1130,PP08,11.0,11.0,0.0
2025-08-16,S1130,PP08,9.0,9.0,0.0
2025-08-23,S1130,PP08,10.0,10.0,0.0
2025-08-30,S1130,PP08,9.0,9.0,0.0
2025-09-06,S1130,PP08,9.0,9.0,0.0
2025-09-13,S1130,PP08,10.0,10.0,0.0
2025-09-20,S1130,PP08,9.0,9.0,0.0
2025-09-27,S1130,PP08,10.0,10.0,0.0
2025-10-04,S1130,PP08,11.0,11.0,0.0
2025-10-11,S1130,PP08,10.0,10.0,0.0
2025-10-18,S1130,PP08,11.0,11.0,0.0
2025-10-25,S1130,PP08,9.0,9.0,0.0
2025-11-01,S1130,PP08,11.0,11.0,0.0
2025-11-08,S1130,PP08,11.0,11.0,0.0
2025-11-15,S1130,PP08,13.0,13.0,0.0
2025-11-22,S1130,PP08,12.0,12.0,0.0
2025-11-29,S1130,PP08,18.0,14.0,4.0
2025-12-06,S1130,PP08,13.0,14.0,3.0
2025-12-13,S1130,PP08,18.0,14.0,7.0
2025-12-20,S1130,PP08,15.0,14.0,8.0
2025-12-27,S1130,PP08,13.0,14.0,7.0
2026-01-03,S1130,PP08,10.0,14.0,3.0
2026-01-10,S1130,PP08,10.0,13.0,0.0
2026-01-17,S1130,PP08,11.0,11.0,0.0
2026-01-24,S1130,PP08,8.0,8.0,0.0
2026-01-31,S1130,PP08,9.0,9.0,0.0
2026-02-07,S1130,PP08,9.0,9.0,0.0
2026-02-14,S1130,PP08,9.0,9.0,0.0
2026-02-21,S1130,PP08,10.0,10.0,0.0
2026-02-28,S1130,PP08,10.0,10.0,0.0
2026-03-07,S1130,PP08,9.0,9.0,0.0
2026-03-14,S1130,PP08,11.0,11.0,0.0
2026-03-21,S1130,PP08,11.0,11.0,0.0
2026-03-28,S1130,PP08,10.0,10.0,0.0
2026-04-04,S1130,PP08,10.0,10.0,0.0
2026-04-11,S1130,PP08,11.0,11.0,0.0
2026-04-18,S1130,PP08,12.0,12.0,0.0
2026-04-25,S1130,PP08,11.0,11.0,0.0
2026-05-02,S1130,PP08,12.0,12.0,0.0
2026-05-09,S1130,PP08,10.0,10.0,0.0
2026-05-16,S1130,PP08,11.0,11.0,0.0
2026-05-23,S1130,PP08,12.0,12.0,0.0
2026-05-30,S1130,PP08,9.0,9.0,0.0
2026-06-06,S1130,PP08,11.0,11.0,0.0
2026-06-13,S1130,PP08,11.0,11.0,0.0
2026-06-20,S1130,PP08,11.0,11.0,0.0
2026-06-27,S1130,PP08,11.0,11.0,0.0
2026-07-04,S1130,PP08,11.0,11.0,0.0
2026-07-11,S1130,PP08,10.0,10.0,0.0
2026-07-18,S1130,PP08,10.0,10.0,0.0
2026-07-25,S1130,PP08,11.0,11.0,0.0
2022-08-06,S1131,PP08,11.0,11.0,0.0
2022-08-13,S1131,PP08,11.0,11.0,0.0
2022-08-20,S1131,PP08,9.0,9.0,0.0
2022-08-27,S1131,PP08,9.0,9.0,0.0
2022-09-03,S1131,PP08,9.0,9.0,0.0
2022-09-10,S1131,PP08,9.0,9.0,0.0
2022-09-17,S1131,PP08,9.0,9.0,0.0
2022-09-24,S1131,PP08,10.0,10.0,0.0
2022-10-01,S1131,PP08,11.0,11.0,0.0
2022-10-08,S1131,PP08,8.0,8.0,0.0
2022-10-15,S1131,PP08,10.0,10.0,0.0
2022-10-22,S1131,PP08,10.0,10.0,0.0
2022-10-29,S1131,PP08,10.0,10.0,0.0
2022-11-05,S1131,PP08,10.0,10.0,0.0
2022-11-12,S1131,PP08,11.0,11.0,0.0
2022-11-19,S1131,PP08,15.0,14.0,1.0
2022-11-26,S1131,PP08,13.0,14.0,0.0
2022-12-03,S1131,PP08,13.0,13.0,0.0
2022-12-10,S1131,PP08,14.0,14.0,0.0
2022-12-17,S1131,PP08,12.0,12.0,0.0
2022-12-24,S1131,PP08,12.0,12.0,0.0
2022-12-31,S1131,PP08,11.0,11.0,0.0
2023-01-07,S1131,PP08,8.0,8.0,0.0
2023-01-14,S1131,PP08,5.0,5.0,0.0
2023-01-21,S1131,PP08,8.0,8.0,0.0
2023-01-28,S1131,PP08,8.0,8.0,0.0
2023-02-04,S1131,PP08,8.0,8.0,0.0
2023-02-11,S1131,PP08,8.0,8.0,0.0
2023-02-18,S1131,PP08,9.0,9.0,0.0
2023-02-25,S1131,PP08,9.0,9.0,0.0
2023-03-04,S1131,PP08,10.0,10.0,0.0
2023-03-11,S1131,PP08,10.0,10.0,0.0
2023-03-18,S1131,PP08,9.0,9.0,0.0
2023-03-25,S1131,PP08,9.0,9.0,0.0
2023-04-01,S1131,PP08,10.0,10.0,0.0
2023-04-08,S1131,PP08,9.0,9.0,0.0
2023-04-15,S1131,PP08,8.0,8.0,0.0
2023-04-22,S1131,PP08,12.0,12.0,0.0
2023-04-29,S1131,PP08,10.0,10.0,0.0
2023-05-06,S1131,PP08,9.0,9.0,0.0
2023-05-13,S1131,PP08,8.0,8.0,0.0
2023-05-20,S1131,PP08,10.0,10.0,0.0
2023-05-27,S1131,PP08,9.0,9.0,0.0
2023-06-03,S1131,PP08,10.0,10.0,0.0
2023-06-10,S1131,PP08,8.0,8.0,0.0
2023-06-17,S1131,PP08,9.0,9.0,0.0
2023-06-24,S1131,PP08,9.0,9.0,0.0
2023-07-01,S1131,PP08,9.0,9.0,0.0
2023-07-08,S1131,PP08,9.0,9.0,0.0
2023-07-15,S1131,PP08,10.0,10.0,0.0
2023-07-22,S1131,PP08,11.0,11.0,0.0
2023-07-29,S1131,PP08,9.0,9.0,0.0
2023-08-05,S1131,PP08,9.0,9.0,0.0
2023-08-12,S1131,PP08,9.0,9.0,0.0
2023-08-19,S1131,PP08,9.0,9.0,0.0
2023-08-26,S1131,PP08,8.0,8.0,0.0
2023-09-02,S1131,PP08,10.0,10.0,0.0
2023-09-09,S1131,PP08,9.0,9.0,0.0
2023-09-16,S1131,PP08,10.0,10.0,0.0
2023-09-23,S1131,PP08,11.0,11.0,0.0
2023-09-30,S1131,PP08,8.0,8.0,0.0
2023-10-07,S1131,PP08,9.0,9.0,0.0
2023-10-14,S1131,PP08,11.0,11.0,0.0
2023-10-21,S1131,PP08,10.0,10.0,0.0
2023-10-28,S1131,PP08,11.0,11.0,0.0
2023-11-04,S1131,PP08,12.0,12.0,0.0
2023-11-11,S1131,PP08,12.0,12.0,0.0
2023-11-18,S1131,PP08,13.0,13.0,0.0
2023-11-25,S1131,PP08,15.0,14.0,1.0
2023-12-02,S1131,PP08,14.0,14.0,1.0
2023-12-09,S1131,PP08,16.0,14.0,3.0
2023-12-16,S1131,PP08,14.0,14.0,3.0
2023-12-23,S1131,PP08,14.0,14.0,3.0
2023-12-30,S1131,PP08,10.0,13.0,0.0
2024-01-06,S1131,PP08,7.0,7.0,0.0
2024-01-13,S1131,PP08,8.0,8.0,0.0
2024-01-20,S1131,PP08,7.0,7.0,0.0
2024-01-27,S1131,PP08,7.0,7.0,0.0
2024-02-03,S1131,PP08,10.0,10.0,0.0
2024-02-10,S1131,PP08,10.0,10.0,0.0
2024-02-17,S1131,PP08,9.0,9.0,0.0
2024-02-24,S1131,PP08,7.0,7.0,0.0
2024-03-02,S1131,PP08,10.0,10.0,0.0
2024-03-09,S1131,PP08,10.0,10.0,0.0
2024-03-16,S1131,PP08,10.0,10.0,0.0
2024-03-23,S1131,PP08,10.0,10.0,0.0
2024-03-30,S1131,PP08,9.0,9.0,0.0
2024-04-06,S1131,PP08,9.0,9.0,0.0
2024-04-13,S1131,PP08,8.0,8.0,0.0
2024-04-20,S1131,PP08,9.0,9.0,0.0
2024-04-27,S1131,PP08,10.0,10.0,0.0
2024-05-04,S1131,PP08,11.0,11.0,0.0
2024-05-11,S1131,PP08,11.0,11.0,0.0
2024-05-18,S1131,PP08,9.0,9.0,0.0
2024-05-25,S1131,PP08,9.0,9.0,0.0
2024-06-01,S1131,PP08,10.0,10.0,0.0
2024-06-08,S1131,PP08,9.0,9.0,0.0
2024-06-15,S1131,PP08,10.0,10.0,0.0
2024-06-22,S1131,PP08,9.0,9.0,0.0
2024-06-29,S1131,PP08,11.0,11.0,0.0
2024-07-06,S1131,PP08,9.0,9.0,0.0
2024-07-13,S1131,PP08,11.0,11.0,0.0
2024-07-20,S1131,PP08,10.0,10.0,0.0
2024-07-27,S1131,PP08,9.0,9.0,0.0
2024-08-03,S1131,PP08,12.0,12.0,0.0
2024-08-10,S1131,PP08,11.0,11.0,0.0
2024-08-17,S1131,PP08,10.0,10.0,0.0
2024-08-24,S1131,PP08,10.0,10.0,0.0
2024-08-31,S1131,PP08,10.0,10.0,0.0
2024-09-07,S1131,PP08,10.0,10.0,0.0
2024-09-14,S1131,PP08,8.0,8.0,0.0
2024-09-21,S1131,PP08,9.0,9.0,0.0
2024-09-28,S1131,PP08,9.0,9.0,0.0
2024-10-05,S1131,PP08,10.0,10.0,0.0
2024-10-12,S1131,PP08,10.0,10.0,0.0
2024-10-19,S1131,PP08,10.0,10.0,0.0
2024-10-26,S1131,PP08,10.0,10.0,0.0
2024-11-02,S1131,PP08,10.0,10.0,0.0
2024-11-09,S1131,PP08,10.0,10.0,0.0
2024-11-16,S1131,PP08,13.0,13.0,0.0
2024-11-23,S1131,PP08,12.0,12.0,0.0
2024-11-30,S1131,PP08,14.0,14.0,0.0
2024-12-07,S1131,PP08,15.0,14.0,1.0
2024-12-14,S1131,PP08,15.0,14.0,2.0
2024-12-21,S1131,PP08,13.0,14.0,1.0
2024-12-28,S1131,PP08,11.0,12.0,0.0
2025-01-04,S1131,PP08,10.0,10.0,0.0
2025-01-11,S1131,PP08,8.0,8.0,0.0
2025-01-18,S1131,PP08,8.0,8.0,0.0
2025-01-25,S1131,PP08,9.0,9.0,0.0
2025-02-01,S1131,PP08,9.0,9.0,0.0
2025-02-08,S1131,PP08,8.0,8.0,0.0
2025-02-15,S1131,PP08,9.0,9.0,0.0
2025-02-22,S1131,PP08,11.0,11.0,0.0
2025-03-01,S1131,PP08,9.0,9.0,0.0
2025-03-08,S1131,PP08,10.0,10.0,0.0
2025-03-15,S1131,PP08,11.0,11.0,0.0
2025-03-22,S1131,PP08,10.0,10.0,0.0
2025-03-29,S1131,PP08,10.0,10.0,0.0
2025-04-05,S1131,PP08,9.0,9.0,0.0
2025-04-12,S1131,PP08,10.0,10.0,0.0
2025-04-19,S1131,PP08,11.0,11.0,0.0
2025-04-26,S1131,PP08,12.0,12.0,0.0
2025-05-03,S1131,PP08,9.0,9.0,0.0
2025-05-10,S1131,PP08,13.0,13.0,0.0
2025-05-17,S1131,PP08,11.0,11.0,0.0
2025-05-24,S1131,PP08,12.0,12.0,0.0
2025-05-31,S1131,PP08,10.0,10.0,0.0
2025-06-07,S1131,PP08,9.0,9.0,0.0
2025-06-14,S1131,PP08,9.0,9.0,0.0
2025-06-21,S1131,PP08,10.0,10.0,0.0
2025-06-28,S1131,PP08,11.0,11.0,0.0
2025-07-05,S1131,PP08,10.0,10.0,0.0
2025-07-12,S1131,PP08,10.0,10.0,0.0
2025-07-19,S1131,PP08,12.0,12.0,0.0
2025-07-26,S1131,PP08,11.0,11.0,0.0
2025-08-02,S1131,PP08,11.0,11.0,0.0
2025-08-09,S1131,PP08,15.0,14.0,1.0
2025-08-16,S1131,PP08,11.0,12.0,0.0
2025-08-23,S1131,PP08,10.0,10.0,0.0
2025-08-30,S1131,PP08,11.0,11.0,0.0
2025-09-06,S1131,PP08,11.0,11.0,0.0
2025-09-13,S1131,PP08,10.0,10.0,0.0
2025-09-20,S1131,PP08,10.0,10.0,0.0
2025-09-27,S1131,PP08,12.0,12.0,0.0
2025-10-04,S1131,PP08,12.0,12.0,0.0
2025-10-11,S1131,PP08,10.0,10.0,0.0
2025-10-18,S1131,PP08,10.0,10.0,0.0
2025-10-25,S1131,PP08,12.0,12.0,0.0
2025-11-01,S1131,PP08,11.0,11.0,0.0
2025-11-08,S1131,PP08,13.0,13.0,0.0
2025-11-15,S1131,PP08,13.0,13.0,0.0
2025-11-22,S1131,PP08,18.0,14.0,4.0
2025-11-29,S1131,PP08,17.0,14.0,7.0
2025-12-06,S1131,PP08,14.0,14.0,7.0
2025-12-13,S1131,PP08,15.0,14.0,8.0
2025-12-20,S1131,PP08,12.0,14.0,6.0
2025-12-27,S1131,PP08,10.0,14.0,2.0
2026-01-03,S1131,PP08,11.0,13.0,0.0
2026-01-10,S1131,PP08,8.0,8.0,0.0
2026-01-17,S1131,PP08,10.0,10.0,0.0
2026-01-24,S1131,PP08,10.0,10.0,0.0
2026-01-31,S1131,PP08,9.0,9.0,0.0
2026-02-07,S1131,PP08,9.0,9.0,0.0
2026-02-14,S1131,PP08,11.0,11.0,0.0
2026-02-21,S1131,PP08,12.0,12.0,0.0
2026-02-28,S1131,PP08,9.0,9.0,0.0
2026-03-07,S1131,PP08,9.0,9.0,0.0
2026-03-14,S1131,PP08,10.0,10.0,0.0
2026-03-21,S1131,PP08,11.0,11.0,0.0
2026-03-28,S1131,PP08,10.0,10.0,0.0
2026-04-04,S1131,PP08,11.0,11.0,0.0
2026-04-11,S1131,PP08,13.0,13.0,0.0
2026-04-18,S1131,PP08,9.0,9.0,0.0
2026-04-25,S1131,PP08,10.0,10.0,0.0
2026-05-02,S1131,PP08,10.0,10.0,0.0
2026-05-09,S1131,PP08,10.0,10.0,0.0
2026-05-16,S1131,PP08,11.0,11.0,0.0
2026-05-23,S1131,PP08,10.0,10.0,0.0
2026-05-30,S1131,PP08,12.0,12.0,0.0
2026-06-06,S1131,PP08,11.0,11.0,0.0
2026-06-13,S1131,PP08,11.0,11.0,0.0
2026-06-20,S1131,PP08,10.0,10.0,0.0
2026-06-27,S1131,PP08,11.0,11.0,0.0
2026-07-04,S1131,PP08,11.0,11.0,0.0
2026-07-11,S1131,PP08,11.0,11.0,0.0
2026-07-18,S1131,PP08,11.0,11.0,0.0
2026-07-25,S1131,PP08,9.0,9.0,0.0
2022-08-06,S1132,PP08,12.0,12.0,0.0
2022-08-13,S1132,PP08,11.0,11.0,0.0
2022-08-20,S1132,PP08,11.0,11.0,0.0
2022-08-27,S1132,PP08,10.0,10.0,0.0
2022-09-03,S1132,PP08,11.0,11.0,0.0
2022-09-10,S1132,PP08,11.0,11.0,0.0
2022-09-17,S1132,PP08,11.0,11.0,0.0
2022-09-24,S1132,PP08,10.0,10.0,0.0
2022-10-01,S1132,PP08,11.0,11.0,0.0
2022-10-08,S1132,PP08,12.0,12.0,0.0
2022-10-15,S1132,PP08,11.0,11.0,0.0
2022-10-22,S1132,PP08,12.0,12.0,0.0
2022-10-29,S1132,PP08,10.0,10.0,0.0
2022-11-05,S1132,PP08,11.0,11.0,0.0
2022-11-12,S1132,PP08,13.0,13.0,0.0
2022-11-19,S1132,PP08,16.0,16.0,0.0
2022-11-26,S1132,PP08,14.0,14.0,0.0
2022-12-03,S1132,PP08,21.0,16.0,5.0
2022-12-10,S1132,PP08,18.0,16.0,7.0
2022-12-17,S1132,PP08,14.0,16.0,5.0
2022-12-24,S1132,PP08,16.0,16.0,5.0
2022-12-31,S1132,PP08,11.0,16.0,0.0
2023-01-07,S1132,PP08,10.0,10.0,0.0
2023-01-14,S1132,PP08,8.0,8.0,0.0
2023-01-21,S1132,PP08,8.0,8.0,0.0
2023-01-28,S1132,PP08,10.0,10.0,0.0
2023-02-04,S1132,PP08,10.0,10.0,0.0
2023-02-11,S1132,PP08,12.0,12.0,0.0
2023-02-18,S1132,PP08,9.0,9.0,0.0
2023-02-25,S1132,PP08,9.0,9.0,0.0
2023-03-04,S1132,PP08,10.0,10.0,0.0
2023-03-11,S1132,PP08,15.0,15.0,0.0
2023-03-18,S1132,PP08,12.0,12.0,0.0
2023-03-25,S1132,PP08,12.0,12.0,0.0
2023-04-01,S1132,PP08,12.0,12.0,0.0
2023-04-08,S1132,PP08,11.0,11.0,0.0
2023-04-15,S1132,PP08,15.0,15.0,0.0
2023-04-22,S1132,PP08,12.0,12.0,0.0
2023-04-29,S1132,PP08,12.0,12.0,0.0
2023-05-06,S1132,PP08,13.0,13.0,0.0
2023-05-13,S1132,PP08,10.0,10.0,0.0
2023-05-20,S1132,PP08,11.0,11.0,0.0
2023-05-27,S1132,PP08,11.0,11.0,0.0
2023-06-03,S1132,PP08,13.0,13.0,0.0
2023-06-10,S1132,PP08,10.0,10.0,0.0
2023-06-17,S1132,PP08,11.0,11.0,0.0
2023-06-24,S1132,PP08,11.0,11.0,0.0
2023-07-01,S1132,PP08,10.0,10.0,0.0
2023-07-08,S1132,PP08,11.0,11.0,0.0
2023-07-15,S1132,PP08,12.0,12.0,0.0
2023-07-22,S1132,PP08,10.0,10.0,0.0
2023-07-29,S1132,PP08,13.0,13.0,0.0
2023-08-05,S1132,PP08,12.0,12.0,0.0
2023-08-12,S1132,PP08,12.0,12.0,0.0
2023-08-19,S1132,PP08,12.0,12.0,0.0
2023-08-26,S1132,PP08,10.0,10.0,0.0
2023-09-02,S1132,PP08,11.0,11.0,0.0
2023-09-09,S1132,PP08,11.0,11.0,0.0
2023-09-16,S1132,PP08,10.0,10.0,0.0
2023-09-23,S1132,PP08,11.0,11.0,0.0
2023-09-30,S1132,PP08,10.0,10.0,0.0
2023-10-07,S1132,PP08,11.0,11.0,0.0
2023-10-14,S1132,PP08,12.0,12.0,0.0
2023-10-21,S1132,PP08,10.0,10.0,0.0
2023-10-28,S1132,PP08,12.0,12.0,0.0
2023-11-04,S1132,PP08,11.0,11.0,0.0
2023-11-11,S1132,PP08,11.0,11.0,0.0
2023-11-18,S1132,PP08,13.0,13.0,0.0
2023-11-25,S1132,PP08,21.0,16.0,5.0
2023-12-02,S1132,PP08,18.0,16.0,7.0
2023-12-09,S1132,PP08,21.0,16.0,12.0
2023-12-16,S1132,PP08,18.0,16.0,14.0
2023-12-23,S1132,PP08,15.0,16.0,13.0
2023-12-30,S1132,PP08,14.0,16.0,11.0
2024-01-06,S1132,PP08,10.0,16.0,5.0
2024-01-13,S1132,PP08,9.0,14.0,0.0
2024-01-20,S1132,PP08,10.0,10.0,0.0
2024-01-27,S1132,PP08,10.0,10.0,0.0
2024-02-03,S1132,PP08,11.0,11.0,0.0
2024-02-10,S1132,PP08,11.0,11.0,0.0
2024-02-17,S1132,PP08,13.0,13.0,0.0
2024-02-24,S1132,PP08,11.0,11.0,0.0
2024-03-02,S1132,PP08,14.0,14.0,0.0
2024-03-09,S1132,PP08,12.0,12.0,0.0
2024-03-16,S1132,PP08,11.0,11.0,0.0
2024-03-23,S1132,PP08,10.0,10.0,0.0
2024-03-30,S1132,PP08,10.0,10.0,0.0
2024-04-06,S1132,PP08,10.0,10.0,0.0
2024-04-13,S1132,PP08,11.0,11.0,0.0
2024-04-20,S1132,PP08,10.0,10.0,0.0
2024-04-27,S1132,PP08,13.0,13.0,0.0
2024-05-04,S1132,PP08,12.0,12.0,0.0
2024-05-11,S1132,PP08,12.0,12.0,0.0
2024-05-18,S1132,PP08,11.0,11.0,0.0
2024-05-25,S1132,PP08,11.0,11.0,0.0
2024-06-01,S1132,PP08,10.0,10.0,0.0
2024-06-08,S1132,PP08,14.0,14.0,0.0
2024-06-15,S1132,PP08,10.0,10.0,0.0
2024-06-22,S1132,PP08,10.0,10.0,0.0
2024-06-29,S1132,PP08,13.0,13.0,0.0
2024-07-06,S1132,PP08,12.0,12.0,0.0
2024-07-13,S1132,PP08,12.0,12.0,0.0
2024-07-20,S1132,PP08,12.0,12.0,0.0
2024-07-27,S1132,PP08,13.0,13.0,0.0
2024-08-03,S1132,PP08,12.0,12.0,0.0
2024-08-10,S1132,PP08,10.0,10.0,0.0
2024-08-17,S1132,PP08,13.0,13.0,0.0
2024-08-24,S1132,PP08,12.0,12.0,0.0
2024-08-31,S1132,PP08,13.0,13.0,0.0
2024-09-07,S1132,PP08,10.0,10.0,0.0
2024-09-14,S1132,PP08,10.0,10.0,0.0
2024-09-21,S1132,PP08,11.0,11.0,0.0
2024-09-28,S1132,PP08,10.0,10.0,0.0
2024-10-05,S1132,PP08,9.0,9.0,0.0
2024-10-12,S1132,PP08,12.0,12.0,0.0
2024-10-19,S1132,PP08,13.0,13.0,0.0
2024-10-26,S1132,PP08,12.0,12.0,0.0
2024-11-02,S1132,PP08,14.0,14.0,0.0
2024-11-09,S1132,PP08,14.0,14.0,0.0
2024-11-16,S1132,PP08,15.0,15.0,0.0
2024-11-23,S1132,PP08,16.0,16.0,0.0
2024-11-30,S1132,PP08,19.0,16.0,3.0
2024-12-07,S1132,PP08,16.0,16.0,3.0
2024-12-14,S1132,PP08,19.0,16.0,6.0
2024-12-21,S1132,PP08,14.0,16.0,4.0
2024-12-28,S1132,PP08,13.0,16.0,1.0
2025-01-04,S1132,PP08,13.0,14.0,0.0
2025-01-11,S1132,PP08,8.0,8.0,0.0
2025-01-18,S1132,PP08,9.0,9.0,0.0
2025-01-25,S1132,PP08,12.0,12.0,0.0
2025-02-01,S1132,PP08,11.0,11.0,0.0
2025-02-08,S1132,PP08,10.0,10.0,0.0
2025-02-15,S1132,PP08,10.0,10.0,0.0
2025-02-22,S1132,PP08,11.0,11.0,0.0
2025-03-01,S1132,PP08,13.0,13.0,0.0
2025-03-08,S1132,PP08,10.0,10.0,0.0
2025-03-15,S1132,PP08,11.0,11.0,0.0
2025-03-22,S1132,PP08,13.0,13.0,0.0
2025-03-29,S1132,PP08,10.0,10.0,0.0
2025-04-05,S1132,PP08,11.0,11.0,0.0
2025-04-12,S1132,PP08,12.0,12.0,0.0
2025-04-19,S1132,PP08,12.0,12.0,0.0
2025-04-26,S1132,PP08,11.0,11.0,0.0
2025-05-03,S1132,PP08,13.0,13.0,0.0
2025-05-10,S1132,PP08,14.0,14.0,0.0
2025-05-17,S1132,PP08,12.0,12.0,0.0
2025-05-24,S1132,PP08,15.0,15.0,0.0
2025-05-31,S1132,PP08,13.0,13.0,0.0
2025-06-07,S1132,PP08,11.0,11.0,0.0
2025-06-14,S1132,PP08,14.0,14.0,0.0
2025-06-21,S1132,PP08,12.0,12.0,0.0
2025-06-28,S1132,PP08,13.0,13.0,0.0
2025-07-05,S1132,PP08,12.0,12.0,0.0
2025-07-12,S1132,PP08,13.0,13.0,0.0
2025-07-19,S1132,PP08,12.0,12.0,0.0
2025-07-26,S1132,PP08,12.0,12.0,0.0
2025-08-02,S1132,PP08,13.0,13.0,0.0
2025-08-09,S1132,PP08,12.0,12.0,0.0
2025-08-16,S1132,PP08,14.0,14.0,0.0
2025-08-23,S1132,PP08,11.0,11.0,0.0
2025-08-30,S1132,PP08,12.0,12.0,0.0
2025-09-06,S1132,PP08,12.0,12.0,0.0
2025-09-13,S1132,PP08,11.0,11.0,0.0
2025-09-20,S1132,PP08,13.0,13.0,0.0
2025-09-27,S1132,PP08,10.0,10.0,0.0
2025-10-04,S1132,PP08,13.0,13.0,0.0
2025-10-11,S1132,PP08,11.0,11.0,0.0
2025-10-18,S1132,PP08,12.0,12.0,0.0
2025-10-25,S1132,PP08,12.0,12.0,0.0
2025-11-01,S1132,PP08,13.0,13.0,0.0
2025-11-08,S1132,PP08,14.0,14.0,0.0
2025-11-15,S1132,PP08,18.0,16.0,2.0
2025-11-22,S1132,PP08,17.0,16.0,3.0
2025-11-29,S1132,PP08,18.0,16.0,5.0
2025-12-06,S1132,PP08,17.0,16.0,6.0
2025-12-13,S1132,PP08,21.0,16.0,11.0
2025-12-20,S1132,PP08,20.0,16.0,15.0
2025-12-27,S1132,PP08,16.0,16.0,15.0
2026-01-03,S1132,PP08,11.0,16.0,10.0
2026-01-10,S1132,PP08,10.0,16.0,4.0
2026-01-17,S1132,PP08,10.0,14.0,0.0
2026-01-24,S1132,PP08,10.0,10.0,0.0
2026-01-31,S1132,PP08,14.0,14.0,0.0
2026-02-07,S1132,PP08,11.0,11.0,0.0
2026-02-14,S1132,PP08,12.0,12.0,0.0
2026-02-21,S1132,PP08,11.0,11.0,0.0
2026-02-28,S1132,PP08,12.0,12.0,0.0
2026-03-07,S1132,PP08,14.0,14.0,0.0
2026-03-14,S1132,PP08,13.0,13.0,0.0
2026-03-21,S1132,PP08,12.0,12.0,0.0
2026-03-28,S1132,PP08,11.0,11.0,0.0
2026-04-04,S1132,PP08,14.0,14.0,0.0
2026-04-11,S1132,PP08,12.0,12.0,0.0
2026-04-18,S1132,PP08,13.0,13.0,0.0
2026-04-25,S1132,PP08,10.0,10.0,0.0
2026-05-02,S1132,PP08,13.0,13.0,0.0
2026-05-09,S1132,PP08,13.0,13.0,0.0
2026-05-16,S1132,PP08,11.0,11.0,0.0
2026-05-23,S1132,PP08,15.0,15.0,0.0
2026-05-30,S1132,PP08,12.0,12.0,0.0
2026-06-06,S1132,PP08,16.0,16.0,0.0
2026-06-13,S1132,PP08,15.0,15.0,0.0
2026-06-20,S1132,PP08,12.0,12.0,0.0
2026-06-27,S1132,PP08,15.0,15.0,0.0
2026-07-04,S1132,PP08,15.0,15.0,0.0
2026-07-11,S1132,PP08,12.0,12.0,0.0
2026-07-18,S1132,PP08,12.0,12.0,0.0
2026-07-25,S1132,PP08,11.0,11.0,0.0
2022-08-06,S1133,PP08,17.0,17.0,0.0
2022-08-13,S1133,PP08,15.0,15.0,0.0
2022-08-20,S1133,PP08,17.0,17.0,0.0
2022-08-27,S1133,PP08,15.0,15.0,0.0
2022-09-03,S1133,PP08,15.0,15.0,0.0
2022-09-10,S1133,PP08,15.0,15.0,0.0
2022-09-17,S1133,PP08,14.0,14.0,0.0
2022-09-24,S1133,PP08,15.0,15.0,0.0
2022-10-01,S1133,PP08,14.0,14.0,0.0
2022-10-08,S1133,PP08,16.0,16.0,0.0
2022-10-15,S1133,PP08,16.0,16.0,0.0
2022-10-22,S1133,PP08,15.0,15.0,0.0
2022-10-29,S1133,PP08,19.0,19.0,0.0
2022-11-05,S1133,PP08,18.0,18.0,0.0
2022-11-12,S1133,PP08,22.0,22.0,0.0
2022-11-19,S1133,PP08,21.0,21.0,0.0
2022-11-26,S1133,PP08,22.0,22.0,0.0
2022-12-03,S1133,PP08,22.0,22.0,0.0
2022-12-10,S1133,PP08,26.0,24.0,2.0
2022-12-17,S1133,PP08,23.0,24.0,1.0
2022-12-24,S1133,PP08,22.0,23.0,0.0
2022-12-31,S1133,PP08,20.0,20.0,0.0
2023-01-07,S1133,PP08,13.0,13.0,0.0
2023-01-14,S1133,PP08,13.0,13.0,0.0
2023-01-21,S1133,PP08,14.0,14.0,0.0
2023-01-28,S1133,PP08,14.0,14.0,0.0
2023-02-04,S1133,PP08,13.0,13.0,0.0
2023-02-11,S1133,PP08,14.0,14.0,0.0
2023-02-18,S1133,PP08,14.0,14.0,0.0
2023-02-25,S1133,PP08,14.0,14.0,0.0
2023-03-04,S1133,PP08,14.0,14.0,0.0
2023-03-11,S1133,PP08,16.0,16.0,0.0
2023-03-18,S1133,PP08,15.0,15.0,0.0
2023-03-25,S1133,PP08,17.0,17.0,0.0
2023-04-01,S1133,PP08,16.0,16.0,0.0
2023-04-08,S1133,PP08,16.0,16.0,0.0
2023-04-15,S1133,PP08,16.0,16.0,0.0
2023-04-22,S1133,PP08,16.0,16.0,0.0
2023-04-29,S1133,PP08,16.0,16.0,0.0
2023-05-06,S1133,PP08,18.0,18.0,0.0
2023-05-13,S1133,PP08,16.0,16.0,0.0
2023-05-20,S1133,PP08,17.0,17.0,0.0
2023-05-27,S1133,PP08,14.0,14.0,0.0
2023-06-03,S1133,PP08,18.0,18.0,0.0
2023-06-10,S1133,PP08,15.0,15.0,0.0
2023-06-17,S1133,PP08,15.0,15.0,0.0
2023-06-24,S1133,PP08,14.0,14.0,0.0
2023-07-01,S1133,PP08,14.0,14.0,0.0
2023-07-08,S1133,PP08,15.0,15.0,0.0
2023-07-15,S1133,PP08,19.0,19.0,0.0
2023-07-22,S1133,PP08,15.0,15.0,0.0
2023-07-29,S1133,PP08,13.0,13.0,0.0
2023-08-05,S1133,PP08,18.0,18.0,0.0
2023-08-12,S1133,PP08,15.0,15.0,0.0
2023-08-19,S1133,PP08,18.0,18.0,0.0
2023-08-26,S1133,PP08,16.0,16.0,0.0
2023-09-02,S1133,PP08,16.0,16.0,0.0
2023-09-09,S1133,PP08,18.0,18.0,0.0
2023-09-16,S1133,PP08,16.0,16.0,0.0
2023-09-23,S1133,PP08,14.0,14.0,0.0
2023-09-30,S1133,PP08,14.0,14.0,0.0
2023-10-07,S1133,PP08,13.0,13.0,0.0
2023-10-14,S1133,PP08,20.0,20.0,0.0
2023-10-21,S1133,PP08,15.0,15.0,0.0
2023-10-28,S1133,PP08,19.0,19.0,0.0
2023-11-04,S1133,PP08,17.0,17.0,0.0
2023-11-11,S1133,PP08,17.0,17.0,0.0
2023-11-18,S1133,PP08,20.0,20.0,0.0
2023-11-25,S1133,PP08,21.0,21.0,0.0
2023-12-02,S1133,PP08,26.0,24.0,2.0
2023-12-09,S1133,PP08,28.0,24.0,6.0
2023-12-16,S1133,PP08,23.0,24.0,5.0
2023-12-23,S1133,PP08,18.0,23.0,0.0
2023-12-30,S1133,PP08,16.0,16.0,0.0
2024-01-06,S1133,PP08,12.0,12.0,0.0
2024-01-13,S1133,PP08,12.0,12.0,0.0
2024-01-20,S1133,PP08,13.0,13.0,0.0
2024-01-27,S1133,PP08,12.0,12.0,0.0
2024-02-03,S1133,PP08,13.0,13.0,0.0
2024-02-10,S1133,PP08,15.0,15.0,0.0
2024-02-17,S1133,PP08,14.0,14.0,0.0
2024-02-24,S1133,PP08,15.0,15.0,0.0
2024-03-02,S1133,PP08,15.0,15.0,0.0
2024-03-09,S1133,PP08,16.0,16.0,0.0
2024-03-16,S1133,PP08,15.0,15.0,0.0
2024-03-23,S1133,PP08,15.0,15.0,0.0
2024-03-30,S1133,PP08,13.0,13.0,0.0
2024-04-06,S1133,PP08,16.0,16.0,0.0
2024-04-13,S1133,PP08,16.0,16.0,0.0
2024-04-20,S1133,PP08,16.0,16.0,0.0
2024-04-27,S1133,PP08,20.0,20.0,0.0
2024-05-04,S1133,PP08,17.0,17.0,0.0
2024-05-11,S1133,PP08,17.0,17.0,0.0
2024-05-18,S1133,PP08,18.0,18.0,0.0
2024-05-25,S1133,PP08,21.0,21.0,0.0
2024-06-01,S1133,PP08,17.0,17.0,0.0
2024-06-08,S1133,PP08,13.0,13.0,0.0
2024-06-15,S1133,PP08,17.0,17.0,0.0
2024-06-22,S1133,PP08,15.0,15.0,0.0
2024-06-29,S1133,PP08,14.0,14.0,0.0
2024-07-06,S1133,PP08,19.0,19.0,0.0
2024-07-13,S1133,PP08,19.0,19.0,0.0
2024-07-20,S1133,PP08,15.0,15.0,0.0
2024-07-27,S1133,PP08,15.0,15.0,0.0
2024-08-03,S1133,PP08,17.0,17.0,0.0
2024-08-10,S1133,PP08,16.0,16.0,0.0
2024-08-17,S1133,PP08,17.0,17.0,0.0
2024-08-24,S1133,PP08,15.0,15.0,0.0
2024-08-31,S1133,PP08,15.0,15.0,0.0
2024-09-07,S1133,PP08,14.0,14.0,0.0
2024-09-14,S1133,PP08,17.0,17.0,0.0
2024-09-21,S1133,PP08,18.0,18.0,0.0
2024-09-28,S1133,PP08,16.0,16.0,0.0
2024-10-05,S1133,PP08,16.0,16.0,0.0
2024-10-12,S1133,PP08,17.0,17.0,0.0
2024-10-19,S1133,PP08,17.0,17.0,0.0
2024-10-26,S1133,PP08,21.0,21.0,0.0
2024-11-02,S1133,PP08,16.0,16.0,0.0
2024-11-09,S1133,PP08,21.0,21.0,0.0
2024-11-16,S1133,PP08,20.0,20.0,0.0
2024-11-23,S1133,PP08,20.0,20.0,0.0
2024-11-30,S1133,PP08,30.0,24.0,6.0
2024-12-07,S1133,PP08,32.0,24.0,14.0
2024-12-14,S1133,PP08,25.0,24.0,15.0
2024-12-21,S1133,PP08,24.0,24.0,15.0
2024-12-28,S1133,PP08,19.0,24.0,10.0
2025-01-04,S1133,PP08,16.0,24.0,2.0
2025-01-11,S1133,PP08,12.0,14.0,0.0
2025-01-18,S1133,PP08,12.0,12.0,0.0
2025-01-25,S1133,PP08,17.0,17.0,0.0
2025-02-01,S1133,PP08,14.0,14.0,0.0
2025-02-08,S1133,PP08,15.0,15.0,0.0
2025-02-15,S1133,PP08,14.0,14.0,0.0
2025-02-22,S1133,PP08,16.0,16.0,0.0
2025-03-01,S1133,PP08,14.0,14.0,0.0
2025-03-08,S1133,PP08,15.0,15.0,0.0
2025-03-15,S1133,PP08,15.0,15.0,0.0
2025-03-22,S1133,PP08,19.0,19.0,0.0
2025-03-29,S1133,PP08,14.0,14.0,0.0
2025-04-05,S1133,PP08,15.0,15.0,0.0
2025-04-12,S1133,PP08,14.0,14.0,0.0
2025-04-19,S1133,PP08,16.0,16.0,0.0
2025-04-26,S1133,PP08,17.0,17.0,0.0
2025-05-03,S1133,PP08,20.0,20.0,0.0
2025-05-10,S1133,PP08,18.0,18.0,0.0
2025-05-17,S1133,PP08,18.0,18.0,0.0
2025-05-24,S1133,PP08,19.0,19.0,0.0
2025-05-31,S1133,PP08,17.0,17.0,0.0
2025-06-07,S1133,PP08,22.0,22.0,0.0
2025-06-14,S1133,PP08,16.0,16.0,0.0
2025-06-21,S1133,PP08,18.0,18.0,0.0
2025-06-28,S1133,PP08,19.0,19.0,0.0
2025-07-05,S1133,PP08,17.0,17.0,0.0
2025-07-12,S1133,PP08,18.0,18.0,0.0
2025-07-19,S1133,PP08,17.0,17.0,0.0
2025-07-26,S1133,PP08,19.0,19.0,0.0
2025-08-02,S1133,PP08,19.0,19.0,0.0
2025-08-09,S1133,PP08,18.0,18.0,0.0
2025-08-16,S1133,PP08,16.0,16.0,0.0
2025-08-23,S1133,PP08,22.0,22.0,0.0
2025-08-30,S1133,PP08,18.0,18.0,0.0
2025-09-06,S1133,PP08,14.0,14.0,0.0
2025-09-13,S1133,PP08,16.0,16.0,0.0
2025-09-20,S1133,PP08,14.0,14.0,0.0
2025-09-27,S1133,PP08,18.0,18.0,0.0
2025-10-04,S1133,PP08,17.0,17.0,0.0
2025-10-11,S1133,PP08,17.0,17.0,0.0
2025-10-18,S1133,PP08,17.0,17.0,0.0
2025-10-25,S1133,PP08,18.0,18.0,0.0
2025-11-01,S1133,PP08,21.0,21.0,0.0
2025-11-08,S1133,PP08,23.0,23.0,0.0
2025-11-15,S1133,PP08,24.0,24.0,0.0
2025-11-22,S1133,PP08,20.0,20.0,0.0
2025-11-29,S1133,PP08,24.0,24.0,0.0
2025-12-06,S1133,PP08,27.0,24.0,3.0
2025-12-13,S1133,PP08,25.0,24.0,4.0
2025-12-20,S1133,PP08,20.0,24.0,0.0
2025-12-27,S1133,PP08,18.0,18.0,0.0
2026-01-03,S1133,PP08,21.0,21.0,0.0
2026-01-10,S1133,PP08,13.0,13.0,0.0
2026-01-17,S1133,PP08,14.0,14.0,0.0
2026-01-24,S1133,PP08,15.0,15.0,0.0
2026-01-31,S1133,PP08,15.0,15.0,0.0
2026-02-07,S1133,PP08,16.0,16.0,0.0
2026-02-14,S1133,PP08,18.0,18.0,0.0
2026-02-21,S1133,PP08,17.0,17.0,0.0
2026-02-28,S1133,PP08,16.0,16.0,0.0
2026-03-07,S1133,PP08,18.0,18.0,0.0
2026-03-14,S1133,PP08,16.0,16.0,0.0
2026-03-21,S1133,PP08,19.0,19.0,0.0
2026-03-28,S1133,PP08,17.0,17.0,0.0
2026-04-04,S1133,PP08,17.0,17.0,0.0
2026-04-11,S1133,PP08,19.0,19.0,0.0
2026-04-18,S1133,PP08,17.0,17.0,0.0
2026-04-25,S1133,PP08,18.0,18.0,0.0
2026-05-02,S1133,PP08,21.0,21.0,0.0
2026-05-09,S1133,PP08,18.0,18.0,0.0
2026-05-16,S1133,PP08,20.0,20.0,0.0
2026-05-23,S1133,PP08,21.0,21.0,0.0
2026-05-30,S1133,PP08,21.0,21.0,0.0
2026-06-06,S1133,PP08,23.0,23.0,0.0
2026-06-13,S1133,PP08,17.0,17.0,0.0
2026-06-20,S1133,PP08,17.0,17.0,0.0
2026-06-27,S1133,PP08,20.0,20.0,0.0
2026-07-04,S1133,PP08,20.0,20.0,0.0
2026-07-11,S1133,PP08,17.0,17.0,0.0
2026-07-18,S1133,PP08,20.0,20.0,0.0
2026-07-25,S1133,PP08,24.0,24.0,0.0
2022-08-06,S1134,PP08,13.0,13.0,0.0
2022-08-13,S1134,PP08,14.0,14.0,0.0
2022-08-20,S1134,PP08,14.0,14.0,0.0
2022-08-27,S1134,PP08,16.0,16.0,0.0
2022-09-03,S1134,PP08,12.0,12.0,0.0
2022-09-10,S1134,PP08,13.0,13.0,0.0
2022-09-17,S1134,PP08,11.0,11.0,0.0
2022-09-24,S1134,PP08,12.0,12.0,0.0
2022-10-01,S1134,PP08,11.0,11.0,0.0
2022-10-08,S1134,PP08,10.0,10.0,0.0
2022-10-15,S1134,PP08,10.0,10.0,0.0
2022-10-22,S1134,PP08,13.0,13.0,0.0
2022-10-29,S1134,PP08,14.0,14.0,0.0
2022-11-05,S1134,PP08,12.0,12.0,0.0
2022-11-12,S1134,PP08,17.0,17.0,0.0
2022-11-19,S1134,PP08,14.0,14.0,0.0
2022-11-26,S1134,PP08,17.0,17.0,0.0
2022-12-03,S1134,PP08,17.0,17.0,0.0
2022-12-10,S1134,PP08,19.0,18.0,1.0
2022-12-17,S1134,PP08,19.0,18.0,2.0
2022-12-24,S1134,PP08,17.0,18.0,1.0
2022-12-31,S1134,PP08,14.0,15.0,0.0
2023-01-07,S1134,PP08,12.0,12.0,0.0
2023-01-14,S1134,PP08,8.0,8.0,0.0
2023-01-21,S1134,PP08,11.0,11.0,0.0
2023-01-28,S1134,PP08,9.0,9.0,0.0
2023-02-04,S1134,PP08,11.0,11.0,0.0
2023-02-11,S1134,PP08,11.0,11.0,0.0
2023-02-18,S1134,PP08,12.0,12.0,0.0
2023-02-25,S1134,PP08,11.0,11.0,0.0
2023-03-04,S1134,PP08,12.0,12.0,0.0
2023-03-11,S1134,PP08,14.0,14.0,0.0
2023-03-18,S1134,PP08,11.0,11.0,0.0
2023-03-25,S1134,PP08,12.0,12.0,0.0
2023-04-01,S1134,PP08,11.0,11.0,0.0
2023-04-08,S1134,PP08,13.0,13.0,0.0
2023-04-15,S1134,PP08,11.0,11.0,0.0
2023-04-22,S1134,PP08,12.0,12.0,0.0
2023-04-29,S1134,PP08,11.0,11.0,0.0
2023-05-06,S1134,PP08,14.0,14.0,0.0
2023-05-13,S1134,PP08,13.0,13.0,0.0
2023-05-20,S1134,PP08,13.0,13.0,0.0
2023-05-27,S1134,PP08,14.0,14.0,0.0
2023-06-03,S1134,PP08,11.0,11.0,0.0
2023-06-10,S1134,PP08,12.0,12.0,0.0
2023-06-17,S1134,PP08,13.0,13.0,0.0
2023-06-24,S1134,PP08,10.0,10.0,0.0
2023-07-01,S1134,PP08,10.0,10.0,0.0
2023-07-08,S1134,PP08,11.0,11.0,0.0
2023-07-15,S1134,PP08,11.0,11.0,0.0
2023-07-22,S1134,PP08,12.0,12.0,0.0
2023-07-29,S1134,PP08,13.0,13.0,0.0
2023-08-05,S1134,PP08,14.0,14.0,0.0
2023-08-12,S1134,PP08,16.0,16.0,0.0
2023-08-19,S1134,PP08,13.0,13.0,0.0
2023-08-26,S1134,PP08,13.0,13.0,0.0
2023-09-02,S1134,PP08,12.0,12.0,0.0
2023-09-09,S1134,PP08,12.0,12.0,0.0
2023-09-16,S1134,PP08,12.0,12.0,0.0
2023-09-23,S1134,PP08,13.0,13.0,0.0
2023-09-30,S1134,PP08,13.0,13.0,0.0
2023-10-07,S1134,PP08,12.0,12.0,0.0
2023-10-14,S1134,PP08,14.0,14.0,0.0
2023-10-21,S1134,PP08,13.0,13.0,0.0
2023-10-28,S1134,PP08,12.0,12.0,0.0
2023-11-04,S1134,PP08,13.0,13.0,0.0
2023-11-11,S1134,PP08,14.0,14.0,0.0
2023-11-18,S1134,PP08,14.0,14.0,0.0
2023-11-25,S1134,PP08,16.0,16.0,0.0
2023-12-02,S1134,PP08,16.0,16.0,0.0
2023-12-09,S1134,PP08,20.0,18.0,2.0
2023-12-16,S1134,PP08,19.0,18.0,3.0
2023-12-23,S1134,PP08,14.0,17.0,0.0
2023-12-30,S1134,PP08,13.0,13.0,0.0
2024-01-06,S1134,PP08,14.0,14.0,0.0
2024-01-13,S1134,PP08,10.0,10.0,0.0
2024-01-20,S1134,PP08,10.0,10.0,0.0
2024-01-27,S1134,PP08,10.0,10.0,0.0
2024-02-03,S1134,PP08,11.0,11.0,0.0
2024-02-10,S1134,PP08,11.0,11.0,0.0
2024-02-17,S1134,PP08,11.0,11.0,0.0
2024-02-24,S1134,PP08,11.0,11.0,0.0
2024-03-02,S1134,PP08,11.0,11.0,0.0
2024-03-09,S1134,PP08,10.0,10.0,0.0
2024-03-16,S1134,PP08,11.0,11.0,0.0
2024-03-23,S1134,PP08,12.0,12.0,0.0
2024-03-30,S1134,PP08,11.0,11.0,0.0
2024-04-06,S1134,PP08,12.0,12.0,0.0
2024-04-13,S1134,PP08,10.0,10.0,0.0
2024-04-20,S1134,PP08,14.0,14.0,0.0
2024-04-27,S1134,PP08,16.0,16.0,0.0
2024-05-04,S1134,PP08,14.0,14.0,0.0
2024-05-11,S1134,PP08,15.0,15.0,0.0
2024-05-18,S1134,PP08,14.0,14.0,0.0
2024-05-25,S1134,PP08,13.0,13.0,0.0
2024-06-01,S1134,PP08,13.0,13.0,0.0
2024-06-08,S1134,PP08,12.0,12.0,0.0
2024-06-15,S1134,PP08,14.0,14.0,0.0
2024-06-22,S1134,PP08,13.0,13.0,0.0
2024-06-29,S1134,PP08,12.0,12.0,0.0
2024-07-06,S1134,PP08,13.0,13.0,0.0
2024-07-13,S1134,PP08,12.0,12.0,0.0
2024-07-20,S1134,PP08,12.0,12.0,0.0
2024-07-27,S1134,PP08,14.0,14.0,0.0
2024-08-03,S1134,PP08,14.0,14.0,0.0
2024-08-10,S1134,PP08,13.0,13.0,0.0
2024-08-17,S1134,PP08,13.0,13.0,0.0
2024-08-24,S1134,PP08,13.0,13.0,0.0
2024-08-31,S1134,PP08,10.0,10.0,0.0
2024-09-07,S1134,PP08,11.0,11.0,0.0
2024-09-14,S1134,PP08,10.0,10.0,0.0
2024-09-21,S1134,PP08,12.0,12.0,0.0
2024-09-28,S1134,PP08,13.0,13.0,0.0
2024-10-05,S1134,PP08,13.0,13.0,0.0
2024-10-12,S1134,PP08,12.0,12.0,0.0
2024-10-19,S1134,PP08,12.0,12.0,0.0
2024-10-26,S1134,PP08,13.0,13.0,0.0
2024-11-02,S1134,PP08,17.0,17.0,0.0
2024-11-09,S1134,PP08,15.0,15.0,0.0
2024-11-16,S1134,PP08,16.0,16.0,0.0
2024-11-23,S1134,PP08,14.0,14.0,0.0
2024-11-30,S1134,PP08,16.0,16.0,0.0
2024-12-07,S1134,PP08,19.0,18.0,1.0
2024-12-14,S1134,PP08,19.0,18.0,2.0
2024-12-21,S1134,PP08,17.0,18.0,1.0
2024-12-28,S1134,PP08,15.0,16.0,0.0
2025-01-04,S1134,PP08,13.0,13.0,0.0
2025-01-11,S1134,PP08,8.0,8.0,0.0
2025-01-18,S1134,PP08,9.0,9.0,0.0
2025-01-25,S1134,PP08,10.0,10.0,0.0
2025-02-01,S1134,PP08,10.0,10.0,0.0
2025-02-08,S1134,PP08,11.0,11.0,0.0
2025-02-15,S1134,PP08,12.0,12.0,0.0
2025-02-22,S1134,PP08,11.0,11.0,0.0
2025-03-01,S1134,PP08,12.0,12.0,0.0
2025-03-08,S1134,PP08,13.0,13.0,0.0
2025-03-15,S1134,PP08,13.0,13.0,0.0
2025-03-22,S1134,PP08,14.0,14.0,0.0
2025-03-29,S1134,PP08,10.0,10.0,0.0
2025-04-05,S1134,PP08,12.0,12.0,0.0
2025-04-12,S1134,PP08,14.0,14.0,0.0
2025-04-19,S1134,PP08,12.0,12.0,0.0
2025-04-26,S1134,PP08,12.0,12.0,0.0
2025-05-03,S1134,PP08,14.0,14.0,0.0
2025-05-10,S1134,PP08,14.0,14.0,0.0
2025-05-17,S1134,PP08,13.0,13.0,0.0
2025-05-24,S1134,PP08,17.0,17.0,0.0
2025-05-31,S1134,PP08,14.0,14.0,0.0
2025-06-07,S1134,PP08,12.0,12.0,0.0
2025-06-14,S1134,PP08,11.0,11.0,0.0
2025-06-21,S1134,PP08,14.0,14.0,0.0
2025-06-28,S1134,PP08,12.0,12.0,0.0
2025-07-05,S1134,PP08,17.0,17.0,0.0
2025-07-12,S1134,PP08,14.0,14.0,0.0
2025-07-19,S1134,PP08,14.0,14.0,0.0
2025-07-26,S1134,PP08,14.0,14.0,0.0
2025-08-02,S1134,PP08,16.0,16.0,0.0
2025-08-09,S1134,PP08,11.0,11.0,0.0
2025-08-16,S1134,PP08,12.0,12.0,0.0
2025-08-23,S1134,PP08,15.0,15.0,0.0
2025-08-30,S1134,PP08,15.0,15.0,0.0
2025-09-06,S1134,PP08,11.0,11.0,0.0
2025-09-13,S1134,PP08,10.0,10.0,0.0
2025-09-20,S1134,PP08,13.0,13.0,0.0
2025-09-27,S1134,PP08,13.0,13.0,0.0
2025-10-04,S1134,PP08,13.0,13.0,0.0
2025-10-11,S1134,PP08,13.0,13.0,0.0
2025-10-18,S1134,PP08,11.0,11.0,0.0
2025-10-25,S1134,PP08,14.0,14.0,0.0
2025-11-01,S1134,PP08,15.0,15.0,0.0
2025-11-08,S1134,PP08,15.0,15.0,0.0
2025-11-15,S1134,PP08,14.0,14.0,0.0
2025-11-22,S1134,PP08,19.0,18.0,1.0
2025-11-29,S1134,PP08,21.0,18.0,4.0
2025-12-06,S1134,PP08,19.0,18.0,5.0
2025-12-13,S1134,PP08,20.0,18.0,7.0
2025-12-20,S1134,PP08,18.0,18.0,7.0
2025-12-27,S1134,PP08,15.0,18.0,4.0
2026-01-03,S1134,PP08,14.0,18.0,0.0
2026-01-10,S1134,PP08,12.0,12.0,0.0
2026-01-17,S1134,PP08,12.0,12.0,0.0
2026-01-24,S1134,PP08,13.0,13.0,0.0
2026-01-31,S1134,PP08,12.0,12.0,0.0
2026-02-07,S1134,PP08,16.0,16.0,0.0
2026-02-14,S1134,PP08,15.0,15.0,0.0
2026-02-21,S1134,PP08,12.0,12.0,0.0
2026-02-28,S1134,PP08,13.0,13.0,0.0
2026-03-07,S1134,PP08,11.0,11.0,0.0
2026-03-14,S1134,PP08,14.0,14.0,0.0
2026-03-21,S1134,PP08,16.0,16.0,0.0
2026-03-28,S1134,PP08,18.0,18.0,0.0
2026-04-04,S1134,PP08,13.0,13.0,0.0
2026-04-11,S1134,PP08,14.0,14.0,0.0
2026-04-18,S1134,PP08,15.0,15.0,0.0
2026-04-25,S1134,PP08,17.0,17.0,0.0
2026-05-02,S1134,PP08,13.0,13.0,0.0
2026-05-09,S1134,PP08,19.0,18.0,1.0
2026-05-16,S1134,PP08,14.0,15.0,0.0
2026-05-23,S1134,PP08,13.0,13.0,0.0
2026-05-30,S1134,PP08,14.0,14.0,0.0
2026-06-06,S1134,PP08,13.0,13.0,0.0
2026-06-13,S1134,PP08,14.0,14.0,0.0
2026-06-20,S1134,PP08,12.0,12.0,0.0
2026-06-27,S1134,PP08,14.0,14.0,0.0
2026-07-04,S1134,PP08,15.0,15.0,0.0
2026-07-11,S1134,PP08,16.0,16.0,0.0
2026-07-18,S1134,PP08,15.0,15.0,0.0
2026-07-25,S1134,PP08,16.0,16.0,0.0
